{"type":"FeatureCollection","crs":{"type":"name","properties":{"name":"EPSG:4326"}},"features":[{"type":"Feature","id":4,"geometry":{"type":"Point","coordinates":[-88.0645689298496,41.6337485692584]},"properties":{"OBJECTID":4,"ID":"122306","NAME":"WILL COUNTY","CITY":"LISLE","STATE":"IL","ZIP":"60532","TYPE":"SUBSTATION","STATUS":"IN SERVICE","COUNTY":"WILL","COUNTYFIPS":"17197","COUNTRY":"USA","LATITUDE":41.63374856900003,"LONGITUDE":-88.06456892999995,"NAICS_CODE":"221121","NAICS_DESC":"ELECTRIC BULK POWER TRANSMISSION AND CONTROL","SOURCE":"OpenStreetMap, EIA 860","SOURCEDATE":1427760000000,"VAL_METHOD":"IMAGERY","VAL_DATE":1622505600000,"LINES":10,"MAX_VOLT":138,"MIN_VOLT":138,"MAX_INFER":"Y","MIN_INFER":"Y","pnode_id":33138771,"pnode_name":"WILL COUNTY 3","pnode_subtype":"AGGREGATE","match_score":91.66666666666666,"pjm_zone":"COMED"}},{"type":"Feature","id":29,"geometry":{"type":"Point","coordinates":[-80.163473431368,39.5638129452123]},"properties":{"OBJECTID":29,"ID":"108766","NAME":"GRANT TOWN POWER PLANT","CITY":"RIVESVILLE","STATE":"WV","ZIP":"26588","TYPE":"SUBSTATION","STATUS":"IN SERVICE","COUNTY":"MARION","COUNTYFIPS":"54049","COUNTRY":"USA","LATITUDE":39.56381294500005,"LONGITUDE":-80.16347343099994,"NAICS_CODE":"221121","NAICS_DESC":"ELECTRIC BULK POWER TRANSMISSION AND CONTROL","SOURCE":"IMAGERY, OpenStreetMap, EIA 860","SOURCEDATE":1396828800000,"VAL_METHOD":"IMAGERY","VAL_DATE":1622505600000,"LINES":3,"MAX_VOLT":138,"MIN_VOLT":138,"MAX_INFER":"Y","MIN_INFER":"Y","pnode_id":32411415,"pnode_name":"GRANT   138 KV  T1","pnode_subtype":"LOAD","match_score":100.0,"pjm_zone":"APS"}},{"type":"Feature","id":33,"geometry":{"type":"Point","coordinates":[-80.8185367008849,39.842399368122]},"properties":{"OBJECTID":33,"ID":"108771","NAME":"KAMMER (138KV)","CITY":"MOUNDSVILLE","STATE":"WV","ZIP":"26041","TYPE":"SUBSTATION","STATUS":"IN SERVICE","COUNTY":"MARSHALL","COUNTYFIPS":"54051","COUNTRY":"USA","LATITUDE":39.84239936800003,"LONGITUDE":-80.81853670099997,"NAICS_CODE":"221121","NAICS_DESC":"ELECTRIC BULK POWER TRANSMISSION AND CONTROL","SOURCE":"IMAGERY, OpenStreetMap, http://www.eei.org/issuesandpolicy/transmission/Documents/Trans_Project_HighVoltageProjects.pdf","SOURCEDATE":1396828800000,"VAL_METHOD":"IMAGERY","VAL_DATE":1550448000000,"LINES":15,"MAX_VOLT":345,"MIN_VOLT":69,"MAX_INFER":"N","MIN_INFER":"N","pnode_id":34509201,"pnode_name":"KAMMER","pnode_subtype":"EHV","match_score":100.0,"pjm_zone":"AEP"}},{"type":"Feature","id":39,"geometry":{"type":"Point","coordinates":[-80.722649815094,40.0383103520327]},"properties":{"OBJECTID":39,"ID":"108782","NAME":"BRUES","CITY":"WHEELING","STATE":"WV","ZIP":"26003","TYPE":"SUBSTATION","STATUS":"IN SERVICE","COUNTY":"OHIO","COUNTYFIPS":"54069","COUNTRY":"USA","LATITUDE":40.03831035200005,"LONGITUDE":-80.72264981499995,"NAICS_CODE":"221121","NAICS_DESC":"ELECTRIC BULK POWER TRANSMISSION AND CONTROL","SOURCE":"IMAGERY, OpenStreetMap, https://www.pjm.com/-/media/committees-groups/committees/srrtep-w/20170421/20170421-reliability-analysis-update.ashx","SOURCEDATE":1396828800000,"VAL_METHOD":"IMAGERY","VAL_DATE":1550016000000,"LINES":10,"MAX_VOLT":138,"MIN_VOLT":69,"MAX_INFER":"Y","MIN_INFER":"N","pnode_id":32410737,"pnode_name":"BRUES   138 KV  T4","pnode_subtype":"LOAD","match_score":100.0,"pjm_zone":"AEP"}},{"type":"Feature","id":60,"geometry":{"type":"Point","coordinates":[-82.0848841957885,38.967315357731]},"properties":{"OBJECTID":60,"ID":"108804","NAME":"LAKIN","CITY":"POINT PLEASANT","STATE":"WV","ZIP":"25550","TYPE":"SUBSTATION","STATUS":"IN SERVICE","COUNTY":"MASON","COUNTYFIPS":"54053","COUNTRY":"USA","LATITUDE":38.967315358000064,"LONGITUDE":-82.08488419599996,"NAICS_CODE":"221121","NAICS_DESC":"ELECTRIC BULK POWER TRANSMISSION AND CONTROL","SOURCE":"IMAGERY, OpenStreetMap, https://www.aeptransmission.com/westvirginia/LakinRacine/docs/Lakin-Racine_Factsheet_V5.pdf","SOURCEDATE":1396828800000,"VAL_METHOD":"IMAGERY","VAL_DATE":1588291200000,"LINES":1,"MAX_VOLT":69,"MIN_VOLT":69,"MAX_INFER":"Y","MIN_INFER":"Y","pnode_id":32411785,"pnode_name":"LAKIN   138 KV  T2","pnode_subtype":"LOAD","match_score":100.0,"pjm_zone":"AEP"}},{"type":"Feature","id":64,"geometry":{"type":"Point","coordinates":[-82.3868818635862,38.4202113002371]},"properties":{"OBJECTID":64,"ID":"108809","NAME":"DARRAH","CITY":"HUNTINGTON","STATE":"WV","ZIP":"25702","TYPE":"SUBSTATION","STATUS":"IN SERVICE","COUNTY":"CABELL","COUNTYFIPS":"54011","COUNTRY":"USA","LATITUDE":38.42021130000006,"LONGITUDE":-82.38688186399997,"NAICS_CODE":"221121","NAICS_DESC":"ELECTRIC BULK POWER TRANSMISSION AND CONTROL","SOURCE":"IMAGERY, OpenStreetMap, https://www.aeptransmission.com/westvirginia/Huntington/docs/Huntington_FactSheet_V2.pdf","SOURCEDATE":1396828800000,"VAL_METHOD":"IMAGERY","VAL_DATE":1588291200000,"LINES":6,"MAX_VOLT":138,"MIN_VOLT":69,"MAX_INFER":"Y","MIN_INFER":"Y","pnode_id":32411037,"pnode_name":"DARRAH  34 KV   26THSTRE","pnode_subtype":"LOAD","match_score":100.0,"pjm_zone":"AEP"}},{"type":"Feature","id":67,"geometry":{"type":"Point","coordinates":[-81.9493855684366,38.7593931702618]},"properties":{"OBJECTID":67,"ID":"108812","NAME":"LEON","CITY":"LEON","STATE":"WV","ZIP":"25123","TYPE":"SUBSTATION","STATUS":"IN SERVICE","COUNTY":"MASON","COUNTYFIPS":"54053","COUNTRY":"USA","LATITUDE":38.75939317000007,"LONGITUDE":-81.94938556799997,"NAICS_CODE":"221121","NAICS_DESC":"ELECTRIC BULK POWER TRANSMISSION AND CONTROL","SOURCE":"IMAGERY, OpenStreetMap, https://www.aeptransmission.com/westvirginia/LeonRipley/","SOURCEDATE":1396828800000,"VAL_METHOD":"IMAGERY","VAL_DATE":1550448000000,"LINES":1,"MAX_VOLT":-999999,"MIN_VOLT":-999999,"MAX_INFER":"N","MIN_INFER":"N","pnode_id":32411809,"pnode_name":"LEONAP  69 KV   T2","pnode_subtype":"LOAD","match_score":80.0,"pjm_zone":"AEP"}},{"type":"Feature","id":68,"geometry":{"type":"Point","coordinates":[-81.7117469886022,38.8129185716525]},"properties":{"OBJECTID":68,"ID":"108813","NAME":"RIPLEY","CITY":"RIPLEY","STATE":"WV","ZIP":"25271","TYPE":"SUBSTATION","STATUS":"IN SERVICE","COUNTY":"JACKSON","COUNTYFIPS":"54035","COUNTRY":"USA","LATITUDE":38.81291857200006,"LONGITUDE":-81.71174698899995,"NAICS_CODE":"221121","NAICS_DESC":"ELECTRIC BULK POWER TRANSMISSION AND CONTROL","SOURCE":"IMAGERY, OpenStreetMap, https://www.aeptransmission.com/westvirginia/LeonRipley/docs/Leon-Ripley_FactSheet.pdf#view=Fit","SOURCEDATE":1396828800000,"VAL_METHOD":"IMAGERY","VAL_DATE":1550448000000,"LINES":2,"MAX_VOLT":-999999,"MIN_VOLT":-999999,"MAX_INFER":"N","MIN_INFER":"N","pnode_id":32412367,"pnode_name":"RIPLEY  69 KV   T1","pnode_subtype":"LOAD","match_score":100.0,"pjm_zone":"AEP"}},{"type":"Feature","id":77,"geometry":{"type":"Point","coordinates":[-81.7868097717721,38.3829111870212]},"properties":{"OBJECTID":77,"ID":"108823","NAME":"TURNER","CITY":"SAINT ALBANS","STATE":"WV","ZIP":"25177","TYPE":"SUBSTATION","STATUS":"IN SERVICE","COUNTY":"KANAWHA","COUNTYFIPS":"54039","COUNTRY":"USA","LATITUDE":38.38291118700005,"LONGITUDE":-81.78680977199997,"NAICS_CODE":"221121","NAICS_DESC":"ELECTRIC BULK POWER TRANSMISSION AND CONTROL","SOURCE":"IMAGERY, OpenStreetMap, http://www.pjm.com/pub/account/trans-fac/aepsct.xls","SOURCEDATE":1396828800000,"VAL_METHOD":"IMAGERY","VAL_DATE":1508803200000,"LINES":12,"MAX_VOLT":138,"MIN_VOLT":138,"MAX_INFER":"Y","MIN_INFER":"Y","pnode_id":32412879,"pnode_name":"TURNER  138 KV  T5","pnode_subtype":"LOAD","match_score":100.0,"pjm_zone":"AEP"}},{"type":"Feature","id":78,"geometry":{"type":"Point","coordinates":[-81.7655096698483,38.4260761281388]},"properties":{"OBJECTID":78,"ID":"108824","NAME":"DALEWOOD","CITY":"CHARLESTON","STATE":"WV","ZIP":"25313","TYPE":"SUBSTATION","STATUS":"IN SERVICE","COUNTY":"KANAWHA","COUNTYFIPS":"54039","COUNTRY":"USA","LATITUDE":38.426076128000034,"LONGITUDE":-81.76550966999997,"NAICS_CODE":"221121","NAICS_DESC":"ELECTRIC BULK POWER TRANSMISSION AND CONTROL","SOURCE":"IMAGERY, OpenStreetMap","SOURCEDATE":1396828800000,"VAL_METHOD":"IMAGERY","VAL_DATE":1508803200000,"LINES":2,"MAX_VOLT":138,"MIN_VOLT":138,"MAX_INFER":"Y","MIN_INFER":"Y","pnode_id":50697147,"pnode_name":"DALEWOOD T1","pnode_subtype":"AGGREGATE","match_score":84.21052631578947,"pjm_zone":"AEP"}},{"type":"Feature","id":82,"geometry":{"type":"Point","coordinates":[-81.4719401631328,38.4011146410662]},"properties":{"OBJECTID":82,"ID":"108828","NAME":"FLATWOOD","CITY":"ELKVIEW","STATE":"WV","ZIP":"25071","TYPE":"SUBSTATION","STATUS":"IN SERVICE","COUNTY":"KANAWHA","COUNTYFIPS":"54039","COUNTRY":"USA","LATITUDE":38.40111464100005,"LONGITUDE":-81.47194016299994,"NAICS_CODE":"221121","NAICS_DESC":"ELECTRIC BULK POWER TRANSMISSION AND CONTROL","SOURCE":"IMAGERY, OpenStreetMap, https://www.aeptransmission.com/westvirginia/Walton/docs/Clendenin-Walton_FactSheet_V2.pdf","SOURCEDATE":1396828800000,"VAL_METHOD":"IMAGERY","VAL_DATE":1588291200000,"LINES":2,"MAX_VOLT":138,"MIN_VOLT":138,"MAX_INFER":"Y","MIN_INFER":"Y","pnode_id":2156109016,"pnode_name":"ATWOOD  69 KV   ATWOOD","pnode_subtype":"LOAD","match_score":85.71428571428571,"pjm_zone":"AEP"}},{"type":"Feature","id":108,"geometry":{"type":"Point","coordinates":[-80.8527296717014,37.6534254380608]},"properties":{"OBJECTID":108,"ID":"108855","NAME":"HINTON (AP)","CITY":"HINTON","STATE":"WV","ZIP":"25951","TYPE":"SUBSTATION","STATUS":"IN SERVICE","COUNTY":"SUMMERS","COUNTYFIPS":"54089","COUNTRY":"USA","LATITUDE":37.653425438000056,"LONGITUDE":-80.85272967199995,"NAICS_CODE":"221121","NAICS_DESC":"ELECTRIC BULK POWER TRANSMISSION AND CONTROL","SOURCE":"IMAGERY, OpenStreetMap, https://aeptransmission.com/virginia/Tazewell-Bearwallow/docs/VOLUME%201%20(Exhibits%206%20through%2013).pdf","SOURCEDATE":1396828800000,"VAL_METHOD":"IMAGERY","VAL_DATE":1549411200000,"LINES":5,"MAX_VOLT":138,"MIN_VOLT":138,"MAX_INFER":"Y","MIN_INFER":"Y","pnode_id":32411565,"pnode_name":"HINTON  138 KV  T1","pnode_subtype":"LOAD","match_score":100.0,"pjm_zone":"APS"}},{"type":"Feature","id":113,"geometry":{"type":"Point","coordinates":[-80.875502634297,37.8871905968056]},"properties":{"OBJECTID":113,"ID":"108861","NAME":"MEADOW BRIDGE","CITY":"MEADOW BRIDGE","STATE":"WV","ZIP":"25976","TYPE":"SUBSTATION","STATUS":"IN SERVICE","COUNTY":"FAYETTE","COUNTYFIPS":"54019","COUNTRY":"USA","LATITUDE":37.88719059700003,"LONGITUDE":-80.87550263399999,"NAICS_CODE":"221121","NAICS_DESC":"ELECTRIC BULK POWER TRANSMISSION AND CONTROL","SOURCE":"IMAGERY, OpenStreetMap, https://www.aeptransmission.com/westvirginia/Meadowbridge/docs/MeadowBridge_Factsheet_V5.pdf","SOURCEDATE":1396828800000,"VAL_METHOD":"IMAGERY","VAL_DATE":1588291200000,"LINES":1,"MAX_VOLT":69,"MIN_VOLT":69,"MAX_INFER":"Y","MIN_INFER":"Y","pnode_id":1183223103,"pnode_name":"MEADOW  34 KV   LOAD","pnode_subtype":"LOAD","match_score":100.0,"pjm_zone":"AEP"}},{"type":"Feature","id":114,"geometry":{"type":"Point","coordinates":[-80.966020427077,37.8992051900024]},"properties":{"OBJECTID":114,"ID":"108862","NAME":"LAYLAND","CITY":"DANESE","STATE":"WV","ZIP":"25831","TYPE":"SUBSTATION","STATUS":"IN SERVICE","COUNTY":"FAYETTE","COUNTYFIPS":"54019","COUNTRY":"USA","LATITUDE":37.89920519000003,"LONGITUDE":-80.96602042699999,"NAICS_CODE":"221121","NAICS_DESC":"ELECTRIC BULK POWER TRANSMISSION AND CONTROL","SOURCE":"IMAGERY, OpenStreetMap, https://www.aeptransmission.com/westvirginia/Meadowbridge/docs/MeadowBridge_Factsheet_V5.pdf","SOURCEDATE":1396828800000,"VAL_METHOD":"IMAGERY","VAL_DATE":1588291200000,"LINES":3,"MAX_VOLT":69,"MIN_VOLT":69,"MAX_INFER":"Y","MIN_INFER":"Y","pnode_id":32411805,"pnode_name":"LAYLAND 69 KV   T1","pnode_subtype":"LOAD","match_score":100.0,"pjm_zone":"AEP"}},{"type":"Feature","id":131,"geometry":{"type":"Point","coordinates":[-81.3674026987852,38.195400735134]},"properties":{"OBJECTID":131,"ID":"108880","NAME":"LONDON","CITY":"CEDAR GROVE","STATE":"WV","ZIP":"25039","TYPE":"SUBSTATION","STATUS":"IN SERVICE","COUNTY":"KANAWHA","COUNTYFIPS":"54039","COUNTRY":"USA","LATITUDE":38.19540073500008,"LONGITUDE":-81.36740269899997,"NAICS_CODE":"221121","NAICS_DESC":"ELECTRIC BULK POWER TRANSMISSION AND CONTROL","SOURCE":"IMAGERY, OpenStreetMap, https://www.aeptransmission.com/westvirginia/Carbondale/docs/Carbondale_Factsheet_V5.pdf","SOURCEDATE":1396828800000,"VAL_METHOD":"IMAGERY","VAL_DATE":1550448000000,"LINES":0,"MAX_VOLT":-999999,"MIN_VOLT":-999999,"MAX_INFER":"N","MIN_INFER":"N","pnode_id":32411845,"pnode_name":"LONDON  46 KV   HUGHESTO","pnode_subtype":"LOAD","match_score":100.0,"pjm_zone":"AEP"}},{"type":"Feature","id":141,"geometry":{"type":"Point","coordinates":[-81.3537144857944,37.5751402890446]},"properties":{"OBJECTID":141,"ID":"108890","NAME":"MULLENS","CITY":"AMIGO","STATE":"WV","ZIP":"25811","TYPE":"SUBSTATION","STATUS":"IN SERVICE","COUNTY":"WYOMING","COUNTYFIPS":"54109","COUNTRY":"USA","LATITUDE":37.575140289000046,"LONGITUDE":-81.35371448599994,"NAICS_CODE":"221121","NAICS_DESC":"ELECTRIC BULK POWER TRANSMISSION AND CONTROL","SOURCE":"IMAGERY, OpenStreetMap, https://aeptransmission.com/virginia/Tazewell-Bearwallow/docs/VOLUME%201%20(Exhibits%206%20through%2013).pdf","SOURCEDATE":1396828800000,"VAL_METHOD":"IMAGERY","VAL_DATE":1549411200000,"LINES":3,"MAX_VOLT":138,"MIN_VOLT":138,"MAX_INFER":"Y","MIN_INFER":"Y","pnode_id":32412053,"pnode_name":"MULLENS 138 KV  T4","pnode_subtype":"LOAD","match_score":100.0,"pjm_zone":"AEP"}},{"type":"Feature","id":142,"geometry":{"type":"Point","coordinates":[-81.3124481418032,37.6558006730361]},"properties":{"OBJECTID":142,"ID":"108891","NAME":"URY","CITY":"HELEN","STATE":"WV","ZIP":"25853","TYPE":"SUBSTATION","STATUS":"IN SERVICE","COUNTY":"RALEIGH","COUNTYFIPS":"54081","COUNTRY":"USA","LATITUDE":37.655800673000044,"LONGITUDE":-81.31244814199994,"NAICS_CODE":"221121","NAICS_DESC":"ELECTRIC BULK POWER TRANSMISSION AND CONTROL","SOURCE":"IMAGERY, OpenStreetMap, https://aeptransmission.com/virginia/Tazewell-Bearwallow/docs/VOLUME%201%20(Exhibits%206%20through%2013).pdf","SOURCEDATE":1396828800000,"VAL_METHOD":"IMAGERY","VAL_DATE":1549411200000,"LINES":0,"MAX_VOLT":-999999,"MIN_VOLT":-999999,"MAX_INFER":"N","MIN_INFER":"N","pnode_id":35010355,"pnode_name":"SURRY","pnode_subtype":"EHV","match_score":75.0,"pjm_zone":"AEP"}},{"type":"Feature","id":145,"geometry":{"type":"Point","coordinates":[-81.5456858013989,37.3704456801898]},"properties":{"OBJECTID":145,"ID":"108895","NAME":"GARY","CITY":"WELCH","STATE":"WV","ZIP":"24801","TYPE":"SUBSTATION","STATUS":"IN SERVICE","COUNTY":"MCDOWELL","COUNTYFIPS":"54047","COUNTRY":"USA","LATITUDE":37.370445680000046,"LONGITUDE":-81.54568580099993,"NAICS_CODE":"221121","NAICS_DESC":"ELECTRIC BULK POWER TRANSMISSION AND CONTROL","SOURCE":"IMAGERY, OpenStreetMap, https://aeptransmission.com/virginia/Tazewell-Bearwallow/docs/VOLUME%201%20(Exhibits%206%20through%2013).pdf","SOURCEDATE":1396828800000,"VAL_METHOD":"IMAGERY","VAL_DATE":1549411200000,"LINES":0,"MAX_VOLT":-999999,"MIN_VOLT":-999999,"MAX_INFER":"N","MIN_INFER":"N","pnode_id":1388602469,"pnode_name":"GARY    138 KV  T1","pnode_subtype":"LOAD","match_score":100.0,"pjm_zone":"AEP"}},{"type":"Feature","id":147,"geometry":{"type":"Point","coordinates":[-81.5918339203257,37.4406788998417]},"properties":{"OBJECTID":147,"ID":"108897","NAME":"WELCH","CITY":"WELCH","STATE":"WV","ZIP":"24801","TYPE":"SUBSTATION","STATUS":"IN SERVICE","COUNTY":"MCDOWELL","COUNTYFIPS":"54047","COUNTRY":"USA","LATITUDE":37.44067890000008,"LONGITUDE":-81.59183391999994,"NAICS_CODE":"221121","NAICS_DESC":"ELECTRIC BULK POWER TRANSMISSION AND CONTROL","SOURCE":"IMAGERY, OpenStreetMap","SOURCEDATE":1396828800000,"VAL_METHOD":"IMAGERY","VAL_DATE":1549411200000,"LINES":1,"MAX_VOLT":138,"MIN_VOLT":138,"MAX_INFER":"Y","MIN_INFER":"Y","pnode_id":32412997,"pnode_name":"WELCH   138 KV  T1","pnode_subtype":"LOAD","match_score":100.0,"pjm_zone":"AEP"}},{"type":"Feature","id":149,"geometry":{"type":"Point","coordinates":[-81.2864682187961,37.3644747263247]},"properties":{"OBJECTID":149,"ID":"108899","NAME":"MINNIX MOUNTAIN","CITY":"ROCK","STATE":"WV","ZIP":"24747","TYPE":"SUBSTATION","STATUS":"IN SERVICE","COUNTY":"MERCER","COUNTYFIPS":"54055","COUNTRY":"USA","LATITUDE":37.364474726000026,"LONGITUDE":-81.28646821899997,"NAICS_CODE":"221121","NAICS_DESC":"ELECTRIC BULK POWER TRANSMISSION AND CONTROL","SOURCE":"IMAGERY, OpenStreetMap, https://aeptransmission.com/virginia/Tazewell-Bearwallow/docs/VOLUME%201%20(Exhibits%206%20through%2013).pdf","SOURCEDATE":1396828800000,"VAL_METHOD":"IMAGERY","VAL_DATE":1549411200000,"LINES":3,"MAX_VOLT":-999999,"MIN_VOLT":-999999,"MAX_INFER":"N","MIN_INFER":"N","pnode_id":83782949,"pnode_name":"ARMENIA MOUNTAIN WF","pnode_subtype":"AGGREGATE","match_score":70.58823529411764,"pjm_zone":"AEP"}},{"type":"Feature","id":154,"geometry":{"type":"Point","coordinates":[-81.6483905750061,37.2562677608067]},"properties":{"OBJECTID":154,"ID":"108907","NAME":"BERWIND","CITY":"WAR","STATE":"WV","ZIP":"24892","TYPE":"SUBSTATION","STATUS":"IN SERVICE","COUNTY":"MCDOWELL","COUNTYFIPS":"54047","COUNTRY":"USA","LATITUDE":37.25626776100006,"LONGITUDE":-81.64839057499995,"NAICS_CODE":"221121","NAICS_DESC":"ELECTRIC BULK POWER TRANSMISSION AND CONTROL","SOURCE":"IMAGERY, OpenStreetMap, https://aeptransmission.com/virginia/Tazewell-Bearwallow/docs/VOLUME%201%20(Exhibits%206%20through%2013).pdf","SOURCEDATE":1396828800000,"VAL_METHOD":"IMAGERY","VAL_DATE":1549411200000,"LINES":2,"MAX_VOLT":-999999,"MIN_VOLT":-999999,"MAX_INFER":"Y","MIN_INFER":"Y","pnode_id":1379256639,"pnode_name":"BERWIND 138 KV  NEWFARAD","pnode_subtype":"LOAD","match_score":100.0,"pjm_zone":"AEP"}},{"type":"Feature","id":155,"geometry":{"type":"Point","coordinates":[-81.8475061202,37.3923045992133]},"properties":{"OBJECTID":155,"ID":"108908","NAME":"SOURWOOD","CITY":"IAEGER","STATE":"WV","ZIP":"24844","TYPE":"SUBSTATION","STATUS":"IN SERVICE","COUNTY":"MCDOWELL","COUNTYFIPS":"54047","COUNTRY":"USA","LATITUDE":37.392304599000056,"LONGITUDE":-81.84750611999993,"NAICS_CODE":"221121","NAICS_DESC":"ELECTRIC BULK POWER TRANSMISSION AND CONTROL","SOURCE":"IMAGERY, OpenStreetMap, https://aeptransmission.com/virginia/Tazewell-Bearwallow/docs/VOLUME%201%20(Exhibits%206%20through%2013).pdf","SOURCEDATE":1396828800000,"VAL_METHOD":"IMAGERY","VAL_DATE":1549411200000,"LINES":2,"MAX_VOLT":138,"MIN_VOLT":138,"MAX_INFER":"Y","MIN_INFER":"Y","pnode_id":1666104456,"pnode_name":"SHRWOOD 69 KV   T1","pnode_subtype":"LOAD","match_score":80.0,"pjm_zone":"AEP"}},{"type":"Feature","id":157,"geometry":{"type":"Point","coordinates":[-81.9908903738132,37.5792554590309]},"properties":{"OBJECTID":157,"ID":"108910","NAME":"BRIAR MOUNTAIN","CITY":"WHARNCLIFFE","STATE":"WV","ZIP":"25651","TYPE":"SUBSTATION","STATUS":"IN SERVICE","COUNTY":"MINGO","COUNTYFIPS":"54059","COUNTRY":"USA","LATITUDE":37.57925545900008,"LONGITUDE":-81.99089037399995,"NAICS_CODE":"221121","NAICS_DESC":"ELECTRIC BULK POWER TRANSMISSION AND CONTROL","SOURCE":"IMAGERY, OpenStreetMap, https://aeptransmission.com/virginia/Tazewell-Bearwallow/docs/VOLUME%201%20(Exhibits%206%20through%2013).pdf","SOURCEDATE":1396828800000,"VAL_METHOD":"IMAGERY","VAL_DATE":1549411200000,"LINES":0,"MAX_VOLT":-999999,"MIN_VOLT":-999999,"MAX_INFER":"N","MIN_INFER":"N","pnode_id":83782949,"pnode_name":"ARMENIA MOUNTAIN WF","pnode_subtype":"AGGREGATE","match_score":72.72727272727273,"pjm_zone":"AEP"}},{"type":"Feature","id":158,"geometry":{"type":"Point","coordinates":[-82.1245296951395,37.6992731851902]},"properties":{"OBJECTID":158,"ID":"108912","NAME":"RAGLAND","CITY":"RAGLAND","STATE":"WV","ZIP":"25690","TYPE":"SUBSTATION","STATUS":"IN SERVICE","COUNTY":"MINGO","COUNTYFIPS":"54059","COUNTRY":"USA","LATITUDE":37.69927318500004,"LONGITUDE":-82.12452969499998,"NAICS_CODE":"221121","NAICS_DESC":"ELECTRIC BULK POWER TRANSMISSION AND CONTROL","SOURCE":"IMAGERY, OpenStreetMap, https://aeptransmission.com/virginia/Tazewell-Bearwallow/docs/VOLUME%201%20(Exhibits%206%20through%2013).pdf","SOURCEDATE":1396828800000,"VAL_METHOD":"IMAGERY","VAL_DATE":1549411200000,"LINES":3,"MAX_VOLT":138,"MIN_VOLT":138,"MAX_INFER":"Y","MIN_INFER":"Y","pnode_id":32412311,"pnode_name":"RAGLAND 138 KV  T1","pnode_subtype":"LOAD","match_score":100.0,"pjm_zone":"AEP"}},{"type":"Feature","id":170,"geometry":{"type":"Point","coordinates":[-81.9970129916508,37.8483623651306]},"properties":{"OBJECTID":170,"ID":"108924","NAME":"LOGAN","CITY":"LOGAN","STATE":"WV","ZIP":"25601","TYPE":"SUBSTATION","STATUS":"IN SERVICE","COUNTY":"LOGAN","COUNTYFIPS":"54045","COUNTRY":"USA","LATITUDE":37.84836236500007,"LONGITUDE":-81.99701299199995,"NAICS_CODE":"221121","NAICS_DESC":"ELECTRIC BULK POWER TRANSMISSION AND CONTROL","SOURCE":"IMAGERY, OpenStreetMap, http://www.pjm.com/-/media/markets-ops/trans-service/trans-fac/aepsct.ashx","SOURCEDATE":1396828800000,"VAL_METHOD":"IMAGERY","VAL_DATE":1508457600000,"LINES":6,"MAX_VOLT":138,"MIN_VOLT":138,"MAX_INFER":"Y","MIN_INFER":"Y","pnode_id":2156110530,"pnode_name":"SHELBYCO69 KV   LOGAN","pnode_subtype":"LOAD","match_score":100.0,"pjm_zone":"AEP"}},{"type":"Feature","id":174,"geometry":{"type":"Point","coordinates":[-81.975624828778,37.9205045327505]},"properties":{"OBJECTID":174,"ID":"108928","NAME":"NORTH POINT","CITY":"LOGAN","STATE":"WV","ZIP":"25601","TYPE":"SUBSTATION","STATUS":"IN SERVICE","COUNTY":"LOGAN","COUNTYFIPS":"54045","COUNTRY":"USA","LATITUDE":37.92050453300004,"LONGITUDE":-81.97562482899997,"NAICS_CODE":"221121","NAICS_DESC":"ELECTRIC BULK POWER TRANSMISSION AND CONTROL","SOURCE":"IMAGERY, OpenStreetMap, http://www.pjm.com/-/media/markets-ops/trans-service/trans-fac/aepsct.ashx","SOURCEDATE":1396828800000,"VAL_METHOD":"IMAGERY","VAL_DATE":1508457600000,"LINES":3,"MAX_VOLT":138,"MIN_VOLT":138,"MAX_INFER":"Y","MIN_INFER":"Y","pnode_id":1064503,"pnode_name":"NORTHAMPTON","pnode_subtype":"AGGREGATE","match_score":72.72727272727273,"pjm_zone":"AEP"}},{"type":"Feature","id":175,"geometry":{"type":"Point","coordinates":[-81.8493743977003,38.0888813499994]},"properties":{"OBJECTID":175,"ID":"108929","NAME":"HOPKINS","CITY":"DANVILLE","STATE":"WV","ZIP":"25053","TYPE":"SUBSTATION","STATUS":"IN SERVICE","COUNTY":"BOONE","COUNTYFIPS":"54005","COUNTRY":"USA","LATITUDE":38.088881350000065,"LONGITUDE":-81.84937439799995,"NAICS_CODE":"221121","NAICS_DESC":"ELECTRIC BULK POWER TRANSMISSION AND CONTROL","SOURCE":"IMAGERY, OpenStreetMap, https://www.aeptransmission.com/westvirginia/BlairDanville/docs/Blair-Danville_Factsheet_V6.pdf","SOURCEDATE":1396828800000,"VAL_METHOD":"IMAGERY","VAL_DATE":1550188800000,"LINES":5,"MAX_VOLT":138,"MIN_VOLT":138,"MAX_INFER":"Y","MIN_INFER":"Y","pnode_id":32411589,"pnode_name":"HOPKINS 138 KV  T1","pnode_subtype":"LOAD","match_score":100.0,"pjm_zone":"AEP"}},{"type":"Feature","id":183,"geometry":{"type":"Point","coordinates":[-82.5930970433037,38.3490912747839]},"properties":{"OBJECTID":183,"ID":"108938","NAME":"SOUTH NEAL","CITY":"KENOVA","STATE":"WV","ZIP":"25530","TYPE":"SUBSTATION","STATUS":"IN SERVICE","COUNTY":"WAYNE","COUNTYFIPS":"54099","COUNTRY":"USA","LATITUDE":38.349091275000035,"LONGITUDE":-82.59309704299994,"NAICS_CODE":"221121","NAICS_DESC":"ELECTRIC BULK POWER TRANSMISSION AND CONTROL","SOURCE":"IMAGERY, OpenStreetMap, http://www.pjm.com/-/media/markets-ops/trans-service/trans-fac/aepsct.ashx","SOURCEDATE":1396828800000,"VAL_METHOD":"IMAGERY","VAL_DATE":1508803200000,"LINES":4,"MAX_VOLT":138,"MIN_VOLT":69,"MAX_INFER":"Y","MIN_INFER":"Y","pnode_id":51216,"pnode_name":"DPL SOUTH","pnode_subtype":"AGGREGATE","match_score":73.6842105263158,"pjm_zone":"AEP"}},{"type":"Feature","id":184,"geometry":{"type":"Point","coordinates":[-82.4798476930762,38.4054211988297]},"properties":{"OBJECTID":184,"ID":"108939","NAME":"WEST HUNTINGTON","CITY":"HUNTINGTON","STATE":"WV","ZIP":"25704","TYPE":"SUBSTATION","STATUS":"IN SERVICE","COUNTY":"CABELL","COUNTYFIPS":"54011","COUNTRY":"USA","LATITUDE":38.405421199000045,"LONGITUDE":-82.47984769299995,"NAICS_CODE":"221121","NAICS_DESC":"ELECTRIC BULK POWER TRANSMISSION AND CONTROL","SOURCE":"IMAGERY, OpenStreetMap, http://www.pjm.com/-/media/markets-ops/trans-service/trans-fac/aepsct.ashx","SOURCEDATE":1396828800000,"VAL_METHOD":"IMAGERY","VAL_DATE":1508803200000,"LINES":4,"MAX_VOLT":138,"MIN_VOLT":69,"MAX_INFER":"Y","MIN_INFER":"Y","pnode_id":51287,"pnode_name":"WEST INT HUB","pnode_subtype":"HUB","match_score":74.07407407407408,"pjm_zone":"AEP"}},{"type":"Feature","id":190,"geometry":{"type":"Point","coordinates":[-81.9114162068281,38.5244836857866]},"properties":{"OBJECTID":190,"ID":"108945","NAME":"WINFIELD","CITY":"WINFIELD","STATE":"WV","ZIP":"25213","TYPE":"SUBSTATION","STATUS":"IN SERVICE","COUNTY":"PUTNAM","COUNTYFIPS":"54079","COUNTRY":"USA","LATITUDE":38.52448368600005,"LONGITUDE":-81.91141620699995,"NAICS_CODE":"221121","NAICS_DESC":"ELECTRIC BULK POWER TRANSMISSION AND CONTROL","SOURCE":"IMAGERY, OpenStreetMap, EIA 860","SOURCEDATE":1396828800000,"VAL_METHOD":"IMAGERY","VAL_DATE":1622505600000,"LINES":3,"MAX_VOLT":69,"MIN_VOLT":69,"MAX_INFER":"Y","MIN_INFER":"Y","pnode_id":292899,"pnode_name":"CRISFIELD","pnode_subtype":"AGGREGATE","match_score":70.58823529411764,"pjm_zone":"AEP"}},{"type":"Feature","id":191,"geometry":{"type":"Point","coordinates":[-82.1278790636763,38.426641108928]},"properties":{"OBJECTID":191,"ID":"108946","NAME":"MILTON","CITY":"MILTON","STATE":"WV","ZIP":"25541","TYPE":"SUBSTATION","STATUS":"IN SERVICE","COUNTY":"CABELL","COUNTYFIPS":"54011","COUNTRY":"USA","LATITUDE":38.42664110900006,"LONGITUDE":-82.12787906399996,"NAICS_CODE":"221121","NAICS_DESC":"ELECTRIC BULK POWER TRANSMISSION AND CONTROL","SOURCE":"IMAGERY, OpenStreetMap","SOURCEDATE":1396828800000,"VAL_METHOD":"IMAGERY","VAL_DATE":1508803200000,"LINES":3,"MAX_VOLT":69,"MIN_VOLT":69,"MAX_INFER":"Y","MIN_INFER":"Y","pnode_id":32413305,"pnode_name":"WMILTON 69 KV   A","pnode_subtype":"LOAD","match_score":97.3076923076923,"pjm_zone":"AEP"}},{"type":"Feature","id":198,"geometry":{"type":"Point","coordinates":[-81.7428894388173,38.3038914161065]},"properties":{"OBJECTID":198,"ID":"108953","NAME":"RUTH","CITY":"CHARLESTON","STATE":"WV","ZIP":"25309","TYPE":"SUBSTATION","STATUS":"IN SERVICE","COUNTY":"KANAWHA","COUNTYFIPS":"54039","COUNTRY":"USA","LATITUDE":38.303891416000056,"LONGITUDE":-81.74288943899995,"NAICS_CODE":"221121","NAICS_DESC":"ELECTRIC BULK POWER TRANSMISSION AND CONTROL","SOURCE":"IMAGERY, OpenStreetMap, http://www.pjm.com/pub/account/trans-fac/aepsct.xls","SOURCEDATE":1396828800000,"VAL_METHOD":"IMAGERY","VAL_DATE":1508803200000,"LINES":2,"MAX_VOLT":138,"MIN_VOLT":138,"MAX_INFER":"Y","MIN_INFER":"Y","pnode_id":32412461,"pnode_name":"RUTH    138 KV  T1","pnode_subtype":"LOAD","match_score":100.0,"pjm_zone":"AEP"}},{"type":"Feature","id":239,"geometry":{"type":"Point","coordinates":[-82.6467309061381,36.9329915498197]},"properties":{"OBJECTID":239,"ID":"109430","NAME":"DORCHESTER","CITY":"NORTON","STATE":"VA","ZIP":"24273","TYPE":"SUBSTATION","STATUS":"IN SERVICE","COUNTY":"NORTON","COUNTYFIPS":"51720","COUNTRY":"USA","LATITUDE":36.932991550000054,"LONGITUDE":-82.64673090599996,"NAICS_CODE":"221121","NAICS_DESC":"ELECTRIC BULK POWER TRANSMISSION AND CONTROL","SOURCE":"IMAGERY, http://psc.ky.gov/pscecf/2016-00370/derek.rahn@lge-ku.com/02202017101534/2016_AG_DR2_KU_Attach_to_Q109.xls","SOURCEDATE":1397606400000,"VAL_METHOD":"IMAGERY","VAL_DATE":1549497600000,"LINES":7,"MAX_VOLT":161,"MIN_VOLT":69,"MAX_INFER":"Y","MIN_INFER":"N","pnode_id":1313803836,"pnode_name":"DOMCHES","pnode_subtype":"AGGREGATE","match_score":70.58823529411764,"pjm_zone":"LGE"}},{"type":"Feature","id":252,"geometry":{"type":"Point","coordinates":[-84.5915193053416,36.9994270793407]},"properties":{"OBJECTID":252,"ID":"109452","NAME":"COOPER","CITY":"SOMERSET","STATE":"KY","ZIP":"42501","TYPE":"SUBSTATION","STATUS":"IN SERVICE","COUNTY":"PULASKI","COUNTYFIPS":"21199","COUNTRY":"USA","LATITUDE":36.99942707900004,"LONGITUDE":-84.59151930499996,"NAICS_CODE":"221121","NAICS_DESC":"ELECTRIC BULK POWER TRANSMISSION AND CONTROL","SOURCE":"IMAGERY, EIA 860","SOURCEDATE":1397606400000,"VAL_METHOD":"IMAGERY","VAL_DATE":1622505600000,"LINES":9,"MAX_VOLT":161,"MIN_VOLT":69,"MAX_INFER":"Y","MIN_INFER":"Y","pnode_id":32410935,"pnode_name":"CODOVER 138 KV  T1","pnode_subtype":"LOAD","match_score":76.92307692307692,"pjm_zone":"LGE"}},{"type":"Feature","id":281,"geometry":{"type":"Point","coordinates":[-83.3211420004129,37.142362999735]},"properties":{"OBJECTID":281,"ID":"109523","NAME":"LESLIE","CITY":"HYDEN","STATE":"KY","ZIP":"41749","TYPE":"SUBSTATION","STATUS":"IN SERVICE","COUNTY":"LESLIE","COUNTYFIPS":"21131","COUNTRY":"USA","LATITUDE":37.142363000000046,"LONGITUDE":-83.32114199999995,"NAICS_CODE":"221121","NAICS_DESC":"ELECTRIC BULK POWER TRANSMISSION AND CONTROL","SOURCE":"IMAGERY","SOURCEDATE":1397606400000,"VAL_METHOD":"IMAGERY","VAL_DATE":1520294400000,"LINES":4,"MAX_VOLT":161,"MIN_VOLT":46,"MAX_INFER":"Y","MIN_INFER":"Y","pnode_id":32411811,"pnode_name":"LESLIE  161 KV  T1","pnode_subtype":"LOAD","match_score":100.0,"pjm_zone":"AEP"}},{"type":"Feature","id":310,"geometry":{"type":"Point","coordinates":[-77.8113566040799,36.4987936008009]},"properties":{"OBJECTID":310,"ID":"111419","NAME":"GASTON","CITY":"LITTLETON","STATE":"NC","ZIP":"27850","TYPE":"SUBSTATION","STATUS":"IN SERVICE","COUNTY":"HALIFAX","COUNTYFIPS":"37083","COUNTRY":"USA","LATITUDE":36.498793601000045,"LONGITUDE":-77.81135660399997,"NAICS_CODE":"221121","NAICS_DESC":"ELECTRIC BULK POWER TRANSMISSION AND CONTROL","SOURCE":"IMAGERY, EIA 860","SOURCEDATE":1402358400000,"VAL_METHOD":"IMAGERY","VAL_DATE":1622505600000,"LINES":2,"MAX_VOLT":232,"MIN_VOLT":232,"MAX_INFER":"Y","MIN_INFER":"Y","pnode_id":51218,"pnode_name":"EASTON","pnode_subtype":"AGGREGATE","match_score":83.33333333333334,"pjm_zone":"DOM"}},{"type":"Feature","id":313,"geometry":{"type":"Point","coordinates":[-77.6719690000815,36.4786188000908]},"properties":{"OBJECTID":313,"ID":"111422","NAME":"ROANOKE RAPIDS","CITY":"ROANOKE RAPIDS","STATE":"NC","ZIP":"27870","TYPE":"SUBSTATION","STATUS":"IN SERVICE","COUNTY":"HALIFAX","COUNTYFIPS":"37083","COUNTRY":"USA","LATITUDE":36.47861880000005,"LONGITUDE":-77.67196899999993,"NAICS_CODE":"221121","NAICS_DESC":"ELECTRIC BULK POWER TRANSMISSION AND CONTROL","SOURCE":"IMAGERY, EIA 860","SOURCEDATE":1402358400000,"VAL_METHOD":"IMAGERY","VAL_DATE":1622505600000,"LINES":2,"MAX_VOLT":115,"MIN_VOLT":115,"MAX_INFER":"Y","MIN_INFER":"Y","pnode_id":40620461,"pnode_name":"VP ROANOKE RAPIDS 1-4","pnode_subtype":"AGGREGATE","match_score":80.0,"pjm_zone":"DOM"}},{"type":"Feature","id":410,"geometry":{"type":"Point","coordinates":[-81.341065593943,41.1427065920118]},"properties":{"OBJECTID":410,"ID":"112816","NAME":"SUMMIT STREET POWER PLANT","CITY":"KENT","STATE":"OH","ZIP":"44240","TYPE":"SUBSTATION","STATUS":"IN SERVICE","COUNTY":"PORTAGE","COUNTYFIPS":"39133","COUNTRY":"USA","LATITUDE":41.142706592000025,"LONGITUDE":-81.34106559399999,"NAICS_CODE":"221121","NAICS_DESC":"ELECTRIC BULK POWER TRANSMISSION AND CONTROL","SOURCE":"OpenStreetMap, EIA 860","SOURCEDATE":1403568000000,"VAL_METHOD":"IMAGERY","VAL_DATE":1622505600000,"LINES":0,"MAX_VOLT":-999999,"MIN_VOLT":-999999,"MAX_INFER":"N","MIN_INFER":"N","pnode_id":32412773,"pnode_name":"SUMMIT  138 KV  T1","pnode_subtype":"LOAD","match_score":100.0,"pjm_zone":"FE-ATSI"}},{"type":"Feature","id":442,"geometry":{"type":"Point","coordinates":[-83.1631362003984,41.3771536116756]},"properties":{"OBJECTID":442,"ID":"112850","NAME":"FREMONT ENERGY CENTER","CITY":"FREMONT","STATE":"OH","ZIP":"43420","TYPE":"SUBSTATION","STATUS":"IN SERVICE","COUNTY":"SANDUSKY","COUNTYFIPS":"39143","COUNTRY":"USA","LATITUDE":41.37715361200003,"LONGITUDE":-83.16313619999994,"NAICS_CODE":"221121","NAICS_DESC":"ELECTRIC BULK POWER TRANSMISSION AND CONTROL","SOURCE":"OpenStreetMap, EIA 860","SOURCEDATE":1403568000000,"VAL_METHOD":"IMAGERY","VAL_DATE":1622505600000,"LINES":8,"MAX_VOLT":138,"MIN_VOLT":138,"MAX_INFER":"Y","MIN_INFER":"Y","pnode_id":32411321,"pnode_name":"FREMONT 138 KV  T1","pnode_subtype":"LOAD","match_score":100.0,"pjm_zone":"FE-ATSI"}},{"type":"Feature","id":478,"geometry":{"type":"Point","coordinates":[-84.1777986848842,39.7929930647393]},"properties":{"OBJECTID":478,"ID":"112891","NAME":"WEBSTER","CITY":"DAYTON","STATE":"OH","ZIP":"45404","TYPE":"SUBSTATION","STATUS":"IN SERVICE","COUNTY":"MONTGOMERY","COUNTYFIPS":"39113","COUNTRY":"USA","LATITUDE":39.792993065000076,"LONGITUDE":-84.17779868499997,"NAICS_CODE":"221121","NAICS_DESC":"ELECTRIC BULK POWER TRANSMISSION AND CONTROL","SOURCE":"OpenStreetMap, https://www.pjm.com/-/media/committees-groups/committees/srrtep-w/20091021/20091021-srrtep-west.ashx","SOURCEDATE":1403568000000,"VAL_METHOD":"IMAGERY","VAL_DATE":1538352000000,"LINES":4,"MAX_VOLT":138,"MIN_VOLT":69,"MAX_INFER":"Y","MIN_INFER":"Y","pnode_id":1084384000,"pnode_name":"SANDERSO138 KV  WEBSTER","pnode_subtype":"LOAD","match_score":100.0,"pjm_zone":"DAY"}},{"type":"Feature","id":509,"geometry":{"type":"Point","coordinates":[-81.3958306881467,40.8170216746964]},"properties":{"OBJECTID":509,"ID":"112927","NAME":"TIMKEN MERCY","CITY":"CANTON","STATE":"OH","ZIP":"44708","TYPE":"SUBSTATION","STATUS":"IN SERVICE","COUNTY":"STARK","COUNTYFIPS":"39151","COUNTRY":"USA","LATITUDE":40.817021675000035,"LONGITUDE":-81.39583068799999,"NAICS_CODE":"221121","NAICS_DESC":"ELECTRIC BULK POWER TRANSMISSION AND CONTROL","SOURCE":"OpenStreetMap, https://aeptransmission.com/ohio/StadiumPark/docs/StadiumPark_Factsheet_V3.pdf","SOURCEDATE":1403568000000,"VAL_METHOD":"IMAGERY","VAL_DATE":1537401600000,"LINES":2,"MAX_VOLT":69,"MIN_VOLT":69,"MAX_INFER":"Y","MIN_INFER":"Y","pnode_id":32412847,"pnode_name":"TIMKEN  138 KV  T1","pnode_subtype":"LOAD","match_score":100.0,"pjm_zone":"FE-ATSI"}},{"type":"Feature","id":616,"geometry":{"type":"Point","coordinates":[-81.8066426382743,37.092140443901]},"properties":{"OBJECTID":616,"ID":"113073","NAME":"RICHLANDS","CITY":"RICHLANDS","STATE":"VA","ZIP":"24641","TYPE":"SUBSTATION","STATUS":"IN SERVICE","COUNTY":"TAZEWELL","COUNTYFIPS":"51185","COUNTRY":"USA","LATITUDE":37.09214044400005,"LONGITUDE":-81.80664263799997,"NAICS_CODE":"221121","NAICS_DESC":"ELECTRIC BULK POWER TRANSMISSION AND CONTROL","SOURCE":"IMAGERY, https://aeptransmission.com/virginia/Tazewell-Bearwallow/docs/VOLUME%201%20(Exhibits%206%20through%2013).pdf","SOURCEDATE":1403654400000,"VAL_METHOD":"IMAGERY","VAL_DATE":1549411200000,"LINES":4,"MAX_VOLT":138,"MIN_VOLT":69,"MAX_INFER":"Y","MIN_INFER":"N","pnode_id":44460895,"pnode_name":"RICHLND 138 KV  RP81","pnode_subtype":"GEN","match_score":92.5,"pjm_zone":"AEP"}},{"type":"Feature","id":633,"geometry":{"type":"Point","coordinates":[-82.1246326321896,37.3011980101146]},"properties":{"OBJECTID":633,"ID":"113095","NAME":"GRUNDY","CITY":"GRUNDY","STATE":"VA","ZIP":"24614","TYPE":"SUBSTATION","STATUS":"IN SERVICE","COUNTY":"BUCHANAN","COUNTYFIPS":"51027","COUNTRY":"USA","LATITUDE":37.301198010000064,"LONGITUDE":-82.12463263199999,"NAICS_CODE":"221121","NAICS_DESC":"ELECTRIC BULK POWER TRANSMISSION AND CONTROL","SOURCE":"IMAGERY, https://aeptransmission.com/virginia/Tazewell-Bearwallow/docs/VOLUME%201%20(Exhibits%206%20through%2013).pdf","SOURCEDATE":1403740800000,"VAL_METHOD":"IMAGERY","VAL_DATE":1549411200000,"LINES":3,"MAX_VOLT":69,"MIN_VOLT":69,"MAX_INFER":"N","MIN_INFER":"N","pnode_id":1218905978,"pnode_name":"GRUNDY  69 KV   T5","pnode_subtype":"LOAD","match_score":100.0,"pjm_zone":"AEP"}},{"type":"Feature","id":648,"geometry":{"type":"Point","coordinates":[-80.7610993603578,39.9105364809699]},"properties":{"OBJECTID":648,"ID":"113144","NAME":"FIRSTENERGY R E BURGER","CITY":"SHADYSIDE","STATE":"OH","ZIP":"43947","TYPE":"SUBSTATION","STATUS":"IN SERVICE","COUNTY":"BELMONT","COUNTYFIPS":"39013","COUNTRY":"USA","LATITUDE":39.910536481000065,"LONGITUDE":-80.76109935999995,"NAICS_CODE":"221121","NAICS_DESC":"ELECTRIC BULK POWER TRANSMISSION AND CONTROL","SOURCE":"OpenStreetMap, EIA 860","SOURCEDATE":1403827200000,"VAL_METHOD":"IMAGERY","VAL_DATE":1622505600000,"LINES":1,"MAX_VOLT":138,"MIN_VOLT":138,"MAX_INFER":"Y","MIN_INFER":"Y","pnode_id":112586195,"pnode_name":"BURGER  138 KV  EMDS","pnode_subtype":"GEN","match_score":100.0,"pjm_zone":"AEP"}},{"type":"Feature","id":736,"geometry":{"type":"Point","coordinates":[-80.7480082602313,41.166109223931]},"properties":{"OBJECTID":736,"ID":"113300","NAME":"NILES POWER PLANT","CITY":"MCDONALD","STATE":"OH","ZIP":"44437","TYPE":"SUBSTATION","STATUS":"IN SERVICE","COUNTY":"TRUMBULL","COUNTYFIPS":"39155","COUNTRY":"USA","LATITUDE":41.166109224000024,"LONGITUDE":-80.74800825999995,"NAICS_CODE":"221121","NAICS_DESC":"ELECTRIC BULK POWER TRANSMISSION AND CONTROL","SOURCE":"OpenStreetMap, EIA 860","SOURCEDATE":1403827200000,"VAL_METHOD":"IMAGERY","VAL_DATE":1622505600000,"LINES":7,"MAX_VOLT":138,"MIN_VOLT":138,"MAX_INFER":"Y","MIN_INFER":"Y","pnode_id":98370493,"pnode_name":"NILES   16 KV   UN1","pnode_subtype":"GEN","match_score":100.0,"pjm_zone":"FE-ATSI"}},{"type":"Feature","id":774,"geometry":{"type":"Point","coordinates":[-84.805991041871,39.1123186858452]},"properties":{"OBJECTID":774,"ID":"113368","NAME":"MIAMI","CITY":"CINCINNATI","STATE":"OH","ZIP":"45233","TYPE":"SUBSTATION","STATUS":"IN SERVICE","COUNTY":"HAMILTON","COUNTYFIPS":"39061","COUNTRY":"USA","LATITUDE":39.11231868600004,"LONGITUDE":-84.80599104199996,"NAICS_CODE":"221121","NAICS_DESC":"ELECTRIC BULK POWER TRANSMISSION AND CONTROL","SOURCE":"OpenStreetMap, https://www.misoenergy.org/Library/Repository/Communication%20Material/Transferred%20Transmission%20Facilities/Duke%20Energy%20Business%20Services%20LLC%20Transferred%20Facilities.pdf","SOURCEDATE":1403568000000,"VAL_METHOD":"IMAGERY","VAL_DATE":1508889600000,"LINES":16,"MAX_VOLT":345,"MIN_VOLT":69,"MAX_INFER":"Y","MIN_INFER":"Y","pnode_id":32413293,"pnode_name":"MIAMI   138 KV  LOADM","pnode_subtype":"LOAD","match_score":100.0,"pjm_zone":"DEOK"}},{"type":"Feature","id":800,"geometry":{"type":"Point","coordinates":[-83.6922373261786,38.6393097286617]},"properties":{"OBJECTID":800,"ID":"113590","NAME":"J M STUART","CITY":"MANCHESTER","STATE":"OH","ZIP":"45144","TYPE":"SUBSTATION","STATUS":"IN SERVICE","COUNTY":"ADAMS","COUNTYFIPS":"39001","COUNTRY":"USA","LATITUDE":38.63930972900005,"LONGITUDE":-83.69223732599994,"NAICS_CODE":"221121","NAICS_DESC":"ELECTRIC BULK POWER TRANSMISSION AND CONTROL","SOURCE":"OpenStreetMap, EIA 860","SOURCEDATE":1403654400000,"VAL_METHOD":"IMAGERY","VAL_DATE":1622505600000,"LINES":8,"MAX_VOLT":345,"MIN_VOLT":69,"MAX_INFER":"Y","MIN_INFER":"Y","pnode_id":35079811,"pnode_name":"STUART 1","pnode_subtype":"AGGREGATE","match_score":77.77777777777779,"pjm_zone":"AEP"}},{"type":"Feature","id":802,"geometry":{"type":"Point","coordinates":[-82.7818399997283,38.5730150002608]},"properties":{"OBJECTID":802,"ID":"113593","NAME":"HANGING ROCK ENERGY FACILITY","CITY":"IRONTON","STATE":"OH","ZIP":"45638","TYPE":"SUBSTATION","STATUS":"IN SERVICE","COUNTY":"LAWRENCE","COUNTYFIPS":"39087","COUNTRY":"USA","LATITUDE":38.573015000000055,"LONGITUDE":-82.78183999999999,"NAICS_CODE":"221121","NAICS_DESC":"ELECTRIC BULK POWER TRANSMISSION AND CONTROL","SOURCE":"OpenStreetMap, EIA 860","SOURCEDATE":1403654400000,"VAL_METHOD":"IMAGERY","VAL_DATE":1622505600000,"LINES":2,"MAX_VOLT":765,"MIN_VOLT":765,"MAX_INFER":"Y","MIN_INFER":"Y","pnode_id":34509193,"pnode_name":"HANGING ROCK","pnode_subtype":"EHV","match_score":100.0,"pjm_zone":"AEP"}},{"type":"Feature","id":803,"geometry":{"type":"Point","coordinates":[-84.4607179569323,39.4503927147016]},"properties":{"OBJECTID":803,"ID":"113595","NAME":"WOODSDALE","CITY":"TRENTON","STATE":"OH","ZIP":"45067","TYPE":"SUBSTATION","STATUS":"IN SERVICE","COUNTY":"BUTLER","COUNTYFIPS":"39017","COUNTRY":"USA","LATITUDE":39.45039271500008,"LONGITUDE":-84.46071795699999,"NAICS_CODE":"221121","NAICS_DESC":"ELECTRIC BULK POWER TRANSMISSION AND CONTROL","SOURCE":"OpenStreetMap, EIA 860","SOURCEDATE":1403654400000,"VAL_METHOD":"IMAGERY","VAL_DATE":1622505600000,"LINES":5,"MAX_VOLT":345,"MIN_VOLT":345,"MAX_INFER":"Y","MIN_INFER":"Y","pnode_id":106856781,"pnode_name":"WOODSRD 138 KV  T12","pnode_subtype":"LOAD","match_score":75.0,"pjm_zone":"DEOK"}},{"type":"Feature","id":811,"geometry":{"type":"Point","coordinates":[-83.9785019234464,39.7667444571804]},"properties":{"OBJECTID":811,"ID":"113625","NAME":"BATH","CITY":"XENIA","STATE":"OH","ZIP":"45385","TYPE":"SUBSTATION","STATUS":"IN SERVICE","COUNTY":"GREENE","COUNTYFIPS":"39057","COUNTRY":"USA","LATITUDE":39.76674445700007,"LONGITUDE":-83.97850192299995,"NAICS_CODE":"221121","NAICS_DESC":"ELECTRIC BULK POWER TRANSMISSION AND CONTROL","SOURCE":"OpenStreetMap, https://www.pjm.com/-/media/committees-groups/committees/srrtep-w/20091021/20091021-srrtep-west.ashx","SOURCEDATE":1403654400000,"VAL_METHOD":"IMAGERY","VAL_DATE":1538352000000,"LINES":7,"MAX_VOLT":345,"MIN_VOLT":69,"MAX_INFER":"N","MIN_INFER":"Y","pnode_id":1107283898,"pnode_name":"BATHFE  138 KV  TR1","pnode_subtype":"LOAD","match_score":80.0,"pjm_zone":"DAY"}},{"type":"Feature","id":814,"geometry":{"type":"Point","coordinates":[-84.6796870801855,39.2878157601215]},"properties":{"OBJECTID":814,"ID":"113644","NAME":"WILLEY BATTERY UTILITY","CITY":"HAMILTON","STATE":"OH","ZIP":"45013","TYPE":"SUBSTATION","STATUS":"IN SERVICE","COUNTY":"HAMILTON","COUNTYFIPS":"39061","COUNTRY":"USA","LATITUDE":39.28781576000006,"LONGITUDE":-84.67968707999995,"NAICS_CODE":"221121","NAICS_DESC":"ELECTRIC BULK POWER TRANSMISSION AND CONTROL","SOURCE":"OpenStreetMap, EIA 860","SOURCEDATE":1403654400000,"VAL_METHOD":"IMAGERY","VAL_DATE":1622505600000,"LINES":5,"MAX_VOLT":138,"MIN_VOLT":138,"MAX_INFER":"Y","MIN_INFER":"Y","pnode_id":2156113872,"pnode_name":"WILLEY  138 KV  BK2","pnode_subtype":"LOAD","match_score":100.0,"pjm_zone":"DEOK"}},{"type":"Feature","id":815,"geometry":{"type":"Point","coordinates":[-84.0951881228481,39.6004925372454]},"properties":{"OBJECTID":815,"ID":"113649","NAME":"SUGAR CREEK","CITY":"BELLBROOK","STATE":"OH","ZIP":"45305","TYPE":"SUBSTATION","STATUS":"IN SERVICE","COUNTY":"GREENE","COUNTYFIPS":"39057","COUNTRY":"USA","LATITUDE":39.60049253700004,"LONGITUDE":-84.09518812299996,"NAICS_CODE":"221121","NAICS_DESC":"ELECTRIC BULK POWER TRANSMISSION AND CONTROL","SOURCE":"OpenStreetMap, https://www.pjm.com/-/media/committees-groups/committees/srrtep-w/20091021/20091021-srrtep-west.ashx","SOURCEDATE":1403654400000,"VAL_METHOD":"IMAGERY","VAL_DATE":1538352000000,"LINES":5,"MAX_VOLT":345,"MIN_VOLT":138,"MAX_INFER":"N","MIN_INFER":"Y","pnode_id":35102839,"pnode_name":"SUGAR CREEK CC","pnode_subtype":"AGGREGATE","match_score":88.0,"pjm_zone":"DAY"}},{"type":"Feature","id":825,"geometry":{"type":"Point","coordinates":[-83.788557950928,40.0708710356663]},"properties":{"OBJECTID":825,"ID":"113664","NAME":"URBANA","CITY":"URBANA","STATE":"OH","ZIP":"43078","TYPE":"SUBSTATION","STATUS":"IN SERVICE","COUNTY":"CHAMPAIGN","COUNTYFIPS":"39021","COUNTRY":"USA","LATITUDE":40.07087103600003,"LONGITUDE":-83.78855795099997,"NAICS_CODE":"221121","NAICS_DESC":"ELECTRIC BULK POWER TRANSMISSION AND CONTROL","SOURCE":"OpenStreetMap, https://www.pjm.com/-/media/committees-groups/committees/srrtep-w/20091021/20091021-srrtep-west.ashx","SOURCEDATE":1403654400000,"VAL_METHOD":"IMAGERY","VAL_DATE":1538438400000,"LINES":4,"MAX_VOLT":138,"MIN_VOLT":138,"MAX_INFER":"Y","MIN_INFER":"Y","pnode_id":98370261,"pnode_name":"URBAN   138 KV  TR2","pnode_subtype":"LOAD","match_score":95.9090909090909,"pjm_zone":"DAY"}},{"type":"Feature","id":830,"geometry":{"type":"Point","coordinates":[-82.681119303648,40.8509001200097]},"properties":{"OBJECTID":830,"ID":"113674","NAME":"HOWARD","CITY":"SHELBY","STATE":"OH","ZIP":"44875","TYPE":"SUBSTATION","STATUS":"IN SERVICE","COUNTY":"RICHLAND","COUNTYFIPS":"39139","COUNTRY":"USA","LATITUDE":40.85090012000006,"LONGITUDE":-82.68111930399994,"NAICS_CODE":"221121","NAICS_DESC":"ELECTRIC BULK POWER TRANSMISSION AND CONTROL","SOURCE":"OpenStreetMap, https://aeptransmission.com/ohio/Sharon-Vernon/docs/Sharon-Vernon_Factsheet_V6.pdf","SOURCEDATE":1403654400000,"VAL_METHOD":"IMAGERY","VAL_DATE":1537920000000,"LINES":9,"MAX_VOLT":138,"MIN_VOLT":138,"MAX_INFER":"Y","MIN_INFER":"Y","pnode_id":32411597,"pnode_name":"HOWARD2 138 KV  T1","pnode_subtype":"LOAD","match_score":97.3076923076923,"pjm_zone":"FE-ATSI"}},{"type":"Feature","id":841,"geometry":{"type":"Point","coordinates":[-82.3672821099002,38.4463376307649]},"properties":{"OBJECTID":841,"ID":"113700","NAME":"EAST PROCTORVILLE","CITY":"PROCTORVILLE","STATE":"OH","ZIP":"45669","TYPE":"SUBSTATION","STATUS":"IN SERVICE","COUNTY":"LAWRENCE","COUNTYFIPS":"39087","COUNTRY":"USA","LATITUDE":38.44633763100006,"LONGITUDE":-82.36728210999996,"NAICS_CODE":"221121","NAICS_DESC":"ELECTRIC BULK POWER TRANSMISSION AND CONTROL","SOURCE":"OpenStreetMap","SOURCEDATE":1403654400000,"VAL_METHOD":"IMAGERY","VAL_DATE":1508803200000,"LINES":4,"MAX_VOLT":138,"MIN_VOLT":138,"MAX_INFER":"Y","MIN_INFER":"Y","pnode_id":34509209,"pnode_name":"NORTH PROCTORVILLE","pnode_subtype":"EHV","match_score":82.75862068965517,"pjm_zone":"AEP"}},{"type":"Feature","id":858,"geometry":{"type":"Point","coordinates":[-82.4949900584247,41.3373871682932]},"properties":{"OBJECTID":858,"ID":"113730","NAME":"SHINROCK","CITY":"BERLIN HEIGHTS","STATE":"OH","ZIP":"44814","TYPE":"SUBSTATION","STATUS":"IN SERVICE","COUNTY":"ERIE","COUNTYFIPS":"39043","COUNTRY":"USA","LATITUDE":41.33738716800008,"LONGITUDE":-82.49499005799998,"NAICS_CODE":"221121","NAICS_DESC":"ELECTRIC BULK POWER TRANSMISSION AND CONTROL","SOURCE":"OpenStreetMap","SOURCEDATE":1403654400000,"VAL_METHOD":"IMAGERY","VAL_DATE":1586908800000,"LINES":4,"MAX_VOLT":138,"MIN_VOLT":69,"MAX_INFER":"Y","MIN_INFER":"Y","pnode_id":34509193,"pnode_name":"HANGING ROCK","pnode_subtype":"EHV","match_score":70.0,"pjm_zone":"FE-ATSI"}},{"type":"Feature","id":867,"geometry":{"type":"Point","coordinates":[-84.3093398390491,40.8962248991099]},"properties":{"OBJECTID":867,"ID":"113745","NAME":"NORTH DELPHOS","CITY":"DELPHOS","STATE":"OH","ZIP":"45833","TYPE":"SUBSTATION","STATUS":"IN SERVICE","COUNTY":"PUTNAM","COUNTYFIPS":"39137","COUNTRY":"USA","LATITUDE":40.89622489900006,"LONGITUDE":-84.30933983899996,"NAICS_CODE":"221121","NAICS_DESC":"ELECTRIC BULK POWER TRANSMISSION AND CONTROL","SOURCE":"OpenStreetMap, https://aeptransmission.com/ohio/Haviland-NorthDelphos/docs/Haviland-NorthDelphos_FactSheet.v4.pdf","SOURCEDATE":1403654400000,"VAL_METHOD":"IMAGERY","VAL_DATE":1537920000000,"LINES":4,"MAX_VOLT":138,"MIN_VOLT":138,"MAX_INFER":"Y","MIN_INFER":"Y","pnode_id":1666104479,"pnode_name":"DELPHOS 69 KV   T2","pnode_subtype":"LOAD","match_score":100.0,"pjm_zone":"AEP"}},{"type":"Feature","id":903,"geometry":{"type":"Point","coordinates":[-84.2111480523089,39.7281147306908]},"properties":{"OBJECTID":903,"ID":"113791","NAME":"TAIT ELECTRIC GENERATING STATION","CITY":"MORAINE","STATE":"OH","ZIP":"45439","TYPE":"SUBSTATION","STATUS":"IN SERVICE","COUNTY":"MONTGOMERY","COUNTYFIPS":"39113","COUNTRY":"USA","LATITUDE":39.72811473100006,"LONGITUDE":-84.21114805199994,"NAICS_CODE":"221121","NAICS_DESC":"ELECTRIC BULK POWER TRANSMISSION AND CONTROL","SOURCE":"OpenStreetMap, EIA 860","SOURCEDATE":1403654400000,"VAL_METHOD":"IMAGERY","VAL_DATE":1622505600000,"LINES":7,"MAX_VOLT":69,"MIN_VOLT":69,"MAX_INFER":"Y","MIN_INFER":"Y","pnode_id":40243351,"pnode_name":"TAIT    69 KV   BK-1","pnode_subtype":"LOAD","match_score":100.0,"pjm_zone":"DAY"}},{"type":"Feature","id":913,"geometry":{"type":"Point","coordinates":[-83.4551268209839,39.8853703566588]},"properties":{"OBJECTID":913,"ID":"113803","NAME":"LONDON","CITY":"LONDON","STATE":"OH","ZIP":"43140","TYPE":"SUBSTATION","STATUS":"IN SERVICE","COUNTY":"MADISON","COUNTYFIPS":"39097","COUNTRY":"USA","LATITUDE":39.885370357000056,"LONGITUDE":-83.45512682099996,"NAICS_CODE":"221121","NAICS_DESC":"ELECTRIC BULK POWER TRANSMISSION AND CONTROL","SOURCE":"OpenStreetMap, https://www.pjm.com/-/media/committees-groups/committees/srrtep-w/20091021/20091021-srrtep-west.ashx","SOURCEDATE":1403654400000,"VAL_METHOD":"IMAGERY","VAL_DATE":1538438400000,"LINES":4,"MAX_VOLT":138,"MIN_VOLT":69,"MAX_INFER":"Y","MIN_INFER":"Y","pnode_id":32411845,"pnode_name":"LONDON  46 KV   HUGHESTO","pnode_subtype":"LOAD","match_score":100.0,"pjm_zone":"FE-ATSI"}},{"type":"Feature","id":932,"geometry":{"type":"Point","coordinates":[-81.8971442919219,40.8359468642193]},"properties":{"OBJECTID":932,"ID":"113840","NAME":"CLUTCH SWITCH","CITY":"WOOSTER","STATE":"OH","ZIP":"44691","TYPE":"SUBSTATION","STATUS":"IN SERVICE","COUNTY":"WAYNE","COUNTYFIPS":"39169","COUNTRY":"USA","LATITUDE":40.83594686400005,"LONGITUDE":-81.89714429199995,"NAICS_CODE":"221121","NAICS_DESC":"ELECTRIC BULK POWER TRANSMISSION AND CONTROL","SOURCE":"OpenStreetMap","SOURCEDATE":1403654400000,"VAL_METHOD":"IMAGERY","VAL_DATE":1537488000000,"LINES":2,"MAX_VOLT":138,"MIN_VOLT":138,"MAX_INFER":"Y","MIN_INFER":"Y","pnode_id":2156118405,"pnode_name":"CLUTCH  69 KV   LUKUSAT1","pnode_subtype":"LOAD","match_score":100.0,"pjm_zone":"FE-ATSI"}},{"type":"Feature","id":936,"geometry":{"type":"Point","coordinates":[-84.2372179362018,40.082984117666]},"properties":{"OBJECTID":936,"ID":"113853","NAME":"ELDEAN","CITY":"TROY","STATE":"OH","ZIP":"45373","TYPE":"SUBSTATION","STATUS":"IN SERVICE","COUNTY":"MIAMI","COUNTYFIPS":"39109","COUNTRY":"USA","LATITUDE":40.08298411800007,"LONGITUDE":-84.23721793599998,"NAICS_CODE":"221121","NAICS_DESC":"ELECTRIC BULK POWER TRANSMISSION AND CONTROL","SOURCE":"OpenStreetMap, https://www.pjm.com/-/media/committees-groups/committees/srrtep-w/20091021/20091021-srrtep-west.ashx","SOURCEDATE":1403654400000,"VAL_METHOD":"IMAGERY","VAL_DATE":1538438400000,"LINES":3,"MAX_VOLT":138,"MIN_VOLT":69,"MAX_INFER":"Y","MIN_INFER":"Y","pnode_id":38367875,"pnode_name":"ELDEAN1 138 KV  BK-7","pnode_subtype":"LOAD","match_score":97.3076923076923,"pjm_zone":"DAY"}},{"type":"Feature","id":945,"geometry":{"type":"Point","coordinates":[-83.8531831207768,39.9230785488657]},"properties":{"OBJECTID":945,"ID":"113862","NAME":"CLARK","CITY":"SPRINGFIELD","STATE":"OH","ZIP":"45504","TYPE":"SUBSTATION","STATUS":"IN SERVICE","COUNTY":"CLARK","COUNTYFIPS":"39023","COUNTRY":"USA","LATITUDE":39.923078549000024,"LONGITUDE":-83.85318312099997,"NAICS_CODE":"221121","NAICS_DESC":"ELECTRIC BULK POWER TRANSMISSION AND CONTROL","SOURCE":"OpenStreetMap, https://www.pjm.com/-/media/committees-groups/committees/srrtep-w/20091021/20091021-srrtep-west.ashx","SOURCEDATE":1403654400000,"VAL_METHOD":"IMAGERY","VAL_DATE":1538438400000,"LINES":7,"MAX_VOLT":138,"MIN_VOLT":138,"MAX_INFER":"Y","MIN_INFER":"Y","pnode_id":32411535,"pnode_name":"HICKORYC34 KV   CLARK","pnode_subtype":"LOAD","match_score":100.0,"pjm_zone":"FE-ATSI"}},{"type":"Feature","id":968,"geometry":{"type":"Point","coordinates":[-84.2050214890706,39.6026629211274]},"properties":{"OBJECTID":968,"ID":"113889","NAME":"YANKEE STREET","CITY":"CENTERVILLE","STATE":"OH","ZIP":"45458","TYPE":"SUBSTATION","STATUS":"IN SERVICE","COUNTY":"MONTGOMERY","COUNTYFIPS":"39113","COUNTRY":"USA","LATITUDE":39.60266292100005,"LONGITUDE":-84.20502148899999,"NAICS_CODE":"221121","NAICS_DESC":"ELECTRIC BULK POWER TRANSMISSION AND CONTROL","SOURCE":"OpenStreetMap, EIA 860","SOURCEDATE":1403654400000,"VAL_METHOD":"IMAGERY","VAL_DATE":1622505600000,"LINES":4,"MAX_VOLT":69,"MIN_VOLT":69,"MAX_INFER":"Y","MIN_INFER":"Y","pnode_id":123901549,"pnode_name":"YANKEE  13 KV   GENC","pnode_subtype":"GEN","match_score":100.0,"pjm_zone":"DAY"}},{"type":"Feature","id":969,"geometry":{"type":"Point","coordinates":[-84.169794728042,39.6150104061953]},"properties":{"OBJECTID":969,"ID":"113890","NAME":"NORMANDY","CITY":"DAYTON","STATE":"OH","ZIP":"45458","TYPE":"SUBSTATION","STATUS":"IN SERVICE","COUNTY":"MONTGOMERY","COUNTYFIPS":"39113","COUNTRY":"USA","LATITUDE":39.61501040600007,"LONGITUDE":-84.16979472799994,"NAICS_CODE":"221121","NAICS_DESC":"ELECTRIC BULK POWER TRANSMISSION AND CONTROL","SOURCE":"OpenStreetMap, https://www.pjm.com/-/media/committees-groups/committees/srrtep-w/20091021/20091021-srrtep-west.ashx","SOURCEDATE":1403654400000,"VAL_METHOD":"IMAGERY","VAL_DATE":1538352000000,"LINES":2,"MAX_VOLT":138,"MIN_VOLT":69,"MAX_INFER":"Y","MIN_INFER":"Y","pnode_id":32413297,"pnode_name":"NORMAN  138 KV  A","pnode_subtype":"LOAD","match_score":90.71428571428571,"pjm_zone":"DAY"}},{"type":"Feature","id":1015,"geometry":{"type":"Point","coordinates":[-82.3964484093223,37.1298210962808]},"properties":{"OBJECTID":1015,"ID":"113964","NAME":"FREEMONT","CITY":"CLINTWOOD","STATE":"VA","ZIP":"24228","TYPE":"SUBSTATION","STATUS":"IN SERVICE","COUNTY":"DICKENSON","COUNTYFIPS":"51051","COUNTRY":"USA","LATITUDE":37.12982109600006,"LONGITUDE":-82.39644840899996,"NAICS_CODE":"221121","NAICS_DESC":"ELECTRIC BULK POWER TRANSMISSION AND CONTROL","SOURCE":"IMAGERY, http://www.pjm.com/-/media/markets-ops/trans-service/trans-fac/aepsct.ashx","SOURCEDATE":1403827200000,"VAL_METHOD":"IMAGERY","VAL_DATE":1508371200000,"LINES":7,"MAX_VOLT":138,"MIN_VOLT":46,"MAX_INFER":"Y","MIN_INFER":"Y","pnode_id":32411321,"pnode_name":"FREMONT 138 KV  T1","pnode_subtype":"LOAD","match_score":98.33333333333333,"pjm_zone":"AEP"}},{"type":"Feature","id":1017,"geometry":{"type":"Point","coordinates":[-82.3564328427018,37.1518941661445]},"properties":{"OBJECTID":1017,"ID":"113966","NAME":"MOSS","CITY":"CLINCHCO","STATE":"VA","ZIP":"24226","TYPE":"SUBSTATION","STATUS":"IN SERVICE","COUNTY":"DICKENSON","COUNTYFIPS":"51051","COUNTRY":"USA","LATITUDE":37.151894166000034,"LONGITUDE":-82.35643284299994,"NAICS_CODE":"221121","NAICS_DESC":"ELECTRIC BULK POWER TRANSMISSION AND CONTROL","SOURCE":"IMAGERY, https://aeptransmission.com/virginia/Tazewell-Bearwallow/docs/VOLUME%201%20(Exhibits%206%20through%2013).pdf","SOURCEDATE":1403827200000,"VAL_METHOD":"IMAGERY","VAL_DATE":1549411200000,"LINES":2,"MAX_VOLT":69,"MIN_VOLT":69,"MAX_INFER":"N","MIN_INFER":"N","pnode_id":32411201,"pnode_name":"ELMOSS  69 KV   FAYETEVI","pnode_subtype":"LOAD","match_score":85.0,"pjm_zone":"AEP"}},{"type":"Feature","id":1137,"geometry":{"type":"Point","coordinates":[-84.1761999998854,40.0337870001831]},"properties":{"OBJECTID":1137,"ID":"114774","NAME":"STAUNTON","CITY":"TROY","STATE":"OH","ZIP":"45373","TYPE":"SUBSTATION","STATUS":"IN SERVICE","COUNTY":"MIAMI","COUNTYFIPS":"39109","COUNTRY":"USA","LATITUDE":40.033787000000075,"LONGITUDE":-84.17619999999994,"NAICS_CODE":"221121","NAICS_DESC":"ELECTRIC BULK POWER TRANSMISSION AND CONTROL","SOURCE":"OpenStreetMap, https://www.pjm.com/-/media/committees-groups/committees/srrtep-w/20091021/20091021-srrtep-west.ashx","SOURCEDATE":1405900800000,"VAL_METHOD":"IMAGERY","VAL_DATE":1538438400000,"LINES":4,"MAX_VOLT":138,"MIN_VOLT":138,"MAX_INFER":"Y","MIN_INFER":"Y","pnode_id":1229535981,"pnode_name":"SCANTON","pnode_subtype":"AGGREGATE","match_score":80.0,"pjm_zone":"DAY"}},{"type":"Feature","id":1145,"geometry":{"type":"Point","coordinates":[-84.4295699569254,41.5023857617324]},"properties":{"OBJECTID":1145,"ID":"114782","NAME":"STRYKER","CITY":"STRYKER","STATE":"OH","ZIP":"43557","TYPE":"SUBSTATION","STATUS":"IN SERVICE","COUNTY":"WILLIAMS","COUNTYFIPS":"39171","COUNTRY":"USA","LATITUDE":41.502385762000074,"LONGITUDE":-84.42956995699996,"NAICS_CODE":"221121","NAICS_DESC":"ELECTRIC BULK POWER TRANSMISSION AND CONTROL","SOURCE":"OpenStreetMap, https://www.pjm.com/-/media/committees-groups/committees/srrtep-w/20170124/20170124-reliability-analysis-update.ashx","SOURCEDATE":1405987200000,"VAL_METHOD":"IMAGERY","VAL_DATE":1550620800000,"LINES":3,"MAX_VOLT":138,"MIN_VOLT":69,"MAX_INFER":"Y","MIN_INFER":"Y","pnode_id":93354073,"pnode_name":"STRYKER 138 KV  SP81","pnode_subtype":"GEN","match_score":100.0,"pjm_zone":"FE-ATSI"}},{"type":"Feature","id":1219,"geometry":{"type":"Point","coordinates":[-84.1926570002449,40.3724170000335]},"properties":{"OBJECTID":1219,"ID":"115239","NAME":"PIONEER COOP HONDA","CITY":"ANNA","STATE":"OH","ZIP":"45302","TYPE":"SUBSTATION","STATUS":"IN SERVICE","COUNTY":"SHELBY","COUNTYFIPS":"39149","COUNTRY":"USA","LATITUDE":40.37241700000004,"LONGITUDE":-84.19265699999994,"NAICS_CODE":"221121","NAICS_DESC":"ELECTRIC BULK POWER TRANSMISSION AND CONTROL","SOURCE":"OpenStreetMap, https://www.pjm.com/-/media/committees-groups/committees/srrtep-w/20091021/20091021-srrtep-west.ashx","SOURCEDATE":1405900800000,"VAL_METHOD":"IMAGERY","VAL_DATE":1538438400000,"LINES":1,"MAX_VOLT":138,"MIN_VOLT":138,"MAX_INFER":"Y","MIN_INFER":"Y","pnode_id":123901011,"pnode_name":"PIONEER 69 KV   LD1","pnode_subtype":"LOAD","match_score":100.0,"pjm_zone":"DAY"}},{"type":"Feature","id":1220,"geometry":{"type":"Point","coordinates":[-84.05712700013,39.9079000001239]},"properties":{"OBJECTID":1220,"ID":"115240","NAME":"NEW CARLISLE","CITY":"NEW CARLISLE","STATE":"OH","ZIP":"45344","TYPE":"SUBSTATION","STATUS":"IN SERVICE","COUNTY":"MIAMI","COUNTYFIPS":"39109","COUNTRY":"USA","LATITUDE":39.90790000000004,"LONGITUDE":-84.05712699999998,"NAICS_CODE":"221121","NAICS_DESC":"ELECTRIC BULK POWER TRANSMISSION AND CONTROL","SOURCE":"OpenStreetMap, https://www.pjm.com/-/media/committees-groups/committees/srrtep-w/20091021/20091021-srrtep-west.ashx","SOURCEDATE":1405900800000,"VAL_METHOD":"IMAGERY","VAL_DATE":1538438400000,"LINES":4,"MAX_VOLT":138,"MIN_VOLT":69,"MAX_INFER":"N","MIN_INFER":"Y","pnode_id":124575225,"pnode_name":"NEW CASTLE 3","pnode_subtype":"AGGREGATE","match_score":75.0,"pjm_zone":"DAY"}},{"type":"Feature","id":1238,"geometry":{"type":"Point","coordinates":[-76.1756248413633,36.8518645202312]},"properties":{"OBJECTID":1238,"ID":"115503","NAME":"DAVIS","CITY":"VIRGINIA BEACH","STATE":"VA","ZIP":"23462","TYPE":"SUBSTATION","STATUS":"IN SERVICE","COUNTY":"VIRGINIA BEACH","COUNTYFIPS":"51810","COUNTRY":"USA","LATITUDE":36.85186452000005,"LONGITUDE":-76.17562484099994,"NAICS_CODE":"221121","NAICS_DESC":"ELECTRIC BULK POWER TRANSMISSION AND CONTROL","SOURCE":"IMAGERY","SOURCEDATE":1406160000000,"VAL_METHOD":"IMAGERY","VAL_DATE":1588291200000,"LINES":5,"MAX_VOLT":115,"MIN_VOLT":115,"MAX_INFER":"Y","MIN_INFER":"Y","pnode_id":1123174785,"pnode_name":"DAVIS2  69 KV   LD_185","pnode_subtype":"LOAD","match_score":90.9090909090909,"pjm_zone":"DOM"}},{"type":"Feature","id":1239,"geometry":{"type":"Point","coordinates":[-76.1729730505772,36.9075980897836]},"properties":{"OBJECTID":1239,"ID":"115504","NAME":"BURTON","CITY":"VIRGINIA BEACH","STATE":"VA","ZIP":"23455","TYPE":"SUBSTATION","STATUS":"IN SERVICE","COUNTY":"VIRGINIA BEACH","COUNTYFIPS":"51810","COUNTRY":"USA","LATITUDE":36.90759809000008,"LONGITUDE":-76.17297305099999,"NAICS_CODE":"221121","NAICS_DESC":"ELECTRIC BULK POWER TRANSMISSION AND CONTROL","SOURCE":"IMAGERY, https://www.dominionenergy.com/library/domcom/media/about-us/electric-projects/power-line-projects/greenwich-burton/greenwich-burton-postcard-map.pdf?la=en","SOURCEDATE":1406160000000,"VAL_METHOD":"IMAGERY","VAL_DATE":1551657600000,"LINES":1,"MAX_VOLT":115,"MIN_VOLT":115,"MAX_INFER":"N","MIN_INFER":"N","pnode_id":32410583,"pnode_name":"BEAVERCR46 KV   BURTON","pnode_subtype":"LOAD","match_score":100.0,"pjm_zone":"DOM"}},{"type":"Feature","id":1290,"geometry":{"type":"Point","coordinates":[-77.3534921094008,37.4970506630449]},"properties":{"OBJECTID":1290,"ID":"116256","NAME":"GRS RICHMOND","CITY":"HENRICO","STATE":"VA","ZIP":"23231","TYPE":"SUBSTATION","STATUS":"IN SERVICE","COUNTY":"HENRICO","COUNTYFIPS":"51087","COUNTRY":"USA","LATITUDE":37.49705066300004,"LONGITUDE":-77.35349210899994,"NAICS_CODE":"221121","NAICS_DESC":"ELECTRIC BULK POWER TRANSMISSION AND CONTROL","SOURCE":"IMAGERY, EIA 860","SOURCEDATE":1407888000000,"VAL_METHOD":"IMAGERY","VAL_DATE":1622505600000,"LINES":0,"MAX_VOLT":-999999,"MIN_VOLT":-999999,"MAX_INFER":"N","MIN_INFER":"N","pnode_id":35079885,"pnode_name":"RICHMOND","pnode_subtype":"AGGREGATE","match_score":80.0,"pjm_zone":"DOM"}},{"type":"Feature","id":1396,"geometry":{"type":"Point","coordinates":[-77.3750047769753,38.7675539559211]},"properties":{"OBJECTID":1396,"ID":"116659","NAME":"MOORE","CITY":"CLIFTON","STATE":"VA","ZIP":"20124","TYPE":"SUBSTATION","STATUS":"IN SERVICE","COUNTY":"FAIRFAX","COUNTYFIPS":"51059","COUNTRY":"USA","LATITUDE":38.76755395600003,"LONGITUDE":-77.37500477699996,"NAICS_CODE":"221121","NAICS_DESC":"ELECTRIC BULK POWER TRANSMISSION AND CONTROL","SOURCE":"IMAGERY, https://www.pjm.com/-/media/committees-groups/committees/teac/20181213/20181213-reliability-analysis-update.ashx","SOURCEDATE":1408665600000,"VAL_METHOD":"IMAGERY","VAL_DATE":1552521600000,"LINES":1,"MAX_VOLT":230,"MIN_VOLT":230,"MAX_INFER":"N","MIN_INFER":"N","pnode_id":98370175,"pnode_name":"MOOREOE 138 KV  TR1","pnode_subtype":"LOAD","match_score":83.33333333333333,"pjm_zone":"DOM"}},{"type":"Feature","id":1397,"geometry":{"type":"Point","coordinates":[-77.2811792858095,38.5374136019764]},"properties":{"OBJECTID":1397,"ID":"116661","NAME":"POSSUM POINT","CITY":"DUMFRIES","STATE":"VA","ZIP":"22026","TYPE":"SUBSTATION","STATUS":"IN SERVICE","COUNTY":"PRINCE WILLIAM","COUNTYFIPS":"51153","COUNTRY":"USA","LATITUDE":38.53741360200007,"LONGITUDE":-77.28117928599994,"NAICS_CODE":"221121","NAICS_DESC":"ELECTRIC BULK POWER TRANSMISSION AND CONTROL","SOURCE":"IMAGERY, EIA 860","SOURCEDATE":1408665600000,"VAL_METHOD":"IMAGERY","VAL_DATE":1622505600000,"LINES":7,"MAX_VOLT":230,"MIN_VOLT":115,"MAX_INFER":"Y","MIN_INFER":"Y","pnode_id":35010373,"pnode_name":"POSSUM POINT","pnode_subtype":"EHV","match_score":100.0,"pjm_zone":"DOM"}},{"type":"Feature","id":1405,"geometry":{"type":"Point","coordinates":[-77.1504043191235,38.763114802997]},"properties":{"OBJECTID":1405,"ID":"116745","NAME":"HAYFIELD","CITY":"ALEXANDRIA","STATE":"VA","ZIP":"22310","TYPE":"SUBSTATION","STATUS":"IN SERVICE","COUNTY":"FAIRFAX","COUNTYFIPS":"51059","COUNTRY":"USA","LATITUDE":38.763114803000065,"LONGITUDE":-77.15040431899996,"NAICS_CODE":"221121","NAICS_DESC":"ELECTRIC BULK POWER TRANSMISSION AND CONTROL","SOURCE":"IMAGERY, https://www.alexandriava.gov/uploadedFiles/special/dominion/DVP%20Presentation%2003-23-16%20230%20kV%20Update.pdf","SOURCEDATE":1409011200000,"VAL_METHOD":"IMAGERY","VAL_DATE":1512000000000,"LINES":4,"MAX_VOLT":230,"MIN_VOLT":230,"MAX_INFER":"Y","MIN_INFER":"Y","pnode_id":5022439,"pnode_name":"HATFIELD","pnode_subtype":"EHV","match_score":87.5,"pjm_zone":"DOM"}},{"type":"Feature","id":1407,"geometry":{"type":"Point","coordinates":[-77.1084940789063,38.7848512981782]},"properties":{"OBJECTID":1407,"ID":"116747","NAME":"VIRIGINIA HILLS","CITY":"ALEXANDRIA","STATE":"VA","ZIP":"22310","TYPE":"SUBSTATION","STATUS":"IN SERVICE","COUNTY":"FAIRFAX","COUNTYFIPS":"51059","COUNTRY":"USA","LATITUDE":38.784851298000035,"LONGITUDE":-77.10849407899997,"NAICS_CODE":"221121","NAICS_DESC":"ELECTRIC BULK POWER TRANSMISSION AND CONTROL","SOURCE":"IMAGERY, https://www.alexandriava.gov/uploadedFiles/special/dominion/DVP%20Presentation%2003-23-16%20230%20kV%20Update.pdf","SOURCEDATE":1409011200000,"VAL_METHOD":"IMAGERY","VAL_DATE":1512000000000,"LINES":6,"MAX_VOLT":230,"MIN_VOLT":230,"MAX_INFER":"Y","MIN_INFER":"Y","pnode_id":2156114580,"pnode_name":"HILLS   69 KV   LOAD1","pnode_subtype":"LOAD","match_score":100.0,"pjm_zone":"DOM"}},{"type":"Feature","id":1416,"geometry":{"type":"Point","coordinates":[-80.8952930787583,40.0146212386901]},"properties":{"OBJECTID":1416,"ID":"116764","NAME":"GLENCOE","CITY":"BELMONT","STATE":"OH","ZIP":"43718","TYPE":"SUBSTATION","STATUS":"IN SERVICE","COUNTY":"BELMONT","COUNTYFIPS":"39013","COUNTRY":"USA","LATITUDE":40.014621239000064,"LONGITUDE":-80.89529307899994,"NAICS_CODE":"221121","NAICS_DESC":"ELECTRIC BULK POWER TRANSMISSION AND CONTROL","SOURCE":"IMAGERY, https://aeptransmission.com/ohio/WestBellaire-Glencoe/docs/WestBellaire-Glencoe_FactSheet_V4.pdf","SOURCEDATE":1409011200000,"VAL_METHOD":"IMAGERY","VAL_DATE":1537315200000,"LINES":4,"MAX_VOLT":138,"MIN_VOLT":138,"MAX_INFER":"Y","MIN_INFER":"Y","pnode_id":1439645860,"pnode_name":"GLENCOE 138 KV  T1","pnode_subtype":"LOAD","match_score":100.0,"pjm_zone":"AEP"}},{"type":"Feature","id":1424,"geometry":{"type":"Point","coordinates":[-77.4743874557961,38.749648759795]},"properties":{"OBJECTID":1424,"ID":"116773","NAME":"PRINCE WILLIAM DP","CITY":"MANASSAS","STATE":"VA","ZIP":"20110","TYPE":"SUBSTATION","STATUS":"IN SERVICE","COUNTY":"MANASSAS","COUNTYFIPS":"51683","COUNTRY":"USA","LATITUDE":38.74964876000007,"LONGITUDE":-77.47438745599999,"NAICS_CODE":"221121","NAICS_DESC":"ELECTRIC BULK POWER TRANSMISSION AND CONTROL","SOURCE":"IMAGERY, https://www.pjm.com/-/media/committees-groups/committees/teac/20181213/20181213-reliability-analysis-update.ashx","SOURCEDATE":1409097600000,"VAL_METHOD":"IMAGERY","VAL_DATE":1552521600000,"LINES":2,"MAX_VOLT":230,"MIN_VOLT":230,"MAX_INFER":"Y","MIN_INFER":"Y","pnode_id":32412297,"pnode_name":"PRINCE  69 KV   T1","pnode_subtype":"LOAD","match_score":100.0,"pjm_zone":"DOM"}},{"type":"Feature","id":1426,"geometry":{"type":"Point","coordinates":[-77.4513004188209,38.8114688251965]},"properties":{"OBJECTID":1426,"ID":"116775","NAME":"HARRISON","CITY":"CENTREVILLE","STATE":"VA","ZIP":"20121","TYPE":"SUBSTATION","STATUS":"IN SERVICE","COUNTY":"FAIRFAX","COUNTYFIPS":"51059","COUNTRY":"USA","LATITUDE":38.81146882500008,"LONGITUDE":-77.45130041899995,"NAICS_CODE":"221121","NAICS_DESC":"ELECTRIC BULK POWER TRANSMISSION AND CONTROL","SOURCE":"IMAGERY, https://www.pjm.com/-/media/committees-groups/committees/teac/20181213/20181213-reliability-analysis-update.ashx","SOURCEDATE":1409097600000,"VAL_METHOD":"IMAGERY","VAL_DATE":1552521600000,"LINES":6,"MAX_VOLT":115,"MIN_VOLT":115,"MAX_INFER":"Y","MIN_INFER":"Y","pnode_id":5022437,"pnode_name":"HARRISON","pnode_subtype":"EHV","match_score":100.0,"pjm_zone":"DOM"}},{"type":"Feature","id":1440,"geometry":{"type":"Point","coordinates":[-82.6641887240472,40.8964419069881]},"properties":{"OBJECTID":1440,"ID":"116902","NAME":"CITY OF SHELBY ELECTRIC DISTRIBUTION","CITY":"SHELBY","STATE":"OH","ZIP":"44875","TYPE":"SUBSTATION","STATUS":"IN SERVICE","COUNTY":"RICHLAND","COUNTYFIPS":"39139","COUNTRY":"USA","LATITUDE":40.89644190700005,"LONGITUDE":-82.66418872399998,"NAICS_CODE":"221121","NAICS_DESC":"ELECTRIC BULK POWER TRANSMISSION AND CONTROL","SOURCE":"IMAGERY, EIA 860","SOURCEDATE":1409184000000,"VAL_METHOD":"IMAGERY","VAL_DATE":1622505600000,"LINES":2,"MAX_VOLT":138,"MIN_VOLT":138,"MAX_INFER":"Y","MIN_INFER":"Y","pnode_id":32413149,"pnode_name":"CITY    138 KV  LOAD","pnode_subtype":"LOAD","match_score":100.0,"pjm_zone":"AEP"}},{"type":"Feature","id":1448,"geometry":{"type":"Point","coordinates":[-77.4996319999453,38.7197990002722]},"properties":{"OBJECTID":1448,"ID":"116997","NAME":"CLOVER HILL","CITY":"MANASSAS","STATE":"VA","ZIP":"20110","TYPE":"SUBSTATION","STATUS":"IN SERVICE","COUNTY":"PRINCE WILLIAM","COUNTYFIPS":"51153","COUNTRY":"USA","LATITUDE":38.71979900000008,"LONGITUDE":-77.49963199999996,"NAICS_CODE":"221121","NAICS_DESC":"ELECTRIC BULK POWER TRANSMISSION AND CONTROL","SOURCE":"IMAGERY, https://www.pjm.com/-/media/committees-groups/committees/teac/20181213/20181213-reliability-analysis-update.ashx","SOURCEDATE":1409788800000,"VAL_METHOD":"IMAGERY","VAL_DATE":1552521600000,"LINES":2,"MAX_VOLT":230,"MIN_VOLT":230,"MAX_INFER":"Y","MIN_INFER":"Y","pnode_id":35010277,"pnode_name":"CLOVER  EHV     LMP","pnode_subtype":"EHV","match_score":72.0,"pjm_zone":"DOM"}},{"type":"Feature","id":1474,"geometry":{"type":"Point","coordinates":[-81.8982422532864,37.1492414497665]},"properties":{"OBJECTID":1474,"ID":"117032","NAME":"KNOX COAL CREEK","CITY":"RAVEN","STATE":"VA","ZIP":"24639","TYPE":"SUBSTATION","STATUS":"IN SERVICE","COUNTY":"TAZEWELL","COUNTYFIPS":"51185","COUNTRY":"USA","LATITUDE":37.149241450000034,"LONGITUDE":-81.89824225299998,"NAICS_CODE":"221121","NAICS_DESC":"ELECTRIC BULK POWER TRANSMISSION AND CONTROL","SOURCE":"IMAGERY, https://aeptransmission.com/virginia/Tazewell-Bearwallow/docs/VOLUME%201%20(Exhibits%206%20through%2013).pdf","SOURCEDATE":1410307200000,"VAL_METHOD":"IMAGERY","VAL_DATE":1549411200000,"LINES":2,"MAX_VOLT":69,"MIN_VOLT":69,"MAX_INFER":"N","MIN_INFER":"N","pnode_id":32415045,"pnode_name":"KNOX    69 KV   LOAD","pnode_subtype":"LOAD","match_score":100.0,"pjm_zone":"AEP"}},{"type":"Feature","id":1475,"geometry":{"type":"Point","coordinates":[-82.0212360534056,37.4223087618098]},"properties":{"OBJECTID":1475,"ID":"117033","NAME":"HURLEY","CITY":"HURLEY","STATE":"VA","ZIP":"24620","TYPE":"SUBSTATION","STATUS":"IN SERVICE","COUNTY":"BUCHANAN","COUNTYFIPS":"51027","COUNTRY":"USA","LATITUDE":37.42230876200006,"LONGITUDE":-82.02123605299994,"NAICS_CODE":"221121","NAICS_DESC":"ELECTRIC BULK POWER TRANSMISSION AND CONTROL","SOURCE":"IMAGERY, https://aeptransmission.com/virginia/Tazewell-Bearwallow/docs/VOLUME%201%20(Exhibits%206%20through%2013).pdf","SOURCEDATE":1410307200000,"VAL_METHOD":"IMAGERY","VAL_DATE":1549411200000,"LINES":1,"MAX_VOLT":69,"MIN_VOLT":69,"MAX_INFER":"N","MIN_INFER":"N","pnode_id":1218905133,"pnode_name":"LOONEYCR69 KV   HURLEY","pnode_subtype":"LOAD","match_score":100.0,"pjm_zone":"AEP"}},{"type":"Feature","id":1480,"geometry":{"type":"Point","coordinates":[-82.0087051687414,37.2065343288818]},"properties":{"OBJECTID":1480,"ID":"117036","NAME":"GARDEN CREEK","CITY":"OAKWOOD","STATE":"VA","ZIP":"24631","TYPE":"SUBSTATION","STATUS":"IN SERVICE","COUNTY":"BUCHANAN","COUNTYFIPS":"51027","COUNTRY":"USA","LATITUDE":37.20653432900008,"LONGITUDE":-82.00870516899994,"NAICS_CODE":"221121","NAICS_DESC":"ELECTRIC BULK POWER TRANSMISSION AND CONTROL","SOURCE":"IMAGERY, https://aeptransmission.com/virginia/Tazewell-Bearwallow/docs/VOLUME%201%20(Exhibits%206%20through%2013).pdf","SOURCEDATE":1410307200000,"VAL_METHOD":"IMAGERY","VAL_DATE":1549411200000,"LINES":3,"MAX_VOLT":138,"MIN_VOLT":69,"MAX_INFER":"Y","MIN_INFER":"N","pnode_id":2156118984,"pnode_name":"GARDEN  69 KV   T4","pnode_subtype":"LOAD","match_score":100.0,"pjm_zone":"AEP"}},{"type":"Feature","id":1487,"geometry":{"type":"Point","coordinates":[-82.3007567804433,37.2085786316517]},"properties":{"OBJECTID":1487,"ID":"117043","NAME":"HAYSI","CITY":"HAYSI","STATE":"VA","ZIP":"24256","TYPE":"SUBSTATION","STATUS":"IN SERVICE","COUNTY":"DICKENSON","COUNTYFIPS":"51051","COUNTRY":"USA","LATITUDE":37.20857863200007,"LONGITUDE":-82.30075677999997,"NAICS_CODE":"221121","NAICS_DESC":"ELECTRIC BULK POWER TRANSMISSION AND CONTROL","SOURCE":"IMAGERY, https://aeptransmission.com/virginia/Tazewell-Bearwallow/docs/VOLUME%201%20(Exhibits%206%20through%2013).pdf","SOURCEDATE":1410307200000,"VAL_METHOD":"IMAGERY","VAL_DATE":1549411200000,"LINES":3,"MAX_VOLT":69,"MIN_VOLT":69,"MAX_INFER":"N","MIN_INFER":"N","pnode_id":1218905980,"pnode_name":"HAYSI   69 KV   ECKHORN","pnode_subtype":"LOAD","match_score":100.0,"pjm_zone":"AEP"}},{"type":"Feature","id":1488,"geometry":{"type":"Point","coordinates":[-81.7523777547669,37.2121718420545]},"properties":{"OBJECTID":1488,"ID":"117044","NAME":"RED OAK (AP)","CITY":"JEWELL RIDGE","STATE":"VA","ZIP":"24622","TYPE":"SUBSTATION","STATUS":"IN SERVICE","COUNTY":"TAZEWELL","COUNTYFIPS":"51185","COUNTRY":"USA","LATITUDE":37.21217184200003,"LONGITUDE":-81.75237775499994,"NAICS_CODE":"221121","NAICS_DESC":"ELECTRIC BULK POWER TRANSMISSION AND CONTROL","SOURCE":"IMAGERY, https://aeptransmission.com/virginia/Tazewell-Bearwallow/docs/VOLUME%201%20(Exhibits%206%20through%2013).pdf","SOURCEDATE":1410393600000,"VAL_METHOD":"IMAGERY","VAL_DATE":1549411200000,"LINES":1,"MAX_VOLT":69,"MIN_VOLT":69,"MAX_INFER":"N","MIN_INFER":"N","pnode_id":4198418,"pnode_name":"RED OAK A CT3","pnode_subtype":"AGGREGATE","match_score":72.0,"pjm_zone":"AEP"}},{"type":"Feature","id":1495,"geometry":{"type":"Point","coordinates":[-80.9353034845575,36.7844855057918]},"properties":{"OBJECTID":1495,"ID":"117062","NAME":"BYLLESBY 2","CITY":"IVANHOE","STATE":"VA","ZIP":"24350","TYPE":"SUBSTATION","STATUS":"IN SERVICE","COUNTY":"CARROLL","COUNTYFIPS":"51035","COUNTRY":"USA","LATITUDE":36.78448550600007,"LONGITUDE":-80.93530348499996,"NAICS_CODE":"221121","NAICS_DESC":"ELECTRIC BULK POWER TRANSMISSION AND CONTROL","SOURCE":"IMAGERY, EIA 860","SOURCEDATE":1410739200000,"VAL_METHOD":"IMAGERY","VAL_DATE":1622505600000,"LINES":6,"MAX_VOLT":138,"MIN_VOLT":138,"MAX_INFER":"Y","MIN_INFER":"Y","pnode_id":32418337,"pnode_name":"BYLLESBY13 KV   BY2","pnode_subtype":"GEN","match_score":74.07407407407408,"pjm_zone":"AEP"}},{"type":"Feature","id":1521,"geometry":{"type":"Point","coordinates":[-80.5841239218285,37.0746736377105]},"properties":{"OBJECTID":1521,"ID":"121138","NAME":"CLAYTOR","CITY":"RADFORD","STATE":"VA","ZIP":"24141","TYPE":"SUBSTATION","STATUS":"IN SERVICE","COUNTY":"PULASKI","COUNTYFIPS":"51155","COUNTRY":"USA","LATITUDE":37.074673638000036,"LONGITUDE":-80.58412392199995,"NAICS_CODE":"221121","NAICS_DESC":"ELECTRIC BULK POWER TRANSMISSION AND CONTROL","SOURCE":"IMAGERY, EIA 860","SOURCEDATE":1425427200000,"VAL_METHOD":"IMAGERY","VAL_DATE":1622505600000,"LINES":2,"MAX_VOLT":-999999,"MIN_VOLT":-999999,"MAX_INFER":"N","MIN_INFER":"N","pnode_id":32418343,"pnode_name":"CLAYTOR 11 KV   CL1","pnode_subtype":"GEN","match_score":100.0,"pjm_zone":"AEP"}},{"type":"Feature","id":1522,"geometry":{"type":"Point","coordinates":[-80.9387268149849,36.8080981818958]},"properties":{"OBJECTID":1522,"ID":"121139","NAME":"BUCK HYDRO","CITY":"IVANHOE","STATE":"VA","ZIP":"24350","TYPE":"SUBSTATION","STATUS":"IN SERVICE","COUNTY":"CARROLL","COUNTYFIPS":"51035","COUNTRY":"USA","LATITUDE":36.80809818200004,"LONGITUDE":-80.93872681499994,"NAICS_CODE":"221121","NAICS_DESC":"ELECTRIC BULK POWER TRANSMISSION AND CONTROL","SOURCE":"IMAGERY, EIA 860","SOURCEDATE":1425427200000,"VAL_METHOD":"IMAGERY","VAL_DATE":1622505600000,"LINES":2,"MAX_VOLT":-999999,"MIN_VOLT":-999999,"MAX_INFER":"N","MIN_INFER":"N","pnode_id":32418329,"pnode_name":"BUCK    13 KV   BK1","pnode_subtype":"GEN","match_score":100.0,"pjm_zone":"AEP"}},{"type":"Feature","id":1558,"geometry":{"type":"Point","coordinates":[-82.7585703837649,38.3633774891398]},"properties":{"OBJECTID":1558,"ID":"121261","NAME":"COALTON","CITY":"ASHLAND","STATE":"KY","ZIP":"41102","TYPE":"SUBSTATION","STATUS":"IN SERVICE","COUNTY":"BOYD","COUNTYFIPS":"21019","COUNTRY":"USA","LATITUDE":38.36337748900007,"LONGITUDE":-82.75857038399994,"NAICS_CODE":"221121","NAICS_DESC":"ELECTRIC BULK POWER TRANSMISSION AND CONTROL","SOURCE":"IMAGERY, http://www.pjm.com/-/media/markets-ops/trans-service/trans-fac/aepsct.ashx","SOURCEDATE":1425600000000,"VAL_METHOD":"IMAGERY","VAL_DATE":1508716800000,"LINES":3,"MAX_VOLT":69,"MIN_VOLT":69,"MAX_INFER":"Y","MIN_INFER":"Y","pnode_id":2041959593,"pnode_name":"COALTON 69 KV   T1","pnode_subtype":"LOAD","match_score":100.0,"pjm_zone":"AEP"}},{"type":"Feature","id":1575,"geometry":{"type":"Point","coordinates":[-82.6192587323237,38.172548100123]},"properties":{"OBJECTID":1575,"ID":"121280","NAME":"BIG SANDY","CITY":"LOUISA","STATE":"KY","ZIP":"41230","TYPE":"SUBSTATION","STATUS":"IN SERVICE","COUNTY":"LAWRENCE","COUNTYFIPS":"21127","COUNTRY":"USA","LATITUDE":38.17254810000003,"LONGITUDE":-82.61925873199993,"NAICS_CODE":"221121","NAICS_DESC":"ELECTRIC BULK POWER TRANSMISSION AND CONTROL","SOURCE":"IMAGERY, http://www.pjm.com/-/media/markets-ops/trans-service/trans-fac/aepsct.ashx","SOURCEDATE":1425859200000,"VAL_METHOD":"IMAGERY","VAL_DATE":1508371200000,"LINES":8,"MAX_VOLT":345,"MIN_VOLT":138,"MAX_INFER":"Y","MIN_INFER":"Y","pnode_id":34983449,"pnode_name":"BIG SANDY CT1","pnode_subtype":"AGGREGATE","match_score":81.81818181818181,"pjm_zone":"AEP"}},{"type":"Feature","id":1580,"geometry":{"type":"Point","coordinates":[-82.7672219998758,37.8263919998916]},"properties":{"OBJECTID":1580,"ID":"121289","NAME":"THELMA (AEP)","CITY":"THELMA","STATE":"KY","ZIP":"41260","TYPE":"SUBSTATION","STATUS":"IN SERVICE","COUNTY":"JOHNSON","COUNTYFIPS":"21115","COUNTRY":"USA","LATITUDE":37.826392000000055,"LONGITUDE":-82.76722199999995,"NAICS_CODE":"221121","NAICS_DESC":"ELECTRIC BULK POWER TRANSMISSION AND CONTROL","SOURCE":"IMAGERY, http://www.pjm.com/-/media/markets-ops/trans-service/trans-fac/aepsct.ashx","SOURCEDATE":1426032000000,"VAL_METHOD":"IMAGERY","VAL_DATE":1549238400000,"LINES":6,"MAX_VOLT":138,"MIN_VOLT":69,"MAX_INFER":"Y","MIN_INFER":"Y","pnode_id":32412827,"pnode_name":"THELMA  69 KV   WPAINTSV","pnode_subtype":"LOAD","match_score":100.0,"pjm_zone":"EKPC"}},{"type":"Feature","id":1581,"geometry":{"type":"Point","coordinates":[-82.6755920002476,37.7631669998456]},"properties":{"OBJECTID":1581,"ID":"121290","NAME":"DEWEY","CITY":"VAN LEAR","STATE":"KY","ZIP":"41265","TYPE":"SUBSTATION","STATUS":"IN SERVICE","COUNTY":"JOHNSON","COUNTYFIPS":"21115","COUNTRY":"USA","LATITUDE":37.76316700000007,"LONGITUDE":-82.67559199999994,"NAICS_CODE":"221121","NAICS_DESC":"ELECTRIC BULK POWER TRANSMISSION AND CONTROL","SOURCE":"IMAGERY, http://www.pjm.com/-/media/markets-ops/trans-service/trans-fac/aepsct.ashx","SOURCEDATE":1426032000000,"VAL_METHOD":"IMAGERY","VAL_DATE":1508371200000,"LINES":3,"MAX_VOLT":138,"MIN_VOLT":69,"MAX_INFER":"N","MIN_INFER":"N","pnode_id":32411109,"pnode_name":"DEWEY   138 KV  T1","pnode_subtype":"LOAD","match_score":100.0,"pjm_zone":"EKPC"}},{"type":"Feature","id":1591,"geometry":{"type":"Point","coordinates":[-82.7156659995824,38.5033430001744]},"properties":{"OBJECTID":1591,"ID":"121313","NAME":"RUSSELL","CITY":"FLATWOODS","STATE":"KY","ZIP":"41139","TYPE":"SUBSTATION","STATUS":"IN SERVICE","COUNTY":"GREENUP","COUNTYFIPS":"21089","COUNTRY":"USA","LATITUDE":38.50334300000003,"LONGITUDE":-82.71566599999994,"NAICS_CODE":"221121","NAICS_DESC":"ELECTRIC BULK POWER TRANSMISSION AND CONTROL","SOURCE":"IMAGERY, http://www.pjm.com/-/media/markets-ops/trans-service/trans-fac/aepsct.ashx","SOURCEDATE":1425513600000,"VAL_METHOD":"IMAGERY","VAL_DATE":1508803200000,"LINES":2,"MAX_VOLT":138,"MIN_VOLT":69,"MAX_INFER":"Y","MIN_INFER":"Y","pnode_id":32412457,"pnode_name":"RUSSEL  69 KV   T1","pnode_subtype":"LOAD","match_score":92.3076923076923,"pjm_zone":"AEP"}},{"type":"Feature","id":1596,"geometry":{"type":"Point","coordinates":[-82.4732738487764,37.7669158123422]},"properties":{"OBJECTID":1596,"ID":"121356","NAME":"INEZ","CITY":"PILGRIM","STATE":"KY","ZIP":"41250","TYPE":"SUBSTATION","STATUS":"IN SERVICE","COUNTY":"MARTIN","COUNTYFIPS":"21159","COUNTRY":"USA","LATITUDE":37.766915812000036,"LONGITUDE":-82.47327384899995,"NAICS_CODE":"221121","NAICS_DESC":"ELECTRIC BULK POWER TRANSMISSION AND CONTROL","SOURCE":"IMAGERY, http://www.pjm.com/-/media/markets-ops/trans-service/trans-fac/aepsct.ashx","SOURCEDATE":1425945600000,"VAL_METHOD":"IMAGERY","VAL_DATE":1508371200000,"LINES":7,"MAX_VOLT":138,"MIN_VOLT":69,"MAX_INFER":"Y","MIN_INFER":"Y","pnode_id":32411667,"pnode_name":"INEZ    138 KV  T1","pnode_subtype":"LOAD","match_score":100.0,"pjm_zone":"AEP"}},{"type":"Feature","id":1597,"geometry":{"type":"Point","coordinates":[-82.4002784376216,37.8202672937466]},"properties":{"OBJECTID":1597,"ID":"121357","NAME":"LOVELY","CITY":"LOVELY","STATE":"KY","ZIP":"41231","TYPE":"SUBSTATION","STATUS":"IN SERVICE","COUNTY":"MARTIN","COUNTYFIPS":"21159","COUNTRY":"USA","LATITUDE":37.820267294000075,"LONGITUDE":-82.40027843799999,"NAICS_CODE":"221121","NAICS_DESC":"ELECTRIC BULK POWER TRANSMISSION AND CONTROL","SOURCE":"IMAGERY, http://www.pjm.com/-/media/markets-ops/trans-service/trans-fac/aepsct.ashx","SOURCEDATE":1425945600000,"VAL_METHOD":"IMAGERY","VAL_DATE":1508371200000,"LINES":2,"MAX_VOLT":138,"MIN_VOLT":138,"MAX_INFER":"Y","MIN_INFER":"Y","pnode_id":32411851,"pnode_name":"LOVELY  138 KV  T1","pnode_subtype":"LOAD","match_score":100.0,"pjm_zone":"AEP"}},{"type":"Feature","id":1606,"geometry":{"type":"Point","coordinates":[-79.9859999327092,37.7693199677617]},"properties":{"OBJECTID":1606,"ID":"121373","NAME":"COVINGTON","CITY":"COVINGTON","STATE":"VA","ZIP":"24426","TYPE":"SUBSTATION","STATUS":"IN SERVICE","COUNTY":"COVINGTON","COUNTYFIPS":"51580","COUNTRY":"USA","LATITUDE":37.76931996800005,"LONGITUDE":-79.98599993299996,"NAICS_CODE":"221121","NAICS_DESC":"ELECTRIC BULK POWER TRANSMISSION AND CONTROL","SOURCE":"IMAGERY, https://www.dominionenergy.com/library/domcom/media/about-us/electric-projects/power-line-projects/low-moor/lowmoor-project-simulations.pdf?la=en","SOURCEDATE":1426032000000,"VAL_METHOD":"IMAGERY","VAL_DATE":1551657600000,"LINES":4,"MAX_VOLT":138,"MIN_VOLT":138,"MAX_INFER":"N","MIN_INFER":"N","pnode_id":119117823,"pnode_name":"COVNGTN 69 KV   BK1","pnode_subtype":"LOAD","match_score":87.5,"pjm_zone":"DOM"}},{"type":"Feature","id":1617,"geometry":{"type":"Point","coordinates":[-79.1871261356205,37.4624954228872]},"properties":{"OBJECTID":1617,"ID":"121384","NAME":"REUSENS","CITY":"LYNCHBURG","STATE":"VA","ZIP":"24503","TYPE":"SUBSTATION","STATUS":"IN SERVICE","COUNTY":"LYNCHBURG","COUNTYFIPS":"51680","COUNTRY":"USA","LATITUDE":37.462495423000064,"LONGITUDE":-79.18712613599996,"NAICS_CODE":"221121","NAICS_DESC":"ELECTRIC BULK POWER TRANSMISSION AND CONTROL","SOURCE":"IMAGERY, EIA 860","SOURCEDATE":1426118400000,"VAL_METHOD":"IMAGERY","VAL_DATE":1622505600000,"LINES":2,"MAX_VOLT":-999999,"MIN_VOLT":-999999,"MAX_INFER":"N","MIN_INFER":"N","pnode_id":32412341,"pnode_name":"REUSENS 69 KV   MONROEAP","pnode_subtype":"LOAD","match_score":100.0,"pjm_zone":"AEP"}},{"type":"Feature","id":1639,"geometry":{"type":"Point","coordinates":[-82.7654340003208,37.8290989998009]},"properties":{"OBJECTID":1639,"ID":"121409","NAME":"THELMA (EKPC)","CITY":"THELMA","STATE":"KY","ZIP":"41260","TYPE":"SUBSTATION","STATUS":"IN SERVICE","COUNTY":"JOHNSON","COUNTYFIPS":"21115","COUNTRY":"USA","LATITUDE":37.82909900000004,"LONGITUDE":-82.76543399999997,"NAICS_CODE":"221121","NAICS_DESC":"ELECTRIC BULK POWER TRANSMISSION AND CONTROL","SOURCE":"IMAGERY, https://psc.ky.gov/pscscf/Post%20Case%20Referenced%20Correspondence/2000%20cases/20000387/20160331_EKPC%202015%20Annual%20Resource%20Assessment%20Report%20and%20Study%20of%20Price%20Elasticity.pdf","SOURCEDATE":1425945600000,"VAL_METHOD":"IMAGERY","VAL_DATE":1549238400000,"LINES":4,"MAX_VOLT":69,"MIN_VOLT":69,"MAX_INFER":"Y","MIN_INFER":"Y","pnode_id":32412827,"pnode_name":"THELMA  69 KV   WPAINTSV","pnode_subtype":"LOAD","match_score":100.0,"pjm_zone":"EKPC"}},{"type":"Feature","id":1654,"geometry":{"type":"Point","coordinates":[-79.8001844079291,38.2090863052867]},"properties":{"OBJECTID":1654,"ID":"121435","NAME":"BATH COUNTY","CITY":"CRAIGSVILLE","STATE":"VA","ZIP":"24430","TYPE":"SUBSTATION","STATUS":"IN SERVICE","COUNTY":"BATH","COUNTYFIPS":"51017","COUNTRY":"USA","LATITUDE":38.20908630500003,"LONGITUDE":-79.80018440799995,"NAICS_CODE":"221121","NAICS_DESC":"ELECTRIC BULK POWER TRANSMISSION AND CONTROL","SOURCE":"IMAGERY, https://www.pjm.com/-/media/committees-groups/committees/teac/20180712/20180712-teac-reliability-analysis-update.ashx","SOURCEDATE":1426204800000,"VAL_METHOD":"IMAGERY","VAL_DATE":1552521600000,"LINES":3,"MAX_VOLT":500,"MIN_VOLT":500,"MAX_INFER":"Y","MIN_INFER":"Y","pnode_id":35010375,"pnode_name":"BATH COUNTY","pnode_subtype":"EHV","match_score":100.0,"pjm_zone":"DOM"}},{"type":"Feature","id":1659,"geometry":{"type":"Point","coordinates":[-78.698540228405,38.0847103888065]},"properties":{"OBJECTID":1659,"ID":"121444","NAME":"CROZET","CITY":"CROZET","STATE":"VA","ZIP":"22932","TYPE":"SUBSTATION","STATUS":"IN SERVICE","COUNTY":"ALBEMARLE","COUNTYFIPS":"51003","COUNTRY":"USA","LATITUDE":38.084710389000065,"LONGITUDE":-78.69854022799996,"NAICS_CODE":"221121","NAICS_DESC":"ELECTRIC BULK POWER TRANSMISSION AND CONTROL","SOURCE":"IMAGERY","SOURCEDATE":1426464000000,"VAL_METHOD":"IMAGERY","VAL_DATE":1508112000000,"LINES":2,"MAX_VOLT":230,"MIN_VOLT":230,"MAX_INFER":"Y","MIN_INFER":"Y","pnode_id":50697141,"pnode_name":"CROZET TX1","pnode_subtype":"AGGREGATE","match_score":75.0,"pjm_zone":"DOM"}},{"type":"Feature","id":1667,"geometry":{"type":"Point","coordinates":[-83.0449729254295,37.4394765821494]},"properties":{"OBJECTID":1667,"ID":"121469","NAME":"HARBERT","CITY":"MOUSIE","STATE":"KY","ZIP":"41839","TYPE":"SUBSTATION","STATUS":"IN SERVICE","COUNTY":"KNOTT","COUNTYFIPS":"21119","COUNTRY":"USA","LATITUDE":37.439476582000054,"LONGITUDE":-83.04497292499997,"NAICS_CODE":"221121","NAICS_DESC":"ELECTRIC BULK POWER TRANSMISSION AND CONTROL","SOURCE":"IMAGERY, https://psc.ky.gov/pscecf/2002-00149/Siting%20Board/bbc/073102/transmissionimpact.pdf","SOURCEDATE":1426723200000,"VAL_METHOD":"IMAGERY","VAL_DATE":1520294400000,"LINES":2,"MAX_VOLT":138,"MIN_VOLT":138,"MAX_INFER":"Y","MIN_INFER":"Y","pnode_id":1869183601,"pnode_name":"HERBERT 69 KV   T1","pnode_subtype":"LOAD","match_score":85.71428571428571,"pjm_zone":"AEP"}},{"type":"Feature","id":1669,"geometry":{"type":"Point","coordinates":[-82.8079734070882,37.3580123637973]},"properties":{"OBJECTID":1669,"ID":"121471","NAME":"TOPMOST","CITY":"TOPMOST","STATE":"KY","ZIP":"41862","TYPE":"SUBSTATION","STATUS":"IN SERVICE","COUNTY":"KNOTT","COUNTYFIPS":"21119","COUNTRY":"USA","LATITUDE":37.35801236400005,"LONGITUDE":-82.80797340699996,"NAICS_CODE":"221121","NAICS_DESC":"ELECTRIC BULK POWER TRANSMISSION AND CONTROL","SOURCE":"IMAGERY, http://www.pjm.com/-/media/markets-ops/trans-service/trans-fac/aepsct.ashx","SOURCEDATE":1426723200000,"VAL_METHOD":"IMAGERY","VAL_DATE":1508371200000,"LINES":1,"MAX_VOLT":138,"MIN_VOLT":138,"MAX_INFER":"Y","MIN_INFER":"Y","pnode_id":32412853,"pnode_name":"TOPMOST 138 KV  T1","pnode_subtype":"LOAD","match_score":100.0,"pjm_zone":"AEP"}},{"type":"Feature","id":1671,"geometry":{"type":"Point","coordinates":[-82.9306060000216,37.3077309997623]},"properties":{"OBJECTID":1671,"ID":"121473","NAME":"BECKHAM","CITY":"HINDMAN","STATE":"KY","ZIP":"41822","TYPE":"SUBSTATION","STATUS":"IN SERVICE","COUNTY":"KNOTT","COUNTYFIPS":"21119","COUNTRY":"USA","LATITUDE":37.30773100000005,"LONGITUDE":-82.93060599999995,"NAICS_CODE":"221121","NAICS_DESC":"ELECTRIC BULK POWER TRANSMISSION AND CONTROL","SOURCE":"IMAGERY, http://www.pjm.com/-/media/markets-ops/trans-service/trans-fac/aepsct.ashx","SOURCEDATE":1426723200000,"VAL_METHOD":"IMAGERY","VAL_DATE":1508371200000,"LINES":2,"MAX_VOLT":138,"MIN_VOLT":138,"MAX_INFER":"Y","MIN_INFER":"Y","pnode_id":32410587,"pnode_name":"BECKHAM 138 KV  T1","pnode_subtype":"LOAD","match_score":100.0,"pjm_zone":"AEP"}},{"type":"Feature","id":1672,"geometry":{"type":"Point","coordinates":[-83.0452669997175,37.2280450002799]},"properties":{"OBJECTID":1672,"ID":"121474","NAME":"VICCO","CITY":"SASSAFRAS","STATE":"KY","ZIP":"41759","TYPE":"SUBSTATION","STATUS":"IN SERVICE","COUNTY":"KNOTT","COUNTYFIPS":"21119","COUNTRY":"USA","LATITUDE":37.228045000000066,"LONGITUDE":-83.04526699999997,"NAICS_CODE":"221121","NAICS_DESC":"ELECTRIC BULK POWER TRANSMISSION AND CONTROL","SOURCE":"IMAGERY, http://www.pjm.com/-/media/markets-ops/trans-service/trans-fac/aepsct.ashx","SOURCEDATE":1426723200000,"VAL_METHOD":"IMAGERY","VAL_DATE":1508371200000,"LINES":2,"MAX_VOLT":138,"MIN_VOLT":138,"MAX_INFER":"Y","MIN_INFER":"Y","pnode_id":32412917,"pnode_name":"VICCO   138 KV  T1","pnode_subtype":"LOAD","match_score":100.0,"pjm_zone":"AEP"}},{"type":"Feature","id":1680,"geometry":{"type":"Point","coordinates":[-83.1749081496829,37.2449874673377]},"properties":{"OBJECTID":1680,"ID":"121484","NAME":"HAZARD","CITY":"HAZARD","STATE":"KY","ZIP":"41701","TYPE":"SUBSTATION","STATUS":"IN SERVICE","COUNTY":"PERRY","COUNTYFIPS":"21193","COUNTRY":"USA","LATITUDE":37.244987467000044,"LONGITUDE":-83.17490814999996,"NAICS_CODE":"221121","NAICS_DESC":"ELECTRIC BULK POWER TRANSMISSION AND CONTROL","SOURCE":"IMAGERY, http://www.pjm.com/-/media/markets-ops/trans-service/trans-fac/aepsct.ashx","SOURCEDATE":1426809600000,"VAL_METHOD":"IMAGERY","VAL_DATE":1508371200000,"LINES":6,"MAX_VOLT":161,"MIN_VOLT":46,"MAX_INFER":"N","MIN_INFER":"Y","pnode_id":32411515,"pnode_name":"HAZARD  69 KV   JEFF","pnode_subtype":"LOAD","match_score":100.0,"pjm_zone":"AEP"}},{"type":"Feature","id":1685,"geometry":{"type":"Point","coordinates":[-83.1656937588095,37.3020987038571]},"properties":{"OBJECTID":1685,"ID":"121489","NAME":"BULAN","CITY":"BULAN","STATE":"KY","ZIP":"41722","TYPE":"SUBSTATION","STATUS":"IN SERVICE","COUNTY":"PERRY","COUNTYFIPS":"21193","COUNTRY":"USA","LATITUDE":37.30209870400006,"LONGITUDE":-83.16569375899996,"NAICS_CODE":"221121","NAICS_DESC":"ELECTRIC BULK POWER TRANSMISSION AND CONTROL","SOURCE":"IMAGERY, http://www.pjm.com/-/media/markets-ops/trans-service/trans-fac/aepsct.ashx","SOURCEDATE":1426809600000,"VAL_METHOD":"IMAGERY","VAL_DATE":1508371200000,"LINES":2,"MAX_VOLT":69,"MIN_VOLT":69,"MAX_INFER":"N","MIN_INFER":"N","pnode_id":32410761,"pnode_name":"BULAN   69 KV   T1","pnode_subtype":"LOAD","match_score":100.0,"pjm_zone":"AEP"}},{"type":"Feature","id":1694,"geometry":{"type":"Point","coordinates":[-82.3407399996287,37.6517870001009]},"properties":{"OBJECTID":1694,"ID":"121509","NAME":"HATFIELD (KP)","CITY":"BELFRY","STATE":"KY","ZIP":"41514","TYPE":"SUBSTATION","STATUS":"IN SERVICE","COUNTY":"PIKE","COUNTYFIPS":"21195","COUNTRY":"USA","LATITUDE":37.65178700000007,"LONGITUDE":-82.34073999999998,"NAICS_CODE":"221121","NAICS_DESC":"ELECTRIC BULK POWER TRANSMISSION AND CONTROL","SOURCE":"IMAGERY, https://aeptransmission.com/virginia/Tazewell-Bearwallow/docs/VOLUME%201%20(Exhibits%206%20through%2013).pdf","SOURCEDATE":1426464000000,"VAL_METHOD":"IMAGERY","VAL_DATE":1549411200000,"LINES":4,"MAX_VOLT":138,"MIN_VOLT":69,"MAX_INFER":"Y","MIN_INFER":"Y","pnode_id":5022439,"pnode_name":"HATFIELD","pnode_subtype":"EHV","match_score":76.19047619047619,"pjm_zone":"AEP"}},{"type":"Feature","id":1697,"geometry":{"type":"Point","coordinates":[-82.2698849998098,37.5922220001576]},"properties":{"OBJECTID":1697,"ID":"121512","NAME":"STONE","CITY":"HUDDY","STATE":"KY","ZIP":"41535","TYPE":"SUBSTATION","STATUS":"IN SERVICE","COUNTY":"PIKE","COUNTYFIPS":"21195","COUNTRY":"USA","LATITUDE":37.59222200000005,"LONGITUDE":-82.26988499999999,"NAICS_CODE":"221121","NAICS_DESC":"ELECTRIC BULK POWER TRANSMISSION AND CONTROL","SOURCE":"IMAGERY, http://www.pjm.com/-/media/markets-ops/trans-service/trans-fac/aepsct.ashx","SOURCEDATE":1426464000000,"VAL_METHOD":"IMAGERY","VAL_DATE":1508457600000,"LINES":3,"MAX_VOLT":138,"MIN_VOLT":46,"MAX_INFER":"Y","MIN_INFER":"N","pnode_id":1552831316,"pnode_name":"STONPLSW138 KV  STONE","pnode_subtype":"LOAD","match_score":100.0,"pjm_zone":"AEP"}},{"type":"Feature","id":1701,"geometry":{"type":"Point","coordinates":[-82.3538654109074,37.5001483838564]},"properties":{"OBJECTID":1701,"ID":"121516","NAME":"KIMPER","CITY":"KIMPER","STATE":"KY","ZIP":"41539","TYPE":"SUBSTATION","STATUS":"IN SERVICE","COUNTY":"PIKE","COUNTYFIPS":"21195","COUNTRY":"USA","LATITUDE":37.500148384000056,"LONGITUDE":-82.35386541099996,"NAICS_CODE":"221121","NAICS_DESC":"ELECTRIC BULK POWER TRANSMISSION AND CONTROL","SOURCE":"IMAGERY, EIA 861, https://aeptransmission.com/virginia/Tazewell-Bearwallow/docs/VOLUME%201%20(Exhibits%206%20through%2013).pdf","SOURCEDATE":1426464000000,"VAL_METHOD":"IMAGERY","VAL_DATE":1549411200000,"LINES":2,"MAX_VOLT":69,"MIN_VOLT":69,"MAX_INFER":"N","MIN_INFER":"N","pnode_id":119117893,"pnode_name":"KEMPER  138 KV  BK1","pnode_subtype":"LOAD","match_score":83.33333333333333,"pjm_zone":"AEP"}},{"type":"Feature","id":1709,"geometry":{"type":"Point","coordinates":[-82.5842010000956,37.3168820000061]},"properties":{"OBJECTID":1709,"ID":"121524","NAME":"ELWOOD","CITY":"JONANCY","STATE":"KY","ZIP":"41538","TYPE":"SUBSTATION","STATUS":"IN SERVICE","COUNTY":"PIKE","COUNTYFIPS":"21195","COUNTRY":"USA","LATITUDE":37.31688200000008,"LONGITUDE":-82.58420099999995,"NAICS_CODE":"221121","NAICS_DESC":"ELECTRIC BULK POWER TRANSMISSION AND CONTROL","SOURCE":"IMAGERY, https://psc.ky.gov/pscecf/2018-00209/slsharp%40aep.com/08102018114408/KPCO_App_Exhibits.pdf","SOURCEDATE":1426464000000,"VAL_METHOD":"IMAGERY","VAL_DATE":1549238400000,"LINES":3,"MAX_VOLT":46,"MIN_VOLT":46,"MAX_INFER":"Y","MIN_INFER":"Y","pnode_id":2156118075,"pnode_name":"BEAVERCR46 KV   ELWOOD","pnode_subtype":"LOAD","match_score":100.0,"pjm_zone":"AEP"}},{"type":"Feature","id":1711,"geometry":{"type":"Point","coordinates":[-82.4783059217406,37.3100958332699]},"properties":{"OBJECTID":1711,"ID":"121527","NAME":"HENRY CREEK","CITY":"ELKHORN CITY","STATE":"KY","ZIP":"41522","TYPE":"SUBSTATION","STATUS":"IN SERVICE","COUNTY":"PIKE","COUNTYFIPS":"21195","COUNTRY":"USA","LATITUDE":37.31009583300005,"LONGITUDE":-82.47830592199995,"NAICS_CODE":"221121","NAICS_DESC":"ELECTRIC BULK POWER TRANSMISSION AND CONTROL","SOURCE":"IMAGERY, https://aeptransmission.com/virginia/Tazewell-Bearwallow/docs/VOLUME%201%20(Exhibits%206%20through%2013).pdf","SOURCEDATE":1426464000000,"VAL_METHOD":"IMAGERY","VAL_DATE":1549411200000,"LINES":1,"MAX_VOLT":46,"MIN_VOLT":46,"MAX_INFER":"Y","MIN_INFER":"Y","pnode_id":1379659518,"pnode_name":"PANTHER CREEK","pnode_subtype":"AGGREGATE","match_score":75.0,"pjm_zone":"AEP"}},{"type":"Feature","id":1712,"geometry":{"type":"Point","coordinates":[-82.5694309999071,37.2392789997264]},"properties":{"OBJECTID":1712,"ID":"121528","NAME":"DORTON","CITY":"JENKINS","STATE":"KY","ZIP":"41537","TYPE":"SUBSTATION","STATUS":"IN SERVICE","COUNTY":"PIKE","COUNTYFIPS":"21195","COUNTRY":"USA","LATITUDE":37.23927900000007,"LONGITUDE":-82.56943099999995,"NAICS_CODE":"221121","NAICS_DESC":"ELECTRIC BULK POWER TRANSMISSION AND CONTROL","SOURCE":"IMAGERY, http://www.pjm.com/-/media/markets-ops/trans-service/trans-fac/aepsct.ashx","SOURCEDATE":1426464000000,"VAL_METHOD":"IMAGERY","VAL_DATE":1508371200000,"LINES":5,"MAX_VOLT":138,"MIN_VOLT":46,"MAX_INFER":"Y","MIN_INFER":"Y","pnode_id":32411121,"pnode_name":"DORTON  138 KV  T1","pnode_subtype":"LOAD","match_score":100.0,"pjm_zone":"AEP"}},{"type":"Feature","id":1748,"geometry":{"type":"Point","coordinates":[-78.8979198423597,38.4010114722329]},"properties":{"OBJECTID":1748,"ID":"121572","NAME":"PLEASANT VALLEY (VA)","CITY":"HARRISONBURG","STATE":"VA","ZIP":"22801","TYPE":"SUBSTATION","STATUS":"IN SERVICE","COUNTY":"HARRISONBURG","COUNTYFIPS":"51660","COUNTRY":"USA","LATITUDE":38.40101147200005,"LONGITUDE":-78.89791984199996,"NAICS_CODE":"221121","NAICS_DESC":"ELECTRIC BULK POWER TRANSMISSION AND CONTROL","SOURCE":"IMAGERY, EIA 860","SOURCEDATE":1426636800000,"VAL_METHOD":"IMAGERY","VAL_DATE":1622505600000,"LINES":2,"MAX_VOLT":-999999,"MIN_VOLT":-999999,"MAX_INFER":"N","MIN_INFER":"N","pnode_id":2156111331,"pnode_name":"PVILLE  69 KV   PLEASANT","pnode_subtype":"GEN","match_score":73.17073170731707,"pjm_zone":"DOM"}},{"type":"Feature","id":1754,"geometry":{"type":"Point","coordinates":[-75.7027656212492,37.7060355818285]},"properties":{"OBJECTID":1754,"ID":"121578","NAME":"TASLEY","CITY":"ONLEY","STATE":"VA","ZIP":"23418","TYPE":"SUBSTATION","STATUS":"IN SERVICE","COUNTY":"ACCOMACK","COUNTYFIPS":"51001","COUNTRY":"USA","LATITUDE":37.70603558200003,"LONGITUDE":-75.70276562099997,"NAICS_CODE":"221121","NAICS_DESC":"ELECTRIC BULK POWER TRANSMISSION AND CONTROL","SOURCE":"IMAGERY, EIA 860","SOURCEDATE":1426636800000,"VAL_METHOD":"IMAGERY","VAL_DATE":1622505600000,"LINES":4,"MAX_VOLT":69,"MIN_VOLT":69,"MAX_INFER":"Y","MIN_INFER":"Y","pnode_id":278256,"pnode_name":"TASLEY 10","pnode_subtype":"AGGREGATE","match_score":80.0,"pjm_zone":"DPL"}},{"type":"Feature","id":1757,"geometry":{"type":"Point","coordinates":[-75.9678437642565,37.2716216096446]},"properties":{"OBJECTID":1757,"ID":"121581","NAME":"BAYVIEW","CITY":"CAPE CHARLES","STATE":"VA","ZIP":"23310","TYPE":"SUBSTATION","STATUS":"IN SERVICE","COUNTY":"NORTHAMPTON","COUNTYFIPS":"51131","COUNTRY":"USA","LATITUDE":37.27162161000007,"LONGITUDE":-75.96784376399995,"NAICS_CODE":"221121","NAICS_DESC":"ELECTRIC BULK POWER TRANSMISSION AND CONTROL","SOURCE":"IMAGERY, EIA 860","SOURCEDATE":1426636800000,"VAL_METHOD":"IMAGERY","VAL_DATE":1622505600000,"LINES":2,"MAX_VOLT":69,"MIN_VOLT":69,"MAX_INFER":"Y","MIN_INFER":"Y","pnode_id":292885,"pnode_name":"BAYVIEW","pnode_subtype":"AGGREGATE","match_score":100.0,"pjm_zone":"DPL"}},{"type":"Feature","id":1763,"geometry":{"type":"Point","coordinates":[-75.7908345293096,37.548461859199]},"properties":{"OBJECTID":1763,"ID":"121587","NAME":"BELLE HAVEN DIESEL GENERATION FACILITY","CITY":"PAINTER","STATE":"VA","ZIP":"23420","TYPE":"SUBSTATION","STATUS":"IN SERVICE","COUNTY":"ACCOMACK","COUNTYFIPS":"51001","COUNTRY":"USA","LATITUDE":37.54846185900004,"LONGITUDE":-75.79083452899994,"NAICS_CODE":"221121","NAICS_DESC":"ELECTRIC BULK POWER TRANSMISSION AND CONTROL","SOURCE":"IMAGERY, EIA 860","SOURCEDATE":1426636800000,"VAL_METHOD":"IMAGERY","VAL_DATE":1622505600000,"LINES":1,"MAX_VOLT":69,"MIN_VOLT":69,"MAX_INFER":"N","MIN_INFER":"N","pnode_id":32410599,"pnode_name":"BELLE   46 KV   T1","pnode_subtype":"LOAD","match_score":100.0,"pjm_zone":"DPL"}},{"type":"Feature","id":1864,"geometry":{"type":"Point","coordinates":[-88.1256867184014,41.495415090302]},"properties":{"OBJECTID":1864,"ID":"121981","NAME":"JOLIET 29","CITY":"JOLIET","STATE":"IL","ZIP":"60436","TYPE":"SUBSTATION","STATUS":"IN SERVICE","COUNTY":"WILL","COUNTYFIPS":"17197","COUNTRY":"USA","LATITUDE":41.49541509000005,"LONGITUDE":-88.12568671799994,"NAICS_CODE":"221121","NAICS_DESC":"ELECTRIC BULK POWER TRANSMISSION AND CONTROL","SOURCE":"OpenStreetMap, EIA 860","SOURCEDATE":1427760000000,"VAL_METHOD":"IMAGERY","VAL_DATE":1622505600000,"LINES":3,"MAX_VOLT":345,"MIN_VOLT":345,"MAX_INFER":"Y","MIN_INFER":"Y","pnode_id":33138733,"pnode_name":"JOLIET 7","pnode_subtype":"AGGREGATE","match_score":82.35294117647058,"pjm_zone":"COMED"}},{"type":"Feature","id":1913,"geometry":{"type":"Point","coordinates":[-88.2261300919771,41.8135421969231]},"properties":{"OBJECTID":1913,"ID":"122226","NAME":"AURORA","CITY":"AURORA","STATE":"IL","ZIP":"60185","TYPE":"SUBSTATION","STATUS":"IN SERVICE","COUNTY":"DUPAGE","COUNTYFIPS":"17043","COUNTRY":"USA","LATITUDE":41.81354219700006,"LONGITUDE":-88.22613009199995,"NAICS_CODE":"221121","NAICS_DESC":"ELECTRIC BULK POWER TRANSMISSION AND CONTROL","SOURCE":"OpenStreetMap, EIA 860","SOURCEDATE":1427760000000,"VAL_METHOD":"IMAGERY","VAL_DATE":1622505600000,"LINES":7,"MAX_VOLT":345,"MIN_VOLT":138,"MAX_INFER":"Y","MIN_INFER":"Y","pnode_id":33138753,"pnode_name":"AURORA CT1","pnode_subtype":"AGGREGATE","match_score":75.0,"pjm_zone":"COMED"}},{"type":"Feature","id":1992,"geometry":{"type":"Point","coordinates":[-84.2631610004345,37.8805570000817]},"properties":{"OBJECTID":1992,"ID":"122440","NAME":"DALE","CITY":"WINCHESTER","STATE":"KY","ZIP":"40391","TYPE":"SUBSTATION","STATUS":"IN SERVICE","COUNTY":"CLARK","COUNTYFIPS":"21049","COUNTRY":"USA","LATITUDE":37.88055700000007,"LONGITUDE":-84.26316099999997,"NAICS_CODE":"221121","NAICS_DESC":"ELECTRIC BULK POWER TRANSMISSION AND CONTROL","SOURCE":"IMAGERY, EIA 860","SOURCEDATE":1428451200000,"VAL_METHOD":"IMAGERY","VAL_DATE":1622505600000,"LINES":6,"MAX_VOLT":138,"MIN_VOLT":69,"MAX_INFER":"Y","MIN_INFER":"Y","pnode_id":98370075,"pnode_name":"DALEOE  138 KV  TR2","pnode_subtype":"LOAD","match_score":85.0,"pjm_zone":"LGE"}},{"type":"Feature","id":2012,"geometry":{"type":"Point","coordinates":[-79.413103090067,39.5235822071388]},"properties":{"OBJECTID":2012,"ID":"122611","NAME":"DEEP CREEK","CITY":"OAKLAND","STATE":"MD","ZIP":"21550","TYPE":"SUBSTATION","STATUS":"IN SERVICE","COUNTY":"GARRETT","COUNTYFIPS":"24023","COUNTRY":"USA","LATITUDE":39.52358220700006,"LONGITUDE":-79.41310308999994,"NAICS_CODE":"221121","NAICS_DESC":"ELECTRIC BULK POWER TRANSMISSION AND CONTROL","SOURCE":"IMAGERY, EIA 860","SOURCEDATE":1429574400000,"VAL_METHOD":"IMAGERY","VAL_DATE":1622505600000,"LINES":2,"MAX_VOLT":115,"MIN_VOLT":115,"MAX_INFER":"Y","MIN_INFER":"Y","pnode_id":51213,"pnode_name":"DEEP CREEK 1","pnode_subtype":"AGGREGATE","match_score":90.9090909090909,"pjm_zone":"APS"}},{"type":"Feature","id":2021,"geometry":{"type":"Point","coordinates":[-85.3739690926996,41.0623570392367]},"properties":{"OBJECTID":2021,"ID":"122643","NAME":"SATURN","CITY":"COLUMBIA CITY","STATE":"IN","ZIP":"46725","TYPE":"SUBSTATION","STATUS":"IN SERVICE","COUNTY":"WHITLEY","COUNTYFIPS":"18183","COUNTRY":"USA","LATITUDE":41.06235703900006,"LONGITUDE":-85.37396909299997,"NAICS_CODE":"221121","NAICS_DESC":"ELECTRIC BULK POWER TRANSMISSION AND CONTROL","SOURCE":"IMAGERY, https://www.pjm.com/-/media/committees-groups/committees/srrtep-w/20170124/20170124-reliability-analysis-update.ashx","SOURCEDATE":1430092800000,"VAL_METHOD":"IMAGERY","VAL_DATE":1550620800000,"LINES":2,"MAX_VOLT":138,"MIN_VOLT":138,"MAX_INFER":"Y","MIN_INFER":"Y","pnode_id":93353447,"pnode_name":"SATURN  138 KV  INDIANCR","pnode_subtype":"LOAD","match_score":100.0,"pjm_zone":"AEP"}},{"type":"Feature","id":2026,"geometry":{"type":"Point","coordinates":[-84.9776315602011,41.0143310811091]},"properties":{"OBJECTID":2026,"ID":"122650","NAME":"ALLEN","CITY":"MONROEVILLE","STATE":"IN","ZIP":"46773","TYPE":"SUBSTATION","STATUS":"IN SERVICE","COUNTY":"ALLEN","COUNTYFIPS":"18003","COUNTRY":"USA","LATITUDE":41.01433108100008,"LONGITUDE":-84.97763155999996,"NAICS_CODE":"221121","NAICS_DESC":"ELECTRIC BULK POWER TRANSMISSION AND CONTROL","SOURCE":"IMAGERY, OpenStreetMap, https://www.pjm.com/-/media/committees-groups/committees/srrtep-w/20170124/20170124-reliability-analysis-update.ashx","SOURCEDATE":1430092800000,"VAL_METHOD":"IMAGERY","VAL_DATE":1550620800000,"LINES":10,"MAX_VOLT":345,"MIN_VOLT":138,"MAX_INFER":"N","MIN_INFER":"Y","pnode_id":57967547,"pnode_name":"WALLEN  138 KV  LOAD XT1","pnode_subtype":"LOAD","match_score":90.9090909090909,"pjm_zone":"AEP"}},{"type":"Feature","id":2030,"geometry":{"type":"Point","coordinates":[-85.4247170655815,41.3736605440554]},"properties":{"OBJECTID":2030,"ID":"122656","NAME":"ALBION","CITY":"ALBION","STATE":"IN","ZIP":"46701","TYPE":"SUBSTATION","STATUS":"IN SERVICE","COUNTY":"NOBLE","COUNTYFIPS":"18113","COUNTRY":"USA","LATITUDE":41.373660544000074,"LONGITUDE":-85.42471706599997,"NAICS_CODE":"221121","NAICS_DESC":"ELECTRIC BULK POWER TRANSMISSION AND CONTROL","SOURCE":"IMAGERY, https://aeptransmission.com/indiana/docs/Albion-Kendallville_FactSheet_V2.pdf#view=Fit","SOURCEDATE":1430179200000,"VAL_METHOD":"IMAGERY","VAL_DATE":1550534400000,"LINES":5,"MAX_VOLT":138,"MIN_VOLT":69,"MAX_INFER":"Y","MIN_INFER":"N","pnode_id":32414931,"pnode_name":"GALION  69 KV   LOAD","pnode_subtype":"LOAD","match_score":83.33333333333333,"pjm_zone":"AEP"}},{"type":"Feature","id":2031,"geometry":{"type":"Point","coordinates":[-85.3123287927746,41.3147586233047]},"properties":{"OBJECTID":2031,"ID":"122657","NAME":"EGE","CITY":"AVILLA","STATE":"IN","ZIP":"46710","TYPE":"SUBSTATION","STATUS":"IN SERVICE","COUNTY":"NOBLE","COUNTYFIPS":"18113","COUNTRY":"USA","LATITUDE":41.314758623000046,"LONGITUDE":-85.31232879299995,"NAICS_CODE":"221121","NAICS_DESC":"ELECTRIC BULK POWER TRANSMISSION AND CONTROL","SOURCE":"IMAGERY, https://www.pjm.com/-/media/committees-groups/committees/srrtep-w/20170124/20170124-reliability-analysis-update.ashx","SOURCEDATE":1430179200000,"VAL_METHOD":"IMAGERY","VAL_DATE":1550620800000,"LINES":2,"MAX_VOLT":138,"MIN_VOLT":138,"MAX_INFER":"Y","MIN_INFER":"Y","pnode_id":32411167,"pnode_name":"EGE     138 KV  T1","pnode_subtype":"LOAD","match_score":100.0,"pjm_zone":"AEP"}},{"type":"Feature","id":2032,"geometry":{"type":"Point","coordinates":[-85.1776662310509,41.2212622137232]},"properties":{"OBJECTID":2032,"ID":"122658","NAME":"HUNTERTOWN","CITY":"HUNTERTOWN","STATE":"IN","ZIP":"46818","TYPE":"SUBSTATION","STATUS":"IN SERVICE","COUNTY":"ALLEN","COUNTYFIPS":"18003","COUNTRY":"USA","LATITUDE":41.221262214000035,"LONGITUDE":-85.17766623099999,"NAICS_CODE":"221121","NAICS_DESC":"ELECTRIC BULK POWER TRANSMISSION AND CONTROL","SOURCE":"IMAGERY, https://www.pjm.com/-/media/committees-groups/committees/srrtep-w/20170124/20170124-reliability-analysis-update.ashx","SOURCEDATE":1430179200000,"VAL_METHOD":"IMAGERY","VAL_DATE":1550620800000,"LINES":4,"MAX_VOLT":138,"MIN_VOLT":138,"MAX_INFER":"Y","MIN_INFER":"Y","pnode_id":52456,"pnode_name":"HUNTERSTOWN","pnode_subtype":"EHV","match_score":95.23809523809523,"pjm_zone":"AEP"}},{"type":"Feature","id":2035,"geometry":{"type":"Point","coordinates":[-85.6051895610702,41.4561955922993]},"properties":{"OBJECTID":2035,"ID":"122661","NAME":"GUARDIAN","CITY":"LIGONIER","STATE":"IN","ZIP":"46767","TYPE":"SUBSTATION","STATUS":"IN SERVICE","COUNTY":"NOBLE","COUNTYFIPS":"18113","COUNTRY":"USA","LATITUDE":41.45619559200003,"LONGITUDE":-85.60518956099997,"NAICS_CODE":"221121","NAICS_DESC":"ELECTRIC BULK POWER TRANSMISSION AND CONTROL","SOURCE":"IMAGERY, OpenStreetMap, https://aeptransmission.com/indiana/Albion-SouthGoshen/","SOURCEDATE":1430179200000,"VAL_METHOD":"IMAGERY","VAL_DATE":1550534400000,"LINES":2,"MAX_VOLT":138,"MIN_VOLT":138,"MAX_INFER":"Y","MIN_INFER":"Y","pnode_id":2156115636,"pnode_name":"SUPPERSA69 KV   GUARDIAN","pnode_subtype":"LOAD","match_score":100.0,"pjm_zone":"AEP"}},{"type":"Feature","id":2042,"geometry":{"type":"Point","coordinates":[-85.0470802160017,41.3611347731014]},"properties":{"OBJECTID":2042,"ID":"122674","NAME":"AUBURN (138KV)","CITY":"AUBURN","STATE":"IN","ZIP":"46706","TYPE":"SUBSTATION","STATUS":"IN SERVICE","COUNTY":"DEKALB","COUNTYFIPS":"18033","COUNTRY":"USA","LATITUDE":41.36113477300006,"LONGITUDE":-85.04708021599998,"NAICS_CODE":"221121","NAICS_DESC":"ELECTRIC BULK POWER TRANSMISSION AND CONTROL","SOURCE":"IMAGERY, OpenStreetMap, https://www.aeptransmission.com/indiana/PoweringUp/docs/Fact_Sheet.pdf","SOURCEDATE":1430179200000,"VAL_METHOD":"IMAGERY","VAL_DATE":1550534400000,"LINES":7,"MAX_VOLT":138,"MIN_VOLT":138,"MAX_INFER":"Y","MIN_INFER":"Y","pnode_id":32410555,"pnode_name":"AUBURN  138 KV  T1","pnode_subtype":"LOAD","match_score":100.0,"pjm_zone":"AEP"}},{"type":"Feature","id":2045,"geometry":{"type":"Point","coordinates":[-85.0477955588355,41.3627145513185]},"properties":{"OBJECTID":2045,"ID":"122677","NAME":"AUBURN (69KV)","CITY":"AUBURN","STATE":"IN","ZIP":"46706","TYPE":"SUBSTATION","STATUS":"IN SERVICE","COUNTY":"DEKALB","COUNTYFIPS":"18033","COUNTRY":"USA","LATITUDE":41.36271455100007,"LONGITUDE":-85.04779555899995,"NAICS_CODE":"221121","NAICS_DESC":"ELECTRIC BULK POWER TRANSMISSION AND CONTROL","SOURCE":"IMAGERY, https://aeptransmission.com/indiana/Auburn-Avilla/docs/Auburn-Avilla_FactSheet_V3.pdf","SOURCEDATE":1430179200000,"VAL_METHOD":"IMAGERY","VAL_DATE":1550534400000,"LINES":1,"MAX_VOLT":138,"MIN_VOLT":138,"MAX_INFER":"N","MIN_INFER":"N","pnode_id":32410555,"pnode_name":"AUBURN  138 KV  T1","pnode_subtype":"LOAD","match_score":100.0,"pjm_zone":"AEP"}},{"type":"Feature","id":2046,"geometry":{"type":"Point","coordinates":[-86.1997376454027,41.6959598930889]},"properties":{"OBJECTID":2046,"ID":"122730","NAME":"SOUTH BEND","CITY":"SOUTH BEND","STATE":"IN","ZIP":"46635","TYPE":"SUBSTATION","STATUS":"IN SERVICE","COUNTY":"ST. JOSEPH","COUNTYFIPS":"18141","COUNTRY":"USA","LATITUDE":41.695959893000065,"LONGITUDE":-86.19973764499997,"NAICS_CODE":"221121","NAICS_DESC":"ELECTRIC BULK POWER TRANSMISSION AND CONTROL","SOURCE":"IMAGERY, OpenStreetMap, https://aeptransmission.com/indiana/SBRebuild/docs/SouthBend_FactSheet_V2.pdf#view=Fit","SOURCEDATE":1429228800000,"VAL_METHOD":"IMAGERY","VAL_DATE":1550620800000,"LINES":8,"MAX_VOLT":138,"MIN_VOLT":69,"MAX_INFER":"Y","MIN_INFER":"Y","pnode_id":8717315,"pnode_name":"SOUTH BEND 1-4","pnode_subtype":"AGGREGATE","match_score":83.33333333333334,"pjm_zone":"AEP"}},{"type":"Feature","id":2047,"geometry":{"type":"Point","coordinates":[-86.2947314387145,41.7153070130061]},"properties":{"OBJECTID":2047,"ID":"122731","NAME":"GERMAN","CITY":"SOUTH BEND","STATE":"IN","ZIP":"46628","TYPE":"SUBSTATION","STATUS":"IN SERVICE","COUNTY":"ST. JOSEPH","COUNTYFIPS":"18141","COUNTRY":"USA","LATITUDE":41.71530701300003,"LONGITUDE":-86.29473143899997,"NAICS_CODE":"221121","NAICS_DESC":"ELECTRIC BULK POWER TRANSMISSION AND CONTROL","SOURCE":"IMAGERY, OpenStreetMap, https://aeptransmission.com/indiana/SBRebuild/docs/SouthBend_FactSheet_V2.pdf#view=Fit","SOURCEDATE":1429228800000,"VAL_METHOD":"IMAGERY","VAL_DATE":1550620800000,"LINES":2,"MAX_VOLT":138,"MIN_VOLT":138,"MAX_INFER":"Y","MIN_INFER":"Y","pnode_id":32411381,"pnode_name":"GERMAN  138 KV  T1","pnode_subtype":"LOAD","match_score":100.0,"pjm_zone":"AEP"}},{"type":"Feature","id":2049,"geometry":{"type":"Point","coordinates":[-86.2929720954171,41.6554768481021]},"properties":{"OBJECTID":2049,"ID":"122733","NAME":"CALVERT","CITY":"SOUTH BEND","STATE":"IN","ZIP":"46613","TYPE":"SUBSTATION","STATUS":"IN SERVICE","COUNTY":"ST. JOSEPH","COUNTYFIPS":"18141","COUNTRY":"USA","LATITUDE":41.655476848000035,"LONGITUDE":-86.29297209499998,"NAICS_CODE":"221121","NAICS_DESC":"ELECTRIC BULK POWER TRANSMISSION AND CONTROL","SOURCE":"IMAGERY","SOURCEDATE":1429228800000,"VAL_METHOD":"IMAGERY","VAL_DATE":1586822400000,"LINES":2,"MAX_VOLT":138,"MIN_VOLT":138,"MAX_INFER":"Y","MIN_INFER":"Y","pnode_id":32410791,"pnode_name":"CALVERT 138 KV  T1","pnode_subtype":"LOAD","match_score":100.0,"pjm_zone":"AEP"}},{"type":"Feature","id":2050,"geometry":{"type":"Point","coordinates":[-86.255991389966,41.6230855738594]},"properties":{"OBJECTID":2050,"ID":"122734","NAME":"JACKSON ROAD","CITY":"SOUTH BEND","STATE":"IN","ZIP":"46614","TYPE":"SUBSTATION","STATUS":"IN SERVICE","COUNTY":"ST. JOSEPH","COUNTYFIPS":"18141","COUNTRY":"USA","LATITUDE":41.62308557400007,"LONGITUDE":-86.25599138999996,"NAICS_CODE":"221121","NAICS_DESC":"ELECTRIC BULK POWER TRANSMISSION AND CONTROL","SOURCE":"IMAGERY, OpenStreetMap, https://aeptransmission.com/indiana/JacksonRoad/docs/JacksonRoad-Marshall_FactSheet_V5.pdf#view=Fit","SOURCEDATE":1429228800000,"VAL_METHOD":"IMAGERY","VAL_DATE":1550620800000,"LINES":6,"MAX_VOLT":345,"MIN_VOLT":138,"MAX_INFER":"N","MIN_INFER":"Y","pnode_id":32411693,"pnode_name":"JACKSON 69 KV   LEECITY","pnode_subtype":"LOAD","match_score":100.0,"pjm_zone":"AEP"}},{"type":"Feature","id":2058,"geometry":{"type":"Point","coordinates":[-77.6606936897916,39.6225391350921]},"properties":{"OBJECTID":2058,"ID":"122881","NAME":"EAST HAGERSTOWN","CITY":"HAGERSTOWN","STATE":"MD","ZIP":"21742","TYPE":"SUBSTATION","STATUS":"IN SERVICE","COUNTY":"WASHINGTON","COUNTYFIPS":"24043","COUNTRY":"USA","LATITUDE":39.62253913500007,"LONGITUDE":-77.66069368999996,"NAICS_CODE":"221121","NAICS_DESC":"ELECTRIC BULK POWER TRANSMISSION AND CONTROL","SOURCE":"IMAGERY, http://www.pjm.com/","SOURCEDATE":1429660800000,"VAL_METHOD":"IMAGERY","VAL_DATE":1521676800000,"LINES":2,"MAX_VOLT":138,"MIN_VOLT":138,"MAX_INFER":"Y","MIN_INFER":"Y","pnode_id":22191899,"pnode_name":"HAGERSTOWN - AP","pnode_subtype":"AGGREGATE","match_score":80.0,"pjm_zone":"APS"}},{"type":"Feature","id":2084,"geometry":{"type":"Point","coordinates":[-76.9637360308307,38.3594019562253]},"properties":{"OBJECTID":2084,"ID":"122912","NAME":"MORGANTOWN","CITY":"NEWBURG","STATE":"MD","ZIP":"20664","TYPE":"SUBSTATION","STATUS":"IN SERVICE","COUNTY":"CHARLES","COUNTYFIPS":"24017","COUNTRY":"USA","LATITUDE":38.359401956000056,"LONGITUDE":-76.96373603099994,"NAICS_CODE":"221121","NAICS_DESC":"ELECTRIC BULK POWER TRANSMISSION AND CONTROL","SOURCE":"IMAGERY, https://www.pjm.com/-/media/committees-groups/committees/teac/20180208/20180208-reliability-analysis-update.ashx","SOURCEDATE":1429574400000,"VAL_METHOD":"IMAGERY","VAL_DATE":1552435200000,"LINES":12,"MAX_VOLT":230,"MIN_VOLT":69,"MAX_INFER":"Y","MIN_INFER":"Y","pnode_id":615741,"pnode_name":"MORGANTOWN 2","pnode_subtype":"AGGREGATE","match_score":90.9090909090909,"pjm_zone":"PEPCO"}},{"type":"Feature","id":2085,"geometry":{"type":"Point","coordinates":[-76.0779838198086,38.7789446362323]},"properties":{"OBJECTID":2085,"ID":"122913","NAME":"EASTON","CITY":"EASTON","STATE":"MD","ZIP":"21601","TYPE":"SUBSTATION","STATUS":"IN SERVICE","COUNTY":"TALBOT","COUNTYFIPS":"24041","COUNTRY":"USA","LATITUDE":38.77894463600006,"LONGITUDE":-76.07798381999999,"NAICS_CODE":"221121","NAICS_DESC":"ELECTRIC BULK POWER TRANSMISSION AND CONTROL","SOURCE":"IMAGERY, EIA 860","SOURCEDATE":1429574400000,"VAL_METHOD":"IMAGERY","VAL_DATE":1622505600000,"LINES":0,"MAX_VOLT":-999999,"MIN_VOLT":-999999,"MAX_INFER":"N","MIN_INFER":"N","pnode_id":51218,"pnode_name":"EASTON","pnode_subtype":"AGGREGATE","match_score":100.0,"pjm_zone":"DPL"}},{"type":"Feature","id":2095,"geometry":{"type":"Point","coordinates":[-85.9902616854083,41.6589905293181]},"properties":{"OBJECTID":2095,"ID":"122937","NAME":"CONCORD","CITY":"ELKHART","STATE":"IN","ZIP":"46517","TYPE":"SUBSTATION","STATUS":"IN SERVICE","COUNTY":"ELKHART","COUNTYFIPS":"18039","COUNTRY":"USA","LATITUDE":41.65899052900005,"LONGITUDE":-85.99026168499995,"NAICS_CODE":"221121","NAICS_DESC":"ELECTRIC BULK POWER TRANSMISSION AND CONTROL","SOURCE":"IMAGERY, OpenStreetMap, https://aeptransmission.com/indiana/Elkhart/docs/Elkhart_FactSheet_V8.pdf","SOURCEDATE":1429833600000,"VAL_METHOD":"IMAGERY","VAL_DATE":1550620800000,"LINES":4,"MAX_VOLT":138,"MIN_VOLT":138,"MAX_INFER":"Y","MIN_INFER":"Y","pnode_id":32410957,"pnode_name":"CONCORD 138 KV  T1","pnode_subtype":"LOAD","match_score":100.0,"pjm_zone":"AEP"}},{"type":"Feature","id":2104,"geometry":{"type":"Point","coordinates":[-77.4528786833166,39.2076755841971]},"properties":{"OBJECTID":2104,"ID":"122978","NAME":"DICKERSON","CITY":"DICKERSON","STATE":"MD","ZIP":"20842","TYPE":"SUBSTATION","STATUS":"IN SERVICE","COUNTY":"MONTGOMERY","COUNTYFIPS":"24031","COUNTRY":"USA","LATITUDE":39.20767558400007,"LONGITUDE":-77.45287868299994,"NAICS_CODE":"221121","NAICS_DESC":"ELECTRIC BULK POWER TRANSMISSION AND CONTROL","SOURCE":"IMAGERY","SOURCEDATE":1429747200000,"VAL_METHOD":"IMAGERY","VAL_DATE":1587686400000,"LINES":7,"MAX_VOLT":230,"MIN_VOLT":230,"MAX_INFER":"Y","MIN_INFER":"Y","pnode_id":615747,"pnode_name":"DICKERSON 3","pnode_subtype":"AGGREGATE","match_score":90.0,"pjm_zone":"APS"}},{"type":"Feature","id":2105,"geometry":{"type":"Point","coordinates":[-77.4625094657821,39.2090181592556]},"properties":{"OBJECTID":2105,"ID":"122979","NAME":"DICKERSON","CITY":"LEESBURG","STATE":"MD","ZIP":"20176","TYPE":"SUBSTATION","STATUS":"IN SERVICE","COUNTY":"MONTGOMERY","COUNTYFIPS":"24031","COUNTRY":"USA","LATITUDE":39.20901815900004,"LONGITUDE":-77.46250946599997,"NAICS_CODE":"221121","NAICS_DESC":"ELECTRIC BULK POWER TRANSMISSION AND CONTROL","SOURCE":"IMAGERY, EIA 860","SOURCEDATE":1429747200000,"VAL_METHOD":"IMAGERY","VAL_DATE":1622505600000,"LINES":7,"MAX_VOLT":230,"MIN_VOLT":230,"MAX_INFER":"Y","MIN_INFER":"Y","pnode_id":615747,"pnode_name":"DICKERSON 3","pnode_subtype":"AGGREGATE","match_score":90.0,"pjm_zone":"APS"}},{"type":"Feature","id":2110,"geometry":{"type":"Point","coordinates":[-76.1753316052034,39.6572434709618]},"properties":{"OBJECTID":2110,"ID":"123007","NAME":"CONOWINGO","CITY":"DARLINGTON","STATE":"MD","ZIP":"21034","TYPE":"SUBSTATION","STATUS":"IN SERVICE","COUNTY":"HARFORD","COUNTYFIPS":"24025","COUNTRY":"USA","LATITUDE":39.65724347100007,"LONGITUDE":-76.17533160499994,"NAICS_CODE":"221121","NAICS_DESC":"ELECTRIC BULK POWER TRANSMISSION AND CONTROL","SOURCE":"IMAGERY, EIA 860","SOURCEDATE":1430265600000,"VAL_METHOD":"IMAGERY","VAL_DATE":1622505600000,"LINES":3,"MAX_VOLT":230,"MIN_VOLT":230,"MAX_INFER":"Y","MIN_INFER":"Y","pnode_id":734115,"pnode_name":"CONOWINGO 8","pnode_subtype":"AGGREGATE","match_score":90.0,"pjm_zone":"DPL"}},{"type":"Feature","id":2115,"geometry":{"type":"Point","coordinates":[-76.171631216376,39.4900296702294]},"properties":{"OBJECTID":2115,"ID":"123012","NAME":"HARFORD","CITY":"ABERDEEN","STATE":"MD","ZIP":"21001","TYPE":"SUBSTATION","STATUS":"IN SERVICE","COUNTY":"HARFORD","COUNTYFIPS":"24025","COUNTRY":"USA","LATITUDE":39.49002967000007,"LONGITUDE":-76.17163121599998,"NAICS_CODE":"221121","NAICS_DESC":"ELECTRIC BULK POWER TRANSMISSION AND CONTROL","SOURCE":"IMAGERY","SOURCEDATE":1430265600000,"VAL_METHOD":"IMAGERY","VAL_DATE":1587686400000,"LINES":2,"MAX_VOLT":115,"MIN_VOLT":115,"MAX_INFER":"Y","MIN_INFER":"Y","pnode_id":113749,"pnode_name":"HAYROAD","pnode_subtype":"AGGREGATE","match_score":71.42857142857143,"pjm_zone":"BGE"}},{"type":"Feature","id":2117,"geometry":{"type":"Point","coordinates":[-76.161526928331,39.7177206196635]},"properties":{"OBJECTID":2117,"ID":"123015","NAME":"ROCK SPRINGS","CITY":"CONOWINGO","STATE":"MD","ZIP":"21918","TYPE":"SUBSTATION","STATUS":"IN SERVICE","COUNTY":"CECIL","COUNTYFIPS":"24015","COUNTRY":"USA","LATITUDE":39.71772062000008,"LONGITUDE":-76.16152692799994,"NAICS_CODE":"221121","NAICS_DESC":"ELECTRIC BULK POWER TRANSMISSION AND CONTROL","SOURCE":"IMAGERY, http://www.pjmsettlement.com/pub/account/trans-fac/dpl.xls","SOURCEDATE":1430265600000,"VAL_METHOD":"IMAGERY","VAL_DATE":1552348800000,"LINES":4,"MAX_VOLT":500,"MIN_VOLT":500,"MAX_INFER":"Y","MIN_INFER":"Y","pnode_id":21616495,"pnode_name":"ROCKSPRINGS","pnode_subtype":"EHV","match_score":95.65217391304348,"pjm_zone":"DPL"}},{"type":"Feature","id":2145,"geometry":{"type":"Point","coordinates":[-86.2465173751956,41.6780431377546]},"properties":{"OBJECTID":2145,"ID":"123074","NAME":"COLFAX","CITY":"SOUTH BEND","STATE":"IN","ZIP":"46617","TYPE":"SUBSTATION","STATUS":"IN SERVICE","COUNTY":"ST. JOSEPH","COUNTYFIPS":"18141","COUNTRY":"USA","LATITUDE":41.67804313800008,"LONGITUDE":-86.24651737499994,"NAICS_CODE":"221121","NAICS_DESC":"ELECTRIC BULK POWER TRANSMISSION AND CONTROL","SOURCE":"IMAGERY, https://aeptransmission.com/indiana/CentralSB/docs/Central%20South%20Bend_FactSheet_V10.pdf#view=Fit","SOURCEDATE":1429747200000,"VAL_METHOD":"IMAGERY","VAL_DATE":1550620800000,"LINES":1,"MAX_VOLT":-999999,"MIN_VOLT":-999999,"MAX_INFER":"N","MIN_INFER":"N","pnode_id":2156112369,"pnode_name":"SBENDAEP69 KV   COLFAX","pnode_subtype":"LOAD","match_score":100.0,"pjm_zone":"AEP"}},{"type":"Feature","id":2170,"geometry":{"type":"Point","coordinates":[-85.2115649263567,41.3609995212808]},"properties":{"OBJECTID":2170,"ID":"123168","NAME":"NOBLE","CITY":"AVILLA","STATE":"IN","ZIP":"46710","TYPE":"SUBSTATION","STATUS":"IN SERVICE","COUNTY":"NOBLE","COUNTYFIPS":"18113","COUNTRY":"USA","LATITUDE":41.36099952100005,"LONGITUDE":-85.21156492599994,"NAICS_CODE":"221121","NAICS_DESC":"ELECTRIC BULK POWER TRANSMISSION AND CONTROL","SOURCE":"IMAGERY, https://aeptransmission.com/indiana/Auburn-Avilla/docs/Auburn-Avilla_FactSheet_V3.pdf","SOURCEDATE":1430265600000,"VAL_METHOD":"IMAGERY","VAL_DATE":1550534400000,"LINES":1,"MAX_VOLT":69,"MIN_VOLT":69,"MAX_INFER":"Y","MIN_INFER":"Y","pnode_id":1666103464,"pnode_name":"NOBLE   69 KV   T1","pnode_subtype":"LOAD","match_score":100.0,"pjm_zone":"AEP"}},{"type":"Feature","id":2175,"geometry":{"type":"Point","coordinates":[-85.4117358617537,41.636333498293]},"properties":{"OBJECTID":2175,"ID":"123173","NAME":"LAGRANGE","CITY":"LAGRANGE","STATE":"IN","ZIP":"46761","TYPE":"SUBSTATION","STATUS":"IN SERVICE","COUNTY":"LAGRANGE","COUNTYFIPS":"18087","COUNTRY":"USA","LATITUDE":41.636333498000056,"LONGITUDE":-85.41173586199994,"NAICS_CODE":"221121","NAICS_DESC":"ELECTRIC BULK POWER TRANSMISSION AND CONTROL","SOURCE":"IMAGERY, https://psc.ky.gov/PSCSCF/2005%20cases/2005-00207/EKPC_ResponsePSC4_082605.pdf","SOURCEDATE":1430265600000,"VAL_METHOD":"IMAGERY","VAL_DATE":1548288000000,"LINES":4,"MAX_VOLT":138,"MIN_VOLT":69,"MAX_INFER":"Y","MIN_INFER":"Y","pnode_id":32411413,"pnode_name":"GRANGER 138 KV  T1","pnode_subtype":"LOAD","match_score":85.0,"pjm_zone":"AEP"}},{"type":"Feature","id":2189,"geometry":{"type":"Point","coordinates":[-76.512576623416,39.2392293081685]},"properties":{"OBJECTID":2189,"ID":"123198","NAME":"RIVERSIDE (115KV)","CITY":"DUNDALK","STATE":"MD","ZIP":"21222","TYPE":"SUBSTATION","STATUS":"IN SERVICE","COUNTY":"BALTIMORE","COUNTYFIPS":"24005","COUNTRY":"USA","LATITUDE":39.23922930800006,"LONGITUDE":-76.51257662299997,"NAICS_CODE":"221121","NAICS_DESC":"ELECTRIC BULK POWER TRANSMISSION AND CONTROL","SOURCE":"IMAGERY, https://pjm.com/-/media/committees-groups/committees/srrtep-ma/20170105/20170105-reliability-analysis-update.ashx","SOURCEDATE":1430092800000,"VAL_METHOD":"IMAGERY","VAL_DATE":1552435200000,"LINES":7,"MAX_VOLT":115,"MIN_VOLT":115,"MAX_INFER":"Y","MIN_INFER":"Y","pnode_id":1207062187,"pnode_name":"PRIDE   115 KV  PRIDE","pnode_subtype":"LOAD","match_score":74.28571428571429,"pjm_zone":"BGE"}},{"type":"Feature","id":2195,"geometry":{"type":"Point","coordinates":[-76.4954579303065,39.3354144691107]},"properties":{"OBJECTID":2195,"ID":"123205","NAME":"GOLDEN RING","CITY":"ROSEDALE","STATE":"MD","ZIP":"21237","TYPE":"SUBSTATION","STATUS":"IN SERVICE","COUNTY":"BALTIMORE","COUNTYFIPS":"24005","COUNTRY":"USA","LATITUDE":39.33541446900006,"LONGITUDE":-76.49545792999999,"NAICS_CODE":"221121","NAICS_DESC":"ELECTRIC BULK POWER TRANSMISSION AND CONTROL","SOURCE":"IMAGERY, https://www.pjm.com/-/media/committees-groups/committees/srrtep-ma/20180525/20180525-reliability-analysis-update.ashx","SOURCEDATE":1430179200000,"VAL_METHOD":"IMAGERY","VAL_DATE":1582675200000,"LINES":2,"MAX_VOLT":115,"MIN_VOLT":115,"MAX_INFER":"Y","MIN_INFER":"Y","pnode_id":2156118934,"pnode_name":"GOLDEN","pnode_subtype":"EHV","match_score":70.58823529411764,"pjm_zone":"BGE"}},{"type":"Feature","id":2201,"geometry":{"type":"Point","coordinates":[-76.630473205645,39.2661080896576]},"properties":{"OBJECTID":2201,"ID":"123214","NAME":"WESTPORT","CITY":"BALTIMORE","STATE":"MD","ZIP":"21230","TYPE":"SUBSTATION","STATUS":"IN SERVICE","COUNTY":"BALTIMORE","COUNTYFIPS":"24510","COUNTRY":"USA","LATITUDE":39.266108090000046,"LONGITUDE":-76.63047320599998,"NAICS_CODE":"221121","NAICS_DESC":"ELECTRIC BULK POWER TRANSMISSION AND CONTROL","SOURCE":"IMAGERY, https://www.bge.com/SmartEnergy/InnovationTechnology/Pages/Electric-Investments.aspx","SOURCEDATE":1430179200000,"VAL_METHOD":"IMAGERY","VAL_DATE":1552348800000,"LINES":10,"MAX_VOLT":115,"MIN_VOLT":115,"MAX_INFER":"Y","MIN_INFER":"Y","pnode_id":79463707,"pnode_name":"WESTPORT CT 5","pnode_subtype":"AGGREGATE","match_score":76.19047619047619,"pjm_zone":"BGE"}},{"type":"Feature","id":2209,"geometry":{"type":"Point","coordinates":[-75.9345688680671,38.929943274313]},"properties":{"OBJECTID":2209,"ID":"123229","NAME":"HILLSBORO","CITY":"RIDGELY","STATE":"MD","ZIP":"21660","TYPE":"SUBSTATION","STATUS":"IN SERVICE","COUNTY":"CAROLINE","COUNTYFIPS":"24011","COUNTRY":"USA","LATITUDE":38.92994327400004,"LONGITUDE":-75.93456886799999,"NAICS_CODE":"221121","NAICS_DESC":"ELECTRIC BULK POWER TRANSMISSION AND CONTROL","SOURCE":"IMAGERY, https://pjm.com/-/media/committees-groups/committees/srrtep-ma/20170105/20170105-reliability-analysis-update.ashx","SOURCEDATE":1430265600000,"VAL_METHOD":"IMAGERY","VAL_DATE":1552348800000,"LINES":2,"MAX_VOLT":138,"MIN_VOLT":138,"MAX_INFER":"N","MIN_INFER":"N","pnode_id":51285,"pnode_name":"WELLSBORO","pnode_subtype":"AGGREGATE","match_score":77.77777777777779,"pjm_zone":"DPL"}},{"type":"Feature","id":2246,"geometry":{"type":"Point","coordinates":[-75.8382534858857,37.9940069309364]},"properties":{"OBJECTID":2246,"ID":"123266","NAME":"CRISFIELD","CITY":"CRISFIELD","STATE":"MD","ZIP":"21817","TYPE":"SUBSTATION","STATUS":"IN SERVICE","COUNTY":"SOMERSET","COUNTYFIPS":"24039","COUNTRY":"USA","LATITUDE":37.99400693100006,"LONGITUDE":-75.83825348599999,"NAICS_CODE":"221121","NAICS_DESC":"ELECTRIC BULK POWER TRANSMISSION AND CONTROL","SOURCE":"IMAGERY, EIA 860","SOURCEDATE":1430352000000,"VAL_METHOD":"IMAGERY","VAL_DATE":1622505600000,"LINES":2,"MAX_VOLT":69,"MIN_VOLT":69,"MAX_INFER":"Y","MIN_INFER":"Y","pnode_id":292899,"pnode_name":"CRISFIELD","pnode_subtype":"AGGREGATE","match_score":100.0,"pjm_zone":"DPL"}},{"type":"Feature","id":2247,"geometry":{"type":"Point","coordinates":[-76.5357124020802,39.1820785352964]},"properties":{"OBJECTID":2247,"ID":"123267","NAME":"BRANDON SHORES","CITY":"CURTIS BAY","STATE":"MD","ZIP":"21226","TYPE":"SUBSTATION","STATUS":"IN SERVICE","COUNTY":"ANNE ARUNDEL","COUNTYFIPS":"24003","COUNTRY":"USA","LATITUDE":39.18207853500007,"LONGITUDE":-76.53571240199994,"NAICS_CODE":"221121","NAICS_DESC":"ELECTRIC BULK POWER TRANSMISSION AND CONTROL","SOURCE":"IMAGERY, https://pjm.com/-/media/committees-groups/committees/srrtep-ma/20170105/20170105-reliability-analysis-update.ashx","SOURCEDATE":1430352000000,"VAL_METHOD":"IMAGERY","VAL_DATE":1552435200000,"LINES":14,"MAX_VOLT":230,"MIN_VOLT":230,"MAX_INFER":"Y","MIN_INFER":"Y","pnode_id":51205,"pnode_name":"BRANDONSH","pnode_subtype":"AGGREGATE","match_score":78.26086956521739,"pjm_zone":"BGE"}},{"type":"Feature","id":2248,"geometry":{"type":"Point","coordinates":[-76.5300682350478,39.1776215792682]},"properties":{"OBJECTID":2248,"ID":"123268","NAME":"WAGNER","CITY":"CURTIS BAY","STATE":"MD","ZIP":"21226","TYPE":"SUBSTATION","STATUS":"IN SERVICE","COUNTY":"ANNE ARUNDEL","COUNTYFIPS":"24003","COUNTRY":"USA","LATITUDE":39.17762157900006,"LONGITUDE":-76.53006823499999,"NAICS_CODE":"221121","NAICS_DESC":"ELECTRIC BULK POWER TRANSMISSION AND CONTROL","SOURCE":"IMAGERY, https://pjm.com/-/media/committees-groups/committees/srrtep-ma/20170105/20170105-reliability-analysis-update.ashx","SOURCEDATE":1430352000000,"VAL_METHOD":"IMAGERY","VAL_DATE":1552435200000,"LINES":11,"MAX_VOLT":230,"MIN_VOLT":115,"MAX_INFER":"Y","MIN_INFER":"N","pnode_id":79463699,"pnode_name":"WAGNER 1","pnode_subtype":"AGGREGATE","match_score":85.71428571428572,"pjm_zone":"BGE"}},{"type":"Feature","id":2253,"geometry":{"type":"Point","coordinates":[-84.9326661497026,40.8036883349209]},"properties":{"OBJECTID":2253,"ID":"123276","NAME":"SOUTH DECATUR","CITY":"DECATUR","STATE":"IN","ZIP":"46733","TYPE":"SUBSTATION","STATUS":"IN SERVICE","COUNTY":"ADAMS","COUNTYFIPS":"18001","COUNTRY":"USA","LATITUDE":40.80368833500006,"LONGITUDE":-84.93266614999999,"NAICS_CODE":"221121","NAICS_DESC":"ELECTRIC BULK POWER TRANSMISSION AND CONTROL","SOURCE":"IMAGERY, OpenStreetMap","SOURCEDATE":1430438400000,"VAL_METHOD":"IMAGERY","VAL_DATE":1586822400000,"LINES":0,"MAX_VOLT":-999999,"MIN_VOLT":-999999,"MAX_INFER":"N","MIN_INFER":"N","pnode_id":1775813090,"pnode_name":"DECATUR 69 KV   T1","pnode_subtype":"LOAD","match_score":100.0,"pjm_zone":"AEP"}},{"type":"Feature","id":2279,"geometry":{"type":"Point","coordinates":[-86.7526926675767,40.656500761776]},"properties":{"OBJECTID":2279,"ID":"123376","NAME":"OAKDALE","CITY":"MONTICELLO","STATE":"IN","ZIP":"47960","TYPE":"SUBSTATION","STATUS":"IN SERVICE","COUNTY":"CARROLL","COUNTYFIPS":"18015","COUNTRY":"USA","LATITUDE":40.656500762000064,"LONGITUDE":-86.75269266799995,"NAICS_CODE":"221121","NAICS_DESC":"ELECTRIC BULK POWER TRANSMISSION AND CONTROL","SOURCE":"IMAGERY, EIA 860","SOURCEDATE":1430784000000,"VAL_METHOD":"IMAGERY","VAL_DATE":1622505600000,"LINES":3,"MAX_VOLT":69,"MIN_VOLT":69,"MAX_INFER":"Y","MIN_INFER":"Y","pnode_id":135388923,"pnode_name":"OAKDAL  69 KV   TR2","pnode_subtype":"LOAD","match_score":97.3076923076923,"pjm_zone":"COMED"}},{"type":"Feature","id":2335,"geometry":{"type":"Point","coordinates":[-76.3050050145689,39.7395073927123]},"properties":{"OBJECTID":2335,"ID":"123450","NAME":"DELTA YORK EC","CITY":"DELTA","STATE":"PA","ZIP":"17314","TYPE":"SUBSTATION","STATUS":"IN SERVICE","COUNTY":"YORK","COUNTYFIPS":"42133","COUNTRY":"USA","LATITUDE":39.73950739300005,"LONGITUDE":-76.30500501499995,"NAICS_CODE":"221121","NAICS_DESC":"ELECTRIC BULK POWER TRANSMISSION AND CONTROL","SOURCE":"OpenStreetMap","SOURCEDATE":1430784000000,"VAL_METHOD":"IMAGERY","VAL_DATE":1582761600000,"LINES":2,"MAX_VOLT":500,"MIN_VOLT":500,"MAX_INFER":"Y","MIN_INFER":"Y","pnode_id":2156115352,"pnode_name":"YORK    69 KV   T1","pnode_subtype":"LOAD","match_score":100.0,"pjm_zone":"PECO"}},{"type":"Feature","id":2345,"geometry":{"type":"Point","coordinates":[-77.1645501878189,39.8681698289057]},"properties":{"OBJECTID":2345,"ID":"123463","NAME":"HUNTERSTOWN","CITY":"GETTYSBURG","STATE":"PA","ZIP":"17325","TYPE":"SUBSTATION","STATUS":"IN SERVICE","COUNTY":"ADAMS","COUNTYFIPS":"42001","COUNTRY":"USA","LATITUDE":39.86816982900007,"LONGITUDE":-77.16455018799996,"NAICS_CODE":"221121","NAICS_DESC":"ELECTRIC BULK POWER TRANSMISSION AND CONTROL","SOURCE":"OpenStreetMap, EIA 860","SOURCEDATE":1430784000000,"VAL_METHOD":"IMAGERY","VAL_DATE":1622505600000,"LINES":7,"MAX_VOLT":115,"MIN_VOLT":115,"MAX_INFER":"Y","MIN_INFER":"Y","pnode_id":52456,"pnode_name":"HUNTERSTOWN","pnode_subtype":"EHV","match_score":100.0,"pjm_zone":"METED"}},{"type":"Feature","id":2359,"geometry":{"type":"Point","coordinates":[-79.8551050373394,39.7211471362622]},"properties":{"OBJECTID":2359,"ID":"123485","NAME":"LAKE LYNN HYDRO STATION","CITY":"LAKE LYNN","STATE":"PA","ZIP":"15451","TYPE":"SUBSTATION","STATUS":"IN SERVICE","COUNTY":"FAYETTE","COUNTYFIPS":"42051","COUNTRY":"USA","LATITUDE":39.72114713600007,"LONGITUDE":-79.85510503699999,"NAICS_CODE":"221121","NAICS_DESC":"ELECTRIC BULK POWER TRANSMISSION AND CONTROL","SOURCE":"OpenStreetMap, EIA 860","SOURCEDATE":1430784000000,"VAL_METHOD":"IMAGERY","VAL_DATE":1622505600000,"LINES":9,"MAX_VOLT":138,"MIN_VOLT":138,"MAX_INFER":"Y","MIN_INFER":"Y","pnode_id":2156113028,"pnode_name":"LYNN    69 KV   T1","pnode_subtype":"LOAD","match_score":100.0,"pjm_zone":"APS"}},{"type":"Feature","id":2391,"geometry":{"type":"Point","coordinates":[-79.8064913690462,41.2911774038907]},"properties":{"OBJECTID":2391,"ID":"123530","NAME":"HANDSOME LAKE ENERGY LLC","CITY":"ROCKLAND TWP","STATE":"PA","ZIP":"16374","TYPE":"SUBSTATION","STATUS":"IN SERVICE","COUNTY":"VENANGO","COUNTYFIPS":"42121","COUNTRY":"USA","LATITUDE":41.29117740400005,"LONGITUDE":-79.80649136899996,"NAICS_CODE":"221121","NAICS_DESC":"ELECTRIC BULK POWER TRANSMISSION AND CONTROL","SOURCE":"IMAGERY, EIA 860","SOURCEDATE":1430870400000,"VAL_METHOD":"IMAGERY","VAL_DATE":1622505600000,"LINES":2,"MAX_VOLT":345,"MIN_VOLT":345,"MAX_INFER":"Y","MIN_INFER":"Y","pnode_id":1104241,"pnode_name":"HANDSOME LAKE","pnode_subtype":"AGGREGATE","match_score":70.27027027027026,"pjm_zone":"PENELEC"}},{"type":"Feature","id":2392,"geometry":{"type":"Point","coordinates":[-79.4363781067019,41.1912214019107]},"properties":{"OBJECTID":2392,"ID":"123531","NAME":"PINEY","CITY":"PINEY TWP","STATE":"PA","ZIP":"16255","TYPE":"SUBSTATION","STATUS":"IN SERVICE","COUNTY":"CLARION","COUNTYFIPS":"42031","COUNTRY":"USA","LATITUDE":41.19122140200005,"LONGITUDE":-79.43637810699994,"NAICS_CODE":"221121","NAICS_DESC":"ELECTRIC BULK POWER TRANSMISSION AND CONTROL","SOURCE":"IMAGERY, EIA 860","SOURCEDATE":1430870400000,"VAL_METHOD":"IMAGERY","VAL_DATE":1622505600000,"LINES":7,"MAX_VOLT":115,"MIN_VOLT":115,"MAX_INFER":"Y","MIN_INFER":"Y","pnode_id":32412259,"pnode_name":"PINEYF  69 KV   T1","pnode_subtype":"LOAD","match_score":90.9090909090909,"pjm_zone":"PENELEC"}},{"type":"Feature","id":2473,"geometry":{"type":"Point","coordinates":[-76.2421575055645,40.8285277517113]},"properties":{"OBJECTID":2473,"ID":"123635","NAME":"LOCUST RIDGE II LLC","CITY":"WEST MAHANOY TWP","STATE":"PA","ZIP":"17976","TYPE":"SUBSTATION","STATUS":"IN SERVICE","COUNTY":"SCHUYLKILL","COUNTYFIPS":"42107","COUNTRY":"USA","LATITUDE":40.82852775200007,"LONGITUDE":-76.24215750599996,"NAICS_CODE":"221121","NAICS_DESC":"ELECTRIC BULK POWER TRANSMISSION AND CONTROL","SOURCE":"OpenStreetMap, EIA 860","SOURCEDATE":1430784000000,"VAL_METHOD":"IMAGERY","VAL_DATE":1622505600000,"LINES":2,"MAX_VOLT":69,"MIN_VOLT":69,"MAX_INFER":"Y","MIN_INFER":"Y","pnode_id":123901285,"pnode_name":"LOCUST  69 KV   LD3","pnode_subtype":"LOAD","match_score":100.0,"pjm_zone":"PPL"}},{"type":"Feature","id":2494,"geometry":{"type":"Point","coordinates":[-76.0695360062829,41.201963617143]},"properties":{"OBJECTID":2494,"ID":"123663","NAME":"HUNLOCK UNIT 4","CITY":"HUNLOCK CREEK","STATE":"PA","ZIP":"18621","TYPE":"SUBSTATION","STATUS":"IN SERVICE","COUNTY":"LUZERNE","COUNTYFIPS":"42079","COUNTRY":"USA","LATITUDE":41.20196361700005,"LONGITUDE":-76.06953600599996,"NAICS_CODE":"221121","NAICS_DESC":"ELECTRIC BULK POWER TRANSMISSION AND CONTROL","SOURCE":"OpenStreetMap, EIA 860","SOURCEDATE":1430784000000,"VAL_METHOD":"IMAGERY","VAL_DATE":1622505600000,"LINES":5,"MAX_VOLT":69,"MIN_VOLT":69,"MAX_INFER":"Y","MIN_INFER":"Y","pnode_id":684784,"pnode_name":"HUNLOCK 4","pnode_subtype":"AGGREGATE","match_score":78.26086956521739,"pjm_zone":"UGI"}},{"type":"Feature","id":2538,"geometry":{"type":"Point","coordinates":[-75.4562130363926,40.6079223316604]},"properties":{"OBJECTID":2538,"ID":"123713","NAME":"TALENENERGY MARTIN CREEK LLC ALLENTOWN","CITY":"ALLENTOWN","STATE":"PA","ZIP":"18102","TYPE":"SUBSTATION","STATUS":"IN SERVICE","COUNTY":"LEHIGH","COUNTYFIPS":"42077","COUNTRY":"USA","LATITUDE":40.607922332000044,"LONGITUDE":-75.45621303599995,"NAICS_CODE":"221121","NAICS_DESC":"ELECTRIC BULK POWER TRANSMISSION AND CONTROL","SOURCE":"OpenStreetMap, EIA 860","SOURCEDATE":1430784000000,"VAL_METHOD":"IMAGERY","VAL_DATE":1622505600000,"LINES":2,"MAX_VOLT":138,"MIN_VOLT":138,"MAX_INFER":"Y","MIN_INFER":"Y","pnode_id":32411895,"pnode_name":"MARTIN  46 KV   T1","pnode_subtype":"LOAD","match_score":100.0,"pjm_zone":"PPL"}},{"type":"Feature","id":2638,"geometry":{"type":"Point","coordinates":[-78.0344111340913,40.5412372102707]},"properties":{"OBJECTID":2638,"ID":"123847","NAME":"WARRIOR RIDGE HYDRO","CITY":"LOGAN TWP","STATE":"PA","ZIP":"16669","TYPE":"SUBSTATION","STATUS":"IN SERVICE","COUNTY":"HUNTINGDON","COUNTYFIPS":"42061","COUNTRY":"USA","LATITUDE":40.54123721000008,"LONGITUDE":-78.03441113399998,"NAICS_CODE":"221121","NAICS_DESC":"ELECTRIC BULK POWER TRANSMISSION AND CONTROL","SOURCE":"OpenStreetMap, EIA 860","SOURCEDATE":1430784000000,"VAL_METHOD":"IMAGERY","VAL_DATE":1622505600000,"LINES":2,"MAX_VOLT":-999999,"MIN_VOLT":-999999,"MAX_INFER":"N","MIN_INFER":"N","pnode_id":31447023,"pnode_name":"WARRIOR RIDGE","pnode_subtype":"AGGREGATE","match_score":81.25,"pjm_zone":"PENELEC"}},{"type":"Feature","id":2644,"geometry":{"type":"Point","coordinates":[-76.3669637888217,40.351118238234]},"properties":{"OBJECTID":2644,"ID":"123854","NAME":"IRONWOOD LLC","CITY":"SOUTH LEBANON TWP","STATE":"PA","ZIP":"17042","TYPE":"SUBSTATION","STATUS":"IN SERVICE","COUNTY":"LEBANON","COUNTYFIPS":"42075","COUNTRY":"USA","LATITUDE":40.351118238000026,"LONGITUDE":-76.36696378899995,"NAICS_CODE":"221121","NAICS_DESC":"ELECTRIC BULK POWER TRANSMISSION AND CONTROL","SOURCE":"OpenStreetMap, EIA 860","SOURCEDATE":1430784000000,"VAL_METHOD":"IMAGERY","VAL_DATE":1622505600000,"LINES":3,"MAX_VOLT":230,"MIN_VOLT":230,"MAX_INFER":"Y","MIN_INFER":"Y","pnode_id":1080786,"pnode_name":"IRONWOOD","pnode_subtype":"AGGREGATE","match_score":80.0,"pjm_zone":"METED"}},{"type":"Feature","id":2693,"geometry":{"type":"Point","coordinates":[-76.8233273262219,38.4374326637802]},"properties":{"OBJECTID":2693,"ID":"123928","NAME":"RYCEVILLE","CITY":"MECHANICSVILLE","STATE":"MD","ZIP":"20659","TYPE":"SUBSTATION","STATUS":"IN SERVICE","COUNTY":"CHARLES","COUNTYFIPS":"24017","COUNTRY":"USA","LATITUDE":38.43743266400003,"LONGITUDE":-76.82332732599997,"NAICS_CODE":"221121","NAICS_DESC":"ELECTRIC BULK POWER TRANSMISSION AND CONTROL","SOURCE":"IMAGERY, https://www.pjm.com/-/media/committees-groups/committees/teac/20180208/20180208-reliability-analysis-update.ashx","SOURCEDATE":1430870400000,"VAL_METHOD":"IMAGERY","VAL_DATE":1552435200000,"LINES":6,"MAX_VOLT":230,"MIN_VOLT":230,"MAX_INFER":"N","MIN_INFER":"N","pnode_id":33092305,"pnode_name":"ROCHELLE","pnode_subtype":"AGGREGATE","match_score":70.58823529411764,"pjm_zone":"PEPCO"}},{"type":"Feature","id":2728,"geometry":{"type":"Point","coordinates":[-77.4080718811613,39.6232382911461]},"properties":{"OBJECTID":2728,"ID":"123965","NAME":"THURMONT","CITY":"THURMONT","STATE":"MD","ZIP":"21788","TYPE":"SUBSTATION","STATUS":"IN SERVICE","COUNTY":"FREDERICK","COUNTYFIPS":"24021","COUNTRY":"USA","LATITUDE":39.623238291000064,"LONGITUDE":-77.40807188099996,"NAICS_CODE":"221121","NAICS_DESC":"ELECTRIC BULK POWER TRANSMISSION AND CONTROL","SOURCE":"IMAGERY","SOURCEDATE":1430956800000,"VAL_METHOD":"IMAGERY","VAL_DATE":1587686400000,"LINES":2,"MAX_VOLT":-999999,"MIN_VOLT":-999999,"MAX_INFER":"Y","MIN_INFER":"Y","pnode_id":22465574,"pnode_name":"THURMONT - AP","pnode_subtype":"AGGREGATE","match_score":76.19047619047619,"pjm_zone":"APS"}},{"type":"Feature","id":2729,"geometry":{"type":"Point","coordinates":[-76.0691372216704,38.7949768443299]},"properties":{"OBJECTID":2729,"ID":"123966","NAME":"EASTON 2","CITY":"EASTON","STATE":"MD","ZIP":"21601","TYPE":"SUBSTATION","STATUS":"IN SERVICE","COUNTY":"TALBOT","COUNTYFIPS":"24041","COUNTRY":"USA","LATITUDE":38.794976844000075,"LONGITUDE":-76.06913722199994,"NAICS_CODE":"221121","NAICS_DESC":"ELECTRIC BULK POWER TRANSMISSION AND CONTROL","SOURCE":"IMAGERY, EIA 860","SOURCEDATE":1430956800000,"VAL_METHOD":"IMAGERY","VAL_DATE":1622505600000,"LINES":0,"MAX_VOLT":-999999,"MIN_VOLT":-999999,"MAX_INFER":"N","MIN_INFER":"N","pnode_id":51218,"pnode_name":"EASTON","pnode_subtype":"AGGREGATE","match_score":85.71428571428572,"pjm_zone":"DPL"}},{"type":"Feature","id":2738,"geometry":{"type":"Point","coordinates":[-85.643825502264,40.5160470189115]},"properties":{"OBJECTID":2738,"ID":"123992","NAME":"DEER CREEK","CITY":"MARION","STATE":"IN","ZIP":"46953","TYPE":"SUBSTATION","STATUS":"IN SERVICE","COUNTY":"GRANT","COUNTYFIPS":"18053","COUNTRY":"USA","LATITUDE":40.51604701900004,"LONGITUDE":-85.64382550199997,"NAICS_CODE":"221121","NAICS_DESC":"ELECTRIC BULK POWER TRANSMISSION AND CONTROL","SOURCE":"IMAGERY, https://aeptransmission.com/indiana/Roanoke-Marion/docs/Roanoke-Marion_FactSheet_V5.pdf","SOURCEDATE":1430870400000,"VAL_METHOD":"IMAGERY","VAL_DATE":1550620800000,"LINES":4,"MAX_VOLT":138,"MIN_VOLT":138,"MAX_INFER":"Y","MIN_INFER":"Y","pnode_id":2041966750,"pnode_name":"DEER    69 KV   T1","pnode_subtype":"LOAD","match_score":100.0,"pjm_zone":"AEP"}},{"type":"Feature","id":2746,"geometry":{"type":"Point","coordinates":[-85.6695928793833,40.0680265661607]},"properties":{"OBJECTID":2746,"ID":"124024","NAME":"MEADOWBROOK","CITY":"ANDERSON","STATE":"IN","ZIP":"46013","TYPE":"SUBSTATION","STATUS":"IN SERVICE","COUNTY":"MADISON","COUNTYFIPS":"18095","COUNTRY":"USA","LATITUDE":40.06802656600007,"LONGITUDE":-85.66959287899994,"NAICS_CODE":"221121","NAICS_DESC":"ELECTRIC BULK POWER TRANSMISSION AND CONTROL","SOURCE":"IMAGERY","SOURCEDATE":1430956800000,"VAL_METHOD":"IMAGERY","VAL_DATE":1586822400000,"LINES":4,"MAX_VOLT":138,"MIN_VOLT":138,"MAX_INFER":"Y","MIN_INFER":"Y","pnode_id":5022440,"pnode_name":"MEADOWBROOK","pnode_subtype":"EHV","match_score":100.0,"pjm_zone":"AEP"}},{"type":"Feature","id":2747,"geometry":{"type":"Point","coordinates":[-85.6450687400744,40.0869624858647]},"properties":{"OBJECTID":2747,"ID":"124025","NAME":"MADISON","CITY":"ANDERSON","STATE":"IN","ZIP":"46016","TYPE":"SUBSTATION","STATUS":"IN SERVICE","COUNTY":"MADISON","COUNTYFIPS":"18095","COUNTRY":"USA","LATITUDE":40.08696248600006,"LONGITUDE":-85.64506873999994,"NAICS_CODE":"221121","NAICS_DESC":"ELECTRIC BULK POWER TRANSMISSION AND CONTROL","SOURCE":"IMAGERY, OpenStreetMap, https://aeptransmission.com/indiana/Muncie-Anderson/docs/Muncie-Anderson_FactSheet_V6.pdf#view=Fit","SOURCEDATE":1430956800000,"VAL_METHOD":"IMAGERY","VAL_DATE":1550620800000,"LINES":7,"MAX_VOLT":138,"MIN_VOLT":138,"MAX_INFER":"Y","MIN_INFER":"Y","pnode_id":130204739,"pnode_name":"MADISON","pnode_subtype":"AGGREGATE","match_score":100.0,"pjm_zone":"AEP"}},{"type":"Feature","id":2751,"geometry":{"type":"Point","coordinates":[-85.3422289582917,40.1481254697519]},"properties":{"OBJECTID":2751,"ID":"124029","NAME":"AEP MEDFORD SUBSTATION","CITY":"MUNCIE","STATE":"IN","ZIP":"47302","TYPE":"SUBSTATION","STATUS":"IN SERVICE","COUNTY":"DELAWARE","COUNTYFIPS":"18035","COUNTRY":"USA","LATITUDE":40.148125470000025,"LONGITUDE":-85.34222895799996,"NAICS_CODE":"221121","NAICS_DESC":"ELECTRIC BULK POWER TRANSMISSION AND CONTROL","SOURCE":"IMAGERY, OpenStreetMap","SOURCEDATE":1430956800000,"VAL_METHOD":"IMAGERY","VAL_DATE":1586822400000,"LINES":4,"MAX_VOLT":138,"MIN_VOLT":138,"MAX_INFER":"Y","MIN_INFER":"Y","pnode_id":32411941,"pnode_name":"MEDFORD 138 KV  T1","pnode_subtype":"LOAD","match_score":100.0,"pjm_zone":"AEP"}},{"type":"Feature","id":2756,"geometry":{"type":"Point","coordinates":[-85.4076758656399,40.2383232470935]},"properties":{"OBJECTID":2756,"ID":"124045","NAME":"DELAWARE","CITY":"MUNCIE","STATE":"IN","ZIP":"47303","TYPE":"SUBSTATION","STATUS":"IN SERVICE","COUNTY":"DELAWARE","COUNTYFIPS":"18035","COUNTRY":"USA","LATITUDE":40.23832324700004,"LONGITUDE":-85.40767586599998,"NAICS_CODE":"221121","NAICS_DESC":"ELECTRIC BULK POWER TRANSMISSION AND CONTROL","SOURCE":"IMAGERY, OpenStreetMap","SOURCEDATE":1431302400000,"VAL_METHOD":"IMAGERY","VAL_DATE":1550620800000,"LINES":6,"MAX_VOLT":138,"MIN_VOLT":138,"MAX_INFER":"Y","MIN_INFER":"Y","pnode_id":734113,"pnode_name":"DELAWARE 8","pnode_subtype":"AGGREGATE","match_score":88.88888888888889,"pjm_zone":"AEP"}},{"type":"Feature","id":2773,"geometry":{"type":"Point","coordinates":[-82.5900304266891,38.4023824156626]},"properties":{"OBJECTID":2773,"ID":"124103","NAME":"KENOVA","CITY":"KENOVA","STATE":"WV","ZIP":"25530","TYPE":"SUBSTATION","STATUS":"IN SERVICE","COUNTY":"WAYNE","COUNTYFIPS":"54099","COUNTRY":"USA","LATITUDE":38.40238241600008,"LONGITUDE":-82.59003042699999,"NAICS_CODE":"221121","NAICS_DESC":"ELECTRIC BULK POWER TRANSMISSION AND CONTROL","SOURCE":"IMAGERY, http://www.pjm.com/-/media/markets-ops/trans-service/trans-fac/aepsct.ashx","SOURCEDATE":1430870400000,"VAL_METHOD":"IMAGERY","VAL_DATE":1508803200000,"LINES":5,"MAX_VOLT":138,"MIN_VOLT":69,"MAX_INFER":"Y","MIN_INFER":"Y","pnode_id":32411743,"pnode_name":"KENOVA  138 KV  T7","pnode_subtype":"LOAD","match_score":100.0,"pjm_zone":"AEP"}},{"type":"Feature","id":2783,"geometry":{"type":"Point","coordinates":[-89.102959322909,42.2397893579242]},"properties":{"OBJECTID":2783,"ID":"124166","NAME":"NRG ROCKFORD I","CITY":"ROCKFORD","STATE":"IL","ZIP":"61104","TYPE":"SUBSTATION","STATUS":"IN SERVICE","COUNTY":"WINNEBAGO","COUNTYFIPS":"17201","COUNTRY":"USA","LATITUDE":42.23978935800005,"LONGITUDE":-89.10295932299994,"NAICS_CODE":"221121","NAICS_DESC":"ELECTRIC BULK POWER TRANSMISSION AND CONTROL","SOURCE":"IMAGERY, EIA 860","SOURCEDATE":1431302400000,"VAL_METHOD":"IMAGERY","VAL_DATE":1622505600000,"LINES":2,"MAX_VOLT":138,"MIN_VOLT":138,"MAX_INFER":"Y","MIN_INFER":"Y","pnode_id":33138787,"pnode_name":"ROCKFORD","pnode_subtype":"AGGREGATE","match_score":72.72727272727273,"pjm_zone":"COMED"}},{"type":"Feature","id":2845,"geometry":{"type":"Point","coordinates":[-77.6054536751619,39.9386124191667]},"properties":{"OBJECTID":2845,"ID":"124393","NAME":"GRAND POINT","CITY":"GREENE TWP","STATE":"PA","ZIP":"17202","TYPE":"SUBSTATION","STATUS":"IN SERVICE","COUNTY":"FRANKLIN","COUNTYFIPS":"42055","COUNTRY":"USA","LATITUDE":39.93861241900004,"LONGITUDE":-77.60545367499998,"NAICS_CODE":"221121","NAICS_DESC":"ELECTRIC BULK POWER TRANSMISSION AND CONTROL","SOURCE":"IMAGERY, http://www.pjm.com/","SOURCEDATE":1431993600000,"VAL_METHOD":"IMAGERY","VAL_DATE":1521676800000,"LINES":4,"MAX_VOLT":138,"MIN_VOLT":138,"MAX_INFER":"Y","MIN_INFER":"Y","pnode_id":12580877,"pnode_name":"GRAND POINT","pnode_subtype":"AGGREGATE","match_score":100.0,"pjm_zone":"APS"}},{"type":"Feature","id":2846,"geometry":{"type":"Point","coordinates":[-77.6908770393206,39.8639276417069]},"properties":{"OBJECTID":2846,"ID":"124394","NAME":"GUILFORD","CITY":"GUILFORD TWP","STATE":"PA","ZIP":"17202","TYPE":"SUBSTATION","STATUS":"IN SERVICE","COUNTY":"FRANKLIN","COUNTYFIPS":"42055","COUNTRY":"USA","LATITUDE":39.86392764200008,"LONGITUDE":-77.69087703899999,"NAICS_CODE":"221121","NAICS_DESC":"ELECTRIC BULK POWER TRANSMISSION AND CONTROL","SOURCE":"IMAGERY, http://www.pjm.com/","SOURCEDATE":1431993600000,"VAL_METHOD":"IMAGERY","VAL_DATE":1521676800000,"LINES":5,"MAX_VOLT":138,"MIN_VOLT":69,"MAX_INFER":"Y","MIN_INFER":"Y","pnode_id":1356155576,"pnode_name":"GUILFRD 138 KV  GUILFORD","pnode_subtype":"LOAD","match_score":98.33333333333333,"pjm_zone":"APS"}},{"type":"Feature","id":2892,"geometry":{"type":"Point","coordinates":[-85.3533430389543,39.9160791171166]},"properties":{"OBJECTID":2892,"ID":"124473","NAME":"NEW CASTLE","CITY":"NEW CASTLE","STATE":"IN","ZIP":"47362","TYPE":"SUBSTATION","STATUS":"IN SERVICE","COUNTY":"HENRY","COUNTYFIPS":"18065","COUNTRY":"USA","LATITUDE":39.91607911700004,"LONGITUDE":-85.35334303899998,"NAICS_CODE":"221121","NAICS_DESC":"ELECTRIC BULK POWER TRANSMISSION AND CONTROL","SOURCE":"IMAGERY, OpenStreetMap","SOURCEDATE":1431388800000,"VAL_METHOD":"IMAGERY","VAL_DATE":1586822400000,"LINES":8,"MAX_VOLT":138,"MIN_VOLT":69,"MAX_INFER":"Y","MIN_INFER":"Y","pnode_id":124575225,"pnode_name":"NEW CASTLE 3","pnode_subtype":"AGGREGATE","match_score":90.9090909090909,"pjm_zone":"AEP"}},{"type":"Feature","id":2911,"geometry":{"type":"Point","coordinates":[-77.6157933882867,39.9976383479635]},"properties":{"OBJECTID":2911,"ID":"124541","NAME":"GREENE","CITY":"GREENE TWP","STATE":"PA","ZIP":"17202","TYPE":"SUBSTATION","STATUS":"IN SERVICE","COUNTY":"FRANKLIN","COUNTYFIPS":"42055","COUNTRY":"USA","LATITUDE":39.997638348000066,"LONGITUDE":-77.61579338799999,"NAICS_CODE":"221121","NAICS_DESC":"ELECTRIC BULK POWER TRANSMISSION AND CONTROL","SOURCE":"IMAGERY, http://www.pjm.com/","SOURCEDATE":1431648000000,"VAL_METHOD":"IMAGERY","VAL_DATE":1521676800000,"LINES":3,"MAX_VOLT":138,"MIN_VOLT":138,"MAX_INFER":"Y","MIN_INFER":"Y","pnode_id":2156109503,"pnode_name":"GREENECC","pnode_subtype":"EHV","match_score":85.71428571428572,"pjm_zone":"APS"}},{"type":"Feature","id":2919,"geometry":{"type":"Point","coordinates":[-79.8379149434362,39.747336296662]},"properties":{"OBJECTID":2919,"ID":"124593","NAME":"GANS","CITY":"LAKE LYNN","STATE":"PA","ZIP":"15451","TYPE":"SUBSTATION","STATUS":"IN SERVICE","COUNTY":"FAYETTE","COUNTYFIPS":"42051","COUNTRY":"USA","LATITUDE":39.74733629700006,"LONGITUDE":-79.83791494299999,"NAICS_CODE":"221121","NAICS_DESC":"ELECTRIC BULK POWER TRANSMISSION AND CONTROL","SOURCE":"IMAGERY, EIA 860","SOURCEDATE":1432080000000,"VAL_METHOD":"IMAGERY","VAL_DATE":1622505600000,"LINES":3,"MAX_VOLT":138,"MIN_VOLT":138,"MAX_INFER":"Y","MIN_INFER":"Y","pnode_id":9380549,"pnode_name":"GANS CC","pnode_subtype":"AGGREGATE","match_score":72.72727272727273,"pjm_zone":"APS"}},{"type":"Feature","id":2926,"geometry":{"type":"Point","coordinates":[-80.0983632467242,40.7229111161639]},"properties":{"OBJECTID":2926,"ID":"124622","NAME":"CRANBERRY","CITY":"CRANBERRY TWP","STATE":"PA","ZIP":"16066","TYPE":"SUBSTATION","STATUS":"IN SERVICE","COUNTY":"BUTLER","COUNTYFIPS":"42019","COUNTRY":"USA","LATITUDE":40.722911116000034,"LONGITUDE":-80.09836324699995,"NAICS_CODE":"221121","NAICS_DESC":"ELECTRIC BULK POWER TRANSMISSION AND CONTROL","SOURCE":"IMAGERY, https://www.firstenergycorp.com/about/transmission_projects/pennsylvania/cranberry-pine.html","SOURCEDATE":1432252800000,"VAL_METHOD":"IMAGERY","VAL_DATE":1550707200000,"LINES":4,"MAX_VOLT":500,"MIN_VOLT":138,"MAX_INFER":"N","MIN_INFER":"Y","pnode_id":1076374013,"pnode_name":"CRANBERRY","pnode_subtype":"EHV","match_score":100.0,"pjm_zone":"FE-ATSI"}},{"type":"Feature","id":2998,"geometry":{"type":"Point","coordinates":[-76.7118613330559,40.1134731520747]},"properties":{"OBJECTID":2998,"ID":"124870","NAME":"YORK HAVEN","CITY":"YORK HAVEN","STATE":"PA","ZIP":"17370","TYPE":"SUBSTATION","STATUS":"IN SERVICE","COUNTY":"YORK","COUNTYFIPS":"42133","COUNTRY":"USA","LATITUDE":40.11347315200004,"LONGITUDE":-76.71186133299994,"NAICS_CODE":"221121","NAICS_DESC":"ELECTRIC BULK POWER TRANSMISSION AND CONTROL","SOURCE":"IMAGERY, EIA 860","SOURCEDATE":1432771200000,"VAL_METHOD":"IMAGERY","VAL_DATE":1622505600000,"LINES":2,"MAX_VOLT":115,"MIN_VOLT":115,"MAX_INFER":"Y","MIN_INFER":"Y","pnode_id":51290,"pnode_name":"YORK HAVEN","pnode_subtype":"AGGREGATE","match_score":100.0,"pjm_zone":"METED"}},{"type":"Feature","id":3000,"geometry":{"type":"Point","coordinates":[-76.2993654028933,39.8077487892732]},"properties":{"OBJECTID":3000,"ID":"124872","NAME":"MUDDY RUN","CITY":"ELK GROVE VILLAGE","STATE":"PA","ZIP":"60007","TYPE":"SUBSTATION","STATUS":"IN SERVICE","COUNTY":"LANCASTER","COUNTYFIPS":"42071","COUNTRY":"USA","LATITUDE":39.80774878900007,"LONGITUDE":-76.29936540299997,"NAICS_CODE":"221121","NAICS_DESC":"ELECTRIC BULK POWER TRANSMISSION AND CONTROL","SOURCE":"IMAGERY, https://www.pjm.com/-/media/committees-groups/committees/srrtep-ma/20180525/20180525-reliability-analysis-update.ashx","SOURCEDATE":1432771200000,"VAL_METHOD":"IMAGERY","VAL_DATE":1582761600000,"LINES":3,"MAX_VOLT":230,"MIN_VOLT":230,"MAX_INFER":"Y","MIN_INFER":"Y","pnode_id":734134,"pnode_name":"MUDDY RUN","pnode_subtype":"AGGREGATE","match_score":100.0,"pjm_zone":"PPL"}},{"type":"Feature","id":3011,"geometry":{"type":"Point","coordinates":[-84.2699603910408,36.9613391501158]},"properties":{"OBJECTID":3011,"ID":"124921","NAME":"LAUREL DAM","CITY":"LONDON","STATE":"KY","ZIP":"40744","TYPE":"SUBSTATION","STATUS":"IN SERVICE","COUNTY":"LAUREL","COUNTYFIPS":"21125","COUNTRY":"USA","LATITUDE":36.96133915000007,"LONGITUDE":-84.26996039099998,"NAICS_CODE":"221121","NAICS_DESC":"ELECTRIC BULK POWER TRANSMISSION AND CONTROL","SOURCE":"IMAGERY, EIA 860","SOURCEDATE":1433376000000,"VAL_METHOD":"IMAGERY","VAL_DATE":1622505600000,"LINES":3,"MAX_VOLT":161,"MIN_VOLT":161,"MAX_INFER":"Y","MIN_INFER":"Y","pnode_id":1123180719,"pnode_name":"LAURELDM13.8 KV LAUREL","pnode_subtype":"GEN","match_score":75.0,"pjm_zone":"LGE"}},{"type":"Feature","id":3024,"geometry":{"type":"Point","coordinates":[-74.7897030265887,40.177031233906]},"properties":{"OBJECTID":3024,"ID":"124954","NAME":"FALLS","CITY":"MORRISVILLE","STATE":"PA","ZIP":"19067","TYPE":"SUBSTATION","STATUS":"IN SERVICE","COUNTY":"BUCKS","COUNTYFIPS":"42017","COUNTRY":"USA","LATITUDE":40.177031234000026,"LONGITUDE":-74.78970302699997,"NAICS_CODE":"221121","NAICS_DESC":"ELECTRIC BULK POWER TRANSMISSION AND CONTROL","SOURCE":"IMAGERY, EIA 860","SOURCEDATE":1433808000000,"VAL_METHOD":"IMAGERY","VAL_DATE":1622505600000,"LINES":3,"MAX_VOLT":138,"MIN_VOLT":138,"MAX_INFER":"Y","MIN_INFER":"Y","pnode_id":34509199,"pnode_name":"JOSHUA FALLS","pnode_subtype":"EHV","match_score":100.0,"pjm_zone":"PECO"}},{"type":"Feature","id":3040,"geometry":{"type":"Point","coordinates":[-76.0409746153051,40.9288113766633]},"properties":{"OBJECTID":3040,"ID":"124997","NAME":"HAZELTON","CITY":"HAZLETON","STATE":"PA","ZIP":"18202","TYPE":"SUBSTATION","STATUS":"IN SERVICE","COUNTY":"LUZERNE","COUNTYFIPS":"42079","COUNTRY":"USA","LATITUDE":40.928811377000045,"LONGITUDE":-76.04097461499998,"NAICS_CODE":"221121","NAICS_DESC":"ELECTRIC BULK POWER TRANSMISSION AND CONTROL","SOURCE":"IMAGERY, EIA 860","SOURCEDATE":1434585600000,"VAL_METHOD":"IMAGERY","VAL_DATE":1622505600000,"LINES":3,"MAX_VOLT":-999999,"MIN_VOLT":-999999,"MAX_INFER":"N","MIN_INFER":"N","pnode_id":51228,"pnode_name":"HAZELTON","pnode_subtype":"AGGREGATE","match_score":100.0,"pjm_zone":"PPL"}},{"type":"Feature","id":3041,"geometry":{"type":"Point","coordinates":[-75.993475128357,40.8730579523032]},"properties":{"OBJECTID":3041,"ID":"124998","NAME":"KLINE TOWNSHIP COGEN FACILITY","CITY":"MCADOO","STATE":"PA","ZIP":"18237","TYPE":"SUBSTATION","STATUS":"IN SERVICE","COUNTY":"SCHUYLKILL","COUNTYFIPS":"42107","COUNTRY":"USA","LATITUDE":40.87305795200007,"LONGITUDE":-75.99347512799994,"NAICS_CODE":"221121","NAICS_DESC":"ELECTRIC BULK POWER TRANSMISSION AND CONTROL","SOURCE":"IMAGERY, EIA 860","SOURCEDATE":1434585600000,"VAL_METHOD":"IMAGERY","VAL_DATE":1622505600000,"LINES":2,"MAX_VOLT":69,"MIN_VOLT":69,"MAX_INFER":"Y","MIN_INFER":"Y","pnode_id":32411763,"pnode_name":"KLINE   138 KV  T1","pnode_subtype":"LOAD","match_score":100.0,"pjm_zone":"PPL"}},{"type":"Feature","id":3047,"geometry":{"type":"Point","coordinates":[-76.7174582657724,40.0012627741632]},"properties":{"OBJECTID":3047,"ID":"125004","NAME":"YORK COUNTY RESOURCE RECOVERY","CITY":"YORK","STATE":"PA","ZIP":"17406","TYPE":"SUBSTATION","STATUS":"IN SERVICE","COUNTY":"YORK","COUNTYFIPS":"42133","COUNTRY":"USA","LATITUDE":40.001262774000054,"LONGITUDE":-76.71745826599994,"NAICS_CODE":"221121","NAICS_DESC":"ELECTRIC BULK POWER TRANSMISSION AND CONTROL","SOURCE":"IMAGERY, EIA 860","SOURCEDATE":1434672000000,"VAL_METHOD":"IMAGERY","VAL_DATE":1622505600000,"LINES":3,"MAX_VOLT":115,"MIN_VOLT":115,"MAX_INFER":"Y","MIN_INFER":"Y","pnode_id":2156115352,"pnode_name":"YORK    69 KV   T1","pnode_subtype":"LOAD","match_score":100.0,"pjm_zone":"METED"}},{"type":"Feature","id":3059,"geometry":{"type":"Point","coordinates":[-78.2124404150265,40.9031393922602]},"properties":{"OBJECTID":3059,"ID":"125040","NAME":"PHILIPSBURG","CITY":"PHILIPSBURG","STATE":"PA","ZIP":"16866","TYPE":"SUBSTATION","STATUS":"IN SERVICE","COUNTY":"CENTRE","COUNTYFIPS":"42027","COUNTRY":"USA","LATITUDE":40.90313939200007,"LONGITUDE":-78.21244041499995,"NAICS_CODE":"221121","NAICS_DESC":"ELECTRIC BULK POWER TRANSMISSION AND CONTROL","SOURCE":"IMAGERY","SOURCEDATE":1435536000000,"VAL_METHOD":"IMAGERY","VAL_DATE":1588118400000,"LINES":2,"MAX_VOLT":115,"MIN_VOLT":115,"MAX_INFER":"Y","MIN_INFER":"Y","pnode_id":1666103462,"pnode_name":"PHILIPS 69 KV   PHIL","pnode_subtype":"LOAD","match_score":77.77777777777777,"pjm_zone":"PENELEC"}},{"type":"Feature","id":3084,"geometry":{"type":"Point","coordinates":[-75.3344073651362,39.8613852352708]},"properties":{"OBJECTID":3084,"ID":"125184","NAME":"LIBERTY ELECTRIC POWER PLANT","CITY":"CRUM LYNNE","STATE":"PA","ZIP":"19022","TYPE":"SUBSTATION","STATUS":"IN SERVICE","COUNTY":"DELAWARE","COUNTYFIPS":"42045","COUNTRY":"USA","LATITUDE":39.86138523500006,"LONGITUDE":-75.33440736499995,"NAICS_CODE":"221121","NAICS_DESC":"ELECTRIC BULK POWER TRANSMISSION AND CONTROL","SOURCE":"IMAGERY, EIA 860","SOURCEDATE":1433116800000,"VAL_METHOD":"IMAGERY","VAL_DATE":1622505600000,"LINES":3,"MAX_VOLT":230,"MIN_VOLT":230,"MAX_INFER":"Y","MIN_INFER":"Y","pnode_id":40243581,"pnode_name":"LIBERTY 69 KV   BK-1","pnode_subtype":"LOAD","match_score":100.0,"pjm_zone":"PECO"}},{"type":"Feature","id":3098,"geometry":{"type":"Point","coordinates":[-84.7148389998729,38.7848460001621]},"properties":{"OBJECTID":3098,"ID":"125285","NAME":"MUNK","CITY":"VERONA","STATE":"KY","ZIP":"41092","TYPE":"SUBSTATION","STATUS":"IN SERVICE","COUNTY":"GALLATIN","COUNTYFIPS":"21077","COUNTRY":"USA","LATITUDE":38.78484600000007,"LONGITUDE":-84.71483899999998,"NAICS_CODE":"221121","NAICS_DESC":"ELECTRIC BULK POWER TRANSMISSION AND CONTROL","SOURCE":"IMAGERY","SOURCEDATE":1433203200000,"VAL_METHOD":"IMAGERY","VAL_DATE":1587600000000,"LINES":2,"MAX_VOLT":69,"MIN_VOLT":69,"MAX_INFER":"Y","MIN_INFER":"Y","pnode_id":1123174885,"pnode_name":"MUNK    69 KV   LD_185","pnode_subtype":"LOAD","match_score":100.0,"pjm_zone":"EKPC"}},{"type":"Feature","id":3151,"geometry":{"type":"Point","coordinates":[-77.1727004568646,40.1230292298432]},"properties":{"OBJECTID":3151,"ID":"125613","NAME":"MOUNTAIN","CITY":"MT HOLLY SPRINGS","STATE":"PA","ZIP":"17065","TYPE":"SUBSTATION","STATUS":"IN SERVICE","COUNTY":"CUMBERLAND","COUNTYFIPS":"42041","COUNTRY":"USA","LATITUDE":40.12302923000004,"LONGITUDE":-77.17270045699996,"NAICS_CODE":"221121","NAICS_DESC":"ELECTRIC BULK POWER TRANSMISSION AND CONTROL","SOURCE":"IMAGERY, EIA 860","SOURCEDATE":1434499200000,"VAL_METHOD":"IMAGERY","VAL_DATE":1622505600000,"LINES":2,"MAX_VOLT":115,"MIN_VOLT":115,"MAX_INFER":"Y","MIN_INFER":"Y","pnode_id":34509207,"pnode_name":"MOUNTAINEER","pnode_subtype":"EHV","match_score":84.21052631578947,"pjm_zone":"METED"}},{"type":"Feature","id":3153,"geometry":{"type":"Point","coordinates":[-77.3510087967479,39.844431403255]},"properties":{"OBJECTID":3153,"ID":"125615","NAME":"ORRTANNA","CITY":"HIGHLAND TWP","STATE":"PA","ZIP":"17353","TYPE":"SUBSTATION","STATUS":"IN SERVICE","COUNTY":"ADAMS","COUNTYFIPS":"42001","COUNTRY":"USA","LATITUDE":39.844431403000044,"LONGITUDE":-77.35100879699996,"NAICS_CODE":"221121","NAICS_DESC":"ELECTRIC BULK POWER TRANSMISSION AND CONTROL","SOURCE":"IMAGERY, EIA 860","SOURCEDATE":1434499200000,"VAL_METHOD":"IMAGERY","VAL_DATE":1622505600000,"LINES":3,"MAX_VOLT":115,"MIN_VOLT":115,"MAX_INFER":"Y","MIN_INFER":"Y","pnode_id":51243,"pnode_name":"ORRTANNA CT","pnode_subtype":"AGGREGATE","match_score":84.21052631578947,"pjm_zone":"METED"}},{"type":"Feature","id":3161,"geometry":{"type":"Point","coordinates":[-75.1314224041112,41.4678570258092]},"properties":{"OBJECTID":3161,"ID":"125623","NAME":"WALLENPAUPACK","CITY":"HAWLEY","STATE":"PA","ZIP":"18428","TYPE":"SUBSTATION","STATUS":"IN SERVICE","COUNTY":"PIKE","COUNTYFIPS":"42103","COUNTRY":"USA","LATITUDE":41.46785702600005,"LONGITUDE":-75.13142240399998,"NAICS_CODE":"221121","NAICS_DESC":"ELECTRIC BULK POWER TRANSMISSION AND CONTROL","SOURCE":"IMAGERY, EIA 860","SOURCEDATE":1434499200000,"VAL_METHOD":"IMAGERY","VAL_DATE":1622505600000,"LINES":3,"MAX_VOLT":69,"MIN_VOLT":69,"MAX_INFER":"Y","MIN_INFER":"Y","pnode_id":51281,"pnode_name":"WALLENPAUPACK","pnode_subtype":"AGGREGATE","match_score":100.0,"pjm_zone":"PPL"}},{"type":"Feature","id":3204,"geometry":{"type":"Point","coordinates":[-77.6670343143756,39.9106442076832]},"properties":{"OBJECTID":3204,"ID":"125735","NAME":"ORCHARD PARK","CITY":"CHAMBERSBURG","STATE":"PA","ZIP":"17201","TYPE":"SUBSTATION","STATUS":"IN SERVICE","COUNTY":"FRANKLIN","COUNTYFIPS":"42055","COUNTRY":"USA","LATITUDE":39.910644208000065,"LONGITUDE":-77.66703431399998,"NAICS_CODE":"221121","NAICS_DESC":"ELECTRIC BULK POWER TRANSMISSION AND CONTROL","SOURCE":"IMAGERY, EIA 860","SOURCEDATE":1435104000000,"VAL_METHOD":"IMAGERY","VAL_DATE":1622505600000,"LINES":3,"MAX_VOLT":69,"MIN_VOLT":69,"MAX_INFER":"Y","MIN_INFER":"Y","pnode_id":67165681,"pnode_name":"ORCHARD","pnode_subtype":"EHV","match_score":73.6842105263158,"pjm_zone":"APS"}},{"type":"Feature","id":3219,"geometry":{"type":"Point","coordinates":[-76.4102616350987,40.0416906470029]},"properties":{"OBJECTID":3219,"ID":"127503","NAME":"DONERVILLE","CITY":"WEST HEMPFIELD TWP","STATE":"PA","ZIP":"17554","TYPE":"SUBSTATION","STATUS":"IN SERVICE","COUNTY":"LANCASTER","COUNTYFIPS":"42071","COUNTRY":"USA","LATITUDE":40.04169064700005,"LONGITUDE":-76.41026163499998,"NAICS_CODE":"221121","NAICS_DESC":"ELECTRIC BULK POWER TRANSMISSION AND CONTROL","SOURCE":"IMAGERY, https://www.pjm.com/pub/planning/project-queues/impact_studies/b41_imp.pdf","SOURCEDATE":1434412800000,"VAL_METHOD":"IMAGERY","VAL_DATE":1521763200000,"LINES":4,"MAX_VOLT":138,"MIN_VOLT":138,"MAX_INFER":"Y","MIN_INFER":"Y","pnode_id":56783061,"pnode_name":"NAPERVILLE","pnode_subtype":"AGGREGATE","match_score":80.0,"pjm_zone":"PPL"}},{"type":"Feature","id":3221,"geometry":{"type":"Point","coordinates":[-76.3532400699194,40.0532738631797]},"properties":{"OBJECTID":3221,"ID":"127505","NAME":"ROHRERSTOWN","CITY":"LANCASTER","STATE":"PA","ZIP":"17603","TYPE":"SUBSTATION","STATUS":"IN SERVICE","COUNTY":"LANCASTER","COUNTYFIPS":"42071","COUNTRY":"USA","LATITUDE":40.05327386300007,"LONGITUDE":-76.35324006999997,"NAICS_CODE":"221121","NAICS_DESC":"ELECTRIC BULK POWER TRANSMISSION AND CONTROL","SOURCE":"IMAGERY, https://www.pjm.com/pub/planning/project-queues/impact_studies/b41_imp.pdf","SOURCEDATE":1434412800000,"VAL_METHOD":"IMAGERY","VAL_DATE":1521763200000,"LINES":2,"MAX_VOLT":138,"MIN_VOLT":138,"MAX_INFER":"Y","MIN_INFER":"Y","pnode_id":52456,"pnode_name":"HUNTERSTOWN","pnode_subtype":"EHV","match_score":72.72727272727273,"pjm_zone":"PPL"}},{"type":"Feature","id":3222,"geometry":{"type":"Point","coordinates":[-76.3088476552148,40.0469278398658]},"properties":{"OBJECTID":3222,"ID":"127506","NAME":"PRINCE","CITY":"LANCASTER","STATE":"PA","ZIP":"17603","TYPE":"SUBSTATION","STATUS":"IN SERVICE","COUNTY":"LANCASTER","COUNTYFIPS":"42071","COUNTRY":"USA","LATITUDE":40.04692784000008,"LONGITUDE":-76.30884765499997,"NAICS_CODE":"221121","NAICS_DESC":"ELECTRIC BULK POWER TRANSMISSION AND CONTROL","SOURCE":"IMAGERY, https://www.pjm.com/pub/planning/project-queues/impact_studies/b41_imp.pdf","SOURCEDATE":1434412800000,"VAL_METHOD":"IMAGERY","VAL_DATE":1521763200000,"LINES":4,"MAX_VOLT":138,"MIN_VOLT":138,"MAX_INFER":"N","MIN_INFER":"N","pnode_id":32412297,"pnode_name":"PRINCE  69 KV   T1","pnode_subtype":"LOAD","match_score":100.0,"pjm_zone":"PPL"}},{"type":"Feature","id":3226,"geometry":{"type":"Point","coordinates":[-76.8541417970352,41.7620338452712]},"properties":{"OBJECTID":3226,"ID":"127619","NAME":"ARMENIA MOUNTAIN WIND FARM","CITY":"TROY","STATE":"PA","ZIP":"16947","TYPE":"SUBSTATION","STATUS":"IN SERVICE","COUNTY":"BRADFORD","COUNTYFIPS":"42015","COUNTRY":"USA","LATITUDE":41.762033845000076,"LONGITUDE":-76.85414179699995,"NAICS_CODE":"221121","NAICS_DESC":"ELECTRIC BULK POWER TRANSMISSION AND CONTROL","SOURCE":"IMAGERY, EIA 860","SOURCEDATE":1435017600000,"VAL_METHOD":"IMAGERY","VAL_DATE":1622505600000,"LINES":2,"MAX_VOLT":115,"MIN_VOLT":115,"MAX_INFER":"Y","MIN_INFER":"Y","pnode_id":83782949,"pnode_name":"ARMENIA MOUNTAIN WF","pnode_subtype":"AGGREGATE","match_score":80.0,"pjm_zone":"PENELEC"}},{"type":"Feature","id":3236,"geometry":{"type":"Point","coordinates":[-86.4662531988658,41.6997701929555]},"properties":{"OBJECTID":3236,"ID":"127644","NAME":"EDISON","CITY":"NEW CARLISLE","STATE":"IN","ZIP":"46552","TYPE":"SUBSTATION","STATUS":"IN SERVICE","COUNTY":"ST. JOSEPH","COUNTYFIPS":"18141","COUNTRY":"USA","LATITUDE":41.69977019300006,"LONGITUDE":-86.46625319899994,"NAICS_CODE":"221121","NAICS_DESC":"ELECTRIC BULK POWER TRANSMISSION AND CONTROL","SOURCE":"IMAGERY","SOURCEDATE":1435104000000,"VAL_METHOD":"IMAGERY","VAL_DATE":1586822400000,"LINES":2,"MAX_VOLT":138,"MIN_VOLT":138,"MAX_INFER":"Y","MIN_INFER":"Y","pnode_id":32410491,"pnode_name":"ADDISON 138 KV  T3","pnode_subtype":"LOAD","match_score":81.92307692307692,"pjm_zone":"AEP"}},{"type":"Feature","id":3237,"geometry":{"type":"Point","coordinates":[-85.8624231434011,40.2912723468541]},"properties":{"OBJECTID":3237,"ID":"127652","NAME":"OHIO OIL","CITY":"ELWOOD","STATE":"IN","ZIP":"46036","TYPE":"SUBSTATION","STATUS":"IN SERVICE","COUNTY":"TIPTON","COUNTYFIPS":"18159","COUNTRY":"USA","LATITUDE":40.291272347000074,"LONGITUDE":-85.86242314299994,"NAICS_CODE":"221121","NAICS_DESC":"ELECTRIC BULK POWER TRANSMISSION AND CONTROL","SOURCE":"IMAGERY, https://aeptransmission.com/indiana/Alexandria/docs/Alexandria_fact-sheet_V2.pdf","SOURCEDATE":1435104000000,"VAL_METHOD":"IMAGERY","VAL_DATE":1550534400000,"LINES":2,"MAX_VOLT":69,"MIN_VOLT":69,"MAX_INFER":"Y","MIN_INFER":"Y","pnode_id":2156112478,"pnode_name":"OHIOOIL 69 KV   T1","pnode_subtype":"LOAD","match_score":98.33333333333333,"pjm_zone":"AEP"}},{"type":"Feature","id":3238,"geometry":{"type":"Point","coordinates":[-85.8441488817646,40.2776451741788]},"properties":{"OBJECTID":3238,"ID":"127653","NAME":"ELWOOD","CITY":"ELWOOD","STATE":"IN","ZIP":"46036","TYPE":"SUBSTATION","STATUS":"IN SERVICE","COUNTY":"MADISON","COUNTYFIPS":"18095","COUNTRY":"USA","LATITUDE":40.27764517400004,"LONGITUDE":-85.84414888199996,"NAICS_CODE":"221121","NAICS_DESC":"ELECTRIC BULK POWER TRANSMISSION AND CONTROL","SOURCE":"IMAGERY, https://aeptransmission.com/indiana/Alexandria/docs/Alexandria_fact-sheet_V2.pdf","SOURCEDATE":1435104000000,"VAL_METHOD":"IMAGERY","VAL_DATE":1550534400000,"LINES":1,"MAX_VOLT":69,"MIN_VOLT":69,"MAX_INFER":"Y","MIN_INFER":"Y","pnode_id":2156118075,"pnode_name":"BEAVERCR46 KV   ELWOOD","pnode_subtype":"LOAD","match_score":100.0,"pjm_zone":"AEP"}},{"type":"Feature","id":3242,"geometry":{"type":"Point","coordinates":[-85.6666065640702,40.0833884712838]},"properties":{"OBJECTID":3242,"ID":"127661","NAME":"32ND ST STATION","CITY":"ANDERSON","STATE":"IN","ZIP":"46013","TYPE":"SUBSTATION","STATUS":"IN SERVICE","COUNTY":"MADISON","COUNTYFIPS":"18095","COUNTRY":"USA","LATITUDE":40.083388471000035,"LONGITUDE":-85.66660656399995,"NAICS_CODE":"221121","NAICS_DESC":"ELECTRIC BULK POWER TRANSMISSION AND CONTROL","SOURCE":"IMAGERY","SOURCEDATE":1435104000000,"VAL_METHOD":"IMAGERY","VAL_DATE":1587513600000,"LINES":2,"MAX_VOLT":-999999,"MIN_VOLT":-999999,"MAX_INFER":"N","MIN_INFER":"N","pnode_id":278221,"pnode_name":"CEDAR STATION CT 2","pnode_subtype":"AGGREGATE","match_score":72.72727272727273,"pjm_zone":"AEP"}},{"type":"Feature","id":3336,"geometry":{"type":"Point","coordinates":[-86.7588461650022,41.7186219887544]},"properties":{"OBJECTID":3336,"ID":"128041","NAME":"LAPORTE JUNCTION","CITY":"MICHIGAN CITY","STATE":"IN","ZIP":"46360","TYPE":"SUBSTATION","STATUS":"IN SERVICE","COUNTY":"LAPORTE","COUNTYFIPS":"18091","COUNTRY":"USA","LATITUDE":41.71862198900004,"LONGITUDE":-86.75884616499997,"NAICS_CODE":"221121","NAICS_DESC":"ELECTRIC BULK POWER TRANSMISSION AND CONTROL","SOURCE":"IMAGERY, OpenStreetMap, https://aeptransmission.com/indiana/NewBuffalo/docs/NewBuffalo_FactSheet_V12.pdf","SOURCEDATE":1435104000000,"VAL_METHOD":"IMAGERY","VAL_DATE":1550620800000,"LINES":3,"MAX_VOLT":138,"MIN_VOLT":69,"MAX_INFER":"Y","MIN_INFER":"Y","pnode_id":32411793,"pnode_name":"LAPORTE 69 KV   SPRINGV","pnode_subtype":"LOAD","match_score":100.0,"pjm_zone":"AEP"}},{"type":"Feature","id":3377,"geometry":{"type":"Point","coordinates":[-75.7309257886886,39.6334106472396]},"properties":{"OBJECTID":3377,"ID":"128202","NAME":"KEENEY","CITY":"NEWARK","STATE":"DE","ZIP":"19702","TYPE":"SUBSTATION","STATUS":"IN SERVICE","COUNTY":"NEW CASTLE","COUNTYFIPS":"10003","COUNTRY":"USA","LATITUDE":39.63341064700006,"LONGITUDE":-75.73092578899997,"NAICS_CODE":"221121","NAICS_DESC":"ELECTRIC BULK POWER TRANSMISSION AND CONTROL","SOURCE":"OpenStreetMap, http://www.pjmsettlement.com/pub/account/trans-fac/dpl.xls","SOURCEDATE":1436140800000,"VAL_METHOD":"IMAGERY","VAL_DATE":1552348800000,"LINES":8,"MAX_VOLT":500,"MIN_VOLT":138,"MAX_INFER":"N","MIN_INFER":"N","pnode_id":52458,"pnode_name":"KEENEY","pnode_subtype":"EHV","match_score":100.0,"pjm_zone":"DPL"}},{"type":"Feature","id":3380,"geometry":{"type":"Point","coordinates":[-75.6689871546644,39.730479523711]},"properties":{"OBJECTID":3380,"ID":"128205","NAME":"MILLTOWN","CITY":"WILMINGTON","STATE":"DE","ZIP":"19808","TYPE":"SUBSTATION","STATUS":"IN SERVICE","COUNTY":"NEW CASTLE","COUNTYFIPS":"10003","COUNTRY":"USA","LATITUDE":39.73047952400003,"LONGITUDE":-75.66898715499997,"NAICS_CODE":"221121","NAICS_DESC":"ELECTRIC BULK POWER TRANSMISSION AND CONTROL","SOURCE":"OpenStreetMap, http://www.pjmsettlement.com/pub/account/trans-fac/dpl.xls","SOURCEDATE":1436140800000,"VAL_METHOD":"IMAGERY","VAL_DATE":1552435200000,"LINES":2,"MAX_VOLT":138,"MIN_VOLT":138,"MAX_INFER":"N","MIN_INFER":"N","pnode_id":51240,"pnode_name":"MIDDLETOWN","pnode_subtype":"AGGREGATE","match_score":77.77777777777779,"pjm_zone":"DPL"}},{"type":"Feature","id":3393,"geometry":{"type":"Point","coordinates":[-75.6176976180405,38.6837905561277]},"properties":{"OBJECTID":3393,"ID":"128218","NAME":"TAYLOR","CITY":"SEAFORD","STATE":"DE","ZIP":"19973","TYPE":"SUBSTATION","STATUS":"IN SERVICE","COUNTY":"SUSSEX","COUNTYFIPS":"10005","COUNTRY":"USA","LATITUDE":38.683790556000076,"LONGITUDE":-75.61769761799997,"NAICS_CODE":"221121","NAICS_DESC":"ELECTRIC BULK POWER TRANSMISSION AND CONTROL","SOURCE":"OpenStreetMap","SOURCEDATE":1436140800000,"VAL_METHOD":"IMAGERY","VAL_DATE":1587340800000,"LINES":1,"MAX_VOLT":69,"MIN_VOLT":69,"MAX_INFER":"Y","MIN_INFER":"Y","pnode_id":51277,"pnode_name":"TRAYNOR","pnode_subtype":"AGGREGATE","match_score":76.92307692307692,"pjm_zone":"DPL"}},{"type":"Feature","id":3395,"geometry":{"type":"Point","coordinates":[-75.5780278102779,38.5630060289669]},"properties":{"OBJECTID":3395,"ID":"128220","NAME":"LAUREL","CITY":"LAUREL","STATE":"DE","ZIP":"19956","TYPE":"SUBSTATION","STATUS":"IN SERVICE","COUNTY":"SUSSEX","COUNTYFIPS":"10005","COUNTRY":"USA","LATITUDE":38.563006029000064,"LONGITUDE":-75.57802780999998,"NAICS_CODE":"221121","NAICS_DESC":"ELECTRIC BULK POWER TRANSMISSION AND CONTROL","SOURCE":"OpenStreetMap","SOURCEDATE":1436140800000,"VAL_METHOD":"IMAGERY","VAL_DATE":1587340800000,"LINES":4,"MAX_VOLT":69,"MIN_VOLT":69,"MAX_INFER":"Y","MIN_INFER":"Y","pnode_id":1094699114,"pnode_name":"LAURELWF","pnode_subtype":"AGGREGATE","match_score":85.71428571428572,"pjm_zone":"DPL"}},{"type":"Feature","id":3409,"geometry":{"type":"Point","coordinates":[-75.3785858730053,38.5664934428124]},"properties":{"OBJECTID":3409,"ID":"128235","NAME":"WHARTON","CITY":"MILLSBORO","STATE":"DE","ZIP":"19966","TYPE":"SUBSTATION","STATUS":"IN SERVICE","COUNTY":"SUSSEX","COUNTYFIPS":"10005","COUNTRY":"USA","LATITUDE":38.56649344300007,"LONGITUDE":-75.37858587299996,"NAICS_CODE":"221121","NAICS_DESC":"ELECTRIC BULK POWER TRANSMISSION AND CONTROL","SOURCE":"IMAGERY","SOURCEDATE":1436140800000,"VAL_METHOD":"IMAGERY","VAL_DATE":1587340800000,"LINES":2,"MAX_VOLT":138,"MIN_VOLT":138,"MAX_INFER":"Y","MIN_INFER":"Y","pnode_id":47560805,"pnode_name":"WWHARTON BK 2","pnode_subtype":"AGGREGATE","match_score":70.0,"pjm_zone":"DPL"}},{"type":"Feature","id":3443,"geometry":{"type":"Point","coordinates":[-86.0911259601188,41.9973106161193]},"properties":{"OBJECTID":3443,"ID":"128721","NAME":"AEP COLBY","CITY":"WAYNE TWP","STATE":"MI","ZIP":"49047","TYPE":"SUBSTATION","STATUS":"IN SERVICE","COUNTY":"CASS","COUNTYFIPS":"26027","COUNTRY":"USA","LATITUDE":41.99731061600005,"LONGITUDE":-86.09112595999994,"NAICS_CODE":"221121","NAICS_DESC":"ELECTRIC BULK POWER TRANSMISSION AND CONTROL","SOURCE":"OpenStreetMap","SOURCEDATE":1436227200000,"VAL_METHOD":"IMAGERY","VAL_DATE":1586822400000,"LINES":2,"MAX_VOLT":138,"MIN_VOLT":138,"MAX_INFER":"Y","MIN_INFER":"Y","pnode_id":32410941,"pnode_name":"COLBY   34 KV   T1","pnode_subtype":"LOAD","match_score":100.0,"pjm_zone":"AEP"}},{"type":"Feature","id":3445,"geometry":{"type":"Point","coordinates":[-85.9688529771667,42.1019365448543]},"properties":{"OBJECTID":3445,"ID":"128723","NAME":"VALLEY","CITY":"DECATUR","STATE":"MI","ZIP":"49045","TYPE":"SUBSTATION","STATUS":"IN SERVICE","COUNTY":"VAN BUREN","COUNTYFIPS":"26159","COUNTRY":"USA","LATITUDE":42.10193654500006,"LONGITUDE":-85.96885297699998,"NAICS_CODE":"221121","NAICS_DESC":"ELECTRIC BULK POWER TRANSMISSION AND CONTROL","SOURCE":"IMAGERY, OpenStreetMap, https://aeptransmission.com/michigan/EastValley/docs/EastValley_FactSheet_V3.pdf","SOURCEDATE":1436227200000,"VAL_METHOD":"IMAGERY","VAL_DATE":1587081600000,"LINES":4,"MAX_VOLT":138,"MIN_VOLT":69,"MAX_INFER":"Y","MIN_INFER":"N","pnode_id":35010387,"pnode_name":"VALLEY","pnode_subtype":"EHV","match_score":100.0,"pjm_zone":"AEP"}},{"type":"Feature","id":3449,"geometry":{"type":"Point","coordinates":[-86.1761328931596,41.8759981560182]},"properties":{"OBJECTID":3449,"ID":"128740","NAME":"POKAGON","CITY":"NILES","STATE":"MI","ZIP":"49120","TYPE":"SUBSTATION","STATUS":"IN SERVICE","COUNTY":"CASS","COUNTYFIPS":"26027","COUNTRY":"USA","LATITUDE":41.87599815600004,"LONGITUDE":-86.17613289299999,"NAICS_CODE":"221121","NAICS_DESC":"ELECTRIC BULK POWER TRANSMISSION AND CONTROL","SOURCE":"IMAGERY, OpenStreetMap, https://www.aeptransmission.com/michigan/CassCounty/","SOURCEDATE":1436227200000,"VAL_METHOD":"IMAGERY","VAL_DATE":1586995200000,"LINES":4,"MAX_VOLT":138,"MIN_VOLT":69,"MAX_INFER":"Y","MIN_INFER":"N","pnode_id":32412277,"pnode_name":"POKAGON 69 KV   BARRETTP","pnode_subtype":"LOAD","match_score":100.0,"pjm_zone":"AEP"}},{"type":"Feature","id":3451,"geometry":{"type":"Point","coordinates":[-85.6840175168709,41.9171962336896]},"properties":{"OBJECTID":3451,"ID":"128771","NAME":"COREY","CITY":"THREE RIVERS","STATE":"MI","ZIP":"49093","TYPE":"SUBSTATION","STATUS":"IN SERVICE","COUNTY":"ST. JOSEPH","COUNTYFIPS":"26149","COUNTRY":"USA","LATITUDE":41.91719623400007,"LONGITUDE":-85.68401751699997,"NAICS_CODE":"221121","NAICS_DESC":"ELECTRIC BULK POWER TRANSMISSION AND CONTROL","SOURCE":"IMAGERY, OpenStreetMap, https://www.aeptransmission.com/michigan/CassCounty/docs/CassCounty_Factsheet_V6.pdf","SOURCEDATE":1436227200000,"VAL_METHOD":"IMAGERY","VAL_DATE":1586995200000,"LINES":4,"MAX_VOLT":138,"MIN_VOLT":69,"MAX_INFER":"Y","MIN_INFER":"N","pnode_id":1107281059,"pnode_name":"COREY   69 KV   3RIV","pnode_subtype":"LOAD","match_score":100.0,"pjm_zone":"AEP"}},{"type":"Feature","id":3464,"geometry":{"type":"Point","coordinates":[-81.8394247582247,38.9030298048002]},"properties":{"OBJECTID":3464,"ID":"128922","NAME":"MILL RUN","CITY":"MILLWOOD","STATE":"WV","ZIP":"25262","TYPE":"SUBSTATION","STATUS":"IN SERVICE","COUNTY":"JACKSON","COUNTYFIPS":"54035","COUNTRY":"USA","LATITUDE":38.903029805000074,"LONGITUDE":-81.83942475799995,"NAICS_CODE":"221121","NAICS_DESC":"ELECTRIC BULK POWER TRANSMISSION AND CONTROL","SOURCE":"IMAGERY, https://www.aeptransmission.com/westvirginia/Ravenswood/docs/Ravenswood_Factsheet_V6.pdf","SOURCEDATE":1436313600000,"VAL_METHOD":"IMAGERY","VAL_DATE":1588291200000,"LINES":2,"MAX_VOLT":-999999,"MIN_VOLT":-999999,"MAX_INFER":"N","MIN_INFER":"N","pnode_id":32411991,"pnode_name":"MILLRUN 69 KV   T1","pnode_subtype":"LOAD","match_score":93.33333333333333,"pjm_zone":"AEP"}},{"type":"Feature","id":3468,"geometry":{"type":"Point","coordinates":[-75.6569895360041,38.9160898830382]},"properties":{"OBJECTID":3468,"ID":"128939","NAME":"VERNON","CITY":"HARRINGTON","STATE":"DE","ZIP":"19952","TYPE":"SUBSTATION","STATUS":"IN SERVICE","COUNTY":"KENT","COUNTYFIPS":"10001","COUNTRY":"USA","LATITUDE":38.91608988300004,"LONGITUDE":-75.65698953599997,"NAICS_CODE":"221121","NAICS_DESC":"ELECTRIC BULK POWER TRANSMISSION AND CONTROL","SOURCE":"IMAGERY","SOURCEDATE":1436400000000,"VAL_METHOD":"IMAGERY","VAL_DATE":1587340800000,"LINES":1,"MAX_VOLT":69,"MIN_VOLT":69,"MAX_INFER":"Y","MIN_INFER":"Y","pnode_id":45980951,"pnode_name":"VERNON BK 4","pnode_subtype":"AGGREGATE","match_score":70.58823529411764,"pjm_zone":"DPL"}},{"type":"Feature","id":3470,"geometry":{"type":"Point","coordinates":[-81.2785892229999,38.1366683291559]},"properties":{"OBJECTID":3470,"ID":"128945","NAME":"ALLOY STEAM STATION","CITY":"MONTGOMERY","STATE":"WV","ZIP":"25136","TYPE":"SUBSTATION","STATUS":"IN SERVICE","COUNTY":"FAYETTE","COUNTYFIPS":"54019","COUNTRY":"USA","LATITUDE":38.13666832900003,"LONGITUDE":-81.27858922299998,"NAICS_CODE":"221121","NAICS_DESC":"ELECTRIC BULK POWER TRANSMISSION AND CONTROL","SOURCE":"IMAGERY, EIA 860","SOURCEDATE":1436486400000,"VAL_METHOD":"IMAGERY","VAL_DATE":1622505600000,"LINES":5,"MAX_VOLT":138,"MIN_VOLT":138,"MAX_INFER":"Y","MIN_INFER":"Y","pnode_id":32410511,"pnode_name":"ALLOY   138 KV  LT21","pnode_subtype":"LOAD","match_score":100.0,"pjm_zone":"AEP"}},{"type":"Feature","id":3473,"geometry":{"type":"Point","coordinates":[-83.9763995881021,42.068168135213]},"properties":{"OBJECTID":3473,"ID":"128956","NAME":"CLINTON","CITY":"CLINTON","STATE":"MI","ZIP":"49236","TYPE":"SUBSTATION","STATUS":"IN SERVICE","COUNTY":"LENAWEE","COUNTYFIPS":"26091","COUNTRY":"USA","LATITUDE":42.068168135000064,"LONGITUDE":-83.97639958799994,"NAICS_CODE":"221121","NAICS_DESC":"ELECTRIC BULK POWER TRANSMISSION AND CONTROL","SOURCE":"IMAGERY, EIA 860","SOURCEDATE":1436745600000,"VAL_METHOD":"IMAGERY","VAL_DATE":1622505600000,"LINES":0,"MAX_VOLT":-999999,"MIN_VOLT":-999999,"MAX_INFER":"N","MIN_INFER":"N","pnode_id":2156114652,"pnode_name":"LITTON  69 KV   XFMR1","pnode_subtype":"LOAD","match_score":76.92307692307692,"pjm_zone":"FE-ATSI"}},{"type":"Feature","id":3475,"geometry":{"type":"Point","coordinates":[-83.9930796599096,41.8912402619966]},"properties":{"OBJECTID":3475,"ID":"128958","NAME":"ADRIAN ENERGY ASSOCIATES LLC","CITY":"PALMYRA TWP","STATE":"MI","ZIP":"49268","TYPE":"SUBSTATION","STATUS":"IN SERVICE","COUNTY":"LENAWEE","COUNTYFIPS":"26091","COUNTRY":"USA","LATITUDE":41.89124026200005,"LONGITUDE":-83.99307965999998,"NAICS_CODE":"221121","NAICS_DESC":"ELECTRIC BULK POWER TRANSMISSION AND CONTROL","SOURCE":"IMAGERY, EIA 860","SOURCEDATE":1436745600000,"VAL_METHOD":"IMAGERY","VAL_DATE":1622505600000,"LINES":0,"MAX_VOLT":-999999,"MIN_VOLT":-999999,"MAX_INFER":"N","MIN_INFER":"N","pnode_id":2156115931,"pnode_name":"ADRIAN  69 KV   LOAD","pnode_subtype":"LOAD","match_score":100.0,"pjm_zone":"FE-ATSI"}},{"type":"Feature","id":3476,"geometry":{"type":"Point","coordinates":[-85.4252652813483,41.7989822267567]},"properties":{"OBJECTID":3476,"ID":"128963","NAME":"STURGIS","CITY":"STURGIS","STATE":"MI","ZIP":"49091","TYPE":"SUBSTATION","STATUS":"IN SERVICE","COUNTY":"ST. JOSEPH","COUNTYFIPS":"26149","COUNTRY":"USA","LATITUDE":41.79898222700007,"LONGITUDE":-85.42526528099995,"NAICS_CODE":"221121","NAICS_DESC":"ELECTRIC BULK POWER TRANSMISSION AND CONTROL","SOURCE":"IMAGERY, https://aeptransmission.com/michigan/Sturgis/docs/Sturgis_FactSheet_V2.pdf","SOURCEDATE":1436745600000,"VAL_METHOD":"IMAGERY","VAL_DATE":1586995200000,"LINES":1,"MAX_VOLT":69,"MIN_VOLT":69,"MAX_INFER":"N","MIN_INFER":"N","pnode_id":32412755,"pnode_name":"STURGIS 69 KV   FAWNRIVE","pnode_subtype":"LOAD","match_score":100.0,"pjm_zone":"AEP"}},{"type":"Feature","id":3479,"geometry":{"type":"Point","coordinates":[-85.751239670392,41.8057661346861]},"properties":{"OBJECTID":3479,"ID":"128966","NAME":"MOTTVILLE","CITY":"MOTTVILLE TWP","STATE":"MI","ZIP":"49099","TYPE":"SUBSTATION","STATUS":"IN SERVICE","COUNTY":"ST. JOSEPH","COUNTYFIPS":"26149","COUNTRY":"USA","LATITUDE":41.805766135000056,"LONGITUDE":-85.75123966999996,"NAICS_CODE":"221121","NAICS_DESC":"ELECTRIC BULK POWER TRANSMISSION AND CONTROL","SOURCE":"IMAGERY, EIA 860","SOURCEDATE":1436745600000,"VAL_METHOD":"IMAGERY","VAL_DATE":1622505600000,"LINES":2,"MAX_VOLT":-999999,"MIN_VOLT":-999999,"MAX_INFER":"N","MIN_INFER":"N","pnode_id":51241,"pnode_name":"MONTVILLE","pnode_subtype":"AGGREGATE","match_score":88.88888888888889,"pjm_zone":"AEP"}},{"type":"Feature","id":3516,"geometry":{"type":"Point","coordinates":[-75.6309683030703,39.5936638149777]},"properties":{"OBJECTID":3516,"ID":"129073","NAME":"DELAWARE CITY PLANT","CITY":"NEW CASTLE","STATE":"DE","ZIP":"19720","TYPE":"SUBSTATION","STATUS":"IN SERVICE","COUNTY":"NEW CASTLE","COUNTYFIPS":"10003","COUNTRY":"USA","LATITUDE":39.59366381500007,"LONGITUDE":-75.63096830299997,"NAICS_CODE":"221121","NAICS_DESC":"ELECTRIC BULK POWER TRANSMISSION AND CONTROL","SOURCE":"IMAGERY, EIA 860","SOURCEDATE":1436832000000,"VAL_METHOD":"IMAGERY","VAL_DATE":1622505600000,"LINES":5,"MAX_VOLT":138,"MIN_VOLT":138,"MAX_INFER":"Y","MIN_INFER":"Y","pnode_id":278243,"pnode_name":"DELAWARE CITY 1","pnode_subtype":"AGGREGATE","match_score":76.47058823529412,"pjm_zone":"DPL"}},{"type":"Feature","id":3517,"geometry":{"type":"Point","coordinates":[-75.5045185879333,39.7390541351134]},"properties":{"OBJECTID":3517,"ID":"129074","NAME":"EDGE MOOR","CITY":"WILMINGTON","STATE":"DE","ZIP":"19802","TYPE":"SUBSTATION","STATUS":"IN SERVICE","COUNTY":"NEW CASTLE","COUNTYFIPS":"10003","COUNTRY":"USA","LATITUDE":39.73905413500006,"LONGITUDE":-75.50451858799994,"NAICS_CODE":"221121","NAICS_DESC":"ELECTRIC BULK POWER TRANSMISSION AND CONTROL","SOURCE":"IMAGERY, EIA 860","SOURCEDATE":1436918400000,"VAL_METHOD":"IMAGERY","VAL_DATE":1622505600000,"LINES":2,"MAX_VOLT":230,"MIN_VOLT":230,"MAX_INFER":"Y","MIN_INFER":"Y","pnode_id":278248,"pnode_name":"EDGE MOOR 3","pnode_subtype":"AGGREGATE","match_score":90.0,"pjm_zone":"DPL"}},{"type":"Feature","id":3518,"geometry":{"type":"Point","coordinates":[-75.5097441292636,39.7408146288913]},"properties":{"OBJECTID":3518,"ID":"129075","NAME":"EDGEMOOR","CITY":"WILMINGTON","STATE":"DE","ZIP":"19802","TYPE":"SUBSTATION","STATUS":"IN SERVICE","COUNTY":"NEW CASTLE","COUNTYFIPS":"10003","COUNTRY":"USA","LATITUDE":39.740814629000056,"LONGITUDE":-75.50974412899996,"NAICS_CODE":"221121","NAICS_DESC":"ELECTRIC BULK POWER TRANSMISSION AND CONTROL","SOURCE":"IMAGERY, http://www.pjmsettlement.com/pub/account/trans-fac/dpl.xls","SOURCEDATE":1436918400000,"VAL_METHOD":"IMAGERY","VAL_DATE":1552348800000,"LINES":12,"MAX_VOLT":230,"MIN_VOLT":138,"MAX_INFER":"Y","MIN_INFER":"Y","pnode_id":278248,"pnode_name":"EDGE MOOR 3","pnode_subtype":"AGGREGATE","match_score":84.21052631578947,"pjm_zone":"DPL"}},{"type":"Feature","id":3541,"geometry":{"type":"Point","coordinates":[-85.7111247276432,38.0496510071267]},"properties":{"OBJECTID":3541,"ID":"129155","NAME":"BROOKS","CITY":"BROOKS","STATE":"KY","ZIP":"40109","TYPE":"SUBSTATION","STATUS":"IN SERVICE","COUNTY":"BULLITT","COUNTYFIPS":"21029","COUNTRY":"USA","LATITUDE":38.04965100700008,"LONGITUDE":-85.71112472799996,"NAICS_CODE":"221121","NAICS_DESC":"ELECTRIC BULK POWER TRANSMISSION AND CONTROL","SOURCE":"IMAGERY, http://www.southeasternrtp.com/docs/general/2018/2018-SERTP-2nd-Qtr-Presentation.pdf","SOURCEDATE":1437004800000,"VAL_METHOD":"IMAGERY","VAL_DATE":1548892800000,"LINES":1,"MAX_VOLT":69,"MIN_VOLT":69,"MAX_INFER":"Y","MIN_INFER":"Y","pnode_id":1123175311,"pnode_name":"BROOKS2 69 KV   LD_184","pnode_subtype":"LOAD","match_score":97.3076923076923,"pjm_zone":"LGE"}},{"type":"Feature","id":3562,"geometry":{"type":"Point","coordinates":[-75.5585519728971,39.6764635051587]},"properties":{"OBJECTID":3562,"ID":"129247","NAME":"NEW CASTLE","CITY":"NEW CASTLE","STATE":"DE","ZIP":"19720","TYPE":"SUBSTATION","STATUS":"IN SERVICE","COUNTY":"NEW CASTLE","COUNTYFIPS":"10003","COUNTRY":"USA","LATITUDE":39.67646350500007,"LONGITUDE":-75.55855197299996,"NAICS_CODE":"221121","NAICS_DESC":"ELECTRIC BULK POWER TRANSMISSION AND CONTROL","SOURCE":"IMAGERY, http://www.pjmsettlement.com/pub/account/trans-fac/dpl.xls","SOURCEDATE":1438041600000,"VAL_METHOD":"IMAGERY","VAL_DATE":1552348800000,"LINES":5,"MAX_VOLT":138,"MIN_VOLT":69,"MAX_INFER":"Y","MIN_INFER":"N","pnode_id":124575225,"pnode_name":"NEW CASTLE 3","pnode_subtype":"AGGREGATE","match_score":90.9090909090909,"pjm_zone":"DPL"}},{"type":"Feature","id":3563,"geometry":{"type":"Point","coordinates":[-75.538288933748,39.7316255840989]},"properties":{"OBJECTID":3563,"ID":"129248","NAME":"CHRISTIANA","CITY":"WILMINGTON","STATE":"DE","ZIP":"19801","TYPE":"SUBSTATION","STATUS":"IN SERVICE","COUNTY":"NEW CASTLE","COUNTYFIPS":"10003","COUNTRY":"USA","LATITUDE":39.73162558400003,"LONGITUDE":-75.53828893399998,"NAICS_CODE":"221121","NAICS_DESC":"ELECTRIC BULK POWER TRANSMISSION AND CONTROL","SOURCE":"IMAGERY, http://www.pjmsettlement.com/pub/account/trans-fac/dpl.xls","SOURCEDATE":1438041600000,"VAL_METHOD":"IMAGERY","VAL_DATE":1552348800000,"LINES":3,"MAX_VOLT":138,"MIN_VOLT":138,"MAX_INFER":"Y","MIN_INFER":"Y","pnode_id":278241,"pnode_name":"CHRISTIANA 11","pnode_subtype":"AGGREGATE","match_score":86.95652173913044,"pjm_zone":"DPL"}},{"type":"Feature","id":3564,"geometry":{"type":"Point","coordinates":[-86.3854332998895,42.1830524611647]},"properties":{"OBJECTID":3564,"ID":"129482","NAME":"HAGAR","CITY":"BENTON HARBOR","STATE":"MI","ZIP":"49022","TYPE":"SUBSTATION","STATUS":"IN SERVICE","COUNTY":"BERRIEN","COUNTYFIPS":"26021","COUNTRY":"USA","LATITUDE":42.183052461000045,"LONGITUDE":-86.38543329999999,"NAICS_CODE":"221121","NAICS_DESC":"ELECTRIC BULK POWER TRANSMISSION AND CONTROL","SOURCE":"IMAGERY, https://aeptransmission.com/michigan/WestValley/docs/WestValley_FactSheet_V4.pdf","SOURCEDATE":1437091200000,"VAL_METHOD":"IMAGERY","VAL_DATE":1587081600000,"LINES":1,"MAX_VOLT":-999999,"MIN_VOLT":-999999,"MAX_INFER":"Y","MIN_INFER":"Y","pnode_id":2156110160,"pnode_name":"HAGAR   69 KV   LOAD","pnode_subtype":"LOAD","match_score":100.0,"pjm_zone":"AEP"}},{"type":"Feature","id":3567,"geometry":{"type":"Point","coordinates":[-85.8633538690024,42.2130228571789]},"properties":{"OBJECTID":3567,"ID":"129511","NAME":"ALMENA","CITY":"ANTWERP TWP","STATE":"MI","ZIP":"49079","TYPE":"SUBSTATION","STATUS":"IN SERVICE","COUNTY":"VAN BUREN","COUNTYFIPS":"26159","COUNTRY":"USA","LATITUDE":42.213022857000055,"LONGITUDE":-85.86335386899998,"NAICS_CODE":"221121","NAICS_DESC":"ELECTRIC BULK POWER TRANSMISSION AND CONTROL","SOURCE":"IMAGERY, https://aeptransmission.com/michigan/EastValley/docs/EastValley_FactSheet_V3.pdf","SOURCEDATE":1437350400000,"VAL_METHOD":"IMAGERY","VAL_DATE":1587081600000,"LINES":3,"MAX_VOLT":69,"MIN_VOLT":69,"MAX_INFER":"N","MIN_INFER":"N","pnode_id":1107280803,"pnode_name":"ALMENA  69 KV   LOAD","pnode_subtype":"LOAD","match_score":100.0,"pjm_zone":"AEP"}},{"type":"Feature","id":3580,"geometry":{"type":"Point","coordinates":[-86.0116922694238,41.9028922928986]},"properties":{"OBJECTID":3580,"ID":"129524","NAME":"STONE LAKE","CITY":"CASSOPOLIS","STATE":"MI","ZIP":"49031","TYPE":"SUBSTATION","STATUS":"IN SERVICE","COUNTY":"CASS","COUNTYFIPS":"26027","COUNTRY":"USA","LATITUDE":41.902892293000036,"LONGITUDE":-86.01169226899998,"NAICS_CODE":"221121","NAICS_DESC":"ELECTRIC BULK POWER TRANSMISSION AND CONTROL","SOURCE":"IMAGERY, https://www.aeptransmission.com/michigan/CassCounty/","SOURCEDATE":1437436800000,"VAL_METHOD":"IMAGERY","VAL_DATE":1586995200000,"LINES":2,"MAX_VOLT":69,"MIN_VOLT":69,"MAX_INFER":"N","MIN_INFER":"N","pnode_id":32412723,"pnode_name":"STONE   138 KV  T1","pnode_subtype":"LOAD","match_score":100.0,"pjm_zone":"AEP"}},{"type":"Feature","id":3599,"geometry":{"type":"Point","coordinates":[-79.9261828247387,39.7106000158173]},"properties":{"OBJECTID":3599,"ID":"129926","NAME":"FIRSTENERGY FORT MARTIN POWER STATION","CITY":"MORGANTOWN","STATE":"WV","ZIP":"26508","TYPE":"SUBSTATION","STATUS":"IN SERVICE","COUNTY":"MONONGALIA","COUNTYFIPS":"54061","COUNTRY":"USA","LATITUDE":39.71060001600006,"LONGITUDE":-79.92618282499996,"NAICS_CODE":"221121","NAICS_DESC":"ELECTRIC BULK POWER TRANSMISSION AND CONTROL","SOURCE":"IMAGERY, EIA 860","SOURCEDATE":1437609600000,"VAL_METHOD":"IMAGERY","VAL_DATE":1622505600000,"LINES":2,"MAX_VOLT":138,"MIN_VOLT":138,"MAX_INFER":"Y","MIN_INFER":"Y","pnode_id":32411895,"pnode_name":"MARTIN  46 KV   T1","pnode_subtype":"LOAD","match_score":100.0,"pjm_zone":"APS"}},{"type":"Feature","id":3624,"geometry":{"type":"Point","coordinates":[-80.4479937015767,36.6669096991677]},"properties":{"OBJECTID":3624,"ID":"133866","NAME":"PINNACLES","CITY":"ARARAT","STATE":"VA","ZIP":"24053","TYPE":"SUBSTATION","STATUS":"IN SERVICE","COUNTY":"PATRICK","COUNTYFIPS":"51141","COUNTRY":"USA","LATITUDE":36.66690969900003,"LONGITUDE":-80.44799370199996,"NAICS_CODE":"221121","NAICS_DESC":"ELECTRIC BULK POWER TRANSMISSION AND CONTROL","SOURCE":"IMAGERY, EIA 860","SOURCEDATE":1452038400000,"VAL_METHOD":"IMAGERY","VAL_DATE":1622505600000,"LINES":2,"MAX_VOLT":69,"MIN_VOLT":69,"MAX_INFER":"Y","MIN_INFER":"Y","pnode_id":1067320092,"pnode_name":"PINNACLE WF","pnode_subtype":"AGGREGATE","match_score":80.0,"pjm_zone":"AEP"}},{"type":"Feature","id":3629,"geometry":{"type":"Point","coordinates":[-75.507221153296,39.7431004369804]},"properties":{"OBJECTID":3629,"ID":"130225","NAME":"HAY ROAD","CITY":"WILMINGTON","STATE":"DE","ZIP":"19802","TYPE":"SUBSTATION","STATUS":"IN SERVICE","COUNTY":"NEW CASTLE","COUNTYFIPS":"10003","COUNTRY":"USA","LATITUDE":39.74310043700007,"LONGITUDE":-75.50722115299999,"NAICS_CODE":"221121","NAICS_DESC":"ELECTRIC BULK POWER TRANSMISSION AND CONTROL","SOURCE":"IMAGERY, EIA 860","SOURCEDATE":1438214400000,"VAL_METHOD":"IMAGERY","VAL_DATE":1622505600000,"LINES":2,"MAX_VOLT":230,"MIN_VOLT":138,"MAX_INFER":"Y","MIN_INFER":"Y","pnode_id":113749,"pnode_name":"HAYROAD","pnode_subtype":"AGGREGATE","match_score":93.33333333333333,"pjm_zone":"DPL"}},{"type":"Feature","id":3647,"geometry":{"type":"Point","coordinates":[-84.5484177840733,38.9717002352266]},"properties":{"OBJECTID":3647,"ID":"130303","NAME":"RICHARDSON","CITY":"INDEPENDENCE","STATE":"KY","ZIP":"41051","TYPE":"SUBSTATION","STATUS":"IN SERVICE","COUNTY":"KENTON","COUNTYFIPS":"21117","COUNTRY":"USA","LATITUDE":38.97170023500007,"LONGITUDE":-84.54841778399998,"NAICS_CODE":"221121","NAICS_DESC":"ELECTRIC BULK POWER TRANSMISSION AND CONTROL","SOURCE":"IMAGERY, http://psc.ky.gov/pscscf/2009%20cases/2009-00106/20090422_EKPCs_2009_IRP_and_Petition_for_Confidentiality.PDF","SOURCEDATE":1438300800000,"VAL_METHOD":"IMAGERY","VAL_DATE":1550102400000,"LINES":1,"MAX_VOLT":69,"MIN_VOLT":69,"MAX_INFER":"Y","MIN_INFER":"Y","pnode_id":35010339,"pnode_name":"CARSON","pnode_subtype":"EHV","match_score":75.0,"pjm_zone":"DEOK"}},{"type":"Feature","id":3650,"geometry":{"type":"Point","coordinates":[-79.5352451130237,39.1845119687815]},"properties":{"OBJECTID":3650,"ID":"130358","NAME":"MOUNTAINEER WIND ENERGY CENTER","CITY":"THOMAS","STATE":"WV","ZIP":"26292","TYPE":"SUBSTATION","STATUS":"IN SERVICE","COUNTY":"TUCKER","COUNTYFIPS":"54093","COUNTRY":"USA","LATITUDE":39.18451196900003,"LONGITUDE":-79.53524511299997,"NAICS_CODE":"221121","NAICS_DESC":"ELECTRIC BULK POWER TRANSMISSION AND CONTROL","SOURCE":"IMAGERY, EIA 860","SOURCEDATE":1438214400000,"VAL_METHOD":"IMAGERY","VAL_DATE":1622505600000,"LINES":2,"MAX_VOLT":-999999,"MIN_VOLT":-999999,"MAX_INFER":"Y","MIN_INFER":"Y","pnode_id":34509207,"pnode_name":"MOUNTAINEER","pnode_subtype":"EHV","match_score":100.0,"pjm_zone":"APS"}},{"type":"Feature","id":3657,"geometry":{"type":"Point","coordinates":[-81.4348386091231,37.5776505572018]},"properties":{"OBJECTID":3657,"ID":"130388","NAME":"ITMANN","CITY":"MULLENS","STATE":"WV","ZIP":"25882","TYPE":"SUBSTATION","STATUS":"IN SERVICE","COUNTY":"WYOMING","COUNTYFIPS":"54109","COUNTRY":"USA","LATITUDE":37.57765055700003,"LONGITUDE":-81.43483860899994,"NAICS_CODE":"221121","NAICS_DESC":"ELECTRIC BULK POWER TRANSMISSION AND CONTROL","SOURCE":"IMAGERY, https://aeptransmission.com/virginia/Tazewell-Bearwallow/docs/VOLUME%201%20(Exhibits%206%20through%2013).pdf","SOURCEDATE":1438646400000,"VAL_METHOD":"IMAGERY","VAL_DATE":1549411200000,"LINES":2,"MAX_VOLT":138,"MIN_VOLT":138,"MAX_INFER":"Y","MIN_INFER":"Y","pnode_id":32411685,"pnode_name":"ITMANN  138 KV  T1","pnode_subtype":"LOAD","match_score":100.0,"pjm_zone":"AEP"}},{"type":"Feature","id":3658,"geometry":{"type":"Point","coordinates":[-82.1877811657474,37.6352085853199]},"properties":{"OBJECTID":3658,"ID":"130531","NAME":"SPRIGG","CITY":"MC CARR","STATE":"WV","ZIP":"41544","TYPE":"SUBSTATION","STATUS":"IN SERVICE","COUNTY":"MINGO","COUNTYFIPS":"54059","COUNTRY":"USA","LATITUDE":37.63520858500004,"LONGITUDE":-82.18778116599998,"NAICS_CODE":"221121","NAICS_DESC":"ELECTRIC BULK POWER TRANSMISSION AND CONTROL","SOURCE":"IMAGERY, http://www.pjm.com/-/media/markets-ops/trans-service/trans-fac/aepsct.ashx","SOURCEDATE":1439164800000,"VAL_METHOD":"IMAGERY","VAL_DATE":1508457600000,"LINES":5,"MAX_VOLT":138,"MIN_VOLT":46,"MAX_INFER":"Y","MIN_INFER":"N","pnode_id":32412661,"pnode_name":"SPRIGG  138 KV  T1","pnode_subtype":"LOAD","match_score":100.0,"pjm_zone":"AEP"}},{"type":"Feature","id":3663,"geometry":{"type":"Point","coordinates":[-82.3597171597374,37.6252151836631]},"properties":{"OBJECTID":3663,"ID":"130536","NAME":"LESLIE METERING","CITY":"SIDNEY","STATE":"KY","ZIP":"41564","TYPE":"SUBSTATION","STATUS":"IN SERVICE","COUNTY":"PIKE","COUNTYFIPS":"21195","COUNTRY":"USA","LATITUDE":37.62521518400007,"LONGITUDE":-82.35971715999995,"NAICS_CODE":"221121","NAICS_DESC":"ELECTRIC BULK POWER TRANSMISSION AND CONTROL","SOURCE":"IMAGERY, https://aeptransmission.com/virginia/Tazewell-Bearwallow/docs/VOLUME%201%20(Exhibits%206%20through%2013).pdf","SOURCEDATE":1439251200000,"VAL_METHOD":"IMAGERY","VAL_DATE":1549411200000,"LINES":1,"MAX_VOLT":69,"MIN_VOLT":69,"MAX_INFER":"N","MIN_INFER":"N","pnode_id":32411811,"pnode_name":"LESLIE  161 KV  T1","pnode_subtype":"LOAD","match_score":100.0,"pjm_zone":"AEP"}},{"type":"Feature","id":3673,"geometry":{"type":"Point","coordinates":[-84.7292382833099,39.0906892897994]},"properties":{"OBJECTID":3673,"ID":"130558","NAME":"HEBRON","CITY":"HEBRON","STATE":"KY","ZIP":"41048","TYPE":"SUBSTATION","STATUS":"IN SERVICE","COUNTY":"BOONE","COUNTYFIPS":"21015","COUNTRY":"USA","LATITUDE":39.09068929000006,"LONGITUDE":-84.72923828299997,"NAICS_CODE":"221121","NAICS_DESC":"ELECTRIC BULK POWER TRANSMISSION AND CONTROL","SOURCE":"IMAGERY, http://psc.ky.gov/pscscf/2009%20cases/2009-00106/20090422_EKPCs_2009_IRP_and_Petition_for_Confidentiality.PDF","SOURCEDATE":1438646400000,"VAL_METHOD":"IMAGERY","VAL_DATE":1550102400000,"LINES":4,"MAX_VOLT":138,"MIN_VOLT":69,"MAX_INFER":"Y","MIN_INFER":"Y","pnode_id":32413013,"pnode_name":"WHEBRON 138 KV  T1","pnode_subtype":"LOAD","match_score":97.3076923076923,"pjm_zone":"DEOK"}},{"type":"Feature","id":3680,"geometry":{"type":"Point","coordinates":[-81.6027137113791,37.5924772171395]},"properties":{"OBJECTID":3680,"ID":"130792","NAME":"MARIANNA","CITY":"MARIANNA","STATE":"WV","ZIP":"24859","TYPE":"SUBSTATION","STATUS":"IN SERVICE","COUNTY":"WYOMING","COUNTYFIPS":"54109","COUNTRY":"USA","LATITUDE":37.59247721700007,"LONGITUDE":-81.60271371099998,"NAICS_CODE":"221121","NAICS_DESC":"ELECTRIC BULK POWER TRANSMISSION AND CONTROL","SOURCE":"IMAGERY, https://aeptransmission.com/virginia/Tazewell-Bearwallow/docs/VOLUME%201%20(Exhibits%206%20through%2013).pdf","SOURCEDATE":1439769600000,"VAL_METHOD":"IMAGERY","VAL_DATE":1549411200000,"LINES":2,"MAX_VOLT":46,"MIN_VOLT":46,"MAX_INFER":"N","MIN_INFER":"N","pnode_id":2156111393,"pnode_name":"GUYANDOT138 KV  MARIANNA","pnode_subtype":"LOAD","match_score":100.0,"pjm_zone":"AEP"}},{"type":"Feature","id":3697,"geometry":{"type":"Point","coordinates":[-80.742400124625,39.9260037948771]},"properties":{"OBJECTID":3697,"ID":"131523","NAME":"MOUNDSVILLE","CITY":"MOUNDSVILLE","STATE":"WV","ZIP":"26041","TYPE":"SUBSTATION","STATUS":"IN SERVICE","COUNTY":"MARSHALL","COUNTYFIPS":"54051","COUNTRY":"USA","LATITUDE":39.92600379500004,"LONGITUDE":-80.74240012499996,"NAICS_CODE":"221121","NAICS_DESC":"ELECTRIC BULK POWER TRANSMISSION AND CONTROL","SOURCE":"IMAGERY, EIA 861, https://www.pjm.com/-/media/committees-groups/committees/srrtep-w/20170421/20170421-reliability-analysis-update.ashx","SOURCEDATE":1440374400000,"VAL_METHOD":"IMAGERY","VAL_DATE":1550016000000,"LINES":5,"MAX_VOLT":69,"MIN_VOLT":69,"MAX_INFER":"N","MIN_INFER":"N","pnode_id":51241,"pnode_name":"MONTVILLE","pnode_subtype":"AGGREGATE","match_score":80.0,"pjm_zone":"AEP"}},{"type":"Feature","id":3699,"geometry":{"type":"Point","coordinates":[-80.6877165758895,40.0340482260287]},"properties":{"OBJECTID":3699,"ID":"131525","NAME":"BETHLEHEM","CITY":"WHEELING","STATE":"WV","ZIP":"26003","TYPE":"SUBSTATION","STATUS":"IN SERVICE","COUNTY":"OHIO","COUNTYFIPS":"54069","COUNTRY":"USA","LATITUDE":40.03404822600004,"LONGITUDE":-80.68771657599996,"NAICS_CODE":"221121","NAICS_DESC":"ELECTRIC BULK POWER TRANSMISSION AND CONTROL","SOURCE":"IMAGERY, https://www.pjm.com/-/media/committees-groups/committees/srrtep-w/20170421/20170421-reliability-analysis-update.ashx","SOURCEDATE":1440374400000,"VAL_METHOD":"IMAGERY","VAL_DATE":1550016000000,"LINES":2,"MAX_VOLT":138,"MIN_VOLT":138,"MAX_INFER":"Y","MIN_INFER":"Y","pnode_id":210020,"pnode_name":"BETHLEHEM STEEL","pnode_subtype":"AGGREGATE","match_score":75.0,"pjm_zone":"AEP"}},{"type":"Feature","id":3725,"geometry":{"type":"Point","coordinates":[-74.2480058209126,40.5568726250367]},"properties":{"OBJECTID":3725,"ID":"132286","NAME":"SEWAREN","CITY":"ELMER","STATE":"NJ","ZIP":"08318","TYPE":"SUBSTATION","STATUS":"IN SERVICE","COUNTY":"MIDDLESEX","COUNTYFIPS":"34023","COUNTRY":"USA","LATITUDE":40.55687262500004,"LONGITUDE":-74.24800582099994,"NAICS_CODE":"221121","NAICS_DESC":"ELECTRIC BULK POWER TRANSMISSION AND CONTROL","SOURCE":"IMAGERY, OpenStreetMap","SOURCEDATE":1440720000000,"VAL_METHOD":"IMAGERY","VAL_DATE":1524787200000,"LINES":9,"MAX_VOLT":230,"MIN_VOLT":230,"MAX_INFER":"Y","MIN_INFER":"Y","pnode_id":918820,"pnode_name":"SEWAREN 2","pnode_subtype":"AGGREGATE","match_score":87.5,"pjm_zone":"PSEG"}},{"type":"Feature","id":3735,"geometry":{"type":"Point","coordinates":[-74.3651959491375,40.9130011839413]},"properties":{"OBJECTID":3735,"ID":"132309","NAME":"MONTVILLE","CITY":"MONTVILLE TWP","STATE":"NJ","ZIP":"07045","TYPE":"SUBSTATION","STATUS":"IN SERVICE","COUNTY":"MORRIS","COUNTYFIPS":"34027","COUNTRY":"USA","LATITUDE":40.91300118400005,"LONGITUDE":-74.36519594899994,"NAICS_CODE":"221121","NAICS_DESC":"ELECTRIC BULK POWER TRANSMISSION AND CONTROL","SOURCE":"IMAGERY, OpenStreetMap, https://www.pjm.com/-/media/committees-groups/committees/teac/20170209/20170209-pjm-teac-board-whitepaper-february-2017.ashx","SOURCEDATE":1440720000000,"VAL_METHOD":"IMAGERY","VAL_DATE":1525046400000,"LINES":2,"MAX_VOLT":230,"MIN_VOLT":230,"MAX_INFER":"Y","MIN_INFER":"Y","pnode_id":51241,"pnode_name":"MONTVILLE","pnode_subtype":"AGGREGATE","match_score":100.0,"pjm_zone":"JCPL"}},{"type":"Feature","id":3788,"geometry":{"type":"Point","coordinates":[-74.0164931108171,40.8340716028566]},"properties":{"OBJECTID":3788,"ID":"132405","NAME":"BERGEN","CITY":"RIDGEFIELD","STATE":"NJ","ZIP":"07657","TYPE":"SUBSTATION","STATUS":"IN SERVICE","COUNTY":"BERGEN","COUNTYFIPS":"34003","COUNTRY":"USA","LATITUDE":40.83407160300004,"LONGITUDE":-74.01649311099999,"NAICS_CODE":"221121","NAICS_DESC":"ELECTRIC BULK POWER TRANSMISSION AND CONTROL","SOURCE":"IMAGERY, OpenStreetMap, ftp://www.pjm.com/planning/project-queues/impact_studies/a05_imp.pdf","SOURCEDATE":1440720000000,"VAL_METHOD":"IMAGERY","VAL_DATE":1524700800000,"LINES":10,"MAX_VOLT":345,"MIN_VOLT":138,"MAX_INFER":"N","MIN_INFER":"Y","pnode_id":113736,"pnode_name":"BERGENCC","pnode_subtype":"AGGREGATE","match_score":85.71428571428572,"pjm_zone":"PSEG"}},{"type":"Feature","id":3792,"geometry":{"type":"Point","coordinates":[-74.1284440585909,40.9495184331179]},"properties":{"OBJECTID":3792,"ID":"132410","NAME":"FAIR LAWN","CITY":"FAIR LAWN","STATE":"NJ","ZIP":"07410","TYPE":"SUBSTATION","STATUS":"IN SERVICE","COUNTY":"BERGEN","COUNTYFIPS":"34003","COUNTRY":"USA","LATITUDE":40.94951843300004,"LONGITUDE":-74.12844405899995,"NAICS_CODE":"221121","NAICS_DESC":"ELECTRIC BULK POWER TRANSMISSION AND CONTROL","SOURCE":"IMAGERY, OpenStreetMap, https://www.pjm.com/-/media/committees-groups/committees/teac/20170209/20170209-pjm-teac-board-whitepaper-february-2017.ashx","SOURCEDATE":1440720000000,"VAL_METHOD":"IMAGERY","VAL_DATE":1525046400000,"LINES":1,"MAX_VOLT":230,"MIN_VOLT":230,"MAX_INFER":"N","MIN_INFER":"N","pnode_id":51221,"pnode_name":"FAIRLAWN","pnode_subtype":"AGGREGATE","match_score":94.11764705882352,"pjm_zone":"PSEG"}},{"type":"Feature","id":3802,"geometry":{"type":"Point","coordinates":[-74.2112943369588,40.6240460418328]},"properties":{"OBJECTID":3802,"ID":"132604","NAME":"LINDEN","CITY":"LINDEN","STATE":"NJ","ZIP":"07036","TYPE":"SUBSTATION","STATUS":"IN SERVICE","COUNTY":"UNION","COUNTYFIPS":"34039","COUNTRY":"USA","LATITUDE":40.62404604200003,"LONGITUDE":-74.21129433699997,"NAICS_CODE":"221121","NAICS_DESC":"ELECTRIC BULK POWER TRANSMISSION AND CONTROL","SOURCE":"IMAGERY, https://www.pjm.com/-/media/committees-groups/committees/teac/20170209/20170209-pjm-teac-board-whitepaper-february-2017.ashx","SOURCEDATE":1441670400000,"VAL_METHOD":"IMAGERY","VAL_DATE":1524787200000,"LINES":7,"MAX_VOLT":230,"MIN_VOLT":230,"MAX_INFER":"Y","MIN_INFER":"Y","pnode_id":41935497,"pnode_name":"LINDEN A","pnode_subtype":"AGGREGATE","match_score":85.71428571428572,"pjm_zone":"PSEG"}},{"type":"Feature","id":3804,"geometry":{"type":"Point","coordinates":[-75.0322113960361,41.0009545400059]},"properties":{"OBJECTID":3804,"ID":"132606","NAME":"YARDS CREEK","CITY":"COLUMBIA","STATE":"NJ","ZIP":"07832","TYPE":"SUBSTATION","STATUS":"IN SERVICE","COUNTY":"WARREN","COUNTYFIPS":"34041","COUNTRY":"USA","LATITUDE":41.000954540000066,"LONGITUDE":-75.03221139599998,"NAICS_CODE":"221121","NAICS_DESC":"ELECTRIC BULK POWER TRANSMISSION AND CONTROL","SOURCE":"IMAGERY, EIA 860","SOURCEDATE":1441670400000,"VAL_METHOD":"IMAGERY","VAL_DATE":1622505600000,"LINES":2,"MAX_VOLT":230,"MIN_VOLT":230,"MAX_INFER":"Y","MIN_INFER":"Y","pnode_id":33638761,"pnode_name":"YARDS CREEK 1","pnode_subtype":"AGGREGATE","match_score":91.66666666666666,"pjm_zone":"JCPL"}},{"type":"Feature","id":3811,"geometry":{"type":"Point","coordinates":[-74.7327388242301,40.1801422659663]},"properties":{"OBJECTID":3811,"ID":"132613","NAME":"MERCER","CITY":"TRENTON","STATE":"NJ","ZIP":"08611","TYPE":"SUBSTATION","STATUS":"IN SERVICE","COUNTY":"MERCER","COUNTYFIPS":"34021","COUNTRY":"USA","LATITUDE":40.180142266000075,"LONGITUDE":-74.73273882399997,"NAICS_CODE":"221121","NAICS_DESC":"ELECTRIC BULK POWER TRANSMISSION AND CONTROL","SOURCE":"IMAGERY, https://www.pjm.com/-/media/committees-groups/committees/teac/20170209/20170209-pjm-teac-board-whitepaper-february-2017.ashx","SOURCEDATE":1441670400000,"VAL_METHOD":"IMAGERY","VAL_DATE":1524787200000,"LINES":5,"MAX_VOLT":230,"MIN_VOLT":138,"MAX_INFER":"Y","MIN_INFER":"Y","pnode_id":734135,"pnode_name":"MERCK","pnode_subtype":"AGGREGATE","match_score":72.72727272727273,"pjm_zone":"PSEG"}},{"type":"Feature","id":3812,"geometry":{"type":"Point","coordinates":[-74.9663901283697,39.3761059429813]},"properties":{"OBJECTID":3812,"ID":"132614","NAME":"CUMBERLAND (NJ)","CITY":"MILLVILLE","STATE":"NJ","ZIP":"08332","TYPE":"SUBSTATION","STATUS":"IN SERVICE","COUNTY":"CUMBERLAND","COUNTYFIPS":"34011","COUNTRY":"USA","LATITUDE":39.37610594300003,"LONGITUDE":-74.96639012799994,"NAICS_CODE":"221121","NAICS_DESC":"ELECTRIC BULK POWER TRANSMISSION AND CONTROL","SOURCE":"IMAGERY, EIA 860","SOURCEDATE":1441670400000,"VAL_METHOD":"IMAGERY","VAL_DATE":1622505600000,"LINES":5,"MAX_VOLT":230,"MIN_VOLT":138,"MAX_INFER":"Y","MIN_INFER":"Y","pnode_id":278222,"pnode_name":"CUMBERLAND CT","pnode_subtype":"AGGREGATE","match_score":78.57142857142857,"pjm_zone":"AECO"}},{"type":"Feature","id":3814,"geometry":{"type":"Point","coordinates":[-74.2854842442351,40.6563688889085]},"properties":{"OBJECTID":3814,"ID":"132616","NAME":"ALDENE","CITY":"CRANFORD TWP","STATE":"NJ","ZIP":"07016","TYPE":"SUBSTATION","STATUS":"IN SERVICE","COUNTY":"UNION","COUNTYFIPS":"34039","COUNTRY":"USA","LATITUDE":40.65636888900008,"LONGITUDE":-74.28548424399997,"NAICS_CODE":"221121","NAICS_DESC":"ELECTRIC BULK POWER TRANSMISSION AND CONTROL","SOURCE":"IMAGERY, https://www.pjm.com/-/media/committees-groups/committees/teac/20170209/20170209-pjm-teac-board-whitepaper-february-2017.ashx","SOURCEDATE":1441670400000,"VAL_METHOD":"IMAGERY","VAL_DATE":1524787200000,"LINES":3,"MAX_VOLT":230,"MIN_VOLT":230,"MAX_INFER":"Y","MIN_INFER":"Y","pnode_id":41935497,"pnode_name":"LINDEN A","pnode_subtype":"AGGREGATE","match_score":71.42857142857143,"pjm_zone":"PSEG"}},{"type":"Feature","id":3818,"geometry":{"type":"Point","coordinates":[-75.317941094163,39.6365454839618]},"properties":{"OBJECTID":3818,"ID":"132620","NAME":"WOODSTOWN","CITY":"PILESGROVE TWP","STATE":"NJ","ZIP":"08098","TYPE":"SUBSTATION","STATUS":"IN SERVICE","COUNTY":"SALEM","COUNTYFIPS":"34033","COUNTRY":"USA","LATITUDE":39.63654548400007,"LONGITUDE":-75.31794109399993,"NAICS_CODE":"221121","NAICS_DESC":"ELECTRIC BULK POWER TRANSMISSION AND CONTROL","SOURCE":"IMAGERY, https://www.atlanticcityelectric.com/SmartEnergy/ReliabilityImprovements/Pages/High-Street-Transmission-Project.aspx","SOURCEDATE":1441670400000,"VAL_METHOD":"IMAGERY","VAL_DATE":1552435200000,"LINES":5,"MAX_VOLT":69,"MIN_VOLT":69,"MAX_INFER":"N","MIN_INFER":"N","pnode_id":51211,"pnode_name":"COOKSTOWN","pnode_subtype":"AGGREGATE","match_score":77.77777777777779,"pjm_zone":"AECO"}},{"type":"Feature","id":3821,"geometry":{"type":"Point","coordinates":[-75.4847116360304,39.6942115359862]},"properties":{"OBJECTID":3821,"ID":"132623","NAME":"CHAMBERS","CITY":"PENNS GROVE","STATE":"NJ","ZIP":"08069","TYPE":"SUBSTATION","STATUS":"IN SERVICE","COUNTY":"SALEM","COUNTYFIPS":"34033","COUNTRY":"USA","LATITUDE":39.69421153600007,"LONGITUDE":-75.48471163599999,"NAICS_CODE":"221121","NAICS_DESC":"ELECTRIC BULK POWER TRANSMISSION AND CONTROL","SOURCE":"IMAGERY, https://pjm.com/-/media/committees-groups/committees/srrtep-ma/20170105/20170105-reliability-analysis-update.ashx","SOURCEDATE":1441756800000,"VAL_METHOD":"IMAGERY","VAL_DATE":1552435200000,"LINES":3,"MAX_VOLT":230,"MIN_VOLT":230,"MAX_INFER":"Y","MIN_INFER":"Y","pnode_id":6422624,"pnode_name":"CHAMBERS CCLP","pnode_subtype":"AGGREGATE","match_score":76.19047619047619,"pjm_zone":"AECO"}},{"type":"Feature","id":3826,"geometry":{"type":"Point","coordinates":[-80.8207893656987,39.8429905651401]},"properties":{"OBJECTID":3826,"ID":"132679","NAME":"KAMMER (345KV)","CITY":"MOUNDSVILLE","STATE":"WV","ZIP":"26041","TYPE":"SUBSTATION","STATUS":"IN SERVICE","COUNTY":"MARSHALL","COUNTYFIPS":"54051","COUNTRY":"USA","LATITUDE":39.842990565000036,"LONGITUDE":-80.82078936599999,"NAICS_CODE":"221121","NAICS_DESC":"ELECTRIC BULK POWER TRANSMISSION AND CONTROL","SOURCE":"IMAGERY, http://www.eei.org/issuesandpolicy/transmission/Documents/Trans_Project_HighVoltageProjects.pdf","SOURCEDATE":1441756800000,"VAL_METHOD":"IMAGERY","VAL_DATE":1550448000000,"LINES":5,"MAX_VOLT":345,"MIN_VOLT":138,"MAX_INFER":"N","MIN_INFER":"Y","pnode_id":34509201,"pnode_name":"KAMMER","pnode_subtype":"EHV","match_score":100.0,"pjm_zone":"AEP"}},{"type":"Feature","id":3829,"geometry":{"type":"Point","coordinates":[-79.9553205514466,39.7070688746561]},"properties":{"OBJECTID":3829,"ID":"132844","NAME":"LONGVIEW POWER PLANT","CITY":"MAIDSVILLE","STATE":"WV","ZIP":"26541","TYPE":"SUBSTATION","STATUS":"IN SERVICE","COUNTY":"MONONGALIA","COUNTYFIPS":"54061","COUNTRY":"USA","LATITUDE":39.70706887500006,"LONGITUDE":-79.95532055099994,"NAICS_CODE":"221121","NAICS_DESC":"ELECTRIC BULK POWER TRANSMISSION AND CONTROL","SOURCE":"IMAGERY, EIA 860","SOURCEDATE":1441929600000,"VAL_METHOD":"IMAGERY","VAL_DATE":1622505600000,"LINES":2,"MAX_VOLT":500,"MIN_VOLT":500,"MAX_INFER":"Y","MIN_INFER":"Y","pnode_id":77260083,"pnode_name":"NORTH LONGVIEW","pnode_subtype":"EHV","match_score":70.58823529411764,"pjm_zone":"APS"}},{"type":"Feature","id":3836,"geometry":{"type":"Point","coordinates":[-75.1647092559787,40.5663769512128]},"properties":{"OBJECTID":3836,"ID":"132948","NAME":"GILBERT","CITY":"MILFORD","STATE":"NJ","ZIP":"08848","TYPE":"SUBSTATION","STATUS":"IN SERVICE","COUNTY":"HUNTERDON","COUNTYFIPS":"34019","COUNTRY":"USA","LATITUDE":40.56637695100005,"LONGITUDE":-75.16470925599998,"NAICS_CODE":"221121","NAICS_DESC":"ELECTRIC BULK POWER TRANSMISSION AND CONTROL","SOURCE":"IMAGERY, EIA 860","SOURCEDATE":1441929600000,"VAL_METHOD":"IMAGERY","VAL_DATE":1622505600000,"LINES":2,"MAX_VOLT":230,"MIN_VOLT":230,"MAX_INFER":"Y","MIN_INFER":"Y","pnode_id":113745,"pnode_name":"GILBERTCC","pnode_subtype":"AGGREGATE","match_score":87.5,"pjm_zone":"JCPL"}},{"type":"Feature","id":3840,"geometry":{"type":"Point","coordinates":[-74.2814695941786,40.4900344152996]},"properties":{"OBJECTID":3840,"ID":"132954","NAME":"WERNER","CITY":"SOUTH AMBOY","STATE":"NJ","ZIP":"08879","TYPE":"SUBSTATION","STATUS":"IN SERVICE","COUNTY":"MIDDLESEX","COUNTYFIPS":"34023","COUNTRY":"USA","LATITUDE":40.490034415000025,"LONGITUDE":-74.28146959399999,"NAICS_CODE":"221121","NAICS_DESC":"ELECTRIC BULK POWER TRANSMISSION AND CONTROL","SOURCE":"IMAGERY, EIA 860","SOURCEDATE":1442188800000,"VAL_METHOD":"IMAGERY","VAL_DATE":1622505600000,"LINES":5,"MAX_VOLT":230,"MIN_VOLT":230,"MAX_INFER":"Y","MIN_INFER":"Y","pnode_id":51286,"pnode_name":"WERNER CT 1","pnode_subtype":"AGGREGATE","match_score":70.58823529411764,"pjm_zone":"JCPL"}},{"type":"Feature","id":3845,"geometry":{"type":"Point","coordinates":[-74.0706067126407,40.8992057026695]},"properties":{"OBJECTID":3845,"ID":"132972","NAME":"MAYWOOD","CITY":"MAYWOOD","STATE":"NJ","ZIP":"07607","TYPE":"SUBSTATION","STATUS":"IN SERVICE","COUNTY":"BERGEN","COUNTYFIPS":"34003","COUNTRY":"USA","LATITUDE":40.899205703000064,"LONGITUDE":-74.07060671299996,"NAICS_CODE":"221121","NAICS_DESC":"ELECTRIC BULK POWER TRANSMISSION AND CONTROL","SOURCE":"IMAGERY, https://www.pjm.com/-/media/committees-groups/committees/teac/20170209/20170209-pjm-teac-board-whitepaper-february-2017.ashx","SOURCEDATE":1442534400000,"VAL_METHOD":"IMAGERY","VAL_DATE":1525046400000,"LINES":3,"MAX_VOLT":230,"MIN_VOLT":230,"MAX_INFER":"N","MIN_INFER":"N","pnode_id":73326993,"pnode_name":"MAYWOOD T-1","pnode_subtype":"AGGREGATE","match_score":77.77777777777779,"pjm_zone":"PSEG"}},{"type":"Feature","id":3866,"geometry":{"type":"Point","coordinates":[-74.2613148460387,39.6902561580381]},"properties":{"OBJECTID":3866,"ID":"133191","NAME":"CEDAR STATION","CITY":"STAFFORD TWP","STATE":"NJ","ZIP":"08092","TYPE":"SUBSTATION","STATUS":"IN SERVICE","COUNTY":"OCEAN","COUNTYFIPS":"34029","COUNTRY":"USA","LATITUDE":39.69025615800007,"LONGITUDE":-74.26131484599995,"NAICS_CODE":"221121","NAICS_DESC":"ELECTRIC BULK POWER TRANSMISSION AND CONTROL","SOURCE":"IMAGERY, EIA 860","SOURCEDATE":1442448000000,"VAL_METHOD":"IMAGERY","VAL_DATE":1622505600000,"LINES":4,"MAX_VOLT":230,"MIN_VOLT":230,"MAX_INFER":"Y","MIN_INFER":"Y","pnode_id":278220,"pnode_name":"CEDAR STATION CT 1","pnode_subtype":"AGGREGATE","match_score":83.87096774193549,"pjm_zone":"AECO"}},{"type":"Feature","id":3871,"geometry":{"type":"Point","coordinates":[-75.1997914852645,39.4543573571604]},"properties":{"OBJECTID":3871,"ID":"133196","NAME":"CARLLS CORNER","CITY":"UPPER DEERFIELD TWP","STATE":"NJ","ZIP":"08302","TYPE":"SUBSTATION","STATUS":"IN SERVICE","COUNTY":"CUMBERLAND","COUNTYFIPS":"34011","COUNTRY":"USA","LATITUDE":39.45435735700005,"LONGITUDE":-75.19979148499993,"NAICS_CODE":"221121","NAICS_DESC":"ELECTRIC BULK POWER TRANSMISSION AND CONTROL","SOURCE":"IMAGERY, EIA 860","SOURCEDATE":1442448000000,"VAL_METHOD":"IMAGERY","VAL_DATE":1622505600000,"LINES":3,"MAX_VOLT":69,"MIN_VOLT":69,"MAX_INFER":"Y","MIN_INFER":"Y","pnode_id":278218,"pnode_name":"CARLLS CORNER CT 1","pnode_subtype":"AGGREGATE","match_score":83.87096774193549,"pjm_zone":"AECO"}},{"type":"Feature","id":3875,"geometry":{"type":"Point","coordinates":[-74.127785440774,40.7078386598685]},"properties":{"OBJECTID":3875,"ID":"133201","NAME":"NEWARK ENERGY CENTER","CITY":"NEWARK","STATE":"NJ","ZIP":"07105","TYPE":"SUBSTATION","STATUS":"IN SERVICE","COUNTY":"ESSEX","COUNTYFIPS":"34013","COUNTRY":"USA","LATITUDE":40.70783866000005,"LONGITUDE":-74.12778544099996,"NAICS_CODE":"221121","NAICS_DESC":"ELECTRIC BULK POWER TRANSMISSION AND CONTROL","SOURCE":"IMAGERY, EIA 860","SOURCEDATE":1442361600000,"VAL_METHOD":"IMAGERY","VAL_DATE":1622505600000,"LINES":0,"MAX_VOLT":-999999,"MIN_VOLT":-999999,"MAX_INFER":"N","MIN_INFER":"N","pnode_id":1297837077,"pnode_name":"NEWARK ENERGY CC","pnode_subtype":"AGGREGATE","match_score":83.33333333333334,"pjm_zone":"PSEG"}},{"type":"Feature","id":3899,"geometry":{"type":"Point","coordinates":[-82.7893832591703,40.717598481966]},"properties":{"OBJECTID":3899,"ID":"133826","NAME":"GALION GENERATING STATION","CITY":"GALION","STATE":"OH","ZIP":"44833","TYPE":"SUBSTATION","STATUS":"IN SERVICE","COUNTY":"CRAWFORD","COUNTYFIPS":"39033","COUNTRY":"USA","LATITUDE":40.71759848200003,"LONGITUDE":-82.78938325899998,"NAICS_CODE":"221121","NAICS_DESC":"ELECTRIC BULK POWER TRANSMISSION AND CONTROL","SOURCE":"IMAGERY, EIA 860","SOURCEDATE":1444176000000,"VAL_METHOD":"IMAGERY","VAL_DATE":1622505600000,"LINES":2,"MAX_VOLT":-999999,"MIN_VOLT":-999999,"MAX_INFER":"N","MIN_INFER":"N","pnode_id":32414931,"pnode_name":"GALION  69 KV   LOAD","pnode_subtype":"LOAD","match_score":100.0,"pjm_zone":"FE-ATSI"}},{"type":"Feature","id":3901,"geometry":{"type":"Point","coordinates":[-81.6787629740883,39.5906804898881]},"properties":{"OBJECTID":3901,"ID":"133841","NAME":"MUSKINGUM RIVER","CITY":"BEVERLY","STATE":"OH","ZIP":"45715","TYPE":"SUBSTATION","STATUS":"IN SERVICE","COUNTY":"MORGAN","COUNTYFIPS":"39115","COUNTRY":"USA","LATITUDE":39.59068049000007,"LONGITUDE":-81.67876297399994,"NAICS_CODE":"221121","NAICS_DESC":"ELECTRIC BULK POWER TRANSMISSION AND CONTROL","SOURCE":"IMAGERY, EIA 860","SOURCEDATE":1444176000000,"VAL_METHOD":"IMAGERY","VAL_DATE":1622505600000,"LINES":9,"MAX_VOLT":138,"MIN_VOLT":138,"MAX_INFER":"Y","MIN_INFER":"Y","pnode_id":35079823,"pnode_name":"MUSKINGUMRIV 1","pnode_subtype":"AGGREGATE","match_score":82.75862068965517,"pjm_zone":"AEP"}},{"type":"Feature","id":3910,"geometry":{"type":"Point","coordinates":[-81.6663162373118,37.2085378586513]},"properties":{"OBJECTID":3910,"ID":"133868","NAME":"FARADAY","CITY":"BANDY","STATE":"WV","ZIP":"24602","TYPE":"SUBSTATION","STATUS":"IN SERVICE","COUNTY":"MCDOWELL","COUNTYFIPS":"54047","COUNTRY":"USA","LATITUDE":37.208537859000046,"LONGITUDE":-81.66631623699999,"NAICS_CODE":"221121","NAICS_DESC":"ELECTRIC BULK POWER TRANSMISSION AND CONTROL","SOURCE":"IMAGERY, https://aeptransmission.com/virginia/Tazewell-Bearwallow/docs/Tazwell%20Bearwallow%20fact%20sheet.pdf#view=Fit","SOURCEDATE":1452038400000,"VAL_METHOD":"IMAGERY","VAL_DATE":1549411200000,"LINES":3,"MAX_VOLT":138,"MIN_VOLT":138,"MAX_INFER":"Y","MIN_INFER":"Y","pnode_id":1439644386,"pnode_name":"FARDAY  138 KV  T1","pnode_subtype":"LOAD","match_score":97.3076923076923,"pjm_zone":"AEP"}},{"type":"Feature","id":3915,"geometry":{"type":"Point","coordinates":[-76.9580165930624,38.8973825737967]},"properties":{"OBJECTID":3915,"ID":"133893","NAME":"BENNING (115KV)","CITY":"WASHINGTON","STATE":"DC","ZIP":"20019","TYPE":"SUBSTATION","STATUS":"IN SERVICE","COUNTY":"DISTRICT OF COLUMBIA","COUNTYFIPS":"11001","COUNTRY":"USA","LATITUDE":38.89738257400006,"LONGITUDE":-76.95801659299997,"NAICS_CODE":"221121","NAICS_DESC":"ELECTRIC BULK POWER TRANSMISSION AND CONTROL","SOURCE":"IMAGERY, https://www.pjm.com/pub/account/trans-fac/pepco.xls","SOURCEDATE":1453852800000,"VAL_METHOD":"IMAGERY","VAL_DATE":1552435200000,"LINES":6,"MAX_VOLT":115,"MIN_VOLT":115,"MAX_INFER":"Y","MIN_INFER":"Y","pnode_id":684709,"pnode_name":"BENNING 15","pnode_subtype":"AGGREGATE","match_score":80.0,"pjm_zone":"PEPCO"}},{"type":"Feature","id":3916,"geometry":{"type":"Point","coordinates":[-76.9556192860131,38.8998584028065]},"properties":{"OBJECTID":3916,"ID":"133894","NAME":"BENNING (69KV)","CITY":"WASHINGTON","STATE":"DC","ZIP":"20019","TYPE":"SUBSTATION","STATUS":"IN SERVICE","COUNTY":"DISTRICT OF COLUMBIA","COUNTYFIPS":"11001","COUNTRY":"USA","LATITUDE":38.89985840300005,"LONGITUDE":-76.95561928599994,"NAICS_CODE":"221121","NAICS_DESC":"ELECTRIC BULK POWER TRANSMISSION AND CONTROL","SOURCE":"IMAGERY, https://www.pjm.com/pub/account/trans-fac/pepco.xls","SOURCEDATE":1453852800000,"VAL_METHOD":"IMAGERY","VAL_DATE":1552435200000,"LINES":3,"MAX_VOLT":115,"MIN_VOLT":69,"MAX_INFER":"Y","MIN_INFER":"N","pnode_id":684708,"pnode_name":"BENNING 16","pnode_subtype":"AGGREGATE","match_score":75.0,"pjm_zone":"PEPCO"}},{"type":"Feature","id":3930,"geometry":{"type":"Point","coordinates":[-89.609151758739,41.7606090662296]},"properties":{"OBJECTID":3930,"ID":"134641","NAME":"NELSON","CITY":"HARMON","STATE":"IL","ZIP":"61042","TYPE":"SUBSTATION","STATUS":"IN SERVICE","COUNTY":"LEE","COUNTYFIPS":"17103","COUNTRY":"USA","LATITUDE":41.76060906600003,"LONGITUDE":-89.60915175899999,"NAICS_CODE":"221121","NAICS_DESC":"ELECTRIC BULK POWER TRANSMISSION AND CONTROL","SOURCE":"OpenStreetMap, http://www.pjm.com/~/media/documents/reports/2012-rtep/2012-rtep-book-5.ashx","SOURCEDATE":1427760000000,"VAL_METHOD":"IMAGERY","VAL_DATE":1449619200000,"LINES":10,"MAX_VOLT":345,"MIN_VOLT":138,"MAX_INFER":"Y","MIN_INFER":"Y","pnode_id":1270652100,"pnode_name":"NELSON CC1","pnode_subtype":"AGGREGATE","match_score":75.0,"pjm_zone":"COMED"}},{"type":"Feature","id":3931,"geometry":{"type":"Point","coordinates":[-88.2401707140538,41.9827483837449]},"properties":{"OBJECTID":3931,"ID":"134642","NAME":"WAYNE","CITY":"BARTLETT","STATE":"IL","ZIP":"60103","TYPE":"SUBSTATION","STATUS":"IN SERVICE","COUNTY":"DUPAGE","COUNTYFIPS":"17043","COUNTRY":"USA","LATITUDE":41.98274838400005,"LONGITUDE":-88.24017071399999,"NAICS_CODE":"221121","NAICS_DESC":"ELECTRIC BULK POWER TRANSMISSION AND CONTROL","SOURCE":"OpenStreetMap, http://www.pjm.com/~/media/documents/reports/2012-rtep/2012-rtep-book-5.ashx","SOURCEDATE":1427760000000,"VAL_METHOD":"IMAGERY","VAL_DATE":1449619200000,"LINES":8,"MAX_VOLT":345,"MIN_VOLT":138,"MAX_INFER":"N","MIN_INFER":"Y","pnode_id":51284,"pnode_name":"WAYNE CT","pnode_subtype":"AGGREGATE","match_score":76.92307692307692,"pjm_zone":"COMED"}},{"type":"Feature","id":3932,"geometry":{"type":"Point","coordinates":[-88.1148673758818,41.4925078378109]},"properties":{"OBJECTID":3932,"ID":"134643","NAME":"JOLIET","CITY":"JOLIET","STATE":"IL","ZIP":"60436","TYPE":"SUBSTATION","STATUS":"IN SERVICE","COUNTY":"WILL","COUNTYFIPS":"17197","COUNTRY":"USA","LATITUDE":41.49250783800005,"LONGITUDE":-88.11486737599995,"NAICS_CODE":"221121","NAICS_DESC":"ELECTRIC BULK POWER TRANSMISSION AND CONTROL","SOURCE":"OpenStreetMap, http://www.pjm.com/~/media/documents/reports/2012-rtep/2012-rtep-book-5.ashx","SOURCEDATE":1427760000000,"VAL_METHOD":"IMAGERY","VAL_DATE":1449619200000,"LINES":9,"MAX_VOLT":345,"MIN_VOLT":138,"MAX_INFER":"N","MIN_INFER":"Y","pnode_id":33138733,"pnode_name":"JOLIET 7","pnode_subtype":"AGGREGATE","match_score":85.71428571428572,"pjm_zone":"COMED"}},{"type":"Feature","id":3934,"geometry":{"type":"Point","coordinates":[-88.1157352032435,41.4386362577931]},"properties":{"OBJECTID":3934,"ID":"134645","NAME":"ELWOOD","CITY":"ELWOOD","STATE":"IL","ZIP":"60421","TYPE":"SUBSTATION","STATUS":"IN SERVICE","COUNTY":"WILL","COUNTYFIPS":"17197","COUNTRY":"USA","LATITUDE":41.43863625800003,"LONGITUDE":-88.11573520299999,"NAICS_CODE":"221121","NAICS_DESC":"ELECTRIC BULK POWER TRANSMISSION AND CONTROL","SOURCE":"OpenStreetMap, http://www.pjm.com/~/media/documents/reports/2012-rtep/2012-rtep-book-5.ashx","SOURCEDATE":1427760000000,"VAL_METHOD":"IMAGERY","VAL_DATE":1443571200000,"LINES":5,"MAX_VOLT":345,"MIN_VOLT":345,"MAX_INFER":"Y","MIN_INFER":"Y","pnode_id":33138773,"pnode_name":"ELWOOD 5","pnode_subtype":"AGGREGATE","match_score":85.71428571428572,"pjm_zone":"COMED"}},{"type":"Feature","id":3936,"geometry":{"type":"Point","coordinates":[-88.6651774030249,41.2443625782232]},"properties":{"OBJECTID":3936,"ID":"134647","NAME":"LA SALLE","CITY":"MARSEILLES","STATE":"IL","ZIP":"61341","TYPE":"SUBSTATION","STATUS":"IN SERVICE","COUNTY":"LASALLE","COUNTYFIPS":"17099","COUNTRY":"USA","LATITUDE":41.24436257800005,"LONGITUDE":-88.66517740299997,"NAICS_CODE":"221121","NAICS_DESC":"ELECTRIC BULK POWER TRANSMISSION AND CONTROL","SOURCE":"OpenStreetMap, http://www.pjm.com/~/media/documents/reports/2012-rtep/2012-rtep-book-5.ashx","SOURCEDATE":1427760000000,"VAL_METHOD":"IMAGERY","VAL_DATE":1449619200000,"LINES":7,"MAX_VOLT":345,"MIN_VOLT":138,"MAX_INFER":"Y","MIN_INFER":"Y","pnode_id":33138723,"pnode_name":"LASALLE 1","pnode_subtype":"AGGREGATE","match_score":82.35294117647058,"pjm_zone":"COMED"}},{"type":"Feature","id":3937,"geometry":{"type":"Point","coordinates":[-88.2254900001163,41.2449091527536]},"properties":{"OBJECTID":3937,"ID":"134648","NAME":"BRAIDWOOD","CITY":"BRACEVILLE","STATE":"IL","ZIP":"60407","TYPE":"SUBSTATION","STATUS":"IN SERVICE","COUNTY":"WILL","COUNTYFIPS":"17197","COUNTRY":"USA","LATITUDE":41.24490915300004,"LONGITUDE":-88.22548999999998,"NAICS_CODE":"221121","NAICS_DESC":"ELECTRIC BULK POWER TRANSMISSION AND CONTROL","SOURCE":"OpenStreetMap, http://www.pjm.com/~/media/documents/reports/2012-rtep/2012-rtep-book-5.ashx","SOURCEDATE":1427760000000,"VAL_METHOD":"IMAGERY","VAL_DATE":1449619200000,"LINES":7,"MAX_VOLT":345,"MIN_VOLT":345,"MAX_INFER":"Y","MIN_INFER":"Y","pnode_id":33138729,"pnode_name":"BRAIDWOOD 1","pnode_subtype":"AGGREGATE","match_score":90.0,"pjm_zone":"COMED"}},{"type":"Feature","id":3938,"geometry":{"type":"Point","coordinates":[-88.347140591612,41.3527523489386]},"properties":{"OBJECTID":3938,"ID":"134649","NAME":"COLLINS","CITY":"MORRIS","STATE":"IL","ZIP":"60450","TYPE":"SUBSTATION","STATUS":"IN SERVICE","COUNTY":"GRUNDY","COUNTYFIPS":"17063","COUNTRY":"USA","LATITUDE":41.35275234900007,"LONGITUDE":-88.34714059199996,"NAICS_CODE":"221121","NAICS_DESC":"ELECTRIC BULK POWER TRANSMISSION AND CONTROL","SOURCE":"OpenStreetMap, http://www.pjm.com/~/media/documents/reports/2012-rtep/2012-rtep-book-5.ashx","SOURCEDATE":1427760000000,"VAL_METHOD":"IMAGERY","VAL_DATE":1449619200000,"LINES":3,"MAX_VOLT":765,"MIN_VOLT":345,"MAX_INFER":"Y","MIN_INFER":"Y","pnode_id":33108563,"pnode_name":"23 COLLINS","pnode_subtype":"EHV","match_score":82.35294117647058,"pjm_zone":"COMED"}},{"type":"Feature","id":3939,"geometry":{"type":"Point","coordinates":[-87.952694290366,41.3983829122208]},"properties":{"OBJECTID":3939,"ID":"134650","NAME":"WILTON","CITY":"MANHATTAN","STATE":"IL","ZIP":"60442","TYPE":"SUBSTATION","STATUS":"IN SERVICE","COUNTY":"WILL","COUNTYFIPS":"17197","COUNTRY":"USA","LATITUDE":41.398382912000045,"LONGITUDE":-87.95269428999995,"NAICS_CODE":"221121","NAICS_DESC":"ELECTRIC BULK POWER TRANSMISSION AND CONTROL","SOURCE":"OpenStreetMap, http://www.pjm.com/pub/account/trans-fac/comed.xls","SOURCEDATE":1427760000000,"VAL_METHOD":"IMAGERY","VAL_DATE":1449619200000,"LINES":3,"MAX_VOLT":765,"MIN_VOLT":765,"MAX_INFER":"N","MIN_INFER":"N","pnode_id":33108559,"pnode_name":"112 WILTON","pnode_subtype":"EHV","match_score":75.0,"pjm_zone":"COMED"}},{"type":"Feature","id":3942,"geometry":{"type":"Point","coordinates":[-88.0949959051786,41.6302516328154]},"properties":{"OBJECTID":3942,"ID":"134653","NAME":"LOCKPORT","CITY":"ROMEOVILLE","STATE":"IL","ZIP":"60446","TYPE":"SUBSTATION","STATUS":"IN SERVICE","COUNTY":"WILL","COUNTYFIPS":"17197","COUNTRY":"USA","LATITUDE":41.63025163300006,"LONGITUDE":-88.09499590499996,"NAICS_CODE":"221121","NAICS_DESC":"ELECTRIC BULK POWER TRANSMISSION AND CONTROL","SOURCE":"OpenStreetMap, http://www.pjm.com/~/media/documents/reports/2012-rtep/2012-rtep-book-5.ashx","SOURCEDATE":1427760000000,"VAL_METHOD":"IMAGERY","VAL_DATE":1449619200000,"LINES":12,"MAX_VOLT":345,"MIN_VOLT":345,"MAX_INFER":"Y","MIN_INFER":"Y","pnode_id":34509213,"pnode_name":"ROCKPORT","pnode_subtype":"EHV","match_score":87.5,"pjm_zone":"COMED"}},{"type":"Feature","id":3949,"geometry":{"type":"Point","coordinates":[-89.2866668709248,42.0740496806996]},"properties":{"OBJECTID":3949,"ID":"134660","NAME":"BYRON","CITY":"MAPLE PARK","STATE":"IL","ZIP":"60151","TYPE":"SUBSTATION","STATUS":"IN SERVICE","COUNTY":"OGLE","COUNTYFIPS":"17141","COUNTRY":"USA","LATITUDE":42.074049681000076,"LONGITUDE":-89.28666687099997,"NAICS_CODE":"221121","NAICS_DESC":"ELECTRIC BULK POWER TRANSMISSION AND CONTROL","SOURCE":"OpenStreetMap, http://www.pjm.com/~/media/documents/reports/2012-rtep/2012-rtep-book-5.ashx","SOURCEDATE":1427760000000,"VAL_METHOD":"IMAGERY","VAL_DATE":1449619200000,"LINES":6,"MAX_VOLT":345,"MIN_VOLT":345,"MAX_INFER":"Y","MIN_INFER":"Y","pnode_id":33138745,"pnode_name":"BYRON 1","pnode_subtype":"AGGREGATE","match_score":83.33333333333334,"pjm_zone":"COMED"}},{"type":"Feature","id":3952,"geometry":{"type":"Point","coordinates":[-88.4397198607639,42.2567910643275]},"properties":{"OBJECTID":3952,"ID":"134701","NAME":"PLEASANT VALLEY","CITY":"WOODSTOCK","STATE":"IL","ZIP":"60098","TYPE":"SUBSTATION","STATUS":"IN SERVICE","COUNTY":"MCHENRY","COUNTYFIPS":"17111","COUNTRY":"USA","LATITUDE":42.256791064000026,"LONGITUDE":-88.43971986099996,"NAICS_CODE":"221121","NAICS_DESC":"ELECTRIC BULK POWER TRANSMISSION AND CONTROL","SOURCE":"OpenStreetMap, http://www.pjm.com/~/media/documents/reports/2012-rtep/2012-rtep-book-5.ashx","SOURCEDATE":1427760000000,"VAL_METHOD":"IMAGERY","VAL_DATE":1449619200000,"LINES":7,"MAX_VOLT":345,"MIN_VOLT":138,"MAX_INFER":"N","MIN_INFER":"Y","pnode_id":35010371,"pnode_name":"PLEASANT VIEW","pnode_subtype":"EHV","match_score":78.57142857142857,"pjm_zone":"COMED"}},{"type":"Feature","id":3954,"geometry":{"type":"Point","coordinates":[-89.4072596117318,41.8276981412935]},"properties":{"OBJECTID":3954,"ID":"134711","NAME":"EASY ROAD","CITY":"DIXON","STATE":"IL","ZIP":"61021","TYPE":"SUBSTATION","STATUS":"IN SERVICE","COUNTY":"LEE","COUNTYFIPS":"17103","COUNTRY":"USA","LATITUDE":41.82769814100004,"LONGITUDE":-89.40725961199996,"NAICS_CODE":"221121","NAICS_DESC":"ELECTRIC BULK POWER TRANSMISSION AND CONTROL","SOURCE":"OpenStreetMap, http://www.pjm.com/~/media/documents/reports/2012-rtep/2012-rtep-book-5.ashx","SOURCEDATE":1427760000000,"VAL_METHOD":"IMAGERY","VAL_DATE":1449619200000,"LINES":4,"MAX_VOLT":345,"MIN_VOLT":345,"MAX_INFER":"Y","MIN_INFER":"Y","pnode_id":113749,"pnode_name":"HAYROAD","pnode_subtype":"AGGREGATE","match_score":75.0,"pjm_zone":"COMED"}},{"type":"Feature","id":3956,"geometry":{"type":"Point","coordinates":[-87.805371582697,42.4464778577737]},"properties":{"OBJECTID":3956,"ID":"134714","NAME":"ZION","CITY":"ZION","STATE":"IL","ZIP":"60099","TYPE":"SUBSTATION","STATUS":"IN SERVICE","COUNTY":"LAKE","COUNTYFIPS":"17097","COUNTRY":"USA","LATITUDE":42.44647785800004,"LONGITUDE":-87.80537158299995,"NAICS_CODE":"221121","NAICS_DESC":"ELECTRIC BULK POWER TRANSMISSION AND CONTROL","SOURCE":"IMAGERY, http://www.pjm.com/~/media/documents/reports/2012-rtep/2012-rtep-book-5.ashx","SOURCEDATE":1431993600000,"VAL_METHOD":"IMAGERY","VAL_DATE":1443484800000,"LINES":6,"MAX_VOLT":345,"MIN_VOLT":345,"MAX_INFER":"N","MIN_INFER":"N","pnode_id":33138769,"pnode_name":"ZION 1","pnode_subtype":"AGGREGATE","match_score":80.0,"pjm_zone":"COMED"}},{"type":"Feature","id":3963,"geometry":{"type":"Point","coordinates":[-74.1254294068204,41.0168803971508]},"properties":{"OBJECTID":3963,"ID":"136019","NAME":"WALDWICK","CITY":"WALDWICK","STATE":"NJ","ZIP":"07463","TYPE":"SUBSTATION","STATUS":"IN SERVICE","COUNTY":"BERGEN","COUNTYFIPS":"34003","COUNTRY":"USA","LATITUDE":41.01688039700008,"LONGITUDE":-74.12542940699996,"NAICS_CODE":"221121","NAICS_DESC":"ELECTRIC BULK POWER TRANSMISSION AND CONTROL","SOURCE":"IMAGERY, OpenStreetMap","SOURCEDATE":1440720000000,"VAL_METHOD":"IMAGERY","VAL_DATE":1441670400000,"LINES":4,"MAX_VOLT":345,"MIN_VOLT":230,"MAX_INFER":"N","MIN_INFER":"N","pnode_id":41935493,"pnode_name":"WALDWICK JK","pnode_subtype":"AGGREGATE","match_score":84.21052631578947,"pjm_zone":"PSEG"}},{"type":"Feature","id":3996,"geometry":{"type":"Point","coordinates":[-82.1293685045534,40.4620383647068]},"properties":{"OBJECTID":3996,"ID":"136868","NAME":"STILLWELL","CITY":"BRINKHAVEN","STATE":"OH","ZIP":"43006","TYPE":"SUBSTATION","STATUS":"IN SERVICE","COUNTY":"HOLMES","COUNTYFIPS":"39075","COUNTRY":"USA","LATITUDE":40.46203836500007,"LONGITUDE":-82.12936850499995,"NAICS_CODE":"221121","NAICS_DESC":"ELECTRIC BULK POWER TRANSMISSION AND CONTROL","SOURCE":"OpenStreetMap","SOURCEDATE":1470268800000,"VAL_METHOD":"IMAGERY","VAL_DATE":1494374400000,"LINES":0,"MAX_VOLT":-999999,"MIN_VOLT":-999999,"MAX_INFER":"N","MIN_INFER":"N","pnode_id":123901401,"pnode_name":"STILWEL 69 KV   BK1","pnode_subtype":"LOAD","match_score":87.5,"pjm_zone":"AEP"}},{"type":"Feature","id":3998,"geometry":{"type":"Point","coordinates":[-81.6781237535934,40.4706451567743]},"properties":{"OBJECTID":3998,"ID":"136870","NAME":"SUGAR CREEK","CITY":"SUGARCREEK","STATE":"OH","ZIP":"44681","TYPE":"SUBSTATION","STATUS":"IN SERVICE","COUNTY":"HOLMES","COUNTYFIPS":"39075","COUNTRY":"USA","LATITUDE":40.470645157000035,"LONGITUDE":-81.67812375399996,"NAICS_CODE":"221121","NAICS_DESC":"ELECTRIC BULK POWER TRANSMISSION AND CONTROL","SOURCE":"OpenStreetMap","SOURCEDATE":1470268800000,"VAL_METHOD":"IMAGERY","VAL_DATE":1494374400000,"LINES":1,"MAX_VOLT":-999999,"MIN_VOLT":-999999,"MAX_INFER":"N","MIN_INFER":"N","pnode_id":35102839,"pnode_name":"SUGAR CREEK CC","pnode_subtype":"AGGREGATE","match_score":88.0,"pjm_zone":"AEP"}},{"type":"Feature","id":4008,"geometry":{"type":"Point","coordinates":[-80.8199213631655,40.0290198150756]},"properties":{"OBJECTID":4008,"ID":"136880","NAME":"NEFF","CITY":"BELLAIRE","STATE":"OH","ZIP":"43906","TYPE":"SUBSTATION","STATUS":"IN SERVICE","COUNTY":"BELMONT","COUNTYFIPS":"39013","COUNTRY":"USA","LATITUDE":40.02901981500003,"LONGITUDE":-80.81992136299993,"NAICS_CODE":"221121","NAICS_DESC":"ELECTRIC BULK POWER TRANSMISSION AND CONTROL","SOURCE":"IMAGERY, https://aeptransmission.com/ohio/WestBellaire-Glencoe/docs/WestBellaire-Glencoe_FactSheet_V4.pdf","SOURCEDATE":1476921600000,"VAL_METHOD":"IMAGERY","VAL_DATE":1537315200000,"LINES":2,"MAX_VOLT":138,"MIN_VOLT":69,"MAX_INFER":"N","MIN_INFER":"N","pnode_id":2156108996,"pnode_name":"NEFFS   69 KV   T1","pnode_subtype":"LOAD","match_score":88.88888888888889,"pjm_zone":"AEP"}},{"type":"Feature","id":4070,"geometry":{"type":"Point","coordinates":[-81.537749220898,41.4285415442911]},"properties":{"OBJECTID":4070,"ID":"137112","NAME":"KELLY","CITY":"WARRENSVILLE HEIGHTS","STATE":"OH","ZIP":"44128","TYPE":"SUBSTATION","STATUS":"IN SERVICE","COUNTY":"CUYAHOGA","COUNTYFIPS":"39035","COUNTRY":"USA","LATITUDE":41.42854154400004,"LONGITUDE":-81.53774922099996,"NAICS_CODE":"221121","NAICS_DESC":"ELECTRIC BULK POWER TRANSMISSION AND CONTROL","SOURCE":"OpenStreetMap","SOURCEDATE":1470268800000,"VAL_METHOD":"IMAGERY","VAL_DATE":1494374400000,"LINES":0,"MAX_VOLT":-999999,"MIN_VOLT":-999999,"MAX_INFER":"N","MIN_INFER":"N","pnode_id":93353807,"pnode_name":"KELLY   138 KV  TR71","pnode_subtype":"LOAD","match_score":100.0,"pjm_zone":"FE-ATSI"}},{"type":"Feature","id":4072,"geometry":{"type":"Point","coordinates":[-81.3996911989785,40.7792949189809]},"properties":{"OBJECTID":4072,"ID":"137114","NAME":"TIMKEN","CITY":"CANTON","STATE":"OH","ZIP":"44706","TYPE":"SUBSTATION","STATUS":"IN SERVICE","COUNTY":"STARK","COUNTYFIPS":"39151","COUNTRY":"USA","LATITUDE":40.77929491900005,"LONGITUDE":-81.39969119899996,"NAICS_CODE":"221121","NAICS_DESC":"ELECTRIC BULK POWER TRANSMISSION AND CONTROL","SOURCE":"OpenStreetMap","SOURCEDATE":1470268800000,"VAL_METHOD":"IMAGERY","VAL_DATE":1494374400000,"LINES":3,"MAX_VOLT":138,"MIN_VOLT":138,"MAX_INFER":"Y","MIN_INFER":"Y","pnode_id":32412847,"pnode_name":"TIMKEN  138 KV  T1","pnode_subtype":"LOAD","match_score":100.0,"pjm_zone":"FE-ATSI"}},{"type":"Feature","id":4074,"geometry":{"type":"Point","coordinates":[-81.5234299575898,41.0576787567319]},"properties":{"OBJECTID":4074,"ID":"137116","NAME":"INVOLTA","CITY":"AKRON","STATE":"OH","ZIP":"44311","TYPE":"SUBSTATION","STATUS":"IN SERVICE","COUNTY":"SUMMIT","COUNTYFIPS":"39153","COUNTRY":"USA","LATITUDE":41.057678757000076,"LONGITUDE":-81.52342995799995,"NAICS_CODE":"221121","NAICS_DESC":"ELECTRIC BULK POWER TRANSMISSION AND CONTROL","SOURCE":"OpenStreetMap","SOURCEDATE":1470268800000,"VAL_METHOD":"IMAGERY","VAL_DATE":1494374400000,"LINES":0,"MAX_VOLT":-999999,"MIN_VOLT":-999999,"MAX_INFER":"N","MIN_INFER":"N","pnode_id":1067163600,"pnode_name":"INVOLTA 138 KV  TR1","pnode_subtype":"LOAD","match_score":100.0,"pjm_zone":"FE-ATSI"}},{"type":"Feature","id":4076,"geometry":{"type":"Point","coordinates":[-81.5730923460952,41.1439878962363]},"properties":{"OBJECTID":4076,"ID":"137118","NAME":"SOUREK","CITY":"AKRON","STATE":"OH","ZIP":"44313","TYPE":"SUBSTATION","STATUS":"IN SERVICE","COUNTY":"SUMMIT","COUNTYFIPS":"39153","COUNTRY":"USA","LATITUDE":41.143987896000056,"LONGITUDE":-81.57309234599995,"NAICS_CODE":"221121","NAICS_DESC":"ELECTRIC BULK POWER TRANSMISSION AND CONTROL","SOURCE":"OpenStreetMap","SOURCEDATE":1470268800000,"VAL_METHOD":"IMAGERY","VAL_DATE":1494374400000,"LINES":1,"MAX_VOLT":138,"MIN_VOLT":138,"MAX_INFER":"Y","MIN_INFER":"Y","pnode_id":1292908770,"pnode_name":"SOUREK  138 KV  TR1","pnode_subtype":"LOAD","match_score":100.0,"pjm_zone":"FE-ATSI"}},{"type":"Feature","id":4083,"geometry":{"type":"Point","coordinates":[-81.5198708998078,39.3671111209836]},"properties":{"OBJECTID":4083,"ID":"137125","NAME":"RICHARD GORSUCH","CITY":"MARIETTA","STATE":"OH","ZIP":"45750","TYPE":"SUBSTATION","STATUS":"IN SERVICE","COUNTY":"WASHINGTON","COUNTYFIPS":"39167","COUNTRY":"USA","LATITUDE":39.36711112100005,"LONGITUDE":-81.51987089999994,"NAICS_CODE":"221121","NAICS_DESC":"ELECTRIC BULK POWER TRANSMISSION AND CONTROL","SOURCE":"IMAGERY, EIA 860","SOURCEDATE":1475020800000,"VAL_METHOD":"IMAGERY","VAL_DATE":1622505600000,"LINES":3,"MAX_VOLT":138,"MIN_VOLT":138,"MAX_INFER":"Y","MIN_INFER":"Y","pnode_id":5021727,"pnode_name":"GORSUCH 138 KV  AMP OHIO","pnode_subtype":"GEN","match_score":100.0,"pjm_zone":"AEP"}},{"type":"Feature","id":4136,"geometry":{"type":"Point","coordinates":[-81.5188419488201,41.0897255939479]},"properties":{"OBJECTID":4136,"ID":"137183","NAME":"AETNA","CITY":"AKRON","STATE":"OH","ZIP":"44304","TYPE":"SUBSTATION","STATUS":"IN SERVICE","COUNTY":"SUMMIT","COUNTYFIPS":"39153","COUNTRY":"USA","LATITUDE":41.08972559400007,"LONGITUDE":-81.51884194899998,"NAICS_CODE":"221121","NAICS_DESC":"ELECTRIC BULK POWER TRANSMISSION AND CONTROL","SOURCE":"OpenStreetMap","SOURCEDATE":1403654400000,"VAL_METHOD":"IMAGERY","VAL_DATE":1476835200000,"LINES":1,"MAX_VOLT":138,"MIN_VOLT":138,"MAX_INFER":"Y","MIN_INFER":"Y","pnode_id":32414793,"pnode_name":"AETNA   23 KV   A","pnode_subtype":"LOAD","match_score":100.0,"pjm_zone":"FE-ATSI"}},{"type":"Feature","id":4164,"geometry":{"type":"Point","coordinates":[-82.0243481265702,40.6242518133116]},"properties":{"OBJECTID":4164,"ID":"137213","NAME":"RIPLEY","CITY":"SHREVE","STATE":"OH","ZIP":"44676","TYPE":"SUBSTATION","STATUS":"IN SERVICE","COUNTY":"HOLMES","COUNTYFIPS":"39075","COUNTRY":"USA","LATITUDE":40.62425181300006,"LONGITUDE":-82.02434812699994,"NAICS_CODE":"221121","NAICS_DESC":"ELECTRIC BULK POWER TRANSMISSION AND CONTROL","SOURCE":"OpenStreetMap","SOURCEDATE":1470268800000,"VAL_METHOD":"IMAGERY","VAL_DATE":1494374400000,"LINES":1,"MAX_VOLT":-999999,"MIN_VOLT":-999999,"MAX_INFER":"N","MIN_INFER":"N","pnode_id":32412367,"pnode_name":"RIPLEY  69 KV   T1","pnode_subtype":"LOAD","match_score":100.0,"pjm_zone":"AEP"}},{"type":"Feature","id":4173,"geometry":{"type":"Point","coordinates":[-82.116318661353,38.9335264338469]},"properties":{"OBJECTID":4173,"ID":"137221","NAME":"GAVIN POWER, LLC","CITY":"CHESHIRE","STATE":"OH","ZIP":"45620","TYPE":"SUBSTATION","STATUS":"IN SERVICE","COUNTY":"GALLIA","COUNTYFIPS":"39053","COUNTRY":"USA","LATITUDE":38.93352643400004,"LONGITUDE":-82.11631866099998,"NAICS_CODE":"221121","NAICS_DESC":"ELECTRIC BULK POWER TRANSMISSION AND CONTROL","SOURCE":"IMAGERY, EIA 860","SOURCEDATE":1474934400000,"VAL_METHOD":"IMAGERY","VAL_DATE":1622505600000,"LINES":1,"MAX_VOLT":138,"MIN_VOLT":138,"MAX_INFER":"Y","MIN_INFER":"Y","pnode_id":34509191,"pnode_name":"GAVIN","pnode_subtype":"EHV","match_score":100.0,"pjm_zone":"AEP"}},{"type":"Feature","id":4176,"geometry":{"type":"Point","coordinates":[-82.0833651114053,39.4898313139437]},"properties":{"OBJECTID":4176,"ID":"137224","NAME":"TRIMBLE","CITY":"TRIMBLE","STATE":"OH","ZIP":"45732","TYPE":"SUBSTATION","STATUS":"IN SERVICE","COUNTY":"ATHENS","COUNTYFIPS":"39009","COUNTRY":"USA","LATITUDE":39.48983131400007,"LONGITUDE":-82.08336511099998,"NAICS_CODE":"221121","NAICS_DESC":"ELECTRIC BULK POWER TRANSMISSION AND CONTROL","SOURCE":"IMAGERY, https://aeptransmission.com/ohio/Trimble/docs/Trimble_FactSheet.pdf?v=2","SOURCEDATE":1474934400000,"VAL_METHOD":"IMAGERY","VAL_DATE":1537315200000,"LINES":1,"MAX_VOLT":138,"MIN_VOLT":138,"MAX_INFER":"Y","MIN_INFER":"Y","pnode_id":135389007,"pnode_name":"TRIMBLE 69 KV   TR1","pnode_subtype":"LOAD","match_score":100.0,"pjm_zone":"AEP"}},{"type":"Feature","id":4304,"geometry":{"type":"Point","coordinates":[-83.4244903773953,38.9572702897811]},"properties":{"OBJECTID":4304,"ID":"137365","NAME":"PEEBLES","CITY":"PEEBLES","STATE":"OH","ZIP":"45660","TYPE":"SUBSTATION","STATUS":"IN SERVICE","COUNTY":"ADAMS","COUNTYFIPS":"39001","COUNTRY":"USA","LATITUDE":38.957270290000054,"LONGITUDE":-83.42449037699998,"NAICS_CODE":"221121","NAICS_DESC":"ELECTRIC BULK POWER TRANSMISSION AND CONTROL","SOURCE":"IMAGERY, https://aeptransmission.com/ohio/Peebles-Rarden/docs/Peebles-Rarden_FactSheet_V3.pdf","SOURCEDATE":1475452800000,"VAL_METHOD":"IMAGERY","VAL_DATE":1537747200000,"LINES":3,"MAX_VOLT":138,"MIN_VOLT":69,"MAX_INFER":"Y","MIN_INFER":"N","pnode_id":51300,"pnode_name":"PENELEC","pnode_subtype":"ZONE","match_score":71.42857142857143,"pjm_zone":"AEP"}},{"type":"Feature","id":4376,"geometry":{"type":"Point","coordinates":[-84.52039028792,39.1064358476921]},"properties":{"OBJECTID":4376,"ID":"137536","NAME":"CHARLES SUBSTATION","CITY":"CINCINNATI","STATE":"OH","ZIP":"45202","TYPE":"SUBSTATION","STATUS":"IN SERVICE","COUNTY":"HAMILTON","COUNTYFIPS":"39061","COUNTRY":"USA","LATITUDE":39.10643584800005,"LONGITUDE":-84.52039028799999,"NAICS_CODE":"221121","NAICS_DESC":"ELECTRIC BULK POWER TRANSMISSION AND CONTROL","SOURCE":"https://www.pjm.com/~/media/committees-groups/committees/teac/20120315/20120315-reliability-analysis-update.ashx","SOURCEDATE":1403654400000,"VAL_METHOD":"IMAGERY","VAL_DATE":1475798400000,"LINES":2,"MAX_VOLT":138,"MIN_VOLT":138,"MAX_INFER":"N","MIN_INFER":"N","pnode_id":119117807,"pnode_name":"CHARLES 138 KV  BK10","pnode_subtype":"LOAD","match_score":100.0,"pjm_zone":"DEOK"}},{"type":"Feature","id":4377,"geometry":{"type":"Point","coordinates":[-84.5237729605977,39.0938475912429]},"properties":{"OBJECTID":4377,"ID":"137537","NAME":"FRONT","CITY":"CINCINNATI","STATE":"OH","ZIP":"45202","TYPE":"SUBSTATION","STATUS":"IN SERVICE","COUNTY":"HAMILTON","COUNTYFIPS":"39061","COUNTRY":"USA","LATITUDE":39.09384759100004,"LONGITUDE":-84.52377296099996,"NAICS_CODE":"221121","NAICS_DESC":"ELECTRIC BULK POWER TRANSMISSION AND CONTROL","SOURCE":"https://www.pjm.com/~/media/committees-groups/committees/teac/20120315/20120315-reliability-analysis-update.ashx","SOURCEDATE":1403654400000,"VAL_METHOD":"IMAGERY","VAL_DATE":1475798400000,"LINES":5,"MAX_VOLT":138,"MIN_VOLT":69,"MAX_INFER":"Y","MIN_INFER":"Y","pnode_id":32411321,"pnode_name":"FREMONT 138 KV  T1","pnode_subtype":"LOAD","match_score":88.33333333333333,"pjm_zone":"DEOK"}},{"type":"Feature","id":4378,"geometry":{"type":"Point","coordinates":[-84.5101250136912,39.1345597447869]},"properties":{"OBJECTID":4378,"ID":"137538","NAME":"ROCHELLE","CITY":"CINCINNATI","STATE":"OH","ZIP":"45219","TYPE":"SUBSTATION","STATUS":"IN SERVICE","COUNTY":"HAMILTON","COUNTYFIPS":"39061","COUNTRY":"USA","LATITUDE":39.13455974500005,"LONGITUDE":-84.51012501399998,"NAICS_CODE":"221121","NAICS_DESC":"ELECTRIC BULK POWER TRANSMISSION AND CONTROL","SOURCE":"https://www.pjm.com/~/media/committees-groups/committees/teac/20120315/20120315-reliability-analysis-update.ashx","SOURCEDATE":1403654400000,"VAL_METHOD":"IMAGERY","VAL_DATE":1475798400000,"LINES":4,"MAX_VOLT":138,"MIN_VOLT":138,"MAX_INFER":"Y","MIN_INFER":"Y","pnode_id":33092305,"pnode_name":"ROCHELLE","pnode_subtype":"AGGREGATE","match_score":100.0,"pjm_zone":"DEOK"}},{"type":"Feature","id":4379,"geometry":{"type":"Point","coordinates":[-84.4815042970737,39.1324854082772]},"properties":{"OBJECTID":4379,"ID":"137539","NAME":"ASHLAND","CITY":"CINCINNATI","STATE":"OH","ZIP":"45206","TYPE":"SUBSTATION","STATUS":"IN SERVICE","COUNTY":"HAMILTON","COUNTYFIPS":"39061","COUNTRY":"USA","LATITUDE":39.132485408000036,"LONGITUDE":-84.48150429699996,"NAICS_CODE":"221121","NAICS_DESC":"ELECTRIC BULK POWER TRANSMISSION AND CONTROL","SOURCE":"https://www.pjm.com/~/media/committees-groups/committees/teac/20120315/20120315-reliability-analysis-update.ashx","SOURCEDATE":1403654400000,"VAL_METHOD":"IMAGERY","VAL_DATE":1475798400000,"LINES":3,"MAX_VOLT":138,"MIN_VOLT":138,"MAX_INFER":"Y","MIN_INFER":"Y","pnode_id":2156112400,"pnode_name":"ASHLAND 138 KV  T1_LOAD","pnode_subtype":"LOAD","match_score":100.0,"pjm_zone":"DEOK"}},{"type":"Feature","id":4385,"geometry":{"type":"Point","coordinates":[-84.5253436028882,41.4569455638131]},"properties":{"OBJECTID":4385,"ID":"137544","NAME":"CITY OF BRYAN","CITY":"BRYAN","STATE":"OH","ZIP":"43506","TYPE":"SUBSTATION","STATUS":"IN SERVICE","COUNTY":"WILLIAMS","COUNTYFIPS":"39171","COUNTRY":"USA","LATITUDE":41.45694556400008,"LONGITUDE":-84.52534360299995,"NAICS_CODE":"221121","NAICS_DESC":"ELECTRIC BULK POWER TRANSMISSION AND CONTROL","SOURCE":"IMAGERY, https://www.pjm.com/-/media/committees-groups/committees/srrtep-w/20170124/20170124-reliability-analysis-update.ashx","SOURCEDATE":1476230400000,"VAL_METHOD":"IMAGERY","VAL_DATE":1550620800000,"LINES":1,"MAX_VOLT":138,"MIN_VOLT":138,"MAX_INFER":"Y","MIN_INFER":"Y","pnode_id":32413149,"pnode_name":"CITY    138 KV  LOAD","pnode_subtype":"LOAD","match_score":100.0,"pjm_zone":"FE-ATSI"}},{"type":"Feature","id":4425,"geometry":{"type":"Point","coordinates":[-84.4056880869936,39.519687055924]},"properties":{"OBJECTID":4425,"ID":"137612","NAME":"WAUSAU PAPER MIDDLETOWN","CITY":"MIDDLETOWN","STATE":"OH","ZIP":"45042","TYPE":"SUBSTATION","STATUS":"IN SERVICE","COUNTY":"BUTLER","COUNTYFIPS":"39017","COUNTRY":"USA","LATITUDE":39.519687056000066,"LONGITUDE":-84.40568808699999,"NAICS_CODE":"221121","NAICS_DESC":"ELECTRIC BULK POWER TRANSMISSION AND CONTROL","SOURCE":"IMAGERY, EIA 860","SOURCEDATE":1475798400000,"VAL_METHOD":"IMAGERY","VAL_DATE":1622505600000,"LINES":2,"MAX_VOLT":69,"MIN_VOLT":69,"MAX_INFER":"Y","MIN_INFER":"Y","pnode_id":123901439,"pnode_name":"WAUSAU  69 KV   LD1","pnode_subtype":"LOAD","match_score":100.0,"pjm_zone":"DEOK"}},{"type":"Feature","id":4513,"geometry":{"type":"Point","coordinates":[-82.3955507749612,38.4775064787149]},"properties":{"OBJECTID":4513,"ID":"137837","NAME":"NORTH PROCTORVILLE SUBSTATION","CITY":"PROCTORVILLE","STATE":"OH","ZIP":"45669","TYPE":"SUBSTATION","STATUS":"IN SERVICE","COUNTY":"LAWRENCE","COUNTYFIPS":"39087","COUNTRY":"USA","LATITUDE":38.477506479000056,"LONGITUDE":-82.39555077499995,"NAICS_CODE":"221121","NAICS_DESC":"ELECTRIC BULK POWER TRANSMISSION AND CONTROL","SOURCE":"OpenStreetMap","SOURCEDATE":1403654400000,"VAL_METHOD":"IMAGERY","VAL_DATE":1475107200000,"LINES":7,"MAX_VOLT":765,"MIN_VOLT":138,"MAX_INFER":"Y","MIN_INFER":"Y","pnode_id":34509209,"pnode_name":"NORTH PROCTORVILLE","pnode_subtype":"EHV","match_score":100.0,"pjm_zone":"AEP"}},{"type":"Feature","id":4661,"geometry":{"type":"Point","coordinates":[-87.6538304610139,41.9011155748609]},"properties":{"OBJECTID":4661,"ID":"138196","NAME":"COMED","CITY":"CHICAGO","STATE":"IL","ZIP":"60642","TYPE":"SUBSTATION","STATUS":"IN SERVICE","COUNTY":"COOK","COUNTYFIPS":"17031","COUNTRY":"USA","LATITUDE":41.90111557500006,"LONGITUDE":-87.65383046099998,"NAICS_CODE":"221121","NAICS_DESC":"ELECTRIC BULK POWER TRANSMISSION AND CONTROL","SOURCE":"OpenStreetMap","SOURCEDATE":1470268800000,"VAL_METHOD":"IMAGERY","VAL_DATE":1494460800000,"LINES":0,"MAX_VOLT":-999999,"MIN_VOLT":-999999,"MAX_INFER":"N","MIN_INFER":"N","pnode_id":33092371,"pnode_name":"COMED","pnode_subtype":"ZONE","match_score":100.0,"pjm_zone":"COMED"}},{"type":"Feature","id":4849,"geometry":{"type":"Point","coordinates":[-76.6217945861767,39.2978655471473]},"properties":{"OBJECTID":4849,"ID":"139059","NAME":"ORCHARD ST","CITY":"BALTIMORE","STATE":"MD","ZIP":"21201","TYPE":"SUBSTATION","STATUS":"IN SERVICE","COUNTY":"BALTIMORE","COUNTYFIPS":"24510","COUNTRY":"USA","LATITUDE":39.29786554700007,"LONGITUDE":-76.62179458599996,"NAICS_CODE":"221121","NAICS_DESC":"ELECTRIC BULK POWER TRANSMISSION AND CONTROL","SOURCE":"OpenStreetMap, https://pjm.com/-/media/committees-groups/committees/srrtep-ma/20170105/20170105-reliability-analysis-update.ashx","SOURCEDATE":1470268800000,"VAL_METHOD":"IMAGERY","VAL_DATE":1552435200000,"LINES":2,"MAX_VOLT":115,"MIN_VOLT":115,"MAX_INFER":"N","MIN_INFER":"N","pnode_id":67165681,"pnode_name":"ORCHARD","pnode_subtype":"EHV","match_score":82.35294117647058,"pjm_zone":"BGE"}},{"type":"Feature","id":4955,"geometry":{"type":"Point","coordinates":[-76.2214122471776,39.4424684342025]},"properties":{"OBJECTID":4955,"ID":"139182","NAME":"PERRYMAN","CITY":"ABERDEEN","STATE":"MD","ZIP":"21001","TYPE":"SUBSTATION","STATUS":"IN SERVICE","COUNTY":"HARFORD","COUNTYFIPS":"24025","COUNTRY":"USA","LATITUDE":39.442468434000034,"LONGITUDE":-76.22141224699999,"NAICS_CODE":"221121","NAICS_DESC":"ELECTRIC BULK POWER TRANSMISSION AND CONTROL","SOURCE":"OpenStreetMap, EIA 860","SOURCEDATE":1470268800000,"VAL_METHOD":"IMAGERY","VAL_DATE":1622505600000,"LINES":2,"MAX_VOLT":115,"MIN_VOLT":115,"MAX_INFER":"Y","MIN_INFER":"Y","pnode_id":79463697,"pnode_name":"PERRYMAN 51","pnode_subtype":"AGGREGATE","match_score":84.21052631578947,"pjm_zone":"BGE"}},{"type":"Feature","id":5038,"geometry":{"type":"Point","coordinates":[-78.1808171208943,39.7032285100633]},"properties":{"OBJECTID":5038,"ID":"139272","NAME":"HANCOCK","CITY":"HANCOCK","STATE":"MD","ZIP":"21750","TYPE":"SUBSTATION","STATUS":"IN SERVICE","COUNTY":"WASHINGTON","COUNTYFIPS":"24043","COUNTRY":"USA","LATITUDE":39.70322851000003,"LONGITUDE":-78.18081712099996,"NAICS_CODE":"221121","NAICS_DESC":"ELECTRIC BULK POWER TRANSMISSION AND CONTROL","SOURCE":"OpenStreetMap","SOURCEDATE":1470268800000,"VAL_METHOD":"IMAGERY","VAL_DATE":1494547200000,"LINES":0,"MAX_VOLT":-999999,"MIN_VOLT":-999999,"MAX_INFER":"N","MIN_INFER":"N","pnode_id":51233,"pnode_name":"HUNLOCK","pnode_subtype":"AGGREGATE","match_score":71.42857142857143,"pjm_zone":"APS"}},{"type":"Feature","id":5057,"geometry":{"type":"Point","coordinates":[-76.9644667420424,39.0636504686738]},"properties":{"OBJECTID":5057,"ID":"139342","NAME":"FAIRLAND","CITY":"SILVER SPRING","STATE":"MD","ZIP":"20904","TYPE":"SUBSTATION","STATUS":"IN SERVICE","COUNTY":"MONTGOMERY","COUNTYFIPS":"24031","COUNTRY":"USA","LATITUDE":39.06365046900004,"LONGITUDE":-76.96446674199996,"NAICS_CODE":"221121","NAICS_DESC":"ELECTRIC BULK POWER TRANSMISSION AND CONTROL","SOURCE":"OpenStreetMap","SOURCEDATE":1470268800000,"VAL_METHOD":"IMAGERY","VAL_DATE":1494547200000,"LINES":0,"MAX_VOLT":-999999,"MIN_VOLT":-999999,"MAX_INFER":"N","MIN_INFER":"N","pnode_id":51221,"pnode_name":"FAIRLAWN","pnode_subtype":"AGGREGATE","match_score":87.5,"pjm_zone":"PEPCO"}},{"type":"Feature","id":5064,"geometry":{"type":"Point","coordinates":[-77.148509338303,39.0079584082765]},"properties":{"OBJECTID":5064,"ID":"139349","NAME":"LONGWOOD","CITY":"BETHESDA","STATE":"MD","ZIP":"20817","TYPE":"SUBSTATION","STATUS":"IN SERVICE","COUNTY":"MONTGOMERY","COUNTYFIPS":"24031","COUNTRY":"USA","LATITUDE":39.007958408000036,"LONGITUDE":-77.14850933799994,"NAICS_CODE":"221121","NAICS_DESC":"ELECTRIC BULK POWER TRANSMISSION AND CONTROL","SOURCE":"OpenStreetMap","SOURCEDATE":1470268800000,"VAL_METHOD":"IMAGERY","VAL_DATE":1494547200000,"LINES":0,"MAX_VOLT":-999999,"MIN_VOLT":-999999,"MAX_INFER":"N","MIN_INFER":"N","pnode_id":1080786,"pnode_name":"IRONWOOD","pnode_subtype":"AGGREGATE","match_score":75.0,"pjm_zone":"PEPCO"}},{"type":"Feature","id":5067,"geometry":{"type":"Point","coordinates":[-77.2100070073205,39.0194087121825]},"properties":{"OBJECTID":5067,"ID":"139352","NAME":"POTOMAC","CITY":"POTOMAC","STATE":"MD","ZIP":"20854","TYPE":"SUBSTATION","STATUS":"IN SERVICE","COUNTY":"MONTGOMERY","COUNTYFIPS":"24031","COUNTRY":"USA","LATITUDE":39.01940871200003,"LONGITUDE":-77.21000700699994,"NAICS_CODE":"221121","NAICS_DESC":"ELECTRIC BULK POWER TRANSMISSION AND CONTROL","SOURCE":"OpenStreetMap","SOURCEDATE":1470268800000,"VAL_METHOD":"IMAGERY","VAL_DATE":1494547200000,"LINES":0,"MAX_VOLT":-999999,"MIN_VOLT":-999999,"MAX_INFER":"N","MIN_INFER":"N","pnode_id":615729,"pnode_name":"POTOMAC 5","pnode_subtype":"AGGREGATE","match_score":87.5,"pjm_zone":"PEPCO"}},{"type":"Feature","id":5215,"geometry":{"type":"Point","coordinates":[-86.1959889999766,41.6513570000717]},"properties":{"OBJECTID":5215,"ID":"140191","NAME":"LOGAN","CITY":"MISHAWAKA","STATE":"IN","ZIP":"46544","TYPE":"SUBSTATION","STATUS":"IN SERVICE","COUNTY":"ST. JOSEPH","COUNTYFIPS":"18141","COUNTRY":"USA","LATITUDE":41.651357000000075,"LONGITUDE":-86.19598899999994,"NAICS_CODE":"221121","NAICS_DESC":"ELECTRIC BULK POWER TRANSMISSION AND CONTROL","SOURCE":"IMAGERY","SOURCEDATE":1473811200000,"VAL_METHOD":"IMAGERY","VAL_DATE":1586822400000,"LINES":0,"MAX_VOLT":-999999,"MIN_VOLT":-999999,"MAX_INFER":"N","MIN_INFER":"N","pnode_id":2156110530,"pnode_name":"SHELBYCO69 KV   LOGAN","pnode_subtype":"LOAD","match_score":100.0,"pjm_zone":"AEP"}},{"type":"Feature","id":5349,"geometry":{"type":"Point","coordinates":[-74.198431698172,40.690273748266]},"properties":{"OBJECTID":5349,"ID":"140863","NAME":"WAVERLY","CITY":"NEWARK","STATE":"NJ","ZIP":"07114","TYPE":"SUBSTATION","STATUS":"IN SERVICE","COUNTY":"ESSEX","COUNTYFIPS":"34013","COUNTRY":"USA","LATITUDE":40.69027374800004,"LONGITUDE":-74.19843169799998,"NAICS_CODE":"221121","NAICS_DESC":"ELECTRIC BULK POWER TRANSMISSION AND CONTROL","SOURCE":"Internet/Map, www.psegtransmission.com","SOURCEDATE":1442448000000,"VAL_METHOD":"IMAGERY","VAL_DATE":1442448000000,"LINES":0,"MAX_VOLT":-999999,"MIN_VOLT":-999999,"MAX_INFER":"N","MIN_INFER":"N","pnode_id":32661105,"pnode_name":"WEATHERLY","pnode_subtype":"AGGREGATE","match_score":75.0,"pjm_zone":"PSEG"}},{"type":"Feature","id":5354,"geometry":{"type":"Point","coordinates":[-74.3492632127644,40.5868217910937]},"properties":{"OBJECTID":5354,"ID":"140871","NAME":"NEW DOVER","CITY":"EDISON","STATE":"NJ","ZIP":"08820","TYPE":"SUBSTATION","STATUS":"IN SERVICE","COUNTY":"MIDDLESEX","COUNTYFIPS":"34023","COUNTRY":"USA","LATITUDE":40.586821791000034,"LONGITUDE":-74.34926321299997,"NAICS_CODE":"221121","NAICS_DESC":"ELECTRIC BULK POWER TRANSMISSION AND CONTROL","SOURCE":"IMAGERY, OpenStreetMap","SOURCEDATE":1440720000000,"VAL_METHOD":"IMAGERY","VAL_DATE":1441670400000,"LINES":4,"MAX_VOLT":230,"MIN_VOLT":230,"MAX_INFER":"Y","MIN_INFER":"Y","pnode_id":34511959,"pnode_name":"DOVERGEN","pnode_subtype":"AGGREGATE","match_score":70.58823529411764,"pjm_zone":"PSEG"}},{"type":"Feature","id":5356,"geometry":{"type":"Point","coordinates":[-74.2948151376177,40.5639779268996]},"properties":{"OBJECTID":5356,"ID":"140873","NAME":"WOODBRIDGE","CITY":"ISELIN","STATE":"NJ","ZIP":"08830","TYPE":"SUBSTATION","STATUS":"IN SERVICE","COUNTY":"MIDDLESEX","COUNTYFIPS":"34023","COUNTRY":"USA","LATITUDE":40.56397792700005,"LONGITUDE":-74.29481513799993,"NAICS_CODE":"221121","NAICS_DESC":"ELECTRIC BULK POWER TRANSMISSION AND CONTROL","SOURCE":"IMAGERY, OpenStreetMap","SOURCEDATE":1440720000000,"VAL_METHOD":"IMAGERY","VAL_DATE":1441670400000,"LINES":6,"MAX_VOLT":230,"MIN_VOLT":230,"MAX_INFER":"N","MIN_INFER":"N","pnode_id":1318632590,"pnode_name":"WOODBRIDGE CC","pnode_subtype":"AGGREGATE","match_score":86.95652173913044,"pjm_zone":"PSEG"}},{"type":"Feature","id":5358,"geometry":{"type":"Point","coordinates":[-74.2379425140108,40.5909800461558]},"properties":{"OBJECTID":5358,"ID":"140875","NAME":"MINUE STREET","CITY":"CARTERET","STATE":"NJ","ZIP":"07008","TYPE":"SUBSTATION","STATUS":"IN SERVICE","COUNTY":"MIDDLESEX","COUNTYFIPS":"34023","COUNTRY":"USA","LATITUDE":40.59098004600003,"LONGITUDE":-74.23794251399994,"NAICS_CODE":"221121","NAICS_DESC":"ELECTRIC BULK POWER TRANSMISSION AND CONTROL","SOURCE":"IMAGERY, OpenStreetMap","SOURCEDATE":1440720000000,"VAL_METHOD":"IMAGERY","VAL_DATE":1441670400000,"LINES":4,"MAX_VOLT":230,"MIN_VOLT":230,"MAX_INFER":"Y","MIN_INFER":"Y","pnode_id":278255,"pnode_name":"MADISON STREET 1","pnode_subtype":"AGGREGATE","match_score":71.42857142857143,"pjm_zone":"PSEG"}},{"type":"Feature","id":5360,"geometry":{"type":"Point","coordinates":[-74.3533333068402,40.4741839862191]},"properties":{"OBJECTID":5360,"ID":"140895","NAME":"SAYREVILLE","CITY":"SAYREVILLE","STATE":"NJ","ZIP":"08872","TYPE":"SUBSTATION","STATUS":"IN SERVICE","COUNTY":"MIDDLESEX","COUNTYFIPS":"34023","COUNTRY":"USA","LATITUDE":40.47418398600007,"LONGITUDE":-74.35333330699996,"NAICS_CODE":"221121","NAICS_DESC":"ELECTRIC BULK POWER TRANSMISSION AND CONTROL","SOURCE":"IMAGERY, OpenStreetMap, http://neptunerts.com/wp-content/uploads/2010/08/TD_World_Article_August-2007.pdf","SOURCEDATE":1440720000000,"VAL_METHOD":"IMAGERY","VAL_DATE":1441670400000,"LINES":2,"MAX_VOLT":500,"MIN_VOLT":230,"MAX_INFER":"N","MIN_INFER":"Y","pnode_id":51253,"pnode_name":"SAYREVILLE 4","pnode_subtype":"AGGREGATE","match_score":90.9090909090909,"pjm_zone":"JCPL"}},{"type":"Feature","id":5367,"geometry":{"type":"Point","coordinates":[-74.3535756633207,40.4792218406816]},"properties":{"OBJECTID":5367,"ID":"140903","NAME":"SAYREVILLE","CITY":"SAYREVILLE","STATE":"NJ","ZIP":"08872","TYPE":"SUBSTATION","STATUS":"IN SERVICE","COUNTY":"MIDDLESEX","COUNTYFIPS":"34023","COUNTRY":"USA","LATITUDE":40.479221841000026,"LONGITUDE":-74.35357566299996,"NAICS_CODE":"221121","NAICS_DESC":"ELECTRIC BULK POWER TRANSMISSION AND CONTROL","SOURCE":"IMAGERY, OpenStreetMap, http://neptunerts.com/wp-content/uploads/2010/08/TD_World_Article_August-2007.pdf","SOURCEDATE":1440720000000,"VAL_METHOD":"IMAGERY","VAL_DATE":1441670400000,"LINES":10,"MAX_VOLT":230,"MIN_VOLT":230,"MAX_INFER":"Y","MIN_INFER":"Y","pnode_id":51253,"pnode_name":"SAYREVILLE 4","pnode_subtype":"AGGREGATE","match_score":90.9090909090909,"pjm_zone":"JCPL"}},{"type":"Feature","id":5368,"geometry":{"type":"Point","coordinates":[-74.3470811779898,40.4492469827692]},"properties":{"OBJECTID":5368,"ID":"140904","NAME":"READ OAK STATION","CITY":"SAYREVILLE","STATE":"NJ","ZIP":"08872","TYPE":"SUBSTATION","STATUS":"IN SERVICE","COUNTY":"MIDDLESEX","COUNTYFIPS":"34023","COUNTRY":"USA","LATITUDE":40.44924698300008,"LONGITUDE":-74.34708117799994,"NAICS_CODE":"221121","NAICS_DESC":"ELECTRIC BULK POWER TRANSMISSION AND CONTROL","SOURCE":"IMAGERY, OpenStreetMap","SOURCEDATE":1440720000000,"VAL_METHOD":"IMAGERY","VAL_DATE":1441670400000,"LINES":3,"MAX_VOLT":230,"MIN_VOLT":230,"MAX_INFER":"Y","MIN_INFER":"Y","pnode_id":4198416,"pnode_name":"RED OAK B STEAM","pnode_subtype":"AGGREGATE","match_score":70.96774193548387,"pjm_zone":"JCPL"}},{"type":"Feature","id":5376,"geometry":{"type":"Point","coordinates":[-74.1542758880352,40.7450505741134]},"properties":{"OBJECTID":5376,"ID":"140957","NAME":"HARRISON","CITY":"HARRISON","STATE":"NJ","ZIP":"07029","TYPE":"SUBSTATION","STATUS":"IN SERVICE","COUNTY":"HUDSON","COUNTYFIPS":"34017","COUNTRY":"USA","LATITUDE":40.74505057400006,"LONGITUDE":-74.15427588799997,"NAICS_CODE":"221121","NAICS_DESC":"ELECTRIC BULK POWER TRANSMISSION AND CONTROL","SOURCE":"Internet/Map, www.psegtransmission.com","SOURCEDATE":1442448000000,"VAL_METHOD":"IMAGERY","VAL_DATE":1442448000000,"LINES":0,"MAX_VOLT":-999999,"MIN_VOLT":-999999,"MAX_INFER":"N","MIN_INFER":"N","pnode_id":5022437,"pnode_name":"HARRISON","pnode_subtype":"EHV","match_score":100.0,"pjm_zone":"PSEG"}},{"type":"Feature","id":5395,"geometry":{"type":"Point","coordinates":[-74.1170548257533,40.7919219700461]},"properties":{"OBJECTID":5395,"ID":"140976","NAME":"KINGSLAND","CITY":"NORTH ARLINGTON","STATE":"NJ","ZIP":"07031","TYPE":"SUBSTATION","STATUS":"IN SERVICE","COUNTY":"BERGEN","COUNTYFIPS":"34003","COUNTRY":"USA","LATITUDE":40.79192197000003,"LONGITUDE":-74.11705482599996,"NAICS_CODE":"221121","NAICS_DESC":"ELECTRIC BULK POWER TRANSMISSION AND CONTROL","SOURCE":"IMAGERY, OpenStreetMap","SOURCEDATE":1440720000000,"VAL_METHOD":"IMAGERY","VAL_DATE":1441670400000,"LINES":4,"MAX_VOLT":230,"MIN_VOLT":230,"MAX_INFER":"Y","MIN_INFER":"Y","pnode_id":51280,"pnode_name":"VINELAND","pnode_subtype":"AGGREGATE","match_score":70.58823529411764,"pjm_zone":"PSEG"}},{"type":"Feature","id":5397,"geometry":{"type":"Point","coordinates":[-74.0421902935801,40.7788895952056]},"properties":{"OBJECTID":5397,"ID":"140980","NAME":"HOMESTEAD","CITY":"SECAUCUS","STATE":"NJ","ZIP":"07094","TYPE":"SUBSTATION","STATUS":"IN SERVICE","COUNTY":"HUDSON","COUNTYFIPS":"34017","COUNTRY":"USA","LATITUDE":40.77888959500007,"LONGITUDE":-74.04219029399997,"NAICS_CODE":"221121","NAICS_DESC":"ELECTRIC BULK POWER TRANSMISSION AND CONTROL","SOURCE":"IMAGERY, OpenStreetMap","SOURCEDATE":1440720000000,"VAL_METHOD":"IMAGERY","VAL_DATE":1441670400000,"LINES":4,"MAX_VOLT":345,"MIN_VOLT":345,"MAX_INFER":"N","MIN_INFER":"N","pnode_id":51296,"pnode_name":"METED","pnode_subtype":"ZONE","match_score":71.42857142857143,"pjm_zone":"PSEG"}},{"type":"Feature","id":5398,"geometry":{"type":"Point","coordinates":[-74.3307717025596,40.8200462690132]},"properties":{"OBJECTID":5398,"ID":"140981","NAME":"ROSELAND","CITY":"ROSELAND","STATE":"NJ","ZIP":"07068","TYPE":"SUBSTATION","STATUS":"IN SERVICE","COUNTY":"ESSEX","COUNTYFIPS":"34013","COUNTRY":"USA","LATITUDE":40.820046269000045,"LONGITUDE":-74.33077170299998,"NAICS_CODE":"221121","NAICS_DESC":"ELECTRIC BULK POWER TRANSMISSION AND CONTROL","SOURCE":"IMAGERY, OpenStreetMap, https://www.psegtransmission.com/reliability-projects/susquehanna-roseland","SOURCEDATE":1440720000000,"VAL_METHOD":"IMAGERY","VAL_DATE":1550620800000,"LINES":13,"MAX_VOLT":500,"MIN_VOLT":230,"MAX_INFER":"N","MIN_INFER":"Y","pnode_id":1356178185,"pnode_name":"ROSELAND","pnode_subtype":"EHV","match_score":100.0,"pjm_zone":"PSEG"}},{"type":"Feature","id":5404,"geometry":{"type":"Point","coordinates":[-74.1647576319929,40.8557660781248]},"properties":{"OBJECTID":5404,"ID":"140987","NAME":"CLIFTON","CITY":"CLIFTON","STATE":"NJ","ZIP":"07012","TYPE":"SUBSTATION","STATUS":"IN SERVICE","COUNTY":"PASSAIC","COUNTYFIPS":"34031","COUNTRY":"USA","LATITUDE":40.855766078000045,"LONGITUDE":-74.16475763199998,"NAICS_CODE":"221121","NAICS_DESC":"ELECTRIC BULK POWER TRANSMISSION AND CONTROL","SOURCE":"IMAGERY, OpenStreetMap","SOURCEDATE":1440720000000,"VAL_METHOD":"IMAGERY","VAL_DATE":1441670400000,"LINES":2,"MAX_VOLT":230,"MIN_VOLT":230,"MAX_INFER":"Y","MIN_INFER":"Y","pnode_id":35010361,"pnode_name":"CLIFTON","pnode_subtype":"EHV","match_score":100.0,"pjm_zone":"PSEG"}},{"type":"Feature","id":5405,"geometry":{"type":"Point","coordinates":[-74.1420935757524,40.8027894471251]},"properties":{"OBJECTID":5405,"ID":"140988","NAME":"BELLEVILLE","CITY":"BELLEVILLE","STATE":"NJ","ZIP":"07109","TYPE":"SUBSTATION","STATUS":"IN SERVICE","COUNTY":"ESSEX","COUNTYFIPS":"34013","COUNTRY":"USA","LATITUDE":40.802789447000066,"LONGITUDE":-74.14209357599998,"NAICS_CODE":"221121","NAICS_DESC":"ELECTRIC BULK POWER TRANSMISSION AND CONTROL","SOURCE":"IMAGERY, OpenStreetMap","SOURCEDATE":1440720000000,"VAL_METHOD":"IMAGERY","VAL_DATE":1441670400000,"LINES":2,"MAX_VOLT":230,"MIN_VOLT":230,"MAX_INFER":"Y","MIN_INFER":"Y","pnode_id":38889405,"pnode_name":"BELLEVILLE GEN","pnode_subtype":"AGGREGATE","match_score":83.33333333333334,"pjm_zone":"PSEG"}},{"type":"Feature","id":5441,"geometry":{"type":"Point","coordinates":[-74.2200135926173,39.9524818408612]},"properties":{"OBJECTID":5441,"ID":"141104","NAME":"MANITOUS","CITY":"TOMS RIVER","STATE":"NJ","ZIP":"08757","TYPE":"SUBSTATION","STATUS":"IN SERVICE","COUNTY":"OCEAN","COUNTYFIPS":"34029","COUNTRY":"USA","LATITUDE":39.952481841000065,"LONGITUDE":-74.22001359299998,"NAICS_CODE":"221121","NAICS_DESC":"ELECTRIC BULK POWER TRANSMISSION AND CONTROL","SOURCE":"IMAGERY, OpenStreetMap","SOURCEDATE":1440720000000,"VAL_METHOD":"IMAGERY","VAL_DATE":1441670400000,"LINES":6,"MAX_VOLT":230,"MIN_VOLT":230,"MAX_INFER":"Y","MIN_INFER":"Y","pnode_id":51239,"pnode_name":"MANITOU","pnode_subtype":"AGGREGATE","match_score":93.33333333333333,"pjm_zone":"JCPL"}},{"type":"Feature","id":5462,"geometry":{"type":"Point","coordinates":[-74.2091790461115,39.8137215526844]},"properties":{"OBJECTID":5462,"ID":"141125","NAME":"OYSTER CREEK","CITY":"KENILWORTH","STATE":"NJ","ZIP":"07033","TYPE":"SUBSTATION","STATUS":"IN SERVICE","COUNTY":"OCEAN","COUNTYFIPS":"34029","COUNTRY":"USA","LATITUDE":39.81372155300005,"LONGITUDE":-74.20917904599997,"NAICS_CODE":"221121","NAICS_DESC":"ELECTRIC BULK POWER TRANSMISSION AND CONTROL","SOURCE":"IMAGERY, OpenStreetMap","SOURCEDATE":1440720000000,"VAL_METHOD":"IMAGERY","VAL_DATE":1441670400000,"LINES":5,"MAX_VOLT":230,"MIN_VOLT":230,"MAX_INFER":"Y","MIN_INFER":"Y","pnode_id":292887,"pnode_name":"OYSTER CREEK 1","pnode_subtype":"AGGREGATE","match_score":92.3076923076923,"pjm_zone":"JCPL"}},{"type":"Feature","id":5479,"geometry":{"type":"Point","coordinates":[-74.0458888597258,40.2209895556737]},"properties":{"OBJECTID":5479,"ID":"141147","NAME":"OCEANVIEW","CITY":"NEPTUNE CITY","STATE":"NJ","ZIP":"07753","TYPE":"SUBSTATION","STATUS":"IN SERVICE","COUNTY":"MONMOUTH","COUNTYFIPS":"34025","COUNTRY":"USA","LATITUDE":40.22098955600006,"LONGITUDE":-74.04588885999993,"NAICS_CODE":"221121","NAICS_DESC":"ELECTRIC BULK POWER TRANSMISSION AND CONTROL","SOURCE":"IMAGERY, OpenStreetMap","SOURCEDATE":1440720000000,"VAL_METHOD":"IMAGERY","VAL_DATE":1441670400000,"LINES":3,"MAX_VOLT":230,"MIN_VOLT":230,"MAX_INFER":"Y","MIN_INFER":"Y","pnode_id":81276141,"pnode_name":"OCEANVIE BK 1","pnode_subtype":"AGGREGATE","match_score":72.72727272727273,"pjm_zone":"JCPL"}},{"type":"Feature","id":5480,"geometry":{"type":"Point","coordinates":[-74.3605763026018,40.2013629467413]},"properties":{"OBJECTID":5480,"ID":"141148","NAME":"SMITHBURG","CITY":"FREEHOLD TWP","STATE":"NJ","ZIP":"08510","TYPE":"SUBSTATION","STATUS":"IN SERVICE","COUNTY":"MONMOUTH","COUNTYFIPS":"34025","COUNTRY":"USA","LATITUDE":40.201362947000064,"LONGITUDE":-74.36057630299996,"NAICS_CODE":"221121","NAICS_DESC":"ELECTRIC BULK POWER TRANSMISSION AND CONTROL","SOURCE":"IMAGERY, OpenStreetMap","SOURCEDATE":1440720000000,"VAL_METHOD":"IMAGERY","VAL_DATE":1441670400000,"LINES":9,"MAX_VOLT":500,"MIN_VOLT":230,"MAX_INFER":"Y","MIN_INFER":"Y","pnode_id":52465,"pnode_name":"SMITHBURG","pnode_subtype":"EHV","match_score":100.0,"pjm_zone":"JCPL"}},{"type":"Feature","id":5533,"geometry":{"type":"Point","coordinates":[-84.9862580612132,40.1767042509326]},"properties":{"OBJECTID":5533,"ID":"141202","NAME":"WINCHESTER","CITY":"WINCHESTER","STATE":"IN","ZIP":"47394","TYPE":"SUBSTATION","STATUS":"IN SERVICE","COUNTY":"RANDOLPH","COUNTYFIPS":"18135","COUNTRY":"USA","LATITUDE":40.17670425100005,"LONGITUDE":-84.98625806099994,"NAICS_CODE":"221121","NAICS_DESC":"ELECTRIC BULK POWER TRANSMISSION AND CONTROL","SOURCE":"OpenStreetMap, https://aeptransmission.com/indiana/Winchester-UnionCity/docs/Winchester-UnionCity_Factsheet_V6.pdf","SOURCEDATE":1470268800000,"VAL_METHOD":"IMAGERY","VAL_DATE":1550620800000,"LINES":1,"MAX_VOLT":69,"MIN_VOLT":69,"MAX_INFER":"Y","MIN_INFER":"Y","pnode_id":1775813097,"pnode_name":"WNCHEST 69 KV   T3","pnode_subtype":"LOAD","match_score":87.35294117647058,"pjm_zone":"AEP"}},{"type":"Feature","id":5545,"geometry":{"type":"Point","coordinates":[-83.7737271033537,40.266460367675]},"properties":{"OBJECTID":5545,"ID":"141215","NAME":"LOGAN","CITY":"WEST LIBERTY","STATE":"OH","ZIP":"43357","TYPE":"SUBSTATION","STATUS":"IN SERVICE","COUNTY":"LOGAN","COUNTYFIPS":"39091","COUNTRY":"USA","LATITUDE":40.266460368000025,"LONGITUDE":-83.77372710299994,"NAICS_CODE":"221121","NAICS_DESC":"ELECTRIC BULK POWER TRANSMISSION AND CONTROL","SOURCE":"OpenStreetMap, https://www.pjm.com/-/media/committees-groups/committees/srrtep-w/20091021/20091021-srrtep-west.ashx","SOURCEDATE":1470268800000,"VAL_METHOD":"IMAGERY","VAL_DATE":1538438400000,"LINES":2,"MAX_VOLT":138,"MIN_VOLT":138,"MAX_INFER":"Y","MIN_INFER":"Y","pnode_id":2156110530,"pnode_name":"SHELBYCO69 KV   LOGAN","pnode_subtype":"LOAD","match_score":100.0,"pjm_zone":"DAY"}},{"type":"Feature","id":5550,"geometry":{"type":"Point","coordinates":[-83.0908530257031,40.458466382193]},"properties":{"OBJECTID":5550,"ID":"141220","NAME":"WALDO","CITY":"WALDO","STATE":"OH","ZIP":"43356","TYPE":"SUBSTATION","STATUS":"IN SERVICE","COUNTY":"MARION","COUNTYFIPS":"39101","COUNTRY":"USA","LATITUDE":40.45846638200004,"LONGITUDE":-83.09085302599993,"NAICS_CODE":"221121","NAICS_DESC":"ELECTRIC BULK POWER TRANSMISSION AND CONTROL","SOURCE":"OpenStreetMap, https://aeptransmission.com/ohio/Harpster-Waldo/docs/Harpster-Waldo_FactSheet_V6.pdf","SOURCEDATE":1470268800000,"VAL_METHOD":"IMAGERY","VAL_DATE":1537920000000,"LINES":2,"MAX_VOLT":-999999,"MIN_VOLT":-999999,"MAX_INFER":"N","MIN_INFER":"N","pnode_id":2156111888,"pnode_name":"WALDO   69 KV   T1","pnode_subtype":"LOAD","match_score":100.0,"pjm_zone":"FE-ATSI"}},{"type":"Feature","id":5579,"geometry":{"type":"Point","coordinates":[-85.1730180001229,40.7289229999604]},"properties":{"OBJECTID":5579,"ID":"141293","NAME":"BLUFFTON","CITY":"BLUFFTON","STATE":"IN","ZIP":"46714","TYPE":"SUBSTATION","STATUS":"IN SERVICE","COUNTY":"WELLS","COUNTYFIPS":"18179","COUNTRY":"USA","LATITUDE":40.728923000000066,"LONGITUDE":-85.17301799999996,"NAICS_CODE":"221121","NAICS_DESC":"ELECTRIC BULK POWER TRANSMISSION AND CONTROL","SOURCE":"IMAGERY, https://aeptransmission.com/indiana/BlufftonVanBuren/docs/Bluffton-VanBuren_FactSheet_V2.pdf","SOURCEDATE":1473811200000,"VAL_METHOD":"IMAGERY","VAL_DATE":1550534400000,"LINES":1,"MAX_VOLT":-999999,"MIN_VOLT":-999999,"MAX_INFER":"N","MIN_INFER":"N","pnode_id":51519915,"pnode_name":"LIBERTYC69 KV   BLUFFTON","pnode_subtype":"LOAD","match_score":100.0,"pjm_zone":"AEP"}},{"type":"Feature","id":5609,"geometry":{"type":"Point","coordinates":[-74.7421820483457,40.5443497851046]},"properties":{"OBJECTID":5609,"ID":"143610","NAME":"BRANCHBURG","CITY":"NESHANIC STATION","STATE":"NJ","ZIP":"08853","TYPE":"SUBSTATION","STATUS":"IN SERVICE","COUNTY":"SOMERSET","COUNTYFIPS":"34035","COUNTRY":"USA","LATITUDE":40.544349785000065,"LONGITUDE":-74.74218204799996,"NAICS_CODE":"221121","NAICS_DESC":"ELECTRIC BULK POWER TRANSMISSION AND CONTROL","SOURCE":"IMAGERY, OpenStreetMap, http://www.nj.gov/emp/docs/","SOURCEDATE":1440720000000,"VAL_METHOD":"IMAGERY","VAL_DATE":1442448000000,"LINES":10,"MAX_VOLT":500,"MIN_VOLT":230,"MAX_INFER":"N","MIN_INFER":"Y","pnode_id":52444,"pnode_name":"BRANCHBURG","pnode_subtype":"EHV","match_score":100.0,"pjm_zone":"JCPL"}},{"type":"Feature","id":5610,"geometry":{"type":"Point","coordinates":[-75.0596873508595,41.0602440238679]},"properties":{"OBJECTID":5610,"ID":"143611","NAME":"SHAWNEE","CITY":"EAST STROUDSBURG","STATE":"PA","ZIP":"18302","TYPE":"SUBSTATION","STATUS":"IN SERVICE","COUNTY":"MONROE","COUNTYFIPS":"42089","COUNTRY":"USA","LATITUDE":41.06024402400004,"LONGITUDE":-75.05968735099998,"NAICS_CODE":"221121","NAICS_DESC":"ELECTRIC BULK POWER TRANSMISSION AND CONTROL","SOURCE":"OpenStreetMap","SOURCEDATE":1430784000000,"VAL_METHOD":"IMAGERY","VAL_DATE":1434412800000,"LINES":3,"MAX_VOLT":230,"MIN_VOLT":230,"MAX_INFER":"Y","MIN_INFER":"Y","pnode_id":2156117838,"pnode_name":"NEWLEXIN69 KV   SHAWNEE","pnode_subtype":"LOAD","match_score":100.0,"pjm_zone":"METED"}},{"type":"Feature","id":5611,"geometry":{"type":"Point","coordinates":[-75.0242620486784,41.0785554319277]},"properties":{"OBJECTID":5611,"ID":"143612","NAME":"BUSHKILL","CITY":"EAST STROUDSBURG","STATE":"PA","ZIP":"18302","TYPE":"SUBSTATION","STATUS":"IN SERVICE","COUNTY":"MONROE","COUNTYFIPS":"42089","COUNTRY":"USA","LATITUDE":41.07855543200003,"LONGITUDE":-75.02426204899996,"NAICS_CODE":"221121","NAICS_DESC":"ELECTRIC BULK POWER TRANSMISSION AND CONTROL","SOURCE":"OpenStreetMap","SOURCEDATE":1430784000000,"VAL_METHOD":"IMAGERY","VAL_DATE":1433289600000,"LINES":3,"MAX_VOLT":230,"MIN_VOLT":230,"MAX_INFER":"Y","MIN_INFER":"Y","pnode_id":52446,"pnode_name":"BURCHESHILL","pnode_subtype":"EHV","match_score":73.6842105263158,"pjm_zone":"METED"}},{"type":"Feature","id":5612,"geometry":{"type":"Point","coordinates":[-74.9203734832746,40.6810221898243]},"properties":{"OBJECTID":5612,"ID":"143613","NAME":"GLEN GARDNER","CITY":"GLEN GARDNER","STATE":"NJ","ZIP":"08826","TYPE":"SUBSTATION","STATUS":"IN SERVICE","COUNTY":"HUNTERDON","COUNTYFIPS":"34019","COUNTRY":"USA","LATITUDE":40.68102219000008,"LONGITUDE":-74.92037348299993,"NAICS_CODE":"221121","NAICS_DESC":"ELECTRIC BULK POWER TRANSMISSION AND CONTROL","SOURCE":"IMAGERY, OpenStreetMap","SOURCEDATE":1440720000000,"VAL_METHOD":"IMAGERY","VAL_DATE":1441670400000,"LINES":2,"MAX_VOLT":230,"MIN_VOLT":230,"MAX_INFER":"Y","MIN_INFER":"Y","pnode_id":51226,"pnode_name":"GLEN GARDNER CT 1","pnode_subtype":"AGGREGATE","match_score":82.75862068965517,"pjm_zone":"JCPL"}},{"type":"Feature","id":5616,"geometry":{"type":"Point","coordinates":[-74.4621708932652,40.560811052975]},"properties":{"OBJECTID":5616,"ID":"143617","NAME":"MIDDLESEX","CITY":"PISCATAWAY","STATE":"NJ","ZIP":"08854","TYPE":"SUBSTATION","STATUS":"IN SERVICE","COUNTY":"MIDDLESEX","COUNTYFIPS":"34023","COUNTRY":"USA","LATITUDE":40.560811053000066,"LONGITUDE":-74.46217089299995,"NAICS_CODE":"221121","NAICS_DESC":"ELECTRIC BULK POWER TRANSMISSION AND CONTROL","SOURCE":"IMAGERY, OpenStreetMap","SOURCEDATE":1440720000000,"VAL_METHOD":"IMAGERY","VAL_DATE":1441670400000,"LINES":5,"MAX_VOLT":230,"MIN_VOLT":230,"MAX_INFER":"Y","MIN_INFER":"Y","pnode_id":2333553,"pnode_name":"MIDDLESEX","pnode_subtype":"AGGREGATE","match_score":100.0,"pjm_zone":"PSEG"}},{"type":"Feature","id":5619,"geometry":{"type":"Point","coordinates":[-74.3912862346689,40.4969803272435]},"properties":{"OBJECTID":5619,"ID":"143620","NAME":"MEADOW ROAD","CITY":"EDISON","STATE":"NJ","ZIP":"08817","TYPE":"SUBSTATION","STATUS":"IN SERVICE","COUNTY":"MIDDLESEX","COUNTYFIPS":"34023","COUNTRY":"USA","LATITUDE":40.496980327000074,"LONGITUDE":-74.39128623499994,"NAICS_CODE":"221121","NAICS_DESC":"ELECTRIC BULK POWER TRANSMISSION AND CONTROL","SOURCE":"IMAGERY, OpenStreetMap","SOURCEDATE":1440720000000,"VAL_METHOD":"IMAGERY","VAL_DATE":1441670400000,"LINES":4,"MAX_VOLT":138,"MIN_VOLT":138,"MAX_INFER":"Y","MIN_INFER":"Y","pnode_id":5022440,"pnode_name":"MEADOWBROOK","pnode_subtype":"EHV","match_score":72.72727272727273,"pjm_zone":"PSEG"}},{"type":"Feature","id":5621,"geometry":{"type":"Point","coordinates":[-74.3956693359256,40.4914502652849]},"properties":{"OBJECTID":5621,"ID":"143622","NAME":"EDISON","CITY":"EDISON","STATE":"NJ","ZIP":"08817","TYPE":"SUBSTATION","STATUS":"IN SERVICE","COUNTY":"MIDDLESEX","COUNTYFIPS":"34023","COUNTRY":"USA","LATITUDE":40.491450265000026,"LONGITUDE":-74.39566933599997,"NAICS_CODE":"221121","NAICS_DESC":"ELECTRIC BULK POWER TRANSMISSION AND CONTROL","SOURCE":"IMAGERY, OpenStreetMap","SOURCEDATE":1440720000000,"VAL_METHOD":"IMAGERY","VAL_DATE":1441670400000,"LINES":5,"MAX_VOLT":138,"MIN_VOLT":138,"MAX_INFER":"Y","MIN_INFER":"Y","pnode_id":52463,"pnode_name":"REDLION","pnode_subtype":"EHV","match_score":76.92307692307692,"pjm_zone":"PSEG"}},{"type":"Feature","id":5622,"geometry":{"type":"Point","coordinates":[-74.3788326949507,40.7330208071152]},"properties":{"OBJECTID":5622,"ID":"143623","NAME":"TRAYNOR","CITY":"SUMMIT","STATE":"NJ","ZIP":"07901","TYPE":"SUBSTATION","STATUS":"IN SERVICE","COUNTY":"UNION","COUNTYFIPS":"34039","COUNTRY":"USA","LATITUDE":40.73302080700006,"LONGITUDE":-74.37883269499997,"NAICS_CODE":"221121","NAICS_DESC":"ELECTRIC BULK POWER TRANSMISSION AND CONTROL","SOURCE":"IMAGERY, OpenStreetMap","SOURCEDATE":1440720000000,"VAL_METHOD":"IMAGERY","VAL_DATE":1441670400000,"LINES":4,"MAX_VOLT":230,"MIN_VOLT":230,"MAX_INFER":"Y","MIN_INFER":"Y","pnode_id":51277,"pnode_name":"TRAYNOR","pnode_subtype":"AGGREGATE","match_score":100.0,"pjm_zone":"JCPL"}},{"type":"Feature","id":5624,"geometry":{"type":"Point","coordinates":[-74.6992470055608,40.7942023420167]},"properties":{"OBJECTID":5624,"ID":"143625","NAME":"CHESTER","CITY":"CHESTER","STATE":"NJ","ZIP":"07930","TYPE":"SUBSTATION","STATUS":"IN SERVICE","COUNTY":"MORRIS","COUNTYFIPS":"34027","COUNTRY":"USA","LATITUDE":40.79420234200006,"LONGITUDE":-74.69924700599995,"NAICS_CODE":"221121","NAICS_DESC":"ELECTRIC BULK POWER TRANSMISSION AND CONTROL","SOURCE":"IMAGERY, OpenStreetMap","SOURCEDATE":1440720000000,"VAL_METHOD":"IMAGERY","VAL_DATE":1441670400000,"LINES":2,"MAX_VOLT":230,"MIN_VOLT":230,"MAX_INFER":"Y","MIN_INFER":"Y","pnode_id":734089,"pnode_name":"CHESTER CT 9","pnode_subtype":"AGGREGATE","match_score":73.6842105263158,"pjm_zone":"JCPL"}},{"type":"Feature","id":5625,"geometry":{"type":"Point","coordinates":[-74.3782624992056,40.8194165807501]},"properties":{"OBJECTID":5625,"ID":"143626","NAME":"WHIPPANY","CITY":"EAST HANOVER","STATE":"NJ","ZIP":"07936","TYPE":"SUBSTATION","STATUS":"IN SERVICE","COUNTY":"MORRIS","COUNTYFIPS":"34027","COUNTRY":"USA","LATITUDE":40.81941658100004,"LONGITUDE":-74.37826249899996,"NAICS_CODE":"221121","NAICS_DESC":"ELECTRIC BULK POWER TRANSMISSION AND CONTROL","SOURCE":"IMAGERY, https://www.firstenergycorp.com/content/dam/corporate/transmission/montville-whippany/montville-whippany-mapbook-20190419.pdf","SOURCEDATE":1440720000000,"VAL_METHOD":"IMAGERY","VAL_DATE":1441670400000,"LINES":10,"MAX_VOLT":230,"MIN_VOLT":230,"MAX_INFER":"Y","MIN_INFER":"Y","pnode_id":47560809,"pnode_name":"WHIPPANY BK 8","pnode_subtype":"AGGREGATE","match_score":76.19047619047619,"pjm_zone":"JCPL"}},{"type":"Feature","id":5629,"geometry":{"type":"Point","coordinates":[-74.6922765469784,40.2820220437094]},"properties":{"OBJECTID":5629,"ID":"143936","NAME":"CLARKSVILLE","CITY":"LAWRENCE TOWNSHIP","STATE":"NJ","ZIP":"08648","TYPE":"SUBSTATION","STATUS":"IN SERVICE","COUNTY":"MERCER","COUNTYFIPS":"34021","COUNTRY":"USA","LATITUDE":40.28202204400003,"LONGITUDE":-74.69227654699995,"NAICS_CODE":"221121","NAICS_DESC":"ELECTRIC BULK POWER TRANSMISSION AND CONTROL","SOURCE":"IMAGERY, OpenStreetMap, https://www.pjm.com/-/media/committees-groups/committees/teac/20170209/20170209-pjm-teac-board-whitepaper-february-2017.ashx","SOURCEDATE":1440720000000,"VAL_METHOD":"IMAGERY","VAL_DATE":1524787200000,"LINES":4,"MAX_VOLT":230,"MIN_VOLT":230,"MAX_INFER":"Y","MIN_INFER":"Y","pnode_id":34509205,"pnode_name":"MARYSVILLE","pnode_subtype":"EHV","match_score":76.19047619047619,"pjm_zone":"PSEG"}},{"type":"Feature","id":5632,"geometry":{"type":"Point","coordinates":[-74.5650291233775,40.2488790337656]},"properties":{"OBJECTID":5632,"ID":"143939","NAME":"WINDSOR","CITY":"ROBBINSVILLE TWP","STATE":"NJ","ZIP":"08520","TYPE":"SUBSTATION","STATUS":"IN SERVICE","COUNTY":"MERCER","COUNTYFIPS":"34021","COUNTRY":"USA","LATITUDE":40.248879034000026,"LONGITUDE":-74.56502912299999,"NAICS_CODE":"221121","NAICS_DESC":"ELECTRIC BULK POWER TRANSMISSION AND CONTROL","SOURCE":"IMAGERY, OpenStreetMap","SOURCEDATE":1440720000000,"VAL_METHOD":"IMAGERY","VAL_DATE":1441670400000,"LINES":3,"MAX_VOLT":230,"MIN_VOLT":230,"MAX_INFER":"Y","MIN_INFER":"Y","pnode_id":52453,"pnode_name":"EWINDSOR","pnode_subtype":"EHV","match_score":93.33333333333333,"pjm_zone":"JCPL"}},{"type":"Feature","id":5633,"geometry":{"type":"Point","coordinates":[-74.4852915460966,40.4055331521807]},"properties":{"OBJECTID":5633,"ID":"143940","NAME":"DEANS","CITY":"SOUTH BRUNSWICK TWP","STATE":"NJ","ZIP":"08902","TYPE":"SUBSTATION","STATUS":"IN SERVICE","COUNTY":"MIDDLESEX","COUNTYFIPS":"34023","COUNTRY":"USA","LATITUDE":40.40553315200003,"LONGITUDE":-74.48529154599998,"NAICS_CODE":"221121","NAICS_DESC":"ELECTRIC BULK POWER TRANSMISSION AND CONTROL","SOURCE":"IMAGERY, OpenStreetMap","SOURCEDATE":1440720000000,"VAL_METHOD":"IMAGERY","VAL_DATE":1441670400000,"LINES":7,"MAX_VOLT":500,"MIN_VOLT":230,"MAX_INFER":"Y","MIN_INFER":"Y","pnode_id":52451,"pnode_name":"DEANS","pnode_subtype":"EHV","match_score":100.0,"pjm_zone":"PSEG"}},{"type":"Feature","id":5636,"geometry":{"type":"Point","coordinates":[-74.5185058338521,40.24045248195]},"properties":{"OBJECTID":5636,"ID":"143943","NAME":"EAST WINDSOR","CITY":"HIGHTSTOWN","STATE":"NJ","ZIP":"08520","TYPE":"SUBSTATION","STATUS":"IN SERVICE","COUNTY":"MERCER","COUNTYFIPS":"34021","COUNTRY":"USA","LATITUDE":40.24045248200008,"LONGITUDE":-74.51850583399994,"NAICS_CODE":"221121","NAICS_DESC":"ELECTRIC BULK POWER TRANSMISSION AND CONTROL","SOURCE":"IMAGERY, OpenStreetMap","SOURCEDATE":1440720000000,"VAL_METHOD":"IMAGERY","VAL_DATE":1441670400000,"LINES":6,"MAX_VOLT":500,"MIN_VOLT":230,"MAX_INFER":"N","MIN_INFER":"Y","pnode_id":52453,"pnode_name":"EWINDSOR","pnode_subtype":"EHV","match_score":80.0,"pjm_zone":"JCPL"}},{"type":"Feature","id":5637,"geometry":{"type":"Point","coordinates":[-74.4614306661997,40.4461502851587]},"properties":{"OBJECTID":5637,"ID":"143944","NAME":"BRUNSWICK","CITY":"NORTH BRUNSWICK","STATE":"NJ","ZIP":"08902","TYPE":"SUBSTATION","STATUS":"IN SERVICE","COUNTY":"MIDDLESEX","COUNTYFIPS":"34023","COUNTRY":"USA","LATITUDE":40.446150285000044,"LONGITUDE":-74.46143066599996,"NAICS_CODE":"221121","NAICS_DESC":"ELECTRIC BULK POWER TRANSMISSION AND CONTROL","SOURCE":"IMAGERY, OpenStreetMap","SOURCEDATE":1440720000000,"VAL_METHOD":"IMAGERY","VAL_DATE":1441670400000,"LINES":5,"MAX_VOLT":230,"MIN_VOLT":138,"MAX_INFER":"Y","MIN_INFER":"Y","pnode_id":51206,"pnode_name":"BRUNSWICK","pnode_subtype":"AGGREGATE","match_score":100.0,"pjm_zone":"PSEG"}},{"type":"Feature","id":5638,"geometry":{"type":"Point","coordinates":[-75.0921664636747,40.1937610197342]},"properties":{"OBJECTID":5638,"ID":"143945","NAME":"WARMINSTER","CITY":"WARMINSTER","STATE":"PA","ZIP":"18974","TYPE":"SUBSTATION","STATUS":"IN SERVICE","COUNTY":"BUCKS","COUNTYFIPS":"42017","COUNTRY":"USA","LATITUDE":40.19376102000007,"LONGITUDE":-75.09216646399994,"NAICS_CODE":"221121","NAICS_DESC":"ELECTRIC BULK POWER TRANSMISSION AND CONTROL","SOURCE":"OpenStreetMap, http://www.pjm.com/pub/account/trans-fac/pe.xls","SOURCEDATE":1430784000000,"VAL_METHOD":"IMAGERY","VAL_DATE":1433894400000,"LINES":2,"MAX_VOLT":230,"MIN_VOLT":230,"MAX_INFER":"N","MIN_INFER":"N","pnode_id":40243615,"pnode_name":"MINSTER 69 KV   LOAD","pnode_subtype":"LOAD","match_score":82.35294117647058,"pjm_zone":"PECO"}},{"type":"Feature","id":5641,"geometry":{"type":"Point","coordinates":[-74.9460439770905,40.0739774552792]},"properties":{"OBJECTID":5641,"ID":"143948","NAME":"EDDINGTON","CITY":"BENSALEM","STATE":"PA","ZIP":"19020","TYPE":"SUBSTATION","STATUS":"IN SERVICE","COUNTY":"BUCKS","COUNTYFIPS":"42017","COUNTRY":"USA","LATITUDE":40.07397745500003,"LONGITUDE":-74.94604397699999,"NAICS_CODE":"221121","NAICS_DESC":"ELECTRIC BULK POWER TRANSMISSION AND CONTROL","SOURCE":"OpenStreetMap, www.pjm.com/pub/account/trans-fac/pe.xls","SOURCEDATE":1430784000000,"VAL_METHOD":"IMAGERY","VAL_DATE":1436832000000,"LINES":2,"MAX_VOLT":230,"MIN_VOLT":230,"MAX_INFER":"N","MIN_INFER":"N","pnode_id":5022431,"pnode_name":"BEDINGTON","pnode_subtype":"EHV","match_score":88.88888888888889,"pjm_zone":"PECO"}},{"type":"Feature","id":5642,"geometry":{"type":"Point","coordinates":[-74.9255015187689,40.2429259011777]},"properties":{"OBJECTID":5642,"ID":"143949","NAME":"LINTON","CITY":"NEWTOWN","STATE":"PA","ZIP":"18940","TYPE":"SUBSTATION","STATUS":"IN SERVICE","COUNTY":"BUCKS","COUNTYFIPS":"42017","COUNTRY":"USA","LATITUDE":40.242925901000035,"LONGITUDE":-74.92550151899997,"NAICS_CODE":"221121","NAICS_DESC":"ELECTRIC BULK POWER TRANSMISSION AND CONTROL","SOURCE":"OpenStreetMap","SOURCEDATE":1430784000000,"VAL_METHOD":"IMAGERY","VAL_DATE":1433894400000,"LINES":2,"MAX_VOLT":230,"MIN_VOLT":230,"MAX_INFER":"N","MIN_INFER":"N","pnode_id":32411565,"pnode_name":"HINTON  138 KV  T1","pnode_subtype":"LOAD","match_score":83.33333333333333,"pjm_zone":"PECO"}},{"type":"Feature","id":5646,"geometry":{"type":"Point","coordinates":[-75.062516407099,40.2813629762158]},"properties":{"OBJECTID":5646,"ID":"143953","NAME":"BUCKINGHAM","CITY":"FURLONG","STATE":"PA","ZIP":"18925","TYPE":"SUBSTATION","STATUS":"IN SERVICE","COUNTY":"BUCKS","COUNTYFIPS":"42017","COUNTRY":"USA","LATITUDE":40.281362976000025,"LONGITUDE":-75.06251640699998,"NAICS_CODE":"221121","NAICS_DESC":"ELECTRIC BULK POWER TRANSMISSION AND CONTROL","SOURCE":"OpenStreetMap, http://www.pjm.com/pub/account/trans-fac/pe.xls","SOURCEDATE":1430784000000,"VAL_METHOD":"IMAGERY","VAL_DATE":1433894400000,"LINES":4,"MAX_VOLT":230,"MIN_VOLT":230,"MAX_INFER":"N","MIN_INFER":"N","pnode_id":135388745,"pnode_name":"BINGHAM 69 KV   LDTAYLOR","pnode_subtype":"LOAD","match_score":82.35294117647058,"pjm_zone":"PECO"}},{"type":"Feature","id":5650,"geometry":{"type":"Point","coordinates":[-74.8913397212894,40.0807052987121]},"properties":{"OBJECTID":5650,"ID":"143957","NAME":"CROYDON","CITY":"CROYDON","STATE":"PA","ZIP":"19021","TYPE":"SUBSTATION","STATUS":"IN SERVICE","COUNTY":"BUCKS","COUNTYFIPS":"42017","COUNTRY":"USA","LATITUDE":40.080705299000044,"LONGITUDE":-74.89133972099995,"NAICS_CODE":"221121","NAICS_DESC":"ELECTRIC BULK POWER TRANSMISSION AND CONTROL","SOURCE":"IMAGERY, www.pjm.com/pub/account/trans-fac/pe.xls","SOURCEDATE":1433808000000,"VAL_METHOD":"IMAGERY","VAL_DATE":1436832000000,"LINES":4,"MAX_VOLT":230,"MIN_VOLT":230,"MAX_INFER":"Y","MIN_INFER":"Y","pnode_id":734084,"pnode_name":"CROYDON CT 12","pnode_subtype":"AGGREGATE","match_score":70.0,"pjm_zone":"PECO"}},{"type":"Feature","id":5652,"geometry":{"type":"Point","coordinates":[-75.0773324441491,39.9846718722683]},"properties":{"OBJECTID":5652,"ID":"143959","NAME":"RICHMOND","CITY":"PHILADELPHIA","STATE":"PA","ZIP":"19137","TYPE":"SUBSTATION","STATUS":"IN SERVICE","COUNTY":"PHILADELPHIA","COUNTYFIPS":"42101","COUNTRY":"USA","LATITUDE":39.984671872000035,"LONGITUDE":-75.07733244399998,"NAICS_CODE":"221121","NAICS_DESC":"ELECTRIC BULK POWER TRANSMISSION AND CONTROL","SOURCE":"IMAGERY, www.pjm.com/pub/account/trans-fac/pe.xls","SOURCEDATE":1434412800000,"VAL_METHOD":"IMAGERY","VAL_DATE":1436832000000,"LINES":4,"MAX_VOLT":230,"MIN_VOLT":230,"MAX_INFER":"Y","MIN_INFER":"Y","pnode_id":35079885,"pnode_name":"RICHMOND","pnode_subtype":"AGGREGATE","match_score":100.0,"pjm_zone":"PECO"}},{"type":"Feature","id":5655,"geometry":{"type":"Point","coordinates":[-75.0446634948566,39.9658084078962]},"properties":{"OBJECTID":5655,"ID":"143962","NAME":"CAMDEN","CITY":"MERCHANTVILLE","STATE":"NJ","ZIP":"08109","TYPE":"SUBSTATION","STATUS":"IN SERVICE","COUNTY":"CAMDEN","COUNTYFIPS":"34007","COUNTRY":"USA","LATITUDE":39.96580840800004,"LONGITUDE":-75.04466349499995,"NAICS_CODE":"221121","NAICS_DESC":"ELECTRIC BULK POWER TRANSMISSION AND CONTROL","SOURCE":"IMAGERY, OpenStreetMap","SOURCEDATE":1440720000000,"VAL_METHOD":"IMAGERY","VAL_DATE":1441670400000,"LINES":6,"MAX_VOLT":230,"MIN_VOLT":230,"MAX_INFER":"Y","MIN_INFER":"Y","pnode_id":206839,"pnode_name":"CAMDENGEN","pnode_subtype":"AGGREGATE","match_score":80.0,"pjm_zone":"PSEG"}},{"type":"Feature","id":5659,"geometry":{"type":"Point","coordinates":[-74.8740838446562,40.0752336471297]},"properties":{"OBJECTID":5659,"ID":"143967","NAME":"BURLINGTON","CITY":"BURLINGTON","STATE":"NJ","ZIP":"08016","TYPE":"SUBSTATION","STATUS":"IN SERVICE","COUNTY":"BURLINGTON","COUNTYFIPS":"34005","COUNTRY":"USA","LATITUDE":40.07523364700006,"LONGITUDE":-74.87408384499997,"NAICS_CODE":"221121","NAICS_DESC":"ELECTRIC BULK POWER TRANSMISSION AND CONTROL","SOURCE":"IMAGERY, OpenStreetMap","SOURCEDATE":1440720000000,"VAL_METHOD":"IMAGERY","VAL_DATE":1441670400000,"LINES":11,"MAX_VOLT":230,"MIN_VOLT":138,"MAX_INFER":"Y","MIN_INFER":"N","pnode_id":113738,"pnode_name":"BURLINGTONCC","pnode_subtype":"AGGREGATE","match_score":90.9090909090909,"pjm_zone":"PSEG"}},{"type":"Feature","id":5661,"geometry":{"type":"Point","coordinates":[-74.8103852627684,39.9505411168475]},"properties":{"OBJECTID":5661,"ID":"143969","NAME":"LUMBERTON","CITY":"LUMBERTON TWP","STATE":"NJ","ZIP":"08048","TYPE":"SUBSTATION","STATUS":"IN SERVICE","COUNTY":"BURLINGTON","COUNTYFIPS":"34005","COUNTRY":"USA","LATITUDE":39.95054111700006,"LONGITUDE":-74.81038526299994,"NAICS_CODE":"221121","NAICS_DESC":"ELECTRIC BULK POWER TRANSMISSION AND CONTROL","SOURCE":"IMAGERY, OpenStreetMap","SOURCEDATE":1440720000000,"VAL_METHOD":"IMAGERY","VAL_DATE":1441670400000,"LINES":2,"MAX_VOLT":230,"MIN_VOLT":230,"MAX_INFER":"N","MIN_INFER":"N","pnode_id":54904985,"pnode_name":"LUMBERTON","pnode_subtype":"AGGREGATE","match_score":100.0,"pjm_zone":"PSEG"}},{"type":"Feature","id":5665,"geometry":{"type":"Point","coordinates":[-74.9627558501573,39.7410004243185]},"properties":{"OBJECTID":5665,"ID":"143974","NAME":"NEW FREEDOM","CITY":"WAYNE","STATE":"NJ","ZIP":"07470","TYPE":"SUBSTATION","STATUS":"IN SERVICE","COUNTY":"CAMDEN","COUNTYFIPS":"34007","COUNTRY":"USA","LATITUDE":39.74100042400005,"LONGITUDE":-74.96275584999995,"NAICS_CODE":"221121","NAICS_DESC":"ELECTRIC BULK POWER TRANSMISSION AND CONTROL","SOURCE":"IMAGERY, OpenStreetMap","SOURCEDATE":1440720000000,"VAL_METHOD":"IMAGERY","VAL_DATE":1441670400000,"LINES":10,"MAX_VOLT":500,"MIN_VOLT":230,"MAX_INFER":"N","MIN_INFER":"Y","pnode_id":1379245548,"pnode_name":"FREEDOM2","pnode_subtype":"EHV","match_score":73.6842105263158,"pjm_zone":"AECO"}},{"type":"Feature","id":5667,"geometry":{"type":"Point","coordinates":[-74.9295759490126,40.3372401597053]},"properties":{"OBJECTID":5667,"ID":"143976","NAME":"PLEASANT VALLEY","CITY":"LAMBERTVILLE","STATE":"NJ","ZIP":"08530","TYPE":"SUBSTATION","STATUS":"IN SERVICE","COUNTY":"MERCER","COUNTYFIPS":"34021","COUNTRY":"USA","LATITUDE":40.33724016000008,"LONGITUDE":-74.92957594899997,"NAICS_CODE":"221121","NAICS_DESC":"ELECTRIC BULK POWER TRANSMISSION AND CONTROL","SOURCE":"IMAGERY, OpenStreetMap","SOURCEDATE":1440720000000,"VAL_METHOD":"IMAGERY","VAL_DATE":1441670400000,"LINES":3,"MAX_VOLT":230,"MIN_VOLT":230,"MAX_INFER":"Y","MIN_INFER":"Y","pnode_id":2156111331,"pnode_name":"PVILLE  69 KV   PLEASANT","pnode_subtype":"GEN","match_score":72.22222222222221,"pjm_zone":"JCPL"}},{"type":"Feature","id":5669,"geometry":{"type":"Point","coordinates":[-75.3087297072559,40.6197497521445]},"properties":{"OBJECTID":5669,"ID":"143983","NAME":"STEEL CITY","CITY":"LOWER SAUCON TWP","STATE":"PA","ZIP":"18015","TYPE":"SUBSTATION","STATUS":"IN SERVICE","COUNTY":"NORTHAMPTON","COUNTYFIPS":"42095","COUNTRY":"USA","LATITUDE":40.619749752000075,"LONGITUDE":-75.30872970699994,"NAICS_CODE":"221121","NAICS_DESC":"ELECTRIC BULK POWER TRANSMISSION AND CONTROL","SOURCE":"OpenStreetMap","SOURCEDATE":1430784000000,"VAL_METHOD":"IMAGERY","VAL_DATE":1433980800000,"LINES":4,"MAX_VOLT":500,"MIN_VOLT":230,"MAX_INFER":"Y","MIN_INFER":"Y","pnode_id":32413149,"pnode_name":"CITY    138 KV  LOAD","pnode_subtype":"LOAD","match_score":100.0,"pjm_zone":"PPL"}},{"type":"Feature","id":5671,"geometry":{"type":"Point","coordinates":[-75.4519614053743,40.2147871811332]},"properties":{"OBJECTID":5671,"ID":"144004","NAME":"PERKIOMEN","CITY":"PERKIOMEN TWP","STATE":"PA","ZIP":"19426","TYPE":"SUBSTATION","STATUS":"IN SERVICE","COUNTY":"MONTGOMERY","COUNTYFIPS":"42091","COUNTRY":"USA","LATITUDE":40.21478718100008,"LONGITUDE":-75.45196140499996,"NAICS_CODE":"221121","NAICS_DESC":"ELECTRIC BULK POWER TRANSMISSION AND CONTROL","SOURCE":"OpenStreetMap","SOURCEDATE":1430784000000,"VAL_METHOD":"IMAGERY","VAL_DATE":1433894400000,"LINES":4,"MAX_VOLT":230,"MIN_VOLT":138,"MAX_INFER":"N","MIN_INFER":"N","pnode_id":32711185,"pnode_name":"PERKASIE","pnode_subtype":"AGGREGATE","match_score":70.58823529411764,"pjm_zone":"PECO"}},{"type":"Feature","id":5672,"geometry":{"type":"Point","coordinates":[-75.4201700598087,40.1147003007341]},"properties":{"OBJECTID":5672,"ID":"144005","NAME":"BETZWOOD","CITY":"LOWER PROVIDENCE TWP","STATE":"PA","ZIP":"19403","TYPE":"SUBSTATION","STATUS":"IN SERVICE","COUNTY":"MONTGOMERY","COUNTYFIPS":"42091","COUNTRY":"USA","LATITUDE":40.11470030100003,"LONGITUDE":-75.42017005999998,"NAICS_CODE":"221121","NAICS_DESC":"ELECTRIC BULK POWER TRANSMISSION AND CONTROL","SOURCE":"OpenStreetMap, http://www.pjm.com/pub/account/trans-fac/pe.xls","SOURCEDATE":1430784000000,"VAL_METHOD":"IMAGERY","VAL_DATE":1433894400000,"LINES":2,"MAX_VOLT":230,"MIN_VOLT":230,"MAX_INFER":"N","MIN_INFER":"N","pnode_id":51289,"pnode_name":"WESTWOOD","pnode_subtype":"AGGREGATE","match_score":75.0,"pjm_zone":"PECO"}},{"type":"Feature","id":5673,"geometry":{"type":"Point","coordinates":[-75.4077534938493,39.9180435216596]},"properties":{"OBJECTID":5673,"ID":"144006","NAME":"MIDDLETOWN","CITY":"MEDIA","STATE":"PA","ZIP":"19063","TYPE":"SUBSTATION","STATUS":"IN SERVICE","COUNTY":"DELAWARE","COUNTYFIPS":"42045","COUNTRY":"USA","LATITUDE":39.91804352200006,"LONGITUDE":-75.40775349399996,"NAICS_CODE":"221121","NAICS_DESC":"ELECTRIC BULK POWER TRANSMISSION AND CONTROL","SOURCE":"OpenStreetMap, www.pjm.com/pub/account/trans-fac/pe.xls","SOURCEDATE":1430784000000,"VAL_METHOD":"IMAGERY","VAL_DATE":1436918400000,"LINES":3,"MAX_VOLT":230,"MIN_VOLT":230,"MAX_INFER":"Y","MIN_INFER":"Y","pnode_id":51240,"pnode_name":"MIDDLETOWN","pnode_subtype":"AGGREGATE","match_score":100.0,"pjm_zone":"PECO"}},{"type":"Feature","id":5674,"geometry":{"type":"Point","coordinates":[-75.3584508779202,40.114412262196]},"properties":{"OBJECTID":5674,"ID":"144007","NAME":"BARBADOES","CITY":"NORRISTOWN","STATE":"PA","ZIP":"19401","TYPE":"SUBSTATION","STATUS":"IN SERVICE","COUNTY":"MONTGOMERY","COUNTYFIPS":"42091","COUNTRY":"USA","LATITUDE":40.11441226200003,"LONGITUDE":-75.35845087799999,"NAICS_CODE":"221121","NAICS_DESC":"ELECTRIC BULK POWER TRANSMISSION AND CONTROL","SOURCE":"OpenStreetMap, http://www.pjm.com/pub/account/trans-fac/pe.xls","SOURCEDATE":1430784000000,"VAL_METHOD":"IMAGERY","VAL_DATE":1433894400000,"LINES":4,"MAX_VOLT":230,"MIN_VOLT":230,"MAX_INFER":"N","MIN_INFER":"N","pnode_id":2156111972,"pnode_name":"ARBOLES 138 KV  ACP2","pnode_subtype":"LOAD","match_score":75.0,"pjm_zone":"PECO"}},{"type":"Feature","id":5679,"geometry":{"type":"Point","coordinates":[-75.1636865186378,40.1890021682892]},"properties":{"OBJECTID":5679,"ID":"144012","NAME":"JARRETT","CITY":"HORSHAM TWP","STATE":"PA","ZIP":"19044","TYPE":"SUBSTATION","STATUS":"IN SERVICE","COUNTY":"MONTGOMERY","COUNTYFIPS":"42091","COUNTRY":"USA","LATITUDE":40.18900216800006,"LONGITUDE":-75.16368651899995,"NAICS_CODE":"221121","NAICS_DESC":"ELECTRIC BULK POWER TRANSMISSION AND CONTROL","SOURCE":"OpenStreetMap, http://www.pjm.com/pub/account/trans-fac/pe.xls","SOURCEDATE":1430784000000,"VAL_METHOD":"IMAGERY","VAL_DATE":1433894400000,"LINES":2,"MAX_VOLT":230,"MIN_VOLT":230,"MAX_INFER":"N","MIN_INFER":"N","pnode_id":2156113196,"pnode_name":"JARRETT 138 KV  T1","pnode_subtype":"LOAD","match_score":100.0,"pjm_zone":"PECO"}},{"type":"Feature","id":5681,"geometry":{"type":"Point","coordinates":[-75.1177264530325,40.1597256219976]},"properties":{"OBJECTID":5681,"ID":"144014","NAME":"HEATON","CITY":"UPPER MORELAND TWP","STATE":"PA","ZIP":"19090","TYPE":"SUBSTATION","STATUS":"IN SERVICE","COUNTY":"MONTGOMERY","COUNTYFIPS":"42091","COUNTRY":"USA","LATITUDE":40.15972562200005,"LONGITUDE":-75.11772645299999,"NAICS_CODE":"221121","NAICS_DESC":"ELECTRIC BULK POWER TRANSMISSION AND CONTROL","SOURCE":"OpenStreetMap","SOURCEDATE":1430784000000,"VAL_METHOD":"IMAGERY","VAL_DATE":1433894400000,"LINES":4,"MAX_VOLT":230,"MIN_VOLT":138,"MAX_INFER":"N","MIN_INFER":"N","pnode_id":32413011,"pnode_name":"WHARTON 138 KV  T1T2T3","pnode_subtype":"LOAD","match_score":76.92307692307692,"pjm_zone":"PECO"}},{"type":"Feature","id":5682,"geometry":{"type":"Point","coordinates":[-75.3100134105767,40.1715442696909]},"properties":{"OBJECTID":5682,"ID":"144015","NAME":"WHITPAIN","CITY":"WORCESTER TWP","STATE":"PA","ZIP":"19422","TYPE":"SUBSTATION","STATUS":"IN SERVICE","COUNTY":"MONTGOMERY","COUNTYFIPS":"42091","COUNTRY":"USA","LATITUDE":40.17154427000003,"LONGITUDE":-75.31001341099994,"NAICS_CODE":"221121","NAICS_DESC":"ELECTRIC BULK POWER TRANSMISSION AND CONTROL","SOURCE":"OpenStreetMap","SOURCEDATE":1430784000000,"VAL_METHOD":"IMAGERY","VAL_DATE":1433894400000,"LINES":11,"MAX_VOLT":500,"MIN_VOLT":230,"MAX_INFER":"N","MIN_INFER":"Y","pnode_id":52471,"pnode_name":"WHITPAIN","pnode_subtype":"EHV","match_score":100.0,"pjm_zone":"PECO"}},{"type":"Feature","id":5686,"geometry":{"type":"Point","coordinates":[-75.503926871249,40.4552312327049]},"properties":{"OBJECTID":5686,"ID":"144019","NAME":"HOSENSACK","CITY":"ZIONSVILLE","STATE":"PA","ZIP":"18092","TYPE":"SUBSTATION","STATUS":"IN SERVICE","COUNTY":"LEHIGH","COUNTYFIPS":"42077","COUNTRY":"USA","LATITUDE":40.45523123300006,"LONGITUDE":-75.50392687099998,"NAICS_CODE":"221121","NAICS_DESC":"ELECTRIC BULK POWER TRANSMISSION AND CONTROL","SOURCE":"OpenStreetMap, http://www.pjm.com/pub/account/trans-fac/ppl.xls","SOURCEDATE":1430784000000,"VAL_METHOD":"IMAGERY","VAL_DATE":1433980800000,"LINES":15,"MAX_VOLT":500,"MIN_VOLT":69,"MAX_INFER":"N","MIN_INFER":"Y","pnode_id":52455,"pnode_name":"HOSENSACK","pnode_subtype":"EHV","match_score":100.0,"pjm_zone":"PPL"}},{"type":"Feature","id":5687,"geometry":{"type":"Point","coordinates":[-75.3262567628155,40.2783390011692]},"properties":{"OBJECTID":5687,"ID":"144020","NAME":"ELROY","CITY":"HATFIELD TWP","STATE":"PA","ZIP":"18964","TYPE":"SUBSTATION","STATUS":"IN SERVICE","COUNTY":"MONTGOMERY","COUNTYFIPS":"42091","COUNTRY":"USA","LATITUDE":40.27833900100006,"LONGITUDE":-75.32625676299995,"NAICS_CODE":"221121","NAICS_DESC":"ELECTRIC BULK POWER TRANSMISSION AND CONTROL","SOURCE":"OpenStreetMap, http://www.pjm.com/pub/account/trans-fac/pe.xls","SOURCEDATE":1430784000000,"VAL_METHOD":"IMAGERY","VAL_DATE":1433894400000,"LINES":4,"MAX_VOLT":500,"MIN_VOLT":500,"MAX_INFER":"N","MIN_INFER":"N","pnode_id":52452,"pnode_name":"ELROY","pnode_subtype":"EHV","match_score":100.0,"pjm_zone":"PPL"}},{"type":"Feature","id":5688,"geometry":{"type":"Point","coordinates":[-75.3478156388299,40.2128434159507]},"properties":{"OBJECTID":5688,"ID":"144021","NAME":"CENTERPOINT","CITY":"WORCESTER TWP","STATE":"PA","ZIP":"19446","TYPE":"SUBSTATION","STATUS":"IN SERVICE","COUNTY":"MONTGOMERY","COUNTYFIPS":"42091","COUNTRY":"USA","LATITUDE":40.212843416000055,"LONGITUDE":-75.34781563899998,"NAICS_CODE":"221121","NAICS_DESC":"ELECTRIC BULK POWER TRANSMISSION AND CONTROL","SOURCE":"IMAGERY","SOURCEDATE":1433289600000,"VAL_METHOD":"IMAGERY","VAL_DATE":1433894400000,"LINES":4,"MAX_VOLT":500,"MIN_VOLT":230,"MAX_INFER":"N","MIN_INFER":"N","pnode_id":1356178177,"pnode_name":"CENTERPT","pnode_subtype":"EHV","match_score":84.21052631578947,"pjm_zone":"PECO"}},{"type":"Feature","id":5690,"geometry":{"type":"Point","coordinates":[-75.2284011130782,40.2244419331068]},"properties":{"OBJECTID":5690,"ID":"144023","NAME":"HARTMAN","CITY":"MONTGOMERY TWP","STATE":"PA","ZIP":"18936","TYPE":"SUBSTATION","STATUS":"IN SERVICE","COUNTY":"MONTGOMERY","COUNTYFIPS":"42091","COUNTRY":"USA","LATITUDE":40.22444193300004,"LONGITUDE":-75.22840111299996,"NAICS_CODE":"221121","NAICS_DESC":"ELECTRIC BULK POWER TRANSMISSION AND CONTROL","SOURCE":"IMAGERY, http://www.pjm.com/pub/account/trans-fac/pe.xls","SOURCEDATE":1433376000000,"VAL_METHOD":"IMAGERY","VAL_DATE":1433894400000,"LINES":2,"MAX_VOLT":230,"MIN_VOLT":230,"MAX_INFER":"N","MIN_INFER":"N","pnode_id":1123170839,"pnode_name":"HARMON  138 KV  T1","pnode_subtype":"LOAD","match_score":76.92307692307692,"pjm_zone":"PECO"}},{"type":"Feature","id":5692,"geometry":{"type":"Point","coordinates":[-75.1365823423745,39.9140757978809]},"properties":{"OBJECTID":5692,"ID":"144025","NAME":"SOUTHWARK","CITY":"PHILADELPHIA","STATE":"PA","ZIP":"19148","TYPE":"SUBSTATION","STATUS":"IN SERVICE","COUNTY":"PHILADELPHIA","COUNTYFIPS":"42101","COUNTRY":"USA","LATITUDE":39.914075798000056,"LONGITUDE":-75.13658234199994,"NAICS_CODE":"221121","NAICS_DESC":"ELECTRIC BULK POWER TRANSMISSION AND CONTROL","SOURCE":"IMAGERY, www.pjm.com/pub/account/trans-fac/pe.xls","SOURCEDATE":1434585600000,"VAL_METHOD":"IMAGERY","VAL_DATE":1436745600000,"LINES":5,"MAX_VOLT":69,"MIN_VOLT":69,"MAX_INFER":"Y","MIN_INFER":"Y","pnode_id":734138,"pnode_name":"SOUTHWARK CT 3","pnode_subtype":"AGGREGATE","match_score":78.26086956521739,"pjm_zone":"PECO"}},{"type":"Feature","id":5693,"geometry":{"type":"Point","coordinates":[-75.3458162360442,39.8561409713194]},"properties":{"OBJECTID":5693,"ID":"144026","NAME":"SAVILLE","CITY":"CRUM LYNNE","STATE":"PA","ZIP":"19022","TYPE":"SUBSTATION","STATUS":"IN SERVICE","COUNTY":"DELAWARE","COUNTYFIPS":"42045","COUNTRY":"USA","LATITUDE":39.85614097100006,"LONGITUDE":-75.34581623599996,"NAICS_CODE":"221121","NAICS_DESC":"ELECTRIC BULK POWER TRANSMISSION AND CONTROL","SOURCE":"IMAGERY, www.pjm.com/pub/account/trans-fac/pe.xls","SOURCEDATE":1434672000000,"VAL_METHOD":"IMAGERY","VAL_DATE":1436918400000,"LINES":2,"MAX_VOLT":138,"MIN_VOLT":138,"MAX_INFER":"N","MIN_INFER":"N","pnode_id":1123175816,"pnode_name":"S_VILLE 69 KV   LD_182","pnode_subtype":"LOAD","match_score":85.71428571428571,"pjm_zone":"PECO"}},{"type":"Feature","id":5694,"geometry":{"type":"Point","coordinates":[-75.3260327732893,39.8602921387579]},"properties":{"OBJECTID":5694,"ID":"144027","NAME":"EDDYSTONE","CITY":"CRUM LYNNE","STATE":"PA","ZIP":"19022","TYPE":"SUBSTATION","STATUS":"IN SERVICE","COUNTY":"DELAWARE","COUNTYFIPS":"42045","COUNTRY":"USA","LATITUDE":39.86029213900008,"LONGITUDE":-75.32603277299995,"NAICS_CODE":"221121","NAICS_DESC":"ELECTRIC BULK POWER TRANSMISSION AND CONTROL","SOURCE":"IMAGERY, www.pjm.com/pub/account/trans-fac/pe.xls","SOURCEDATE":1433116800000,"VAL_METHOD":"IMAGERY","VAL_DATE":1436918400000,"LINES":9,"MAX_VOLT":230,"MIN_VOLT":69,"MAX_INFER":"Y","MIN_INFER":"Y","pnode_id":734104,"pnode_name":"EDDYSTONE 4","pnode_subtype":"AGGREGATE","match_score":90.0,"pjm_zone":"PECO"}},{"type":"Feature","id":5695,"geometry":{"type":"Point","coordinates":[-75.1734224165679,40.0065417663264]},"properties":{"OBJECTID":5695,"ID":"144028","NAME":"WESTMORELAND","CITY":"PHILADELPHIA","STATE":"PA","ZIP":"19129","TYPE":"SUBSTATION","STATUS":"IN SERVICE","COUNTY":"PHILADELPHIA","COUNTYFIPS":"42101","COUNTRY":"USA","LATITUDE":40.006541766000055,"LONGITUDE":-75.17342241699998,"NAICS_CODE":"221121","NAICS_DESC":"ELECTRIC BULK POWER TRANSMISSION AND CONTROL","SOURCE":"IMAGERY, www.pjm.com/pub/account/trans-fac/pe.xls","SOURCEDATE":1433462400000,"VAL_METHOD":"IMAGERY","VAL_DATE":1436745600000,"LINES":5,"MAX_VOLT":230,"MIN_VOLT":230,"MAX_INFER":"N","MIN_INFER":"N","pnode_id":1356178207,"pnode_name":"WMORELND","pnode_subtype":"EHV","match_score":80.0,"pjm_zone":"PECO"}},{"type":"Feature","id":5696,"geometry":{"type":"Point","coordinates":[-75.2277379273281,40.0017115086985]},"properties":{"OBJECTID":5696,"ID":"144029","NAME":"BALA","CITY":"BALA CYNWYD","STATE":"PA","ZIP":"19004","TYPE":"SUBSTATION","STATUS":"IN SERVICE","COUNTY":"MONTGOMERY","COUNTYFIPS":"42091","COUNTRY":"USA","LATITUDE":40.001711509000074,"LONGITUDE":-75.22773792699996,"NAICS_CODE":"221121","NAICS_DESC":"ELECTRIC BULK POWER TRANSMISSION AND CONTROL","SOURCE":"IMAGERY, www.pjm.com/pub/account/trans-fac/pe.xls","SOURCEDATE":1433462400000,"VAL_METHOD":"IMAGERY","VAL_DATE":1436745600000,"LINES":2,"MAX_VOLT":230,"MIN_VOLT":230,"MAX_INFER":"Y","MIN_INFER":"Y","pnode_id":135388737,"pnode_name":"ALTA    69 KV   TR1","pnode_subtype":"LOAD","match_score":75.0,"pjm_zone":"PECO"}},{"type":"Feature","id":5698,"geometry":{"type":"Point","coordinates":[-75.188164515982,39.9794370780258]},"properties":{"OBJECTID":5698,"ID":"144031","NAME":"MASTER","CITY":"PHILADELPHIA","STATE":"PA","ZIP":"19121","TYPE":"SUBSTATION","STATUS":"IN SERVICE","COUNTY":"PHILADELPHIA","COUNTYFIPS":"42101","COUNTRY":"USA","LATITUDE":39.979437078000046,"LONGITUDE":-75.18816451599997,"NAICS_CODE":"221121","NAICS_DESC":"ELECTRIC BULK POWER TRANSMISSION AND CONTROL","SOURCE":"IMAGERY, www.pjm.com/pub/account/trans-fac/pe.xls","SOURCEDATE":1433462400000,"VAL_METHOD":"IMAGERY","VAL_DATE":1436745600000,"LINES":5,"MAX_VOLT":230,"MIN_VOLT":138,"MAX_INFER":"N","MIN_INFER":"N","pnode_id":40243615,"pnode_name":"MINSTER 69 KV   LOAD","pnode_subtype":"LOAD","match_score":76.92307692307692,"pjm_zone":"PECO"}},{"type":"Feature","id":5704,"geometry":{"type":"Point","coordinates":[-75.3368220276368,39.9071396541761]},"properties":{"OBJECTID":5704,"ID":"144037","NAME":"MORTON","CITY":"SPRINGFIELD TWP","STATE":"PA","ZIP":"19064","TYPE":"SUBSTATION","STATUS":"IN SERVICE","COUNTY":"DELAWARE","COUNTYFIPS":"42045","COUNTRY":"USA","LATITUDE":39.90713965400005,"LONGITUDE":-75.33682202799997,"NAICS_CODE":"221121","NAICS_DESC":"ELECTRIC BULK POWER TRANSMISSION AND CONTROL","SOURCE":"IMAGERY, www.pjm.com/pub/account/trans-fac/pe.xls","SOURCEDATE":1434412800000,"VAL_METHOD":"IMAGERY","VAL_DATE":1436918400000,"LINES":1,"MAX_VOLT":230,"MIN_VOLT":230,"MAX_INFER":"N","MIN_INFER":"N","pnode_id":32411121,"pnode_name":"DORTON  138 KV  T1","pnode_subtype":"LOAD","match_score":83.33333333333333,"pjm_zone":"PECO"}},{"type":"Feature","id":5705,"geometry":{"type":"Point","coordinates":[-75.2361898632227,39.9454242151177]},"properties":{"OBJECTID":5705,"ID":"144038","NAME":"ANGORA","CITY":"PHILADELPHIA","STATE":"PA","ZIP":"19143","TYPE":"SUBSTATION","STATUS":"IN SERVICE","COUNTY":"PHILADELPHIA","COUNTYFIPS":"42101","COUNTRY":"USA","LATITUDE":39.94542421500006,"LONGITUDE":-75.23618986299994,"NAICS_CODE":"221121","NAICS_DESC":"ELECTRIC BULK POWER TRANSMISSION AND CONTROL","SOURCE":"IMAGERY, www.pjm.com/pub/account/trans-fac/pe.xls","SOURCEDATE":1434412800000,"VAL_METHOD":"IMAGERY","VAL_DATE":1436486400000,"LINES":2,"MAX_VOLT":69,"MIN_VOLT":69,"MAX_INFER":"N","MIN_INFER":"N","pnode_id":2156114310,"pnode_name":"BANGOR  69 KV   T2","pnode_subtype":"LOAD","match_score":88.33333333333333,"pjm_zone":"PECO"}},{"type":"Feature","id":5706,"geometry":{"type":"Point","coordinates":[-75.1865543073948,39.9420334827598]},"properties":{"OBJECTID":5706,"ID":"144039","NAME":"SCHUYLKILL","CITY":"PHILADELPHIA","STATE":"PA","ZIP":"19146","TYPE":"SUBSTATION","STATUS":"IN SERVICE","COUNTY":"PHILADELPHIA","COUNTYFIPS":"42101","COUNTRY":"USA","LATITUDE":39.942033483000046,"LONGITUDE":-75.18655430699994,"NAICS_CODE":"221121","NAICS_DESC":"ELECTRIC BULK POWER TRANSMISSION AND CONTROL","SOURCE":"IMAGERY, www.pjm.com/pub/account/trans-fac/pe.xls","SOURCEDATE":1434412800000,"VAL_METHOD":"IMAGERY","VAL_DATE":1436745600000,"LINES":6,"MAX_VOLT":230,"MIN_VOLT":69,"MAX_INFER":"Y","MIN_INFER":"Y","pnode_id":734119,"pnode_name":"SCHUYLKILL 1","pnode_subtype":"AGGREGATE","match_score":90.9090909090909,"pjm_zone":"PECO"}},{"type":"Feature","id":5707,"geometry":{"type":"Point","coordinates":[-75.1878392162547,39.9429436266963]},"properties":{"OBJECTID":5707,"ID":"144040","NAME":"SCHUYLKILL","CITY":"PHILADELPHIA","STATE":"PA","ZIP":"19146","TYPE":"SUBSTATION","STATUS":"IN SERVICE","COUNTY":"PHILADELPHIA","COUNTYFIPS":"42101","COUNTRY":"USA","LATITUDE":39.942943627000034,"LONGITUDE":-75.18783921599999,"NAICS_CODE":"221121","NAICS_DESC":"ELECTRIC BULK POWER TRANSMISSION AND CONTROL","SOURCE":"IMAGERY, www.pjm.com/pub/account/trans-fac/pe.xls","SOURCEDATE":1434412800000,"VAL_METHOD":"IMAGERY","VAL_DATE":1436745600000,"LINES":3,"MAX_VOLT":230,"MIN_VOLT":230,"MAX_INFER":"Y","MIN_INFER":"Y","pnode_id":734119,"pnode_name":"SCHUYLKILL 1","pnode_subtype":"AGGREGATE","match_score":90.9090909090909,"pjm_zone":"PECO"}},{"type":"Feature","id":5709,"geometry":{"type":"Point","coordinates":[-75.1637725790386,39.9449329387803]},"properties":{"OBJECTID":5709,"ID":"144042","NAME":"WAVERLY","CITY":"PHILADELPHIA","STATE":"PA","ZIP":"19147","TYPE":"SUBSTATION","STATUS":"IN SERVICE","COUNTY":"PHILADELPHIA","COUNTYFIPS":"42101","COUNTRY":"USA","LATITUDE":39.94493293900007,"LONGITUDE":-75.16377257899995,"NAICS_CODE":"221121","NAICS_DESC":"ELECTRIC BULK POWER TRANSMISSION AND CONTROL","SOURCE":"IMAGERY, www.pjm.com/pub/account/trans-fac/pe.xls","SOURCEDATE":1436832000000,"VAL_METHOD":"IMAGERY","VAL_DATE":1436832000000,"LINES":2,"MAX_VOLT":69,"MIN_VOLT":69,"MAX_INFER":"N","MIN_INFER":"N","pnode_id":32414801,"pnode_name":"AVERY   69 KV   A","pnode_subtype":"LOAD","match_score":88.33333333333333,"pjm_zone":"PECO"}},{"type":"Feature","id":5710,"geometry":{"type":"Point","coordinates":[-75.1268070119966,39.9677104339388]},"properties":{"OBJECTID":5710,"ID":"144043","NAME":"DELAWARE","CITY":"PHILADELPHIA","STATE":"PA","ZIP":"19125","TYPE":"SUBSTATION","STATUS":"IN SERVICE","COUNTY":"PHILADELPHIA","COUNTYFIPS":"42101","COUNTRY":"USA","LATITUDE":39.967710434000026,"LONGITUDE":-75.12680701199997,"NAICS_CODE":"221121","NAICS_DESC":"ELECTRIC BULK POWER TRANSMISSION AND CONTROL","SOURCE":"IMAGERY, www.pjm.com/pub/account/trans-fac/pe.xls","SOURCEDATE":1436832000000,"VAL_METHOD":"IMAGERY","VAL_DATE":1436832000000,"LINES":3,"MAX_VOLT":69,"MIN_VOLT":69,"MAX_INFER":"Y","MIN_INFER":"Y","pnode_id":734113,"pnode_name":"DELAWARE 8","pnode_subtype":"AGGREGATE","match_score":88.88888888888889,"pjm_zone":"PECO"}},{"type":"Feature","id":5713,"geometry":{"type":"Point","coordinates":[-75.2637514948663,39.9508386457164]},"properties":{"OBJECTID":5713,"ID":"144046","NAME":"UPPER DARBY","CITY":"UPPER DARBY TWP","STATE":"PA","ZIP":"19082","TYPE":"SUBSTATION","STATUS":"IN SERVICE","COUNTY":"DELAWARE","COUNTYFIPS":"42045","COUNTRY":"USA","LATITUDE":39.95083864600008,"LONGITUDE":-75.26375149499995,"NAICS_CODE":"221121","NAICS_DESC":"ELECTRIC BULK POWER TRANSMISSION AND CONTROL","SOURCE":"IMAGERY, www.pjm.com/pub/account/trans-fac/pe.xls","SOURCEDATE":1436918400000,"VAL_METHOD":"IMAGERY","VAL_DATE":1436918400000,"LINES":2,"MAX_VOLT":69,"MIN_VOLT":69,"MAX_INFER":"N","MIN_INFER":"N","pnode_id":32413281,"pnode_name":"DARBY   69 KV   LOADL","pnode_subtype":"LOAD","match_score":100.0,"pjm_zone":"PECO"}},{"type":"Feature","id":5714,"geometry":{"type":"Point","coordinates":[-75.2796415352123,39.9074827670312]},"properties":{"OBJECTID":5714,"ID":"144047","NAME":"SHARON HILL","CITY":"SHARON HILL","STATE":"PA","ZIP":"19079","TYPE":"SUBSTATION","STATUS":"IN SERVICE","COUNTY":"DELAWARE","COUNTYFIPS":"42045","COUNTRY":"USA","LATITUDE":39.90748276700003,"LONGITUDE":-75.27964153499994,"NAICS_CODE":"221121","NAICS_DESC":"ELECTRIC BULK POWER TRANSMISSION AND CONTROL","SOURCE":"IMAGERY","SOURCEDATE":1436918400000,"VAL_METHOD":"IMAGERY","VAL_DATE":1436918400000,"LINES":1,"MAX_VOLT":69,"MIN_VOLT":69,"MAX_INFER":"N","MIN_INFER":"N","pnode_id":32415213,"pnode_name":"SHARON  69 KV   A","pnode_subtype":"LOAD","match_score":100.0,"pjm_zone":"PECO"}},{"type":"Feature","id":5715,"geometry":{"type":"Point","coordinates":[-75.3995255573624,39.8220485416639]},"properties":{"OBJECTID":5715,"ID":"144048","NAME":"TRAINER","CITY":"MARCUS HOOK","STATE":"PA","ZIP":"19061","TYPE":"SUBSTATION","STATUS":"IN SERVICE","COUNTY":"DELAWARE","COUNTYFIPS":"42045","COUNTRY":"USA","LATITUDE":39.82204854200006,"LONGITUDE":-75.39952555699995,"NAICS_CODE":"221121","NAICS_DESC":"ELECTRIC BULK POWER TRANSMISSION AND CONTROL","SOURCE":"IMAGERY, www.pjm.com/pub/account/trans-fac/pe.xls","SOURCEDATE":1434326400000,"VAL_METHOD":"IMAGERY","VAL_DATE":1436918400000,"LINES":3,"MAX_VOLT":230,"MIN_VOLT":69,"MAX_INFER":"N","MIN_INFER":"Y","pnode_id":32412875,"pnode_name":"TRIER   138 KV  T1","pnode_subtype":"LOAD","match_score":83.33333333333333,"pjm_zone":"PECO"}},{"type":"Feature","id":5716,"geometry":{"type":"Point","coordinates":[-75.4331474116606,39.8180301357945]},"properties":{"OBJECTID":5716,"ID":"144049","NAME":"LINWOOD","CITY":"MARCUS HOOK","STATE":"PA","ZIP":"19061","TYPE":"SUBSTATION","STATUS":"IN SERVICE","COUNTY":"DELAWARE","COUNTYFIPS":"42045","COUNTRY":"USA","LATITUDE":39.81803013600006,"LONGITUDE":-75.43314741199998,"NAICS_CODE":"221121","NAICS_DESC":"ELECTRIC BULK POWER TRANSMISSION AND CONTROL","SOURCE":"IMAGERY, www.pjm.com/pub/account/trans-fac/pe.xls","SOURCEDATE":1434672000000,"VAL_METHOD":"IMAGERY","VAL_DATE":1436918400000,"LINES":5,"MAX_VOLT":230,"MIN_VOLT":230,"MAX_INFER":"Y","MIN_INFER":"Y","pnode_id":1080786,"pnode_name":"IRONWOOD","pnode_subtype":"AGGREGATE","match_score":80.0,"pjm_zone":"PECO"}},{"type":"Feature","id":5726,"geometry":{"type":"Point","coordinates":[-76.3883195907847,41.7657004637895]},"properties":{"OBJECTID":5726,"ID":"144122","NAME":"PANDA LIBERTY GENERATION PLANT","CITY":"ASYLUM TWP","STATE":"PA","ZIP":"18848","TYPE":"SUBSTATION","STATUS":"IN SERVICE","COUNTY":"BRADFORD","COUNTYFIPS":"42015","COUNTRY":"USA","LATITUDE":41.765700464000076,"LONGITUDE":-76.38831959099997,"NAICS_CODE":"221121","NAICS_DESC":"ELECTRIC BULK POWER TRANSMISSION AND CONTROL","SOURCE":"IMAGERY, EIA 860","SOURCEDATE":1490918400000,"VAL_METHOD":"IMAGERY","VAL_DATE":1622505600000,"LINES":2,"MAX_VOLT":230,"MIN_VOLT":230,"MAX_INFER":"Y","MIN_INFER":"Y","pnode_id":40243581,"pnode_name":"LIBERTY 69 KV   BK-1","pnode_subtype":"LOAD","match_score":100.0,"pjm_zone":"PENELEC"}},{"type":"Feature","id":5729,"geometry":{"type":"Point","coordinates":[-75.3781541651377,37.9342122361946]},"properties":{"OBJECTID":5729,"ID":"144354","NAME":"WALLOPS ISLAND","CITY":"CHINCOTEAGUE ISLAND","STATE":"VA","ZIP":"23336","TYPE":"SUBSTATION","STATUS":"IN SERVICE","COUNTY":"ACCOMACK","COUNTYFIPS":"51001","COUNTRY":"USA","LATITUDE":37.934212236000064,"LONGITUDE":-75.37815416499996,"NAICS_CODE":"221121","NAICS_DESC":"ELECTRIC BULK POWER TRANSMISSION AND CONTROL","SOURCE":"IMAGERY, http://www.pjm.com/system-map/default.html","SOURCEDATE":1426723200000,"VAL_METHOD":"IMAGERY","VAL_DATE":1426723200000,"LINES":2,"MAX_VOLT":69,"MIN_VOLT":69,"MAX_INFER":"Y","MIN_INFER":"Y","pnode_id":33627017,"pnode_name":"PHILLIPS ISLAND","pnode_subtype":"AGGREGATE","match_score":75.86206896551724,"pjm_zone":"DPL"}},{"type":"Feature","id":5749,"geometry":{"type":"Point","coordinates":[-75.2301203969039,40.6663499120694]},"properties":{"OBJECTID":5749,"ID":"144375","NAME":"GLENDON","CITY":"GLENDON","STATE":"PA","ZIP":"18042","TYPE":"SUBSTATION","STATUS":"IN SERVICE","COUNTY":"NORTHAMPTON","COUNTYFIPS":"42095","COUNTRY":"USA","LATITUDE":40.666349912000044,"LONGITUDE":-75.23012039699995,"NAICS_CODE":"221121","NAICS_DESC":"ELECTRIC BULK POWER TRANSMISSION AND CONTROL","SOURCE":"OpenStreetMap","SOURCEDATE":1430784000000,"VAL_METHOD":"IMAGERY","VAL_DATE":1434412800000,"LINES":4,"MAX_VOLT":115,"MIN_VOLT":115,"MAX_INFER":"N","MIN_INFER":"N","pnode_id":32410679,"pnode_name":"BLENDON 138 KV  T1","pnode_subtype":"LOAD","match_score":85.71428571428571,"pjm_zone":"METED"}},{"type":"Feature","id":5750,"geometry":{"type":"Point","coordinates":[-75.349238368119,40.6226357983021]},"properties":{"OBJECTID":5750,"ID":"144376","NAME":"QUARRY","CITY":"FREEMANSBURG","STATE":"PA","ZIP":"18017","TYPE":"SUBSTATION","STATUS":"IN SERVICE","COUNTY":"NORTHAMPTON","COUNTYFIPS":"42095","COUNTRY":"USA","LATITUDE":40.62263579800003,"LONGITUDE":-75.34923836799999,"NAICS_CODE":"221121","NAICS_DESC":"ELECTRIC BULK POWER TRANSMISSION AND CONTROL","SOURCE":"OpenStreetMap","SOURCEDATE":1430784000000,"VAL_METHOD":"IMAGERY","VAL_DATE":1434412800000,"LINES":13,"MAX_VOLT":230,"MIN_VOLT":69,"MAX_INFER":"Y","MIN_INFER":"Y","pnode_id":35010355,"pnode_name":"SURRY","pnode_subtype":"EHV","match_score":72.72727272727273,"pjm_zone":"PPL"}},{"type":"Feature","id":5752,"geometry":{"type":"Point","coordinates":[-75.3412073198845,40.3484079138154]},"properties":{"OBJECTID":5752,"ID":"144378","NAME":"BUXMONT","CITY":"SELLERSVILLE","STATE":"PA","ZIP":"18960","TYPE":"SUBSTATION","STATUS":"IN SERVICE","COUNTY":"BUCKS","COUNTYFIPS":"42017","COUNTRY":"USA","LATITUDE":40.34840791400006,"LONGITUDE":-75.34120731999997,"NAICS_CODE":"221121","NAICS_DESC":"ELECTRIC BULK POWER TRANSMISSION AND CONTROL","SOURCE":"OpenStreetMap","SOURCEDATE":1430784000000,"VAL_METHOD":"IMAGERY","VAL_DATE":1434412800000,"LINES":8,"MAX_VOLT":230,"MIN_VOLT":69,"MAX_INFER":"Y","MIN_INFER":"Y","pnode_id":34509189,"pnode_name":"DUMONT","pnode_subtype":"EHV","match_score":76.92307692307692,"pjm_zone":"PPL"}},{"type":"Feature","id":5753,"geometry":{"type":"Point","coordinates":[-75.2492116457485,39.8118567806665]},"properties":{"OBJECTID":5753,"ID":"144379","NAME":"MICKLETON","CITY":"EAST GREENWICH TWP","STATE":"NJ","ZIP":"08056","TYPE":"SUBSTATION","STATUS":"IN SERVICE","COUNTY":"GLOUCESTER","COUNTYFIPS":"34015","COUNTRY":"USA","LATITUDE":39.811856781000074,"LONGITUDE":-75.24921164599994,"NAICS_CODE":"221121","NAICS_DESC":"ELECTRIC BULK POWER TRANSMISSION AND CONTROL","SOURCE":"IMAGERY, OpenStreetMap","SOURCEDATE":1440720000000,"VAL_METHOD":"IMAGERY","VAL_DATE":1441670400000,"LINES":8,"MAX_VOLT":230,"MIN_VOLT":230,"MAX_INFER":"Y","MIN_INFER":"Y","pnode_id":278223,"pnode_name":"MICKLETON 1 CT","pnode_subtype":"AGGREGATE","match_score":78.26086956521739,"pjm_zone":"AECO"}},{"type":"Feature","id":5759,"geometry":{"type":"Point","coordinates":[-75.1085761362934,40.8003815332932]},"properties":{"OBJECTID":5759,"ID":"144385","NAME":"MARTINS CREEK","CITY":"LOWER MT BETHEL TWP","STATE":"PA","ZIP":"18013","TYPE":"SUBSTATION","STATUS":"IN SERVICE","COUNTY":"NORTHAMPTON","COUNTYFIPS":"42095","COUNTRY":"USA","LATITUDE":40.80038153300006,"LONGITUDE":-75.10857613599995,"NAICS_CODE":"221121","NAICS_DESC":"ELECTRIC BULK POWER TRANSMISSION AND CONTROL","SOURCE":"OpenStreetMap","SOURCEDATE":1430784000000,"VAL_METHOD":"IMAGERY","VAL_DATE":1434412800000,"LINES":11,"MAX_VOLT":230,"MIN_VOLT":230,"MAX_INFER":"Y","MIN_INFER":"Y","pnode_id":40627937,"pnode_name":"MARTINS CREEK - LMB","pnode_subtype":"AGGREGATE","match_score":81.25,"pjm_zone":"METED"}},{"type":"Feature","id":5762,"geometry":{"type":"Point","coordinates":[-75.1371947257003,39.8696954731357]},"properties":{"OBJECTID":5762,"ID":"144388","NAME":"EAGLE POINT","CITY":"WEST DEPTFORD TWP","STATE":"NJ","ZIP":"08093","TYPE":"SUBSTATION","STATUS":"IN SERVICE","COUNTY":"GLOUCESTER","COUNTYFIPS":"34015","COUNTRY":"USA","LATITUDE":39.869695473000036,"LONGITUDE":-75.13719472599996,"NAICS_CODE":"221121","NAICS_DESC":"ELECTRIC BULK POWER TRANSMISSION AND CONTROL","SOURCE":"IMAGERY, OpenStreetMap","SOURCEDATE":1440720000000,"VAL_METHOD":"IMAGERY","VAL_DATE":1441670400000,"LINES":2,"MAX_VOLT":230,"MIN_VOLT":230,"MAX_INFER":"Y","MIN_INFER":"Y","pnode_id":11855104,"pnode_name":"EAGLE POINT","pnode_subtype":"AGGREGATE","match_score":100.0,"pjm_zone":"PSEG"}},{"type":"Feature","id":5765,"geometry":{"type":"Point","coordinates":[-75.1621312590982,40.5687293038803]},"properties":{"OBJECTID":5765,"ID":"144391","NAME":"GILBERT","CITY":"MILFORD","STATE":"NJ","ZIP":"08848","TYPE":"SUBSTATION","STATUS":"IN SERVICE","COUNTY":"HUNTERDON","COUNTYFIPS":"34019","COUNTRY":"USA","LATITUDE":40.568729304000044,"LONGITUDE":-75.16213125899998,"NAICS_CODE":"221121","NAICS_DESC":"ELECTRIC BULK POWER TRANSMISSION AND CONTROL","SOURCE":"IMAGERY, OpenStreetMap","SOURCEDATE":1440720000000,"VAL_METHOD":"IMAGERY","VAL_DATE":1441670400000,"LINES":8,"MAX_VOLT":230,"MIN_VOLT":230,"MAX_INFER":"Y","MIN_INFER":"Y","pnode_id":113745,"pnode_name":"GILBERTCC","pnode_subtype":"AGGREGATE","match_score":87.5,"pjm_zone":"JCPL"}},{"type":"Feature","id":5780,"geometry":{"type":"Point","coordinates":[-87.7759774238064,42.0219070881841]},"properties":{"OBJECTID":5780,"ID":"144497","NAME":"NILES","CITY":"SKOKIE","STATE":"IL","ZIP":"60077","TYPE":"SUBSTATION","STATUS":"IN SERVICE","COUNTY":"COOK","COUNTYFIPS":"17031","COUNTRY":"USA","LATITUDE":42.021907088000034,"LONGITUDE":-87.77597742399996,"NAICS_CODE":"221121","NAICS_DESC":"ELECTRIC BULK POWER TRANSMISSION AND CONTROL","SOURCE":"OpenStreetMap","SOURCEDATE":1427760000000,"VAL_METHOD":"IMAGERY","VAL_DATE":1449619200000,"LINES":2,"MAX_VOLT":138,"MIN_VOLT":138,"MAX_INFER":"Y","MIN_INFER":"Y","pnode_id":124575235,"pnode_name":"NILES CT","pnode_subtype":"AGGREGATE","match_score":76.92307692307692,"pjm_zone":"COMED"}},{"type":"Feature","id":5782,"geometry":{"type":"Point","coordinates":[-88.2334970660277,41.7978867336727]},"properties":{"OBJECTID":5782,"ID":"144499","NAME":"ELECTRIC LIGHT 345 KV","CITY":"NAPERVILLE","STATE":"IL","ZIP":"60563","TYPE":"SUBSTATION","STATUS":"IN SERVICE","COUNTY":"DUPAGE","COUNTYFIPS":"17043","COUNTRY":"USA","LATITUDE":41.79788673400003,"LONGITUDE":-88.23349706599998,"NAICS_CODE":"221121","NAICS_DESC":"ELECTRIC BULK POWER TRANSMISSION AND CONTROL","SOURCE":"OpenStreetMap","SOURCEDATE":1427760000000,"VAL_METHOD":"IMAGERY","VAL_DATE":1449619200000,"LINES":16,"MAX_VOLT":345,"MIN_VOLT":138,"MAX_INFER":"Y","MIN_INFER":"Y","pnode_id":2156119234,"pnode_name":"SLEIGH  34.5 KV BLUERISP","pnode_subtype":"GEN","match_score":72.72727272727273,"pjm_zone":"COMED"}},{"type":"Feature","id":5783,"geometry":{"type":"Point","coordinates":[-88.2344425266946,41.7477464422735]},"properties":{"OBJECTID":5783,"ID":"144500","NAME":"FRONTENAC","CITY":"AURORA","STATE":"IL","ZIP":"60504","TYPE":"SUBSTATION","STATUS":"IN SERVICE","COUNTY":"DUPAGE","COUNTYFIPS":"17043","COUNTRY":"USA","LATITUDE":41.74774644200005,"LONGITUDE":-88.23444252699994,"NAICS_CODE":"221121","NAICS_DESC":"ELECTRIC BULK POWER TRANSMISSION AND CONTROL","SOURCE":"OpenStreetMap","SOURCEDATE":1427760000000,"VAL_METHOD":"IMAGERY","VAL_DATE":1449619200000,"LINES":2,"MAX_VOLT":138,"MIN_VOLT":138,"MAX_INFER":"Y","MIN_INFER":"Y","pnode_id":734149,"pnode_name":"MONTENAY","pnode_subtype":"AGGREGATE","match_score":70.58823529411764,"pjm_zone":"COMED"}},{"type":"Feature","id":5793,"geometry":{"type":"Point","coordinates":[-87.6366012760227,41.8708964536758]},"properties":{"OBJECTID":5793,"ID":"144510","NAME":"TAYLOR (138 & 345KV)","CITY":"CHICAGO","STATE":"IL","ZIP":"60607","TYPE":"SUBSTATION","STATUS":"IN SERVICE","COUNTY":"COOK","COUNTYFIPS":"17031","COUNTRY":"USA","LATITUDE":41.87089645400005,"LONGITUDE":-87.63660127599996,"NAICS_CODE":"221121","NAICS_DESC":"ELECTRIC BULK POWER TRANSMISSION AND CONTROL","SOURCE":"OpenStreetMap","SOURCEDATE":1427760000000,"VAL_METHOD":"IMAGERY","VAL_DATE":1449619200000,"LINES":0,"MAX_VOLT":-999999,"MIN_VOLT":-999999,"MAX_INFER":"N","MIN_INFER":"N","pnode_id":32412801,"pnode_name":"TAYLOR2 138 KV  T1","pnode_subtype":"LOAD","match_score":70.27027027027026,"pjm_zone":"COMED"}},{"type":"Feature","id":5794,"geometry":{"type":"Point","coordinates":[-87.6313758694398,41.8728519508094]},"properties":{"OBJECTID":5794,"ID":"144511","NAME":"LASALLE","CITY":"CHICAGO","STATE":"IL","ZIP":"60605","TYPE":"SUBSTATION","STATUS":"IN SERVICE","COUNTY":"COOK","COUNTYFIPS":"17031","COUNTRY":"USA","LATITUDE":41.87285195100003,"LONGITUDE":-87.63137586899995,"NAICS_CODE":"221121","NAICS_DESC":"ELECTRIC BULK POWER TRANSMISSION AND CONTROL","SOURCE":"OpenStreetMap","SOURCEDATE":1427760000000,"VAL_METHOD":"IMAGERY","VAL_DATE":1449619200000,"LINES":0,"MAX_VOLT":-999999,"MIN_VOLT":-999999,"MAX_INFER":"N","MIN_INFER":"N","pnode_id":33138723,"pnode_name":"LASALLE 1","pnode_subtype":"AGGREGATE","match_score":87.5,"pjm_zone":"COMED"}},{"type":"Feature","id":5796,"geometry":{"type":"Point","coordinates":[-88.135113490771,41.900227271186]},"properties":{"OBJECTID":5796,"ID":"144513","NAME":"PLEASANT HILL","CITY":"WINFIELD","STATE":"IL","ZIP":"60190","TYPE":"SUBSTATION","STATUS":"IN SERVICE","COUNTY":"DUPAGE","COUNTYFIPS":"17043","COUNTRY":"USA","LATITUDE":41.90022727100006,"LONGITUDE":-88.13511349099997,"NAICS_CODE":"221121","NAICS_DESC":"ELECTRIC BULK POWER TRANSMISSION AND CONTROL","SOURCE":"OpenStreetMap","SOURCEDATE":1427760000000,"VAL_METHOD":"IMAGERY","VAL_DATE":1449619200000,"LINES":2,"MAX_VOLT":138,"MIN_VOLT":138,"MAX_INFER":"Y","MIN_INFER":"Y","pnode_id":5022441,"pnode_name":"PLEASANTS","pnode_subtype":"EHV","match_score":72.72727272727273,"pjm_zone":"COMED"}},{"type":"Feature","id":5800,"geometry":{"type":"Point","coordinates":[-87.9753578471432,42.3137882812402]},"properties":{"OBJECTID":5800,"ID":"144517","NAME":"LIBERTYVILLE","CITY":"LIBERTYVILLE","STATE":"IL","ZIP":"60048","TYPE":"SUBSTATION","STATUS":"IN SERVICE","COUNTY":"LAKE","COUNTYFIPS":"17097","COUNTRY":"USA","LATITUDE":42.31378828100003,"LONGITUDE":-87.97535784699994,"NAICS_CODE":"221121","NAICS_DESC":"ELECTRIC BULK POWER TRANSMISSION AND CONTROL","SOURCE":"OpenStreetMap","SOURCEDATE":1427760000000,"VAL_METHOD":"IMAGERY","VAL_DATE":1449619200000,"LINES":10,"MAX_VOLT":345,"MIN_VOLT":138,"MAX_INFER":"Y","MIN_INFER":"Y","pnode_id":5133673,"pnode_name":"LIBERTY","pnode_subtype":"AGGREGATE","match_score":73.6842105263158,"pjm_zone":"COMED"}},{"type":"Feature","id":5820,"geometry":{"type":"Point","coordinates":[-83.3857765989789,41.9193899667251]},"properties":{"OBJECTID":5820,"ID":"144634","NAME":"MONROE","CITY":"MONROE","STATE":"MI","ZIP":"48162","TYPE":"SUBSTATION","STATUS":"IN SERVICE","COUNTY":"MONROE","COUNTYFIPS":"26115","COUNTRY":"USA","LATITUDE":41.91938996700003,"LONGITUDE":-83.38577659899994,"NAICS_CODE":"221121","NAICS_DESC":"ELECTRIC BULK POWER TRANSMISSION AND CONTROL","SOURCE":"OpenStreetMap","SOURCEDATE":1436227200000,"VAL_METHOD":"IMAGERY","VAL_DATE":1444608000000,"LINES":4,"MAX_VOLT":120,"MIN_VOLT":120,"MAX_INFER":"Y","MIN_INFER":"Y","pnode_id":98370175,"pnode_name":"MOOREOE 138 KV  TR1","pnode_subtype":"LOAD","match_score":76.92307692307692,"pjm_zone":"FE-ATSI"}},{"type":"Feature","id":5827,"geometry":{"type":"Point","coordinates":[-79.0166449021477,41.8345764942153]},"properties":{"OBJECTID":5827,"ID":"145557","NAME":"GLADE","CITY":"PUNXSUTAWNEY","STATE":"PA","ZIP":"15767","TYPE":"SUBSTATION","STATUS":"IN SERVICE","COUNTY":"WARREN","COUNTYFIPS":"42123","COUNTRY":"USA","LATITUDE":41.83457649400003,"LONGITUDE":-79.01664490199994,"NAICS_CODE":"221121","NAICS_DESC":"ELECTRIC BULK POWER TRANSMISSION AND CONTROL","SOURCE":"OpenStreetMap","SOURCEDATE":1430784000000,"VAL_METHOD":"IMAGERY","VAL_DATE":1430870400000,"LINES":4,"MAX_VOLT":230,"MIN_VOLT":230,"MAX_INFER":"Y","MIN_INFER":"Y","pnode_id":2156118934,"pnode_name":"GOLDEN","pnode_subtype":"EHV","match_score":72.72727272727273,"pjm_zone":"PENELEC"}},{"type":"Feature","id":5856,"geometry":{"type":"Point","coordinates":[-86.5559433917408,41.9741455803029]},"properties":{"OBJECTID":5856,"ID":"145845","NAME":"COOK","CITY":"BARODA","STATE":"MI","ZIP":"49101","TYPE":"SUBSTATION","STATUS":"IN SERVICE","COUNTY":"BERRIEN","COUNTYFIPS":"26021","COUNTRY":"USA","LATITUDE":41.97414558000003,"LONGITUDE":-86.55594339199996,"NAICS_CODE":"221121","NAICS_DESC":"ELECTRIC BULK POWER TRANSMISSION AND CONTROL","SOURCE":"OpenStreetMap","SOURCEDATE":1436227200000,"VAL_METHOD":"IMAGERY","VAL_DATE":1444608000000,"LINES":5,"MAX_VOLT":765,"MIN_VOLT":69,"MAX_INFER":"N","MIN_INFER":"Y","pnode_id":34509185,"pnode_name":"COOK","pnode_subtype":"EHV","match_score":100.0,"pjm_zone":"AEP"}},{"type":"Feature","id":5857,"geometry":{"type":"Point","coordinates":[-86.5541730503694,41.9767904512684]},"properties":{"OBJECTID":5857,"ID":"145847","NAME":"COOK","CITY":"STEVENSVILLE","STATE":"MI","ZIP":"49127","TYPE":"SUBSTATION","STATUS":"IN SERVICE","COUNTY":"BERRIEN","COUNTYFIPS":"26021","COUNTRY":"USA","LATITUDE":41.976790451000056,"LONGITUDE":-86.55417304999997,"NAICS_CODE":"221121","NAICS_DESC":"ELECTRIC BULK POWER TRANSMISSION AND CONTROL","SOURCE":"IMAGERY, OpenStreetMap","SOURCEDATE":1436745600000,"VAL_METHOD":"IMAGERY","VAL_DATE":1436745600000,"LINES":9,"MAX_VOLT":345,"MIN_VOLT":345,"MAX_INFER":"Y","MIN_INFER":"Y","pnode_id":34509185,"pnode_name":"COOK","pnode_subtype":"EHV","match_score":100.0,"pjm_zone":"AEP"}},{"type":"Feature","id":5866,"geometry":{"type":"Point","coordinates":[-86.2939662268061,42.3215248880419]},"properties":{"OBJECTID":5866,"ID":"146048","NAME":"COVERT","CITY":"COVERT TWP","STATE":"MI","ZIP":"49043","TYPE":"SUBSTATION","STATUS":"IN SERVICE","COUNTY":"VAN BUREN","COUNTYFIPS":"26159","COUNTRY":"USA","LATITUDE":42.321524888000056,"LONGITUDE":-86.29396622699994,"NAICS_CODE":"221121","NAICS_DESC":"ELECTRIC BULK POWER TRANSMISSION AND CONTROL","SOURCE":"OpenStreetMap","SOURCEDATE":1436227200000,"VAL_METHOD":"IMAGERY","VAL_DATE":1444608000000,"LINES":2,"MAX_VOLT":-999999,"MIN_VOLT":-999999,"MAX_INFER":"N","MIN_INFER":"N","pnode_id":63381389,"pnode_name":"COVERT  16 KV   1STG","pnode_subtype":"GEN","match_score":100.0,"pjm_zone":"AEP"}},{"type":"Feature","id":5872,"geometry":{"type":"Point","coordinates":[-79.2219144657899,39.2021161581195]},"properties":{"OBJECTID":5872,"ID":"146122","NAME":"GREENLAND GAP","CITY":"MOUNT STORM","STATE":"WV","ZIP":"26739","TYPE":"SUBSTATION","STATUS":"IN SERVICE","COUNTY":"GRANT","COUNTYFIPS":"54023","COUNTRY":"USA","LATITUDE":39.20211615800008,"LONGITUDE":-79.22191446599999,"NAICS_CODE":"221121","NAICS_DESC":"ELECTRIC BULK POWER TRANSMISSION AND CONTROL","SOURCE":"IMAGERY, http://www.pjm.com/pub/account/trans-fac/aepsct.xls","SOURCEDATE":1438128000000,"VAL_METHOD":"IMAGERY","VAL_DATE":1443744000000,"LINES":3,"MAX_VOLT":500,"MIN_VOLT":500,"MAX_INFER":"Y","MIN_INFER":"Y","pnode_id":62871515,"pnode_name":"GREENLAND GAP","pnode_subtype":"EHV","match_score":100.0,"pjm_zone":"APS"}},{"type":"Feature","id":5873,"geometry":{"type":"Point","coordinates":[-79.1907552952324,41.8358037237896]},"properties":{"OBJECTID":5873,"ID":"146123","NAME":"WAYNE","CITY":"WARREN","STATE":"PA","ZIP":"16365","TYPE":"SUBSTATION","STATUS":"IN SERVICE","COUNTY":"WARREN","COUNTYFIPS":"42123","COUNTRY":"USA","LATITUDE":41.83580372400007,"LONGITUDE":-79.19075529499997,"NAICS_CODE":"221121","NAICS_DESC":"ELECTRIC BULK POWER TRANSMISSION AND CONTROL","SOURCE":"OpenStreetMap","SOURCEDATE":1430784000000,"VAL_METHOD":"IMAGERY","VAL_DATE":1430870400000,"LINES":6,"MAX_VOLT":230,"MIN_VOLT":115,"MAX_INFER":"Y","MIN_INFER":"Y","pnode_id":2156113466,"pnode_name":"PAYNE   69 KV   PT1","pnode_subtype":"LOAD","match_score":80.0,"pjm_zone":"PENELEC"}},{"type":"Feature","id":5876,"geometry":{"type":"Point","coordinates":[-81.147402959966,41.7996091629458]},"properties":{"OBJECTID":5876,"ID":"146146","NAME":"PERRY","CITY":"PERRY","STATE":"OH","ZIP":"44081","TYPE":"SUBSTATION","STATUS":"IN SERVICE","COUNTY":"LAKE","COUNTYFIPS":"39085","COUNTRY":"USA","LATITUDE":41.79960916300007,"LONGITUDE":-81.14740295999997,"NAICS_CODE":"221121","NAICS_DESC":"ELECTRIC BULK POWER TRANSMISSION AND CONTROL","SOURCE":"OpenStreetMap","SOURCEDATE":1403654400000,"VAL_METHOD":"IMAGERY","VAL_DATE":1444176000000,"LINES":5,"MAX_VOLT":345,"MIN_VOLT":345,"MAX_INFER":"N","MIN_INFER":"N","pnode_id":1666103436,"pnode_name":"DIEBOLDR69 KV   PERRY","pnode_subtype":"LOAD","match_score":100.0,"pjm_zone":"FE-ATSI"}},{"type":"Feature","id":5879,"geometry":{"type":"Point","coordinates":[-76.6889613289162,38.5603049918084]},"properties":{"OBJECTID":5879,"ID":"146158","NAME":"CHALK POINT","CITY":"EAGLE HARBOR","STATE":"MD","ZIP":"20608","TYPE":"SUBSTATION","STATUS":"IN SERVICE","COUNTY":"PRINCE GEORGE'S","COUNTYFIPS":"24033","COUNTRY":"USA","LATITUDE":38.560304992000056,"LONGITUDE":-76.68896132899994,"NAICS_CODE":"221121","NAICS_DESC":"ELECTRIC BULK POWER TRANSMISSION AND CONTROL","SOURCE":"IMAGERY, http://www.pjm.com/system-map/default.html","SOURCEDATE":1430784000000,"VAL_METHOD":"IMAGERY","VAL_DATE":1552435200000,"LINES":18,"MAX_VOLT":500,"MIN_VOLT":69,"MAX_INFER":"N","MIN_INFER":"Y","pnode_id":615756,"pnode_name":"CHALKPOINT 4","pnode_subtype":"AGGREGATE","match_score":86.95652173913044,"pjm_zone":"PEPCO"}},{"type":"Feature","id":5880,"geometry":{"type":"Point","coordinates":[-76.4443300688741,38.4326809408294]},"properties":{"OBJECTID":5880,"ID":"146159","NAME":"CALVERT CLIFFS","CITY":"LUSBY","STATE":"MD","ZIP":"20657","TYPE":"SUBSTATION","STATUS":"IN SERVICE","COUNTY":"CALVERT","COUNTYFIPS":"24009","COUNTRY":"USA","LATITUDE":38.43268094100006,"LONGITUDE":-76.44433006899999,"NAICS_CODE":"221121","NAICS_DESC":"ELECTRIC BULK POWER TRANSMISSION AND CONTROL","SOURCE":"IMAGERY, http://www.pjm.com/system-map/default.html","SOURCEDATE":1430956800000,"VAL_METHOD":"IMAGERY","VAL_DATE":1444003200000,"LINES":6,"MAX_VOLT":500,"MIN_VOLT":500,"MAX_INFER":"Y","MIN_INFER":"Y","pnode_id":83782951,"pnode_name":"CALVERT CLIFFS 1","pnode_subtype":"AGGREGATE","match_score":93.33333333333333,"pjm_zone":"PEPCO"}},{"type":"Feature","id":5883,"geometry":{"type":"Point","coordinates":[-76.4768972785709,38.9421088616702]},"properties":{"OBJECTID":5883,"ID":"146162","NAME":"BAY RIDGE","CITY":"ANNAPOLIS","STATE":"MD","ZIP":"21403","TYPE":"SUBSTATION","STATUS":"IN SERVICE","COUNTY":"ANNE ARUNDEL","COUNTYFIPS":"24003","COUNTRY":"USA","LATITUDE":38.942108862000055,"LONGITUDE":-76.47689727899996,"NAICS_CODE":"221121","NAICS_DESC":"ELECTRIC BULK POWER TRANSMISSION AND CONTROL","SOURCE":"OpenStreetMap","SOURCEDATE":1470268800000,"VAL_METHOD":"IMAGERY","VAL_DATE":1494547200000,"LINES":0,"MAX_VOLT":-999999,"MIN_VOLT":-999999,"MAX_INFER":"N","MIN_INFER":"N","pnode_id":35024709,"pnode_name":"BLUE RIDGE","pnode_subtype":"AGGREGATE","match_score":73.6842105263158,"pjm_zone":"BGE"}},{"type":"Feature","id":5890,"geometry":{"type":"Point","coordinates":[-76.9986337991579,38.1844051672174]},"properties":{"OBJECTID":5890,"ID":"146170","NAME":"WESTMORELAND","CITY":"COLONIAL BEACH","STATE":"VA","ZIP":"22443","TYPE":"SUBSTATION","STATUS":"IN SERVICE","COUNTY":"WESTMORELAND","COUNTYFIPS":"51193","COUNTRY":"USA","LATITUDE":38.18440516700008,"LONGITUDE":-76.99863379899995,"NAICS_CODE":"221121","NAICS_DESC":"ELECTRIC BULK POWER TRANSMISSION AND CONTROL","SOURCE":"IMAGERY, http://www.pjm.com/system-map/default.html","SOURCEDATE":1408492800000,"VAL_METHOD":"IMAGERY","VAL_DATE":1427846400000,"LINES":2,"MAX_VOLT":230,"MIN_VOLT":230,"MAX_INFER":"N","MIN_INFER":"N","pnode_id":1356178207,"pnode_name":"WMORELND","pnode_subtype":"EHV","match_score":80.0,"pjm_zone":"DOM"}},{"type":"Feature","id":5895,"geometry":{"type":"Point","coordinates":[-76.870874124741,38.7383829387396]},"properties":{"OBJECTID":5895,"ID":"146175","NAME":"BURCHES HILL","CITY":"CLINTON","STATE":"MD","ZIP":"20735","TYPE":"SUBSTATION","STATUS":"IN SERVICE","COUNTY":"PRINCE GEORGE'S","COUNTYFIPS":"24033","COUNTRY":"USA","LATITUDE":38.738382939000076,"LONGITUDE":-76.87087412499994,"NAICS_CODE":"221121","NAICS_DESC":"ELECTRIC BULK POWER TRANSMISSION AND CONTROL","SOURCE":"IMAGERY, http://www.pjm.com/system-map/default.html","SOURCEDATE":1430784000000,"VAL_METHOD":"IMAGERY","VAL_DATE":1444003200000,"LINES":9,"MAX_VOLT":500,"MIN_VOLT":230,"MAX_INFER":"N","MIN_INFER":"Y","pnode_id":52446,"pnode_name":"BURCHESHILL","pnode_subtype":"EHV","match_score":95.65217391304348,"pjm_zone":"PEPCO"}},{"type":"Feature","id":5901,"geometry":{"type":"Point","coordinates":[-76.9097588139285,38.8952182962123]},"properties":{"OBJECTID":5901,"ID":"146181","NAME":"SEAT PLEASANT","CITY":"SEAT PLEASANT","STATE":"MD","ZIP":"20743","TYPE":"SUBSTATION","STATUS":"IN SERVICE","COUNTY":"PRINCE GEORGE'S","COUNTYFIPS":"24033","COUNTRY":"USA","LATITUDE":38.89521829600005,"LONGITUDE":-76.90975881399999,"NAICS_CODE":"221121","NAICS_DESC":"ELECTRIC BULK POWER TRANSMISSION AND CONTROL","SOURCE":"OpenStreetMap","SOURCEDATE":1470268800000,"VAL_METHOD":"IMAGERY","VAL_DATE":1494547200000,"LINES":0,"MAX_VOLT":-999999,"MIN_VOLT":-999999,"MAX_INFER":"N","MIN_INFER":"N","pnode_id":5022441,"pnode_name":"PLEASANTS","pnode_subtype":"EHV","match_score":81.81818181818181,"pjm_zone":"PEPCO"}},{"type":"Feature","id":5906,"geometry":{"type":"Point","coordinates":[-77.0232936227022,38.8956214780596]},"properties":{"OBJECTID":5906,"ID":"146186","NAME":"PEPCO 117","CITY":"WASHINGTON","STATE":"DC","ZIP":"20004","TYPE":"SUBSTATION","STATUS":"IN SERVICE","COUNTY":"DISTRICT OF COLUMBIA","COUNTYFIPS":"11001","COUNTRY":"USA","LATITUDE":38.895621478000066,"LONGITUDE":-77.02329362299997,"NAICS_CODE":"221121","NAICS_DESC":"ELECTRIC BULK POWER TRANSMISSION AND CONTROL","SOURCE":"OpenStreetMap","SOURCEDATE":1470268800000,"VAL_METHOD":"IMAGERY/OTHER","VAL_DATE":1494547200000,"LINES":0,"MAX_VOLT":-999999,"MIN_VOLT":-999999,"MAX_INFER":"N","MIN_INFER":"N","pnode_id":51298,"pnode_name":"PEPCO","pnode_subtype":"ZONE","match_score":71.42857142857143,"pjm_zone":"PEPCO"}},{"type":"Feature","id":5919,"geometry":{"type":"Point","coordinates":[-77.0548479405936,38.7970780002658]},"properties":{"OBJECTID":5919,"ID":"146199","NAME":"JEFFERSON STREET","CITY":"ALEXANDRIA","STATE":"VA","ZIP":"22314","TYPE":"SUBSTATION","STATUS":"IN SERVICE","COUNTY":"ALEXANDRIA","COUNTYFIPS":"51510","COUNTRY":"USA","LATITUDE":38.797078000000056,"LONGITUDE":-77.05484794099993,"NAICS_CODE":"221121","NAICS_DESC":"ELECTRIC BULK POWER TRANSMISSION AND CONTROL","SOURCE":"IMAGERY, OpenStreetMap","SOURCEDATE":1409011200000,"VAL_METHOD":"IMAGERY","VAL_DATE":1409011200000,"LINES":3,"MAX_VOLT":230,"MIN_VOLT":230,"MAX_INFER":"Y","MIN_INFER":"Y","pnode_id":34509197,"pnode_name":"JEFFERSON","pnode_subtype":"EHV","match_score":100.0,"pjm_zone":"DOM"}},{"type":"Feature","id":5938,"geometry":{"type":"Point","coordinates":[-90.3062704029853,41.7265190772536]},"properties":{"OBJECTID":5938,"ID":"146219","NAME":"QUAD CITIES","CITY":"CORDOVA","STATE":"IL","ZIP":"61242","TYPE":"SUBSTATION","STATUS":"IN SERVICE","COUNTY":"ROCK ISLAND","COUNTYFIPS":"17161","COUNTRY":"USA","LATITUDE":41.726519077000034,"LONGITUDE":-90.30627040299998,"NAICS_CODE":"221121","NAICS_DESC":"ELECTRIC BULK POWER TRANSMISSION AND CONTROL","SOURCE":"OpenStreetMap","SOURCEDATE":1427760000000,"VAL_METHOD":"IMAGERY","VAL_DATE":1449619200000,"LINES":6,"MAX_VOLT":345,"MIN_VOLT":345,"MAX_INFER":"Y","MIN_INFER":"Y","pnode_id":33138741,"pnode_name":"QUAD CITIES 1","pnode_subtype":"AGGREGATE","match_score":91.66666666666666,"pjm_zone":"COMED"}},{"type":"Feature","id":5943,"geometry":{"type":"Point","coordinates":[-88.1660218642775,41.7028087862559]},"properties":{"OBJECTID":5943,"ID":"146224","NAME":"SPRING BROOK","CITY":"NAPERVILLE","STATE":"IL","ZIP":"60565","TYPE":"SUBSTATION","STATUS":"IN SERVICE","COUNTY":"WILL","COUNTYFIPS":"17197","COUNTRY":"USA","LATITUDE":41.70280878600005,"LONGITUDE":-88.16602186399996,"NAICS_CODE":"221121","NAICS_DESC":"ELECTRIC BULK POWER TRANSMISSION AND CONTROL","SOURCE":"OpenStreetMap","SOURCEDATE":1427760000000,"VAL_METHOD":"IMAGERY","VAL_DATE":1449619200000,"LINES":2,"MAX_VOLT":138,"MIN_VOLT":138,"MAX_INFER":"Y","MIN_INFER":"Y","pnode_id":21616495,"pnode_name":"ROCKSPRINGS","pnode_subtype":"EHV","match_score":78.26086956521739,"pjm_zone":"COMED"}},{"type":"Feature","id":5947,"geometry":{"type":"Point","coordinates":[-87.733111769589,41.6401181938354]},"properties":{"OBJECTID":5947,"ID":"146228","NAME":"CRESTWOOD","CITY":"MIDLOTHIAN","STATE":"IL","ZIP":"60445","TYPE":"SUBSTATION","STATUS":"IN SERVICE","COUNTY":"COOK","COUNTYFIPS":"17031","COUNTRY":"USA","LATITUDE":41.640118194000024,"LONGITUDE":-87.73311176999994,"NAICS_CODE":"221121","NAICS_DESC":"ELECTRIC BULK POWER TRANSMISSION AND CONTROL","SOURCE":"OpenStreetMap","SOURCEDATE":1427760000000,"VAL_METHOD":"IMAGERY","VAL_DATE":1449619200000,"LINES":4,"MAX_VOLT":138,"MIN_VOLT":138,"MAX_INFER":"Y","MIN_INFER":"Y","pnode_id":51289,"pnode_name":"WESTWOOD","pnode_subtype":"AGGREGATE","match_score":82.35294117647058,"pjm_zone":"COMED"}},{"type":"Feature","id":5954,"geometry":{"type":"Point","coordinates":[-77.036952232611,39.1853308612054]},"properties":{"OBJECTID":5954,"ID":"146243","NAME":"BRIGHTON","CITY":"MISHAWAKA","STATE":"MD","ZIP":"46545","TYPE":"SUBSTATION","STATUS":"IN SERVICE","COUNTY":"MONTGOMERY","COUNTYFIPS":"24031","COUNTRY":"USA","LATITUDE":39.18533086100007,"LONGITUDE":-77.03695223299997,"NAICS_CODE":"221121","NAICS_DESC":"ELECTRIC BULK POWER TRANSMISSION AND CONTROL","SOURCE":"IMAGERY, http://www.pjm.com/system-map/default.html","SOURCEDATE":1429747200000,"VAL_METHOD":"IMAGERY","VAL_DATE":1444003200000,"LINES":11,"MAX_VOLT":500,"MIN_VOLT":230,"MAX_INFER":"N","MIN_INFER":"N","pnode_id":52445,"pnode_name":"BRIGHTON","pnode_subtype":"EHV","match_score":100.0,"pjm_zone":"BGE"}},{"type":"Feature","id":5955,"geometry":{"type":"Point","coordinates":[-76.9059562390426,39.0899459393451]},"properties":{"OBJECTID":5955,"ID":"146244","NAME":"BURTONSVILLE","CITY":"LAUREL","STATE":"MD","ZIP":"20707","TYPE":"SUBSTATION","STATUS":"IN SERVICE","COUNTY":"PRINCE GEORGE'S","COUNTYFIPS":"24033","COUNTRY":"USA","LATITUDE":39.089945939000074,"LONGITUDE":-76.90595623899998,"NAICS_CODE":"221121","NAICS_DESC":"ELECTRIC BULK POWER TRANSMISSION AND CONTROL","SOURCE":"IMAGERY, ftp://www.pjm.com/planning/project-queues/feas_docs/m01_fea.pdf","SOURCEDATE":1429747200000,"VAL_METHOD":"IMAGERY","VAL_DATE":1444003200000,"LINES":15,"MAX_VOLT":230,"MIN_VOLT":230,"MAX_INFER":"Y","MIN_INFER":"Y","pnode_id":1356178173,"pnode_name":"BRNGSVIL","pnode_subtype":"EHV","match_score":70.0,"pjm_zone":"BGE"}},{"type":"Feature","id":5958,"geometry":{"type":"Point","coordinates":[-76.7693682921193,39.015643132812]},"properties":{"OBJECTID":5958,"ID":"146247","NAME":"JERICHO","CITY":"BOWIE","STATE":"MD","ZIP":"20720","TYPE":"SUBSTATION","STATUS":"IN SERVICE","COUNTY":"PRINCE GEORGE'S","COUNTYFIPS":"24033","COUNTRY":"USA","LATITUDE":39.015643133000026,"LONGITUDE":-76.76936829199997,"NAICS_CODE":"221121","NAICS_DESC":"ELECTRIC BULK POWER TRANSMISSION AND CONTROL","SOURCE":"IMAGERY, OpenStreetMap","SOURCEDATE":1430697600000,"VAL_METHOD":"IMAGERY/OTHER","VAL_DATE":1444003200000,"LINES":4,"MAX_VOLT":230,"MIN_VOLT":230,"MAX_INFER":"Y","MIN_INFER":"Y","pnode_id":1893549568,"pnode_name":"HENRICO","pnode_subtype":"AGGREGATE","match_score":71.42857142857143,"pjm_zone":"BGE"}},{"type":"Feature","id":5981,"geometry":{"type":"Point","coordinates":[-76.8300161423016,39.1157422243464]},"properties":{"OBJECTID":5981,"ID":"146271","NAME":"LAUREL","CITY":"LAUREL","STATE":"MD","ZIP":"20723","TYPE":"SUBSTATION","STATUS":"IN SERVICE","COUNTY":"HOWARD","COUNTYFIPS":"24027","COUNTRY":"USA","LATITUDE":39.11574222400003,"LONGITUDE":-76.83001614199998,"NAICS_CODE":"221121","NAICS_DESC":"ELECTRIC BULK POWER TRANSMISSION AND CONTROL","SOURCE":"OpenStreetMap","SOURCEDATE":1470268800000,"VAL_METHOD":"IMAGERY","VAL_DATE":1494547200000,"LINES":0,"MAX_VOLT":-999999,"MIN_VOLT":-999999,"MAX_INFER":"N","MIN_INFER":"N","pnode_id":1094699114,"pnode_name":"LAURELWF","pnode_subtype":"AGGREGATE","match_score":85.71428571428572,"pjm_zone":"BGE"}},{"type":"Feature","id":5990,"geometry":{"type":"Point","coordinates":[-77.0506071001384,39.0081898386572]},"properties":{"OBJECTID":5990,"ID":"146280","NAME":"LINDEN","CITY":"SILVER SPRING","STATE":"MD","ZIP":"20910","TYPE":"SUBSTATION","STATUS":"IN SERVICE","COUNTY":"MONTGOMERY","COUNTYFIPS":"24031","COUNTRY":"USA","LATITUDE":39.00818983900007,"LONGITUDE":-77.05060709999998,"NAICS_CODE":"221121","NAICS_DESC":"ELECTRIC BULK POWER TRANSMISSION AND CONTROL","SOURCE":"OpenStreetMap","SOURCEDATE":1470268800000,"VAL_METHOD":"IMAGERY","VAL_DATE":1494547200000,"LINES":0,"MAX_VOLT":-999999,"MIN_VOLT":-999999,"MAX_INFER":"N","MIN_INFER":"N","pnode_id":41935497,"pnode_name":"LINDEN A","pnode_subtype":"AGGREGATE","match_score":85.71428571428572,"pjm_zone":"PEPCO"}},{"type":"Feature","id":5993,"geometry":{"type":"Point","coordinates":[-77.0011291312693,39.0752294916589]},"properties":{"OBJECTID":5993,"ID":"146283","NAME":"COLESVILLE","CITY":"SILVER SPRING","STATE":"MD","ZIP":"20904","TYPE":"SUBSTATION","STATUS":"IN SERVICE","COUNTY":"MONTGOMERY","COUNTYFIPS":"24031","COUNTRY":"USA","LATITUDE":39.07522949200006,"LONGITUDE":-77.00112913099997,"NAICS_CODE":"221121","NAICS_DESC":"ELECTRIC BULK POWER TRANSMISSION AND CONTROL","SOURCE":"OpenStreetMap","SOURCEDATE":1470268800000,"VAL_METHOD":"IMAGERY","VAL_DATE":1494547200000,"LINES":0,"MAX_VOLT":-999999,"MIN_VOLT":-999999,"MAX_INFER":"N","MIN_INFER":"N","pnode_id":35079803,"pnode_name":"CONESVILLE 4","pnode_subtype":"AGGREGATE","match_score":81.81818181818181,"pjm_zone":"PEPCO"}},{"type":"Feature","id":6033,"geometry":{"type":"Point","coordinates":[-76.840393814637,39.4635619369931]},"properties":{"OBJECTID":6033,"ID":"146325","NAME":"NORTHWEST","CITY":"REISTERSTOWN","STATE":"MD","ZIP":"21136","TYPE":"SUBSTATION","STATUS":"IN SERVICE","COUNTY":"BALTIMORE","COUNTYFIPS":"24005","COUNTRY":"USA","LATITUDE":39.463561937000065,"LONGITUDE":-76.84039381499997,"NAICS_CODE":"221121","NAICS_DESC":"ELECTRIC BULK POWER TRANSMISSION AND CONTROL","SOURCE":"IMAGERY, OpenStreetMap","SOURCEDATE":1430092800000,"VAL_METHOD":"IMAGERY","VAL_DATE":1552348800000,"LINES":7,"MAX_VOLT":230,"MIN_VOLT":115,"MAX_INFER":"N","MIN_INFER":"Y","pnode_id":34509941,"pnode_name":"NORTHWEST","pnode_subtype":"INTERFACE","match_score":100.0,"pjm_zone":"BGE"}},{"type":"Feature","id":6039,"geometry":{"type":"Point","coordinates":[-77.5046685339431,37.4086216636529]},"properties":{"OBJECTID":6039,"ID":"146331","NAME":"IRON BRIDGE","CITY":"RICHMOND","STATE":"VA","ZIP":"23237","TYPE":"SUBSTATION","STATUS":"IN SERVICE","COUNTY":"CHESTERFIELD","COUNTYFIPS":"51041","COUNTRY":"USA","LATITUDE":37.408621664000066,"LONGITUDE":-77.50466853399996,"NAICS_CODE":"221121","NAICS_DESC":"ELECTRIC BULK POWER TRANSMISSION AND CONTROL","SOURCE":"IMAGERY, http://www.pjm.com/system-map/default.html","SOURCEDATE":1407110400000,"VAL_METHOD":"IMAGERY","VAL_DATE":1427846400000,"LINES":4,"MAX_VOLT":230,"MIN_VOLT":230,"MAX_INFER":"Y","MIN_INFER":"Y","pnode_id":2156109316,"pnode_name":"BRIDGE  69 KV   T2","pnode_subtype":"LOAD","match_score":100.0,"pjm_zone":"DOM"}},{"type":"Feature","id":6040,"geometry":{"type":"Point","coordinates":[-77.5415569734314,37.6304681927413]},"properties":{"OBJECTID":6040,"ID":"146332","NAME":"NORTHWEST","CITY":"HENRICO","STATE":"VA","ZIP":"23294","TYPE":"SUBSTATION","STATUS":"IN SERVICE","COUNTY":"HENRICO","COUNTYFIPS":"51087","COUNTRY":"USA","LATITUDE":37.63046819300007,"LONGITUDE":-77.54155697299996,"NAICS_CODE":"221121","NAICS_DESC":"ELECTRIC BULK POWER TRANSMISSION AND CONTROL","SOURCE":"IMAGERY, http://www.pjm.com/system-map/default.html","SOURCEDATE":1407110400000,"VAL_METHOD":"IMAGERY","VAL_DATE":1427846400000,"LINES":6,"MAX_VOLT":230,"MIN_VOLT":115,"MAX_INFER":"Y","MIN_INFER":"Y","pnode_id":34509941,"pnode_name":"NORTHWEST","pnode_subtype":"INTERFACE","match_score":100.0,"pjm_zone":"DOM"}},{"type":"Feature","id":6041,"geometry":{"type":"Point","coordinates":[-77.532332396561,37.5020796547287]},"properties":{"OBJECTID":6041,"ID":"146333","NAME":"SOUTHWEST","CITY":"RICHMOND","STATE":"VA","ZIP":"23225","TYPE":"SUBSTATION","STATUS":"IN SERVICE","COUNTY":"CHESTERFIELD","COUNTYFIPS":"51041","COUNTRY":"USA","LATITUDE":37.502079655000045,"LONGITUDE":-77.53233239699995,"NAICS_CODE":"221121","NAICS_DESC":"ELECTRIC BULK POWER TRANSMISSION AND CONTROL","SOURCE":"IMAGERY, http://www.pjm.com/system-map/default.html","SOURCEDATE":1407110400000,"VAL_METHOD":"IMAGERY","VAL_DATE":1427846400000,"LINES":6,"MAX_VOLT":230,"MIN_VOLT":115,"MAX_INFER":"N","MIN_INFER":"Y","pnode_id":34509949,"pnode_name":"SOUTHWEST","pnode_subtype":"AGGREGATE","match_score":100.0,"pjm_zone":"DOM"}},{"type":"Feature","id":6044,"geometry":{"type":"Point","coordinates":[-77.484711467268,37.6977958001302]},"properties":{"OBJECTID":6044,"ID":"146336","NAME":"ELMONT","CITY":"GLEN ALLEN","STATE":"VA","ZIP":"23059","TYPE":"SUBSTATION","STATUS":"IN SERVICE","COUNTY":"HANOVER","COUNTYFIPS":"51085","COUNTRY":"USA","LATITUDE":37.69779580000005,"LONGITUDE":-77.48471146699995,"NAICS_CODE":"221121","NAICS_DESC":"ELECTRIC BULK POWER TRANSMISSION AND CONTROL","SOURCE":"IMAGERY, http://www.pjm.com/system-map/default.html","SOURCEDATE":1407974400000,"VAL_METHOD":"IMAGERY","VAL_DATE":1427846400000,"LINES":13,"MAX_VOLT":500,"MIN_VOLT":115,"MAX_INFER":"N","MIN_INFER":"Y","pnode_id":35010345,"pnode_name":"ELMONT","pnode_subtype":"EHV","match_score":100.0,"pjm_zone":"DOM"}},{"type":"Feature","id":6047,"geometry":{"type":"Point","coordinates":[-77.5175886047209,38.0668472088878]},"properties":{"OBJECTID":6047,"ID":"146339","NAME":"LADYSMITH CT","CITY":"WOODFORD","STATE":"VA","ZIP":"22580","TYPE":"SUBSTATION","STATUS":"IN SERVICE","COUNTY":"CAROLINE","COUNTYFIPS":"51033","COUNTRY":"USA","LATITUDE":38.06684720900006,"LONGITUDE":-77.51758860499996,"NAICS_CODE":"221121","NAICS_DESC":"ELECTRIC BULK POWER TRANSMISSION AND CONTROL","SOURCE":"IMAGERY, http://www.pjm.com/system-map/default.html","SOURCEDATE":1408406400000,"VAL_METHOD":"IMAGERY","VAL_DATE":1427846400000,"LINES":1,"MAX_VOLT":115,"MIN_VOLT":115,"MAX_INFER":"Y","MIN_INFER":"Y","pnode_id":35010363,"pnode_name":"LADYSMITH","pnode_subtype":"EHV","match_score":85.71428571428572,"pjm_zone":"DOM"}},{"type":"Feature","id":6050,"geometry":{"type":"Point","coordinates":[-77.5490421037897,38.9635579257393]},"properties":{"OBJECTID":6050,"ID":"146342","NAME":"BRAMBLETON","CITY":"ALDIE","STATE":"VA","ZIP":"20105","TYPE":"SUBSTATION","STATUS":"IN SERVICE","COUNTY":"LOUDOUN","COUNTYFIPS":"51107","COUNTRY":"USA","LATITUDE":38.96355792600008,"LONGITUDE":-77.54904210399997,"NAICS_CODE":"221121","NAICS_DESC":"ELECTRIC BULK POWER TRANSMISSION AND CONTROL","SOURCE":"IMAGERY, http://www.pjm.com/system-map/default.html","SOURCEDATE":1409097600000,"VAL_METHOD":"IMAGERY","VAL_DATE":1427846400000,"LINES":9,"MAX_VOLT":500,"MIN_VOLT":230,"MAX_INFER":"N","MIN_INFER":"Y","pnode_id":1356178171,"pnode_name":"BRAMBLET","pnode_subtype":"EHV","match_score":88.88888888888889,"pjm_zone":"DOM"}},{"type":"Feature","id":6052,"geometry":{"type":"Point","coordinates":[-77.5294322925658,39.0771671129847]},"properties":{"OBJECTID":6052,"ID":"146343","NAME":"PLEASANT VIEW","CITY":"LEESBURG","STATE":"VA","ZIP":"20175","TYPE":"SUBSTATION","STATUS":"IN SERVICE","COUNTY":"LOUDOUN","COUNTYFIPS":"51107","COUNTRY":"USA","LATITUDE":39.07716711300003,"LONGITUDE":-77.52943229299996,"NAICS_CODE":"221121","NAICS_DESC":"ELECTRIC BULK POWER TRANSMISSION AND CONTROL","SOURCE":"IMAGERY, http://www.pjm.com/system-map/default.html","SOURCEDATE":1409097600000,"VAL_METHOD":"IMAGERY","VAL_DATE":1427846400000,"LINES":1,"MAX_VOLT":-999999,"MIN_VOLT":-999999,"MAX_INFER":"N","MIN_INFER":"N","pnode_id":35010371,"pnode_name":"PLEASANT VIEW","pnode_subtype":"EHV","match_score":100.0,"pjm_zone":"DOM"}},{"type":"Feature","id":6053,"geometry":{"type":"Point","coordinates":[-77.5288222017405,39.0759081708749]},"properties":{"OBJECTID":6053,"ID":"146344","NAME":"PLEASANT VIEW","CITY":"LEESBURG","STATE":"VA","ZIP":"20175","TYPE":"SUBSTATION","STATUS":"IN SERVICE","COUNTY":"LOUDOUN","COUNTYFIPS":"51107","COUNTRY":"USA","LATITUDE":39.07590817100004,"LONGITUDE":-77.52882220199996,"NAICS_CODE":"221121","NAICS_DESC":"ELECTRIC BULK POWER TRANSMISSION AND CONTROL","SOURCE":"IMAGERY, http://www.pjm.com/system-map/default.html","SOURCEDATE":1409097600000,"VAL_METHOD":"IMAGERY","VAL_DATE":1427846400000,"LINES":4,"MAX_VOLT":230,"MIN_VOLT":230,"MAX_INFER":"N","MIN_INFER":"N","pnode_id":35010371,"pnode_name":"PLEASANT VIEW","pnode_subtype":"EHV","match_score":100.0,"pjm_zone":"DOM"}},{"type":"Feature","id":6054,"geometry":{"type":"Point","coordinates":[-77.5030117782511,38.7440477470669]},"properties":{"OBJECTID":6054,"ID":"146345","NAME":"CANNON BRANCH","CITY":"MANASSAS","STATE":"VA","ZIP":"20110","TYPE":"SUBSTATION","STATUS":"IN SERVICE","COUNTY":"MANASSAS","COUNTYFIPS":"51683","COUNTRY":"USA","LATITUDE":38.744047747000025,"LONGITUDE":-77.50301177799997,"NAICS_CODE":"221121","NAICS_DESC":"ELECTRIC BULK POWER TRANSMISSION AND CONTROL","SOURCE":"IMAGERY, http://www.pjm.com/system-map/default.html","SOURCEDATE":1409097600000,"VAL_METHOD":"IMAGERY","VAL_DATE":1427846400000,"LINES":6,"MAX_VOLT":230,"MIN_VOLT":115,"MAX_INFER":"Y","MIN_INFER":"Y","pnode_id":2156114132,"pnode_name":"CANNON  69 KV   WEST_LD","pnode_subtype":"LOAD","match_score":100.0,"pjm_zone":"DOM"}},{"type":"Feature","id":6055,"geometry":{"type":"Point","coordinates":[-77.4795976287484,39.0040504207052]},"properties":{"OBJECTID":6055,"ID":"146346","NAME":"GREENWAY","CITY":"ASHBURN","STATE":"VA","ZIP":"20147","TYPE":"SUBSTATION","STATUS":"IN SERVICE","COUNTY":"LOUDOUN","COUNTYFIPS":"51107","COUNTRY":"USA","LATITUDE":39.004050421000045,"LONGITUDE":-77.47959762899995,"NAICS_CODE":"221121","NAICS_DESC":"ELECTRIC BULK POWER TRANSMISSION AND CONTROL","SOURCE":"IMAGERY, http://www.pjm.com/system-map/default.html","SOURCEDATE":1409184000000,"VAL_METHOD":"IMAGERY","VAL_DATE":1427846400000,"LINES":4,"MAX_VOLT":230,"MIN_VOLT":230,"MAX_INFER":"Y","MIN_INFER":"Y","pnode_id":1775813070,"pnode_name":"GREENSW 69 KV   BROIN","pnode_subtype":"LOAD","match_score":80.0,"pjm_zone":"DOM"}},{"type":"Feature","id":6057,"geometry":{"type":"Point","coordinates":[-77.4983704930969,39.0513922729234]},"properties":{"OBJECTID":6057,"ID":"146348","NAME":"ASHBURN","CITY":"ASHBURN","STATE":"VA","ZIP":"20147","TYPE":"SUBSTATION","STATUS":"IN SERVICE","COUNTY":"LOUDOUN","COUNTYFIPS":"51107","COUNTRY":"USA","LATITUDE":39.05139227300003,"LONGITUDE":-77.49837049299998,"NAICS_CODE":"221121","NAICS_DESC":"ELECTRIC BULK POWER TRANSMISSION AND CONTROL","SOURCE":"IMAGERY, http://www.pjm.com/system-map/default.html","SOURCEDATE":1409702400000,"VAL_METHOD":"IMAGERY","VAL_DATE":1427846400000,"LINES":5,"MAX_VOLT":230,"MIN_VOLT":230,"MAX_INFER":"Y","MIN_INFER":"Y","pnode_id":32410555,"pnode_name":"AUBURN  138 KV  T1","pnode_subtype":"LOAD","match_score":76.92307692307692,"pjm_zone":"DOM"}},{"type":"Feature","id":6058,"geometry":{"type":"Point","coordinates":[-77.5147619999839,39.2964264317632]},"properties":{"OBJECTID":6058,"ID":"146349","NAME":"DOUBS","CITY":"ADAMSTOWN","STATE":"MD","ZIP":"21710","TYPE":"SUBSTATION","STATUS":"IN SERVICE","COUNTY":"FREDERICK","COUNTYFIPS":"24021","COUNTRY":"USA","LATITUDE":39.29642643200003,"LONGITUDE":-77.51476199999996,"NAICS_CODE":"221121","NAICS_DESC":"ELECTRIC BULK POWER TRANSMISSION AND CONTROL","SOURCE":"IMAGERY, http://www.pjm.com/system-map/default.html","SOURCEDATE":1429660800000,"VAL_METHOD":"IMAGERY","VAL_DATE":1444003200000,"LINES":13,"MAX_VOLT":500,"MIN_VOLT":138,"MAX_INFER":"N","MIN_INFER":"Y","pnode_id":5022435,"pnode_name":"DOUBS","pnode_subtype":"EHV","match_score":100.0,"pjm_zone":"APS"}},{"type":"Feature","id":6070,"geometry":{"type":"Point","coordinates":[-77.4759139836196,38.2502859038726]},"properties":{"OBJECTID":6070,"ID":"146362","NAME":"MINE ROAD","CITY":"FREDERICKSBURG","STATE":"VA","ZIP":"22408","TYPE":"SUBSTATION","STATUS":"IN SERVICE","COUNTY":"SPOTSYLVANIA","COUNTYFIPS":"51177","COUNTRY":"USA","LATITUDE":38.250285904000066,"LONGITUDE":-77.47591398399999,"NAICS_CODE":"221121","NAICS_DESC":"ELECTRIC BULK POWER TRANSMISSION AND CONTROL","SOURCE":"IMAGERY, OpenStreetMap","SOURCEDATE":1408406400000,"VAL_METHOD":"IMAGERY","VAL_DATE":1408406400000,"LINES":4,"MAX_VOLT":115,"MIN_VOLT":115,"MAX_INFER":"Y","MIN_INFER":"Y","pnode_id":98369931,"pnode_name":"MINERD1 138 KV  COAVILL","pnode_subtype":"LOAD","match_score":75.0,"pjm_zone":"DOM"}},{"type":"Feature","id":6071,"geometry":{"type":"Point","coordinates":[-77.5130674530662,38.0732688567254]},"properties":{"OBJECTID":6071,"ID":"146363","NAME":"LADYSMITH CT","CITY":"WOODFORD","STATE":"VA","ZIP":"22580","TYPE":"SUBSTATION","STATUS":"IN SERVICE","COUNTY":"CAROLINE","COUNTYFIPS":"51033","COUNTRY":"USA","LATITUDE":38.07326885700007,"LONGITUDE":-77.51306745299996,"NAICS_CODE":"221121","NAICS_DESC":"ELECTRIC BULK POWER TRANSMISSION AND CONTROL","SOURCE":"IMAGERY, OpenStreetMap","SOURCEDATE":1408406400000,"VAL_METHOD":"IMAGERY","VAL_DATE":1408406400000,"LINES":4,"MAX_VOLT":230,"MIN_VOLT":115,"MAX_INFER":"Y","MIN_INFER":"N","pnode_id":35010363,"pnode_name":"LADYSMITH","pnode_subtype":"EHV","match_score":85.71428571428572,"pjm_zone":"DOM"}},{"type":"Feature","id":6078,"geometry":{"type":"Point","coordinates":[-77.6289929653736,37.5072665063285]},"properties":{"OBJECTID":6078,"ID":"146370","NAME":"TRABUE","CITY":"MIDLOTHIAN","STATE":"VA","ZIP":"23113","TYPE":"SUBSTATION","STATUS":"IN SERVICE","COUNTY":"CHESTERFIELD","COUNTYFIPS":"51041","COUNTRY":"USA","LATITUDE":37.507266506000065,"LONGITUDE":-77.62899296499995,"NAICS_CODE":"221121","NAICS_DESC":"ELECTRIC BULK POWER TRANSMISSION AND CONTROL","SOURCE":"IMAGERY, http://www.pjm.com/system-map/default.html","SOURCEDATE":1407715200000,"VAL_METHOD":"IMAGERY","VAL_DATE":1427846400000,"LINES":2,"MAX_VOLT":230,"MIN_VOLT":230,"MAX_INFER":"Y","MIN_INFER":"Y","pnode_id":32412863,"pnode_name":"TRABUE  138 KV  T1","pnode_subtype":"LOAD","match_score":100.0,"pjm_zone":"DOM"}},{"type":"Feature","id":6079,"geometry":{"type":"Point","coordinates":[-77.5502763647356,38.0466527918254]},"properties":{"OBJECTID":6079,"ID":"146371","NAME":"LADYSMITH","CITY":"WOODFORD","STATE":"VA","ZIP":"22580","TYPE":"SUBSTATION","STATUS":"IN SERVICE","COUNTY":"CAROLINE","COUNTYFIPS":"51033","COUNTRY":"USA","LATITUDE":38.04665279200003,"LONGITUDE":-77.55027636499995,"NAICS_CODE":"221121","NAICS_DESC":"ELECTRIC BULK POWER TRANSMISSION AND CONTROL","SOURCE":"IMAGERY, http://www.pjm.com/system-map/default.html","SOURCEDATE":1408406400000,"VAL_METHOD":"IMAGERY","VAL_DATE":1427846400000,"LINES":5,"MAX_VOLT":500,"MIN_VOLT":230,"MAX_INFER":"N","MIN_INFER":"Y","pnode_id":35010363,"pnode_name":"LADYSMITH","pnode_subtype":"EHV","match_score":100.0,"pjm_zone":"DOM"}},{"type":"Feature","id":6081,"geometry":{"type":"Point","coordinates":[-77.5861483703614,38.2432564586566]},"properties":{"OBJECTID":6081,"ID":"146373","NAME":"NI RIVER DP","CITY":"SPOTSYLVANIA","STATE":"VA","ZIP":"22553","TYPE":"SUBSTATION","STATUS":"IN SERVICE","COUNTY":"SPOTSYLVANIA","COUNTYFIPS":"51177","COUNTRY":"USA","LATITUDE":38.243256459000065,"LONGITUDE":-77.58614836999999,"NAICS_CODE":"221121","NAICS_DESC":"ELECTRIC BULK POWER TRANSMISSION AND CONTROL","SOURCE":"IMAGERY, http://www.pjm.com/system-map/default.html","SOURCEDATE":1408492800000,"VAL_METHOD":"IMAGERY","VAL_DATE":1427846400000,"LINES":2,"MAX_VOLT":115,"MIN_VOLT":115,"MAX_INFER":"Y","MIN_INFER":"Y","pnode_id":1128245,"pnode_name":"INDIAN RIVER 1","pnode_subtype":"AGGREGATE","match_score":72.0,"pjm_zone":"DOM"}},{"type":"Feature","id":6082,"geometry":{"type":"Point","coordinates":[-77.5892623749039,38.2622526440269]},"properties":{"OBJECTID":6082,"ID":"146374","NAME":"CHANCELLOR","CITY":"FREDERICKSBURG","STATE":"VA","ZIP":"22407","TYPE":"SUBSTATION","STATUS":"IN SERVICE","COUNTY":"SPOTSYLVANIA","COUNTYFIPS":"51177","COUNTRY":"USA","LATITUDE":38.26225264400006,"LONGITUDE":-77.58926237499998,"NAICS_CODE":"221121","NAICS_DESC":"ELECTRIC BULK POWER TRANSMISSION AND CONTROL","SOURCE":"IMAGERY, http://www.pjm.com/system-map/default.html","SOURCEDATE":1408492800000,"VAL_METHOD":"IMAGERY","VAL_DATE":1427846400000,"LINES":3,"MAX_VOLT":500,"MIN_VOLT":115,"MAX_INFER":"N","MIN_INFER":"Y","pnode_id":35010359,"pnode_name":"CHANCELLOR","pnode_subtype":"EHV","match_score":100.0,"pjm_zone":"DOM"}},{"type":"Feature","id":6083,"geometry":{"type":"Point","coordinates":[-77.5955412403121,38.563120744238]},"properties":{"OBJECTID":6083,"ID":"146375","NAME":"BRISTERS","CITY":"CATLETT","STATE":"VA","ZIP":"20119","TYPE":"SUBSTATION","STATUS":"IN SERVICE","COUNTY":"FAUQUIER","COUNTYFIPS":"51061","COUNTRY":"USA","LATITUDE":38.56312074400006,"LONGITUDE":-77.59554123999999,"NAICS_CODE":"221121","NAICS_DESC":"ELECTRIC BULK POWER TRANSMISSION AND CONTROL","SOURCE":"IMAGERY, http://www.pjm.com/system-map/default.html","SOURCEDATE":1408579200000,"VAL_METHOD":"IMAGERY","VAL_DATE":1427846400000,"LINES":5,"MAX_VOLT":500,"MIN_VOLT":115,"MAX_INFER":"N","MIN_INFER":"N","pnode_id":62871513,"pnode_name":"BRISTERS","pnode_subtype":"EHV","match_score":100.0,"pjm_zone":"DOM"}},{"type":"Feature","id":6084,"geometry":{"type":"Point","coordinates":[-77.5651720733683,38.7908452862155]},"properties":{"OBJECTID":6084,"ID":"146376","NAME":"GAINESVILLE","CITY":"MANASSAS","STATE":"VA","ZIP":"20109","TYPE":"SUBSTATION","STATUS":"IN SERVICE","COUNTY":"PRINCE WILLIAM","COUNTYFIPS":"51153","COUNTRY":"USA","LATITUDE":38.790845286000035,"LONGITUDE":-77.56517207299999,"NAICS_CODE":"221121","NAICS_DESC":"ELECTRIC BULK POWER TRANSMISSION AND CONTROL","SOURCE":"IMAGERY, http://www.pjm.com/system-map/default.html","SOURCEDATE":1409011200000,"VAL_METHOD":"IMAGERY","VAL_DATE":1427846400000,"LINES":7,"MAX_VOLT":230,"MIN_VOLT":115,"MAX_INFER":"N","MIN_INFER":"Y","pnode_id":115944315,"pnode_name":"PAINESVILLE","pnode_subtype":"AGGREGATE","match_score":90.9090909090909,"pjm_zone":"DOM"}},{"type":"Feature","id":6085,"geometry":{"type":"Point","coordinates":[-77.5682030636971,38.8949685968346]},"properties":{"OBJECTID":6085,"ID":"146377","NAME":"MOSBY","CITY":"ALDIE","STATE":"VA","ZIP":"20105","TYPE":"SUBSTATION","STATUS":"IN SERVICE","COUNTY":"LOUDOUN","COUNTYFIPS":"51107","COUNTRY":"USA","LATITUDE":38.89496859700006,"LONGITUDE":-77.56820306399999,"NAICS_CODE":"221121","NAICS_DESC":"ELECTRIC BULK POWER TRANSMISSION AND CONTROL","SOURCE":"IMAGERY, http://www.pjm.com/system-map/default.html, https://www.dominionenergy.com/library/domcom/media/about-us/electric-projects/power-line-projects/brambleton-mosby/brambleton-mosby-aerial-map.pdf","SOURCEDATE":1409011200000,"VAL_METHOD":"IMAGERY","VAL_DATE":1551657600000,"LINES":15,"MAX_VOLT":500,"MIN_VOLT":115,"MAX_INFER":"Y","MIN_INFER":"N","pnode_id":1356178181,"pnode_name":"MOSBY","pnode_subtype":"EHV","match_score":100.0,"pjm_zone":"DOM"}},{"type":"Feature","id":6093,"geometry":{"type":"Point","coordinates":[-77.577257751181,40.6334388257782]},"properties":{"OBJECTID":6093,"ID":"146385","NAME":"YEAGERTOWN","CITY":"YEAGERTOWN","STATE":"PA","ZIP":"17099","TYPE":"SUBSTATION","STATUS":"IN SERVICE","COUNTY":"MIFFLIN","COUNTYFIPS":"42087","COUNTRY":"USA","LATITUDE":40.63343882600003,"LONGITUDE":-77.57725775099993,"NAICS_CODE":"221121","NAICS_DESC":"ELECTRIC BULK POWER TRANSMISSION AND CONTROL","SOURCE":"OpenStreetMap","SOURCEDATE":1430784000000,"VAL_METHOD":"IMAGERY","VAL_DATE":1432684800000,"LINES":2,"MAX_VOLT":230,"MIN_VOLT":230,"MAX_INFER":"Y","MIN_INFER":"Y","pnode_id":32661107,"pnode_name":"QUAKERTOWN","pnode_subtype":"AGGREGATE","match_score":70.0,"pjm_zone":"PENELEC"}},{"type":"Feature","id":6096,"geometry":{"type":"Point","coordinates":[-79.740493501578,36.6825973966615]},"properties":{"OBJECTID":6096,"ID":"146388","NAME":"STOCKTON","CITY":"AXTON","STATE":"VA","ZIP":"24054","TYPE":"SUBSTATION","STATUS":"IN SERVICE","COUNTY":"HENRY","COUNTYFIPS":"51089","COUNTRY":"USA","LATITUDE":36.68259739700005,"LONGITUDE":-79.74049350199994,"NAICS_CODE":"221121","NAICS_DESC":"ELECTRIC BULK POWER TRANSMISSION AND CONTROL","SOURCE":"IMAGERY, http://www.pjm.com/system-map/default.html","SOURCEDATE":1404777600000,"VAL_METHOD":"IMAGERY","VAL_DATE":1427846400000,"LINES":2,"MAX_VOLT":-999999,"MIN_VOLT":-999999,"MAX_INFER":"Y","MIN_INFER":"Y","pnode_id":50697211,"pnode_name":"STOCKTO2 T1","pnode_subtype":"AGGREGATE","match_score":73.6842105263158,"pjm_zone":"AEP"}},{"type":"Feature","id":6097,"geometry":{"type":"Point","coordinates":[-79.7960746208942,40.8017793648815]},"properties":{"OBJECTID":6097,"ID":"146389","NAME":"CABOT","CITY":"CABOT","STATE":"PA","ZIP":"16023","TYPE":"SUBSTATION","STATUS":"IN SERVICE","COUNTY":"BUTLER","COUNTYFIPS":"42019","COUNTRY":"USA","LATITUDE":40.80177936500007,"LONGITUDE":-79.79607462099995,"NAICS_CODE":"221121","NAICS_DESC":"ELECTRIC BULK POWER TRANSMISSION AND CONTROL","SOURCE":"OpenStreetMap, http://www.pjm.com/markets-and-operations/transmission-service/transmission-facilities.aspx","SOURCEDATE":1430784000000,"VAL_METHOD":"IMAGERY","VAL_DATE":1443657600000,"LINES":9,"MAX_VOLT":500,"MIN_VOLT":138,"MAX_INFER":"N","MIN_INFER":"Y","pnode_id":5022434,"pnode_name":"CABOT","pnode_subtype":"EHV","match_score":100.0,"pjm_zone":"APS"}},{"type":"Feature","id":6098,"geometry":{"type":"Point","coordinates":[-79.724613066019,40.209912668757]},"properties":{"OBJECTID":6098,"ID":"146390","NAME":"YUKON","CITY":"WEST NEWTON","STATE":"PA","ZIP":"15089","TYPE":"SUBSTATION","STATUS":"IN SERVICE","COUNTY":"WESTMORELAND","COUNTYFIPS":"42129","COUNTRY":"USA","LATITUDE":40.20991266900006,"LONGITUDE":-79.72461306599996,"NAICS_CODE":"221121","NAICS_DESC":"ELECTRIC BULK POWER TRANSMISSION AND CONTROL","SOURCE":"OpenStreetMap, http://www.pjm.com/markets-and-operations/transmission-service/transmission-facilities.aspx","SOURCEDATE":1430784000000,"VAL_METHOD":"IMAGERY","VAL_DATE":1443657600000,"LINES":11,"MAX_VOLT":500,"MIN_VOLT":138,"MAX_INFER":"N","MIN_INFER":"Y","pnode_id":5022444,"pnode_name":"YUKON","pnode_subtype":"EHV","match_score":100.0,"pjm_zone":"APS"}},{"type":"Feature","id":6104,"geometry":{"type":"Point","coordinates":[-79.771301449724,40.1939479987746]},"properties":{"OBJECTID":6104,"ID":"146399","NAME":"WESTRAVER","CITY":"WEST NEWTON","STATE":"PA","ZIP":"15089","TYPE":"SUBSTATION","STATUS":"IN SERVICE","COUNTY":"WESTMORELAND","COUNTYFIPS":"42129","COUNTRY":"USA","LATITUDE":40.193947999000045,"LONGITUDE":-79.77130144999995,"NAICS_CODE":"221121","NAICS_DESC":"ELECTRIC BULK POWER TRANSMISSION AND CONTROL","SOURCE":"OpenStreetMap","SOURCEDATE":1430784000000,"VAL_METHOD":"IMAGERY","VAL_DATE":1432684800000,"LINES":2,"MAX_VOLT":138,"MIN_VOLT":138,"MAX_INFER":"Y","MIN_INFER":"Y","pnode_id":57967549,"pnode_name":"WESTAR  138 KV  LOAD1","pnode_subtype":"LOAD","match_score":85.0,"pjm_zone":"APS"}},{"type":"Feature","id":6107,"geometry":{"type":"Point","coordinates":[-79.7937338403342,40.5373514847381]},"properties":{"OBJECTID":6107,"ID":"146402","NAME":"CHESWICK","CITY":"SPRINGDALE","STATE":"PA","ZIP":"15024","TYPE":"SUBSTATION","STATUS":"IN SERVICE","COUNTY":"ALLEGHENY","COUNTYFIPS":"42003","COUNTRY":"USA","LATITUDE":40.537351485000045,"LONGITUDE":-79.79373383999996,"NAICS_CODE":"221121","NAICS_DESC":"ELECTRIC BULK POWER TRANSMISSION AND CONTROL","SOURCE":"OpenStreetMap","SOURCEDATE":1430784000000,"VAL_METHOD":"IMAGERY","VAL_DATE":1432684800000,"LINES":10,"MAX_VOLT":138,"MIN_VOLT":138,"MAX_INFER":"Y","MIN_INFER":"Y","pnode_id":38889407,"pnode_name":"CHESWICK 1","pnode_subtype":"AGGREGATE","match_score":88.88888888888889,"pjm_zone":"DUQ"}},{"type":"Feature","id":6108,"geometry":{"type":"Point","coordinates":[-79.7677663212645,40.5847689641035]},"properties":{"OBJECTID":6108,"ID":"146403","NAME":"GOBAIN","CITY":"NEW KENSINGTON","STATE":"PA","ZIP":"15068","TYPE":"SUBSTATION","STATUS":"IN SERVICE","COUNTY":"WESTMORELAND","COUNTYFIPS":"42129","COUNTRY":"USA","LATITUDE":40.584768964000034,"LONGITUDE":-79.76776632099995,"NAICS_CODE":"221121","NAICS_DESC":"ELECTRIC BULK POWER TRANSMISSION AND CONTROL","SOURCE":"OpenStreetMap","SOURCEDATE":1430784000000,"VAL_METHOD":"IMAGERY","VAL_DATE":1432684800000,"LINES":2,"MAX_VOLT":138,"MIN_VOLT":138,"MAX_INFER":"Y","MIN_INFER":"Y","pnode_id":34509191,"pnode_name":"GAVIN","pnode_subtype":"EHV","match_score":72.72727272727273,"pjm_zone":"APS"}},{"type":"Feature","id":6110,"geometry":{"type":"Point","coordinates":[-79.798395288175,37.3854883058937]},"properties":{"OBJECTID":6110,"ID":"146405","NAME":"BLUE RIDGE","CITY":"BLUE RIDGE","STATE":"VA","ZIP":"24064","TYPE":"SUBSTATION","STATUS":"IN SERVICE","COUNTY":"BOTETOURT","COUNTYFIPS":"51023","COUNTRY":"USA","LATITUDE":37.38548830600007,"LONGITUDE":-79.79839528799994,"NAICS_CODE":"221121","NAICS_DESC":"ELECTRIC BULK POWER TRANSMISSION AND CONTROL","SOURCE":"IMAGERY, OpenStreetMap","SOURCEDATE":1426032000000,"VAL_METHOD":"IMAGERY","VAL_DATE":1426032000000,"LINES":1,"MAX_VOLT":-999999,"MIN_VOLT":-999999,"MAX_INFER":"N","MIN_INFER":"N","pnode_id":35024709,"pnode_name":"BLUE RIDGE","pnode_subtype":"AGGREGATE","match_score":100.0,"pjm_zone":"AEP"}},{"type":"Feature","id":6113,"geometry":{"type":"Point","coordinates":[-79.8386541958295,36.5864185878918]},"properties":{"OBJECTID":6113,"ID":"146408","NAME":"RIDGEWAY","CITY":"RIDGEWAY","STATE":"VA","ZIP":"24148","TYPE":"SUBSTATION","STATUS":"IN SERVICE","COUNTY":"HENRY","COUNTYFIPS":"51089","COUNTRY":"USA","LATITUDE":36.58641858800007,"LONGITUDE":-79.83865419599994,"NAICS_CODE":"221121","NAICS_DESC":"ELECTRIC BULK POWER TRANSMISSION AND CONTROL","SOURCE":"IMAGERY, http://www.pjm.com/system-map/default.html","SOURCEDATE":1404864000000,"VAL_METHOD":"IMAGERY","VAL_DATE":1427846400000,"LINES":4,"MAX_VOLT":138,"MIN_VOLT":138,"MAX_INFER":"Y","MIN_INFER":"Y","pnode_id":2156110484,"pnode_name":"RIDGELY 138 KV  T1","pnode_subtype":"LOAD","match_score":85.0,"pjm_zone":"AEP"}},{"type":"Feature","id":6114,"geometry":{"type":"Point","coordinates":[-79.8657213713846,37.0506777608245]},"properties":{"OBJECTID":6114,"ID":"146409","NAME":"BLAINE","CITY":"ROCKY MOUNT","STATE":"VA","ZIP":"24151","TYPE":"SUBSTATION","STATUS":"IN SERVICE","COUNTY":"FRANKLIN","COUNTYFIPS":"51067","COUNTRY":"USA","LATITUDE":37.05067776100003,"LONGITUDE":-79.86572137099995,"NAICS_CODE":"221121","NAICS_DESC":"ELECTRIC BULK POWER TRANSMISSION AND CONTROL","SOURCE":"IMAGERY","SOURCEDATE":1425513600000,"VAL_METHOD":"IMAGERY","VAL_DATE":1425513600000,"LINES":3,"MAX_VOLT":138,"MIN_VOLT":138,"MAX_INFER":"Y","MIN_INFER":"Y","pnode_id":32410675,"pnode_name":"BLAINE  138 KV  T1","pnode_subtype":"LOAD","match_score":100.0,"pjm_zone":"AEP"}},{"type":"Feature","id":6115,"geometry":{"type":"Point","coordinates":[-79.8629550552812,37.2682992460195]},"properties":{"OBJECTID":6115,"ID":"146410","NAME":"VINTON","CITY":"VINTON","STATE":"VA","ZIP":"24179","TYPE":"SUBSTATION","STATUS":"IN SERVICE","COUNTY":"ROANOKE","COUNTYFIPS":"51161","COUNTRY":"USA","LATITUDE":37.268299246000026,"LONGITUDE":-79.86295505499999,"NAICS_CODE":"221121","NAICS_DESC":"ELECTRIC BULK POWER TRANSMISSION AND CONTROL","SOURCE":"IMAGERY, http://www.pjm.com/system-map/default.html","SOURCEDATE":1425513600000,"VAL_METHOD":"IMAGERY","VAL_DATE":1425513600000,"LINES":2,"MAX_VOLT":138,"MIN_VOLT":138,"MAX_INFER":"N","MIN_INFER":"N","pnode_id":32412927,"pnode_name":"VINTON  138 KV  T1","pnode_subtype":"LOAD","match_score":100.0,"pjm_zone":"AEP"}},{"type":"Feature","id":6117,"geometry":{"type":"Point","coordinates":[-79.8701186417683,37.333084265852]},"properties":{"OBJECTID":6117,"ID":"146412","NAME":"BONSACK","CITY":"ROANOKE","STATE":"VA","ZIP":"24019","TYPE":"SUBSTATION","STATUS":"IN SERVICE","COUNTY":"BOTETOURT","COUNTYFIPS":"51023","COUNTRY":"USA","LATITUDE":37.33308426600007,"LONGITUDE":-79.87011864199997,"NAICS_CODE":"221121","NAICS_DESC":"ELECTRIC BULK POWER TRANSMISSION AND CONTROL","SOURCE":"IMAGERY, http://www.pjm.com/system-map/default.html","SOURCEDATE":1426032000000,"VAL_METHOD":"IMAGERY","VAL_DATE":1426032000000,"LINES":2,"MAX_VOLT":138,"MIN_VOLT":138,"MAX_INFER":"N","MIN_INFER":"N","pnode_id":32410697,"pnode_name":"BONSACK 138 KV  T1","pnode_subtype":"LOAD","match_score":100.0,"pjm_zone":"AEP"}},{"type":"Feature","id":6130,"geometry":{"type":"Point","coordinates":[-79.8791987120489,40.8579215577303]},"properties":{"OBJECTID":6130,"ID":"146426","NAME":"BUTLER","CITY":"BUTLER","STATE":"PA","ZIP":"16002","TYPE":"SUBSTATION","STATUS":"IN SERVICE","COUNTY":"BUTLER","COUNTYFIPS":"42019","COUNTRY":"USA","LATITUDE":40.857921558000044,"LONGITUDE":-79.87919871199995,"NAICS_CODE":"221121","NAICS_DESC":"ELECTRIC BULK POWER TRANSMISSION AND CONTROL","SOURCE":"OpenStreetMap","SOURCEDATE":1430784000000,"VAL_METHOD":"IMAGERY","VAL_DATE":1432684800000,"LINES":6,"MAX_VOLT":138,"MIN_VOLT":138,"MAX_INFER":"Y","MIN_INFER":"Y","pnode_id":32412497,"pnode_name":"SBUTLER 345 KV  T1","pnode_subtype":"LOAD","match_score":92.3076923076923,"pjm_zone":"APS"}},{"type":"Feature","id":6131,"geometry":{"type":"Point","coordinates":[-79.8081962259283,41.2914558722469]},"properties":{"OBJECTID":6131,"ID":"146427","NAME":"HANDSOME LAKE","CITY":"ROCKLAND TWP","STATE":"PA","ZIP":"16374","TYPE":"SUBSTATION","STATUS":"IN SERVICE","COUNTY":"VENANGO","COUNTYFIPS":"42121","COUNTRY":"USA","LATITUDE":41.29145587200003,"LONGITUDE":-79.80819622599995,"NAICS_CODE":"221121","NAICS_DESC":"ELECTRIC BULK POWER TRANSMISSION AND CONTROL","SOURCE":"OpenStreetMap","SOURCEDATE":1430784000000,"VAL_METHOD":"IMAGERY","VAL_DATE":1434412800000,"LINES":3,"MAX_VOLT":345,"MIN_VOLT":345,"MAX_INFER":"Y","MIN_INFER":"Y","pnode_id":1104241,"pnode_name":"HANDSOME LAKE","pnode_subtype":"AGGREGATE","match_score":100.0,"pjm_zone":"PENELEC"}},{"type":"Feature","id":6132,"geometry":{"type":"Point","coordinates":[-79.8416417912419,40.7308918277731]},"properties":{"OBJECTID":6132,"ID":"146428","NAME":"HOUSEVILLE","CITY":"SAXONBURG","STATE":"PA","ZIP":"16056","TYPE":"SUBSTATION","STATUS":"IN SERVICE","COUNTY":"BUTLER","COUNTYFIPS":"42019","COUNTRY":"USA","LATITUDE":40.73089182800004,"LONGITUDE":-79.84164179099997,"NAICS_CODE":"221121","NAICS_DESC":"ELECTRIC BULK POWER TRANSMISSION AND CONTROL","SOURCE":"OpenStreetMap","SOURCEDATE":1430784000000,"VAL_METHOD":"IMAGERY","VAL_DATE":1432252800000,"LINES":2,"MAX_VOLT":138,"MIN_VOLT":138,"MAX_INFER":"Y","MIN_INFER":"Y","pnode_id":32415207,"pnode_name":"SEVILL  69 KV   A","pnode_subtype":"LOAD","match_score":75.0,"pjm_zone":"APS"}},{"type":"Feature","id":6137,"geometry":{"type":"Point","coordinates":[-79.8130221112802,40.4021770042307]},"properties":{"OBJECTID":6137,"ID":"146433","NAME":"WILMERDING","CITY":"TURTLE CREEK","STATE":"PA","ZIP":"15145","TYPE":"SUBSTATION","STATUS":"IN SERVICE","COUNTY":"ALLEGHENY","COUNTYFIPS":"42003","COUNTRY":"USA","LATITUDE":40.402177004000066,"LONGITUDE":-79.81302211099995,"NAICS_CODE":"221121","NAICS_DESC":"ELECTRIC BULK POWER TRANSMISSION AND CONTROL","SOURCE":"OpenStreetMap","SOURCEDATE":1430784000000,"VAL_METHOD":"IMAGERY","VAL_DATE":1432684800000,"LINES":8,"MAX_VOLT":138,"MIN_VOLT":138,"MAX_INFER":"Y","MIN_INFER":"Y","pnode_id":1869183643,"pnode_name":"WILMER  69 KV   T1","pnode_subtype":"LOAD","match_score":75.0,"pjm_zone":"DUQ"}},{"type":"Feature","id":6139,"geometry":{"type":"Point","coordinates":[-79.9335799669115,39.7180212759454]},"properties":{"OBJECTID":6139,"ID":"146435","NAME":"FORT MARTIN","CITY":"DILLINER","STATE":"WV","ZIP":"15327","TYPE":"SUBSTATION","STATUS":"IN SERVICE","COUNTY":"MONONGALIA","COUNTYFIPS":"54061","COUNTRY":"USA","LATITUDE":39.71802127600006,"LONGITUDE":-79.93357996699996,"NAICS_CODE":"221121","NAICS_DESC":"ELECTRIC BULK POWER TRANSMISSION AND CONTROL","SOURCE":"IMAGERY, OpenStreetMap, http://www.pjm.com/markets-and-operations/transmission-service/transmission-facilities.aspx","SOURCEDATE":1396828800000,"VAL_METHOD":"IMAGERY","VAL_DATE":1443657600000,"LINES":4,"MAX_VOLT":500,"MIN_VOLT":500,"MAX_INFER":"Y","MIN_INFER":"Y","pnode_id":32411895,"pnode_name":"MARTIN  46 KV   T1","pnode_subtype":"LOAD","match_score":100.0,"pjm_zone":"APS"}},{"type":"Feature","id":6140,"geometry":{"type":"Point","coordinates":[-80.0326800573034,41.0594182567031]},"properties":{"OBJECTID":6140,"ID":"146436","NAME":"KEISTER","CITY":"SLIPPERY ROCK","STATE":"PA","ZIP":"16057","TYPE":"SUBSTATION","STATUS":"IN SERVICE","COUNTY":"BUTLER","COUNTYFIPS":"42019","COUNTRY":"USA","LATITUDE":41.05941825700006,"LONGITUDE":-80.03268005699994,"NAICS_CODE":"221121","NAICS_DESC":"ELECTRIC BULK POWER TRANSMISSION AND CONTROL","SOURCE":"OpenStreetMap, https://www.firstenergycorp.com/content/dam/corporate/transmission/campbell-keister/campbell-keister-mcdowell-transmission-factsheet.pdf","SOURCEDATE":1430784000000,"VAL_METHOD":"IMAGERY","VAL_DATE":1550707200000,"LINES":2,"MAX_VOLT":138,"MIN_VOLT":138,"MAX_INFER":"Y","MIN_INFER":"Y","pnode_id":93353833,"pnode_name":"LESTER  138 KV  TR71","pnode_subtype":"LOAD","match_score":81.92307692307692,"pjm_zone":"APS"}},{"type":"Feature","id":6141,"geometry":{"type":"Point","coordinates":[-80.0808021324389,41.1475780863047]},"properties":{"OBJECTID":6141,"ID":"146437","NAME":"CAMPBELL","CITY":"GROVE CITY","STATE":"PA","ZIP":"16127","TYPE":"SUBSTATION","STATUS":"IN SERVICE","COUNTY":"MERCER","COUNTYFIPS":"42085","COUNTRY":"USA","LATITUDE":41.14757808600007,"LONGITUDE":-80.08080213199997,"NAICS_CODE":"221121","NAICS_DESC":"ELECTRIC BULK POWER TRANSMISSION AND CONTROL","SOURCE":"IMAGERY, https://www.firstenergycorp.com/content/dam/corporate/transmission/campbell-keister/campbell-keister-mcdowell-transmission-factsheet.pdf","SOURCEDATE":1433808000000,"VAL_METHOD":"IMAGERY","VAL_DATE":1433808000000,"LINES":3,"MAX_VOLT":138,"MIN_VOLT":138,"MAX_INFER":"Y","MIN_INFER":"Y","pnode_id":32410769,"pnode_name":"CABELL  138 KV  T1","pnode_subtype":"LOAD","match_score":90.71428571428571,"pjm_zone":"FE-ATSI"}},{"type":"Feature","id":6152,"geometry":{"type":"Point","coordinates":[-79.9738020148933,39.6450800117494]},"properties":{"OBJECTID":6152,"ID":"146449","NAME":"MORGANTOWN","CITY":"MORGANTOWN","STATE":"WV","ZIP":"26505","TYPE":"SUBSTATION","STATUS":"IN SERVICE","COUNTY":"MONONGALIA","COUNTYFIPS":"54061","COUNTRY":"USA","LATITUDE":39.64508001200005,"LONGITUDE":-79.97380201499999,"NAICS_CODE":"221121","NAICS_DESC":"ELECTRIC BULK POWER TRANSMISSION AND CONTROL","SOURCE":"OpenStreetMap","SOURCEDATE":1470268800000,"VAL_METHOD":"IMAGERY","VAL_DATE":1482278400000,"LINES":0,"MAX_VOLT":-999999,"MIN_VOLT":-999999,"MAX_INFER":"N","MIN_INFER":"N","pnode_id":615741,"pnode_name":"MORGANTOWN 2","pnode_subtype":"AGGREGATE","match_score":90.9090909090909,"pjm_zone":"APS"}},{"type":"Feature","id":6153,"geometry":{"type":"Point","coordinates":[-79.9332091504471,39.8582486482648]},"properties":{"OBJECTID":6153,"ID":"146450","NAME":"HATFIELD","CITY":"CARMICHAELS","STATE":"PA","ZIP":"15320","TYPE":"SUBSTATION","STATUS":"IN SERVICE","COUNTY":"GREENE","COUNTYFIPS":"42059","COUNTRY":"USA","LATITUDE":39.85824864800003,"LONGITUDE":-79.93320914999998,"NAICS_CODE":"221121","NAICS_DESC":"ELECTRIC BULK POWER TRANSMISSION AND CONTROL","SOURCE":"OpenStreetMap","SOURCEDATE":1430784000000,"VAL_METHOD":"IMAGERY","VAL_DATE":1432684800000,"LINES":4,"MAX_VOLT":500,"MIN_VOLT":500,"MAX_INFER":"Y","MIN_INFER":"Y","pnode_id":5022439,"pnode_name":"HATFIELD","pnode_subtype":"EHV","match_score":100.0,"pjm_zone":"APS"}},{"type":"Feature","id":6154,"geometry":{"type":"Point","coordinates":[-79.9162942527361,39.8607713787478]},"properties":{"OBJECTID":6154,"ID":"146451","NAME":"RONCO","CITY":"MASONTOWN","STATE":"PA","ZIP":"15461","TYPE":"SUBSTATION","STATUS":"IN SERVICE","COUNTY":"FAYETTE","COUNTYFIPS":"42051","COUNTRY":"USA","LATITUDE":39.86077137900003,"LONGITUDE":-79.91629425299999,"NAICS_CODE":"221121","NAICS_DESC":"ELECTRIC BULK POWER TRANSMISSION AND CONTROL","SOURCE":"OpenStreetMap","SOURCEDATE":1430784000000,"VAL_METHOD":"IMAGERY","VAL_DATE":1432684800000,"LINES":3,"MAX_VOLT":500,"MIN_VOLT":500,"MAX_INFER":"Y","MIN_INFER":"Y","pnode_id":21601869,"pnode_name":"RONCO","pnode_subtype":"EHV","match_score":100.0,"pjm_zone":"APS"}},{"type":"Feature","id":6155,"geometry":{"type":"Point","coordinates":[-80.0097201265511,41.5158840833143]},"properties":{"OBJECTID":6155,"ID":"146452","NAME":"WAYNE","CITY":"COCHRANTON","STATE":"PA","ZIP":"16314","TYPE":"SUBSTATION","STATUS":"IN SERVICE","COUNTY":"CRAWFORD","COUNTYFIPS":"42039","COUNTRY":"USA","LATITUDE":41.51588408300006,"LONGITUDE":-80.00972012699998,"NAICS_CODE":"221121","NAICS_DESC":"ELECTRIC BULK POWER TRANSMISSION AND CONTROL","SOURCE":"OpenStreetMap","SOURCEDATE":1430784000000,"VAL_METHOD":"IMAGERY","VAL_DATE":1430870400000,"LINES":4,"MAX_VOLT":345,"MIN_VOLT":115,"MAX_INFER":"Y","MIN_INFER":"Y","pnode_id":2156113466,"pnode_name":"PAYNE   69 KV   PT1","pnode_subtype":"LOAD","match_score":80.0,"pjm_zone":"PENELEC"}},{"type":"Feature","id":6156,"geometry":{"type":"Point","coordinates":[-80.04553772661,40.4641972970551]},"properties":{"OBJECTID":6156,"ID":"146453","NAME":"BRUNOT ISLAND","CITY":"PITTSBURGH","STATE":"PA","ZIP":"15204","TYPE":"SUBSTATION","STATUS":"IN SERVICE","COUNTY":"ALLEGHENY","COUNTYFIPS":"42003","COUNTRY":"USA","LATITUDE":40.464197297000055,"LONGITUDE":-80.04553772699995,"NAICS_CODE":"221121","NAICS_DESC":"ELECTRIC BULK POWER TRANSMISSION AND CONTROL","SOURCE":"OpenStreetMap","SOURCEDATE":1430784000000,"VAL_METHOD":"IMAGERY","VAL_DATE":1432684800000,"LINES":8,"MAX_VOLT":345,"MIN_VOLT":138,"MAX_INFER":"Y","MIN_INFER":"Y","pnode_id":38918573,"pnode_name":"BRUNOT ISLAND 4 CC","pnode_subtype":"AGGREGATE","match_score":83.87096774193549,"pjm_zone":"DUQ"}},{"type":"Feature","id":6157,"geometry":{"type":"Point","coordinates":[-79.9935837600694,40.4383632148372]},"properties":{"OBJECTID":6157,"ID":"146454","NAME":"FORBES","CITY":"PITTSBURGH","STATE":"PA","ZIP":"15219","TYPE":"SUBSTATION","STATUS":"IN SERVICE","COUNTY":"ALLEGHENY","COUNTYFIPS":"42003","COUNTRY":"USA","LATITUDE":40.43836321500004,"LONGITUDE":-79.99358375999998,"NAICS_CODE":"221121","NAICS_DESC":"ELECTRIC BULK POWER TRANSMISSION AND CONTROL","SOURCE":"OpenStreetMap","SOURCEDATE":1430784000000,"VAL_METHOD":"IMAGERY","VAL_DATE":1434412800000,"LINES":0,"MAX_VOLT":-999999,"MIN_VOLT":-999999,"MAX_INFER":"N","MIN_INFER":"N","pnode_id":1218905958,"pnode_name":"FOREST3 69 KV   SUPPERSA","pnode_subtype":"LOAD","match_score":76.92307692307692,"pjm_zone":"DUQ"}},{"type":"Feature","id":6158,"geometry":{"type":"Point","coordinates":[-79.9896048063673,40.5409110611795]},"properties":{"OBJECTID":6158,"ID":"146455","NAME":"NORTH","CITY":"SHALER TWP","STATE":"PA","ZIP":"15116","TYPE":"SUBSTATION","STATUS":"IN SERVICE","COUNTY":"ALLEGHENY","COUNTYFIPS":"42003","COUNTRY":"USA","LATITUDE":40.54091106100003,"LONGITUDE":-79.98960480599999,"NAICS_CODE":"221121","NAICS_DESC":"ELECTRIC BULK POWER TRANSMISSION AND CONTROL","SOURCE":"OpenStreetMap","SOURCEDATE":1430784000000,"VAL_METHOD":"IMAGERY","VAL_DATE":1432684800000,"LINES":7,"MAX_VOLT":138,"MIN_VOLT":138,"MAX_INFER":"Y","MIN_INFER":"Y","pnode_id":1338423479,"pnode_name":"CHRYSLOE138 KV  NORTH LD","pnode_subtype":"LOAD","match_score":100.0,"pjm_zone":"DUQ"}},{"type":"Feature","id":6160,"geometry":{"type":"Point","coordinates":[-79.9616480300847,40.4625938511646]},"properties":{"OBJECTID":6160,"ID":"146457","NAME":"ARSENAL","CITY":"PITTSBURGH","STATE":"PA","ZIP":"15201","TYPE":"SUBSTATION","STATUS":"IN SERVICE","COUNTY":"ALLEGHENY","COUNTYFIPS":"42003","COUNTRY":"USA","LATITUDE":40.462593851000065,"LONGITUDE":-79.96164802999994,"NAICS_CODE":"221121","NAICS_DESC":"ELECTRIC BULK POWER TRANSMISSION AND CONTROL","SOURCE":"OpenStreetMap","SOURCEDATE":1430784000000,"VAL_METHOD":"IMAGERY","VAL_DATE":1434412800000,"LINES":0,"MAX_VOLT":-999999,"MIN_VOLT":-999999,"MAX_INFER":"N","MIN_INFER":"N","pnode_id":32412947,"pnode_name":"WASENA  69 KV   T1","pnode_subtype":"LOAD","match_score":76.92307692307692,"pjm_zone":"DUQ"}},{"type":"Feature","id":6161,"geometry":{"type":"Point","coordinates":[-79.9600487665709,40.419735798757]},"properties":{"OBJECTID":6161,"ID":"146458","NAME":"CARSON","CITY":"PITTSBURGH","STATE":"PA","ZIP":"15203","TYPE":"SUBSTATION","STATUS":"IN SERVICE","COUNTY":"ALLEGHENY","COUNTYFIPS":"42003","COUNTRY":"USA","LATITUDE":40.41973579900008,"LONGITUDE":-79.96004876699999,"NAICS_CODE":"221121","NAICS_DESC":"ELECTRIC BULK POWER TRANSMISSION AND CONTROL","SOURCE":"OpenStreetMap","SOURCEDATE":1430784000000,"VAL_METHOD":"IMAGERY","VAL_DATE":1432684800000,"LINES":3,"MAX_VOLT":138,"MIN_VOLT":138,"MAX_INFER":"Y","MIN_INFER":"Y","pnode_id":35010339,"pnode_name":"CARSON","pnode_subtype":"EHV","match_score":100.0,"pjm_zone":"DUQ"}},{"type":"Feature","id":6163,"geometry":{"type":"Point","coordinates":[-79.90876695995,40.315904182664]},"properties":{"OBJECTID":6163,"ID":"146460","NAME":"WEST MIFFLIN","CITY":"JEFFERSON HILLS","STATE":"PA","ZIP":"15025","TYPE":"SUBSTATION","STATUS":"IN SERVICE","COUNTY":"ALLEGHENY","COUNTYFIPS":"42003","COUNTRY":"USA","LATITUDE":40.31590418300004,"LONGITUDE":-79.90876695999998,"NAICS_CODE":"221121","NAICS_DESC":"ELECTRIC BULK POWER TRANSMISSION AND CONTROL","SOURCE":"OpenStreetMap","SOURCEDATE":1430784000000,"VAL_METHOD":"IMAGERY","VAL_DATE":1432598400000,"LINES":4,"MAX_VOLT":138,"MIN_VOLT":138,"MAX_INFER":"Y","MIN_INFER":"Y","pnode_id":32411967,"pnode_name":"MIFFLIN 138 KV  T1","pnode_subtype":"LOAD","match_score":100.0,"pjm_zone":"APS"}},{"type":"Feature","id":6165,"geometry":{"type":"Point","coordinates":[-79.8983941969076,40.5568064158896]},"properties":{"OBJECTID":6165,"ID":"146462","NAME":"PINE CREEK","CITY":"PITTSBURGH","STATE":"PA","ZIP":"15238","TYPE":"SUBSTATION","STATUS":"IN SERVICE","COUNTY":"ALLEGHENY","COUNTYFIPS":"42003","COUNTRY":"USA","LATITUDE":40.55680641600003,"LONGITUDE":-79.89839419699996,"NAICS_CODE":"221121","NAICS_DESC":"ELECTRIC BULK POWER TRANSMISSION AND CONTROL","SOURCE":"OpenStreetMap","SOURCEDATE":1430784000000,"VAL_METHOD":"IMAGERY","VAL_DATE":1432598400000,"LINES":6,"MAX_VOLT":138,"MIN_VOLT":138,"MAX_INFER":"Y","MIN_INFER":"Y","pnode_id":1379659518,"pnode_name":"PANTHER CREEK","pnode_subtype":"AGGREGATE","match_score":78.26086956521739,"pjm_zone":"DUQ"}},{"type":"Feature","id":6168,"geometry":{"type":"Point","coordinates":[-80.0208847167872,39.65272995184]},"properties":{"OBJECTID":6168,"ID":"146465","NAME":"OSAGE","CITY":"MORGANTOWN","STATE":"WV","ZIP":"26501","TYPE":"SUBSTATION","STATUS":"IN SERVICE","COUNTY":"MONONGALIA","COUNTYFIPS":"54061","COUNTRY":"USA","LATITUDE":39.65272995200007,"LONGITUDE":-80.02088471699994,"NAICS_CODE":"221121","NAICS_DESC":"ELECTRIC BULK POWER TRANSMISSION AND CONTROL","SOURCE":"IMAGERY, OpenStreetMap","SOURCEDATE":1396828800000,"VAL_METHOD":"IMAGERY","VAL_DATE":1441929600000,"LINES":5,"MAX_VOLT":138,"MIN_VOLT":138,"MAX_INFER":"Y","MIN_INFER":"Y","pnode_id":34509211,"pnode_name":"ORANGE","pnode_subtype":"EHV","match_score":72.72727272727273,"pjm_zone":"APS"}},{"type":"Feature","id":6169,"geometry":{"type":"Point","coordinates":[-79.9598907106917,39.669846778099]},"properties":{"OBJECTID":6169,"ID":"146466","NAME":"WEST RUN","CITY":"MORGANTOWN","STATE":"WV","ZIP":"26508","TYPE":"SUBSTATION","STATUS":"IN SERVICE","COUNTY":"MONONGALIA","COUNTYFIPS":"54061","COUNTRY":"USA","LATITUDE":39.66984677800008,"LONGITUDE":-79.95989071099996,"NAICS_CODE":"221121","NAICS_DESC":"ELECTRIC BULK POWER TRANSMISSION AND CONTROL","SOURCE":"IMAGERY, OpenStreetMap","SOURCEDATE":1437609600000,"VAL_METHOD":"IMAGERY","VAL_DATE":1441929600000,"LINES":2,"MAX_VOLT":138,"MIN_VOLT":138,"MAX_INFER":"Y","MIN_INFER":"Y","pnode_id":278257,"pnode_name":"WEST SUB","pnode_subtype":"AGGREGATE","match_score":75.0,"pjm_zone":"APS"}},{"type":"Feature","id":6170,"geometry":{"type":"Point","coordinates":[-79.9567958905703,39.5942627487704]},"properties":{"OBJECTID":6170,"ID":"146467","NAME":"SOUTH MORGANTOWN","CITY":"MORGANTOWN","STATE":"WV","ZIP":"26508","TYPE":"SUBSTATION","STATUS":"IN SERVICE","COUNTY":"MONONGALIA","COUNTYFIPS":"54061","COUNTRY":"USA","LATITUDE":39.59426274900005,"LONGITUDE":-79.95679589099996,"NAICS_CODE":"221121","NAICS_DESC":"ELECTRIC BULK POWER TRANSMISSION AND CONTROL","SOURCE":"IMAGERY, OpenStreetMap","SOURCEDATE":1437609600000,"VAL_METHOD":"IMAGERY","VAL_DATE":1441929600000,"LINES":2,"MAX_VOLT":-999999,"MIN_VOLT":-999999,"MAX_INFER":"Y","MIN_INFER":"Y","pnode_id":615741,"pnode_name":"MORGANTOWN 2","pnode_subtype":"AGGREGATE","match_score":71.42857142857143,"pjm_zone":"APS"}},{"type":"Feature","id":6178,"geometry":{"type":"Point","coordinates":[-76.147056568392,41.091993564199]},"properties":{"OBJECTID":6178,"ID":"146475","NAME":"SUSQUEHANNA","CITY":"BERWICK","STATE":"PA","ZIP":"18603","TYPE":"SUBSTATION","STATUS":"IN SERVICE","COUNTY":"LUZERNE","COUNTYFIPS":"42079","COUNTRY":"USA","LATITUDE":41.09199356400006,"LONGITUDE":-76.14705656799998,"NAICS_CODE":"221121","NAICS_DESC":"ELECTRIC BULK POWER TRANSMISSION AND CONTROL","SOURCE":"IMAGERY, http://www.pjm.com/markets-and-operations/transmission-service/transmission-facilities.aspx","SOURCEDATE":1431475200000,"VAL_METHOD":"IMAGERY","VAL_DATE":1443744000000,"LINES":5,"MAX_VOLT":500,"MIN_VOLT":230,"MAX_INFER":"Y","MIN_INFER":"Y","pnode_id":52467,"pnode_name":"SUSQUEHANNA","pnode_subtype":"EHV","match_score":100.0,"pjm_zone":"PPL"}},{"type":"Feature","id":6206,"geometry":{"type":"Point","coordinates":[-75.6092252670328,41.497117969824]},"properties":{"OBJECTID":6206,"ID":"146505","NAME":"LACKAWANNA","CITY":"BLAKELY","STATE":"PA","ZIP":"18403","TYPE":"SUBSTATION","STATUS":"IN SERVICE","COUNTY":"LACKAWANNA","COUNTYFIPS":"42069","COUNTRY":"USA","LATITUDE":41.49711797000003,"LONGITUDE":-75.60922526699994,"NAICS_CODE":"221121","NAICS_DESC":"ELECTRIC BULK POWER TRANSMISSION AND CONTROL","SOURCE":"OpenStreetMap","SOURCEDATE":1430784000000,"VAL_METHOD":"IMAGERY","VAL_DATE":1434412800000,"LINES":11,"MAX_VOLT":500,"MIN_VOLT":69,"MAX_INFER":"Y","MIN_INFER":"Y","pnode_id":1356178179,"pnode_name":"LACKAWAN","pnode_subtype":"EHV","match_score":88.88888888888889,"pjm_zone":"PPL"}},{"type":"Feature","id":6208,"geometry":{"type":"Point","coordinates":[-75.6649001156674,39.9686939887557]},"properties":{"OBJECTID":6208,"ID":"146507","NAME":"BRADFORD","CITY":"EAST BRADFORD TWP","STATE":"PA","ZIP":"19380","TYPE":"SUBSTATION","STATUS":"IN SERVICE","COUNTY":"CHESTER","COUNTYFIPS":"42029","COUNTRY":"USA","LATITUDE":39.96869398900003,"LONGITUDE":-75.66490011599996,"NAICS_CODE":"221121","NAICS_DESC":"ELECTRIC BULK POWER TRANSMISSION AND CONTROL","SOURCE":"OpenStreetMap, www.pjm.com/pub/account/trans-fac/pe.xls","SOURCEDATE":1430784000000,"VAL_METHOD":"IMAGERY","VAL_DATE":1436918400000,"LINES":9,"MAX_VOLT":230,"MIN_VOLT":138,"MAX_INFER":"Y","MIN_INFER":"Y","pnode_id":34509181,"pnode_name":"BROADFORD","pnode_subtype":"EHV","match_score":94.11764705882354,"pjm_zone":"PECO"}},{"type":"Feature","id":6209,"geometry":{"type":"Point","coordinates":[-75.6322795559242,39.9096286182353]},"properties":{"OBJECTID":6209,"ID":"146508","NAME":"LENAPE","CITY":"POCOPSON TWP","STATE":"PA","ZIP":"19382","TYPE":"SUBSTATION","STATUS":"IN SERVICE","COUNTY":"CHESTER","COUNTYFIPS":"42029","COUNTRY":"USA","LATITUDE":39.909628618000056,"LONGITUDE":-75.63227955599996,"NAICS_CODE":"221121","NAICS_DESC":"ELECTRIC BULK POWER TRANSMISSION AND CONTROL","SOURCE":"OpenStreetMap, www.pjm.com/pub/account/trans-fac/pe.xls","SOURCEDATE":1430784000000,"VAL_METHOD":"IMAGERY","VAL_DATE":1436918400000,"LINES":2,"MAX_VOLT":230,"MIN_VOLT":230,"MAX_INFER":"Y","MIN_INFER":"Y","pnode_id":32411809,"pnode_name":"LEONAP  69 KV   T2","pnode_subtype":"LOAD","match_score":83.33333333333333,"pjm_zone":"PECO"}},{"type":"Feature","id":6211,"geometry":{"type":"Point","coordinates":[-75.5390195955523,39.8722903051407]},"properties":{"OBJECTID":6211,"ID":"146510","NAME":"CONCORD","CITY":"CONCORD TWP","STATE":"PA","ZIP":"19342","TYPE":"SUBSTATION","STATUS":"IN SERVICE","COUNTY":"DELAWARE","COUNTYFIPS":"42045","COUNTRY":"USA","LATITUDE":39.872290305000035,"LONGITUDE":-75.53901959599995,"NAICS_CODE":"221121","NAICS_DESC":"ELECTRIC BULK POWER TRANSMISSION AND CONTROL","SOURCE":"OpenStreetMap, www.pjm.com/pub/account/trans-fac/pe.xls","SOURCEDATE":1430784000000,"VAL_METHOD":"IMAGERY","VAL_DATE":1436918400000,"LINES":3,"MAX_VOLT":230,"MIN_VOLT":230,"MAX_INFER":"N","MIN_INFER":"N","pnode_id":32410957,"pnode_name":"CONCORD 138 KV  T1","pnode_subtype":"LOAD","match_score":100.0,"pjm_zone":"PECO"}},{"type":"Feature","id":6214,"geometry":{"type":"Point","coordinates":[-75.5298379752205,40.1507167129913]},"properties":{"OBJECTID":6214,"ID":"146513","NAME":"CROMBY","CITY":"EAST PIKELAND TWP","STATE":"PA","ZIP":"19460","TYPE":"SUBSTATION","STATUS":"IN SERVICE","COUNTY":"CHESTER","COUNTYFIPS":"42029","COUNTRY":"USA","LATITUDE":40.150716713000065,"LONGITUDE":-75.52983797499996,"NAICS_CODE":"221121","NAICS_DESC":"ELECTRIC BULK POWER TRANSMISSION AND CONTROL","SOURCE":"IMAGERY, http://www.pjm.com/pub/account/trans-fac/pe.xls","SOURCEDATE":1433376000000,"VAL_METHOD":"IMAGERY","VAL_DATE":1433894400000,"LINES":5,"MAX_VOLT":230,"MIN_VOLT":230,"MAX_INFER":"N","MIN_INFER":"N","pnode_id":734087,"pnode_name":"CROMBY 2","pnode_subtype":"AGGREGATE","match_score":85.71428571428572,"pjm_zone":"PECO"}},{"type":"Feature","id":6218,"geometry":{"type":"Point","coordinates":[-75.8263603161401,39.7630725879611]},"properties":{"OBJECTID":6218,"ID":"146517","NAME":"CLAY","CITY":"FRANKLIN TWP","STATE":"PA","ZIP":"19350","TYPE":"SUBSTATION","STATUS":"IN SERVICE","COUNTY":"CHESTER","COUNTYFIPS":"42029","COUNTRY":"USA","LATITUDE":39.76307258800006,"LONGITUDE":-75.82636031599998,"NAICS_CODE":"221121","NAICS_DESC":"ELECTRIC BULK POWER TRANSMISSION AND CONTROL","SOURCE":"IMAGERY","SOURCEDATE":1480636800000,"VAL_METHOD":"IMAGERY","VAL_DATE":1588118400000,"LINES":2,"MAX_VOLT":230,"MIN_VOLT":230,"MAX_INFER":"Y","MIN_INFER":"Y","pnode_id":98370063,"pnode_name":"CLAYOE  138 KV  TR1","pnode_subtype":"LOAD","match_score":80.0,"pjm_zone":"PECO"}},{"type":"Feature","id":6241,"geometry":{"type":"Point","coordinates":[-76.0318780690239,39.7610825757716]},"properties":{"OBJECTID":6241,"ID":"146541","NAME":"NOTTINGHAM","CITY":"NOTTINGHAM","STATE":"PA","ZIP":"19362","TYPE":"SUBSTATION","STATUS":"IN SERVICE","COUNTY":"CHESTER","COUNTYFIPS":"42029","COUNTRY":"USA","LATITUDE":39.761082576000035,"LONGITUDE":-76.03187806899996,"NAICS_CODE":"221121","NAICS_DESC":"ELECTRIC BULK POWER TRANSMISSION AND CONTROL","SOURCE":"OpenStreetMap","SOURCEDATE":1430784000000,"VAL_METHOD":"IMAGERY","VAL_DATE":1432771200000,"LINES":3,"MAX_VOLT":230,"MIN_VOLT":230,"MAX_INFER":"Y","MIN_INFER":"Y","pnode_id":35010377,"pnode_name":"CUNNINGHAM","pnode_subtype":"EHV","match_score":70.0,"pjm_zone":"PECO"}},{"type":"Feature","id":6243,"geometry":{"type":"Point","coordinates":[-75.7426621359418,39.4896469111393]},"properties":{"OBJECTID":6243,"ID":"146543","NAME":"MT. PLEASANT","CITY":"MIDDLETOWN","STATE":"DE","ZIP":"19709","TYPE":"SUBSTATION","STATUS":"IN SERVICE","COUNTY":"NEW CASTLE","COUNTYFIPS":"10003","COUNTRY":"USA","LATITUDE":39.48964691100008,"LONGITUDE":-75.74266213599998,"NAICS_CODE":"221121","NAICS_DESC":"ELECTRIC BULK POWER TRANSMISSION AND CONTROL","SOURCE":"OpenStreetMap","SOURCEDATE":1436140800000,"VAL_METHOD":"IMAGERY","VAL_DATE":1438128000000,"LINES":3,"MAX_VOLT":138,"MIN_VOLT":138,"MAX_INFER":"Y","MIN_INFER":"Y","pnode_id":5022441,"pnode_name":"PLEASANTS","pnode_subtype":"EHV","match_score":76.19047619047619,"pjm_zone":"DPL"}},{"type":"Feature","id":6246,"geometry":{"type":"Point","coordinates":[-76.0767843128845,39.5564141978592]},"properties":{"OBJECTID":6246,"ID":"146546","NAME":"PERRYVILLE","CITY":"PERRYVILLE","STATE":"MD","ZIP":"21903","TYPE":"SUBSTATION","STATUS":"IN SERVICE","COUNTY":"CECIL","COUNTYFIPS":"24015","COUNTRY":"USA","LATITUDE":39.55641419800003,"LONGITUDE":-76.07678431299996,"NAICS_CODE":"221121","NAICS_DESC":"ELECTRIC BULK POWER TRANSMISSION AND CONTROL","SOURCE":"IMAGERY, OpenStreetMap","SOURCEDATE":1430265600000,"VAL_METHOD":"IMAGERY","VAL_DATE":1430265600000,"LINES":1,"MAX_VOLT":-999999,"MIN_VOLT":-999999,"MAX_INFER":"N","MIN_INFER":"N","pnode_id":56783061,"pnode_name":"NAPERVILLE","pnode_subtype":"AGGREGATE","match_score":80.0,"pjm_zone":"DPL"}},{"type":"Feature","id":6247,"geometry":{"type":"Point","coordinates":[-75.8429711413138,39.6086505620376]},"properties":{"OBJECTID":6247,"ID":"146547","NAME":"CECIL","CITY":"ELKTON","STATE":"MD","ZIP":"21921","TYPE":"SUBSTATION","STATUS":"IN SERVICE","COUNTY":"CECIL","COUNTYFIPS":"24015","COUNTRY":"USA","LATITUDE":39.60865056200004,"LONGITUDE":-75.84297114099996,"NAICS_CODE":"221121","NAICS_DESC":"ELECTRIC BULK POWER TRANSMISSION AND CONTROL","SOURCE":"IMAGERY, OpenStreetMap","SOURCEDATE":1430265600000,"VAL_METHOD":"IMAGERY","VAL_DATE":1430265600000,"LINES":2,"MAX_VOLT":230,"MIN_VOLT":230,"MAX_INFER":"Y","MIN_INFER":"Y","pnode_id":51303,"pnode_name":"CEI","pnode_subtype":"INTERFACE","match_score":75.0,"pjm_zone":"DPL"}},{"type":"Feature","id":6249,"geometry":{"type":"Point","coordinates":[-76.540392862764,39.6874180137971]},"properties":{"OBJECTID":6249,"ID":"146549","NAME":"CONASTONE","CITY":"WHITE HALL","STATE":"MD","ZIP":"21161","TYPE":"SUBSTATION","STATUS":"IN SERVICE","COUNTY":"HARFORD","COUNTYFIPS":"24025","COUNTRY":"USA","LATITUDE":39.68741801400006,"LONGITUDE":-76.54039286299997,"NAICS_CODE":"221121","NAICS_DESC":"ELECTRIC BULK POWER TRANSMISSION AND CONTROL","SOURCE":"IMAGERY, http://www.pjm.com/system-map/default.html","SOURCEDATE":1430092800000,"VAL_METHOD":"IMAGERY","VAL_DATE":1444003200000,"LINES":8,"MAX_VOLT":500,"MIN_VOLT":230,"MAX_INFER":"N","MIN_INFER":"Y","pnode_id":52449,"pnode_name":"CONASTONE","pnode_subtype":"EHV","match_score":100.0,"pjm_zone":"BGE"}},{"type":"Feature","id":6289,"geometry":{"type":"Point","coordinates":[-76.4538294790175,39.8644286628725]},"properties":{"OBJECTID":6289,"ID":"146591","NAME":"OTTER CREEK","CITY":"BROGUE","STATE":"PA","ZIP":"17309","TYPE":"SUBSTATION","STATUS":"IN SERVICE","COUNTY":"YORK","COUNTYFIPS":"42133","COUNTRY":"USA","LATITUDE":39.86442866300007,"LONGITUDE":-76.45382947899998,"NAICS_CODE":"221121","NAICS_DESC":"ELECTRIC BULK POWER TRANSMISSION AND CONTROL","SOURCE":"OpenStreetMap","SOURCEDATE":1430784000000,"VAL_METHOD":"IMAGERY","VAL_DATE":1432684800000,"LINES":3,"MAX_VOLT":230,"MIN_VOLT":230,"MAX_INFER":"Y","MIN_INFER":"Y","pnode_id":61482253,"pnode_name":"OTTER   138 KV  LOAD1","pnode_subtype":"LOAD","match_score":100.0,"pjm_zone":"METED"}},{"type":"Feature","id":6290,"geometry":{"type":"Point","coordinates":[-76.5069261133794,41.0023275303181]},"properties":{"OBJECTID":6290,"ID":"146592","NAME":"COLUMBIA","CITY":"BLOOMSBURG","STATE":"PA","ZIP":"17815","TYPE":"SUBSTATION","STATUS":"IN SERVICE","COUNTY":"COLUMBIA","COUNTYFIPS":"42037","COUNTRY":"USA","LATITUDE":41.00232753000006,"LONGITUDE":-76.50692611299996,"NAICS_CODE":"221121","NAICS_DESC":"ELECTRIC BULK POWER TRANSMISSION AND CONTROL","SOURCE":"OpenStreetMap","SOURCEDATE":1430784000000,"VAL_METHOD":"IMAGERY","VAL_DATE":1433116800000,"LINES":5,"MAX_VOLT":230,"MIN_VOLT":69,"MAX_INFER":"Y","MIN_INFER":"Y","pnode_id":1338423426,"pnode_name":"BOARDMAN69 KV   COLUMBIA","pnode_subtype":"LOAD","match_score":100.0,"pjm_zone":"PPL"}},{"type":"Feature","id":6293,"geometry":{"type":"Point","coordinates":[-76.6211124989748,39.3139558692696]},"properties":{"OBJECTID":6293,"ID":"146595","NAME":"CENTER","CITY":"BALTIMORE","STATE":"MD","ZIP":"21211","TYPE":"SUBSTATION","STATUS":"IN SERVICE","COUNTY":"BALTIMORE","COUNTYFIPS":"24510","COUNTRY":"USA","LATITUDE":39.31395586900004,"LONGITUDE":-76.62111249899993,"NAICS_CODE":"221121","NAICS_DESC":"ELECTRIC BULK POWER TRANSMISSION AND CONTROL","SOURCE":"IMAGERY, OpenStreetMap","SOURCEDATE":1430179200000,"VAL_METHOD":"IMAGERY","VAL_DATE":1430179200000,"LINES":3,"MAX_VOLT":115,"MIN_VOLT":115,"MAX_INFER":"N","MIN_INFER":"N","pnode_id":1356178177,"pnode_name":"CENTERPT","pnode_subtype":"EHV","match_score":85.71428571428572,"pjm_zone":"BGE"}},{"type":"Feature","id":6294,"geometry":{"type":"Point","coordinates":[-76.6085323012931,39.2972162122906]},"properties":{"OBJECTID":6294,"ID":"146596","NAME":"MONUMENT STREET","CITY":"BALTIMORE","STATE":"MD","ZIP":"21202","TYPE":"SUBSTATION","STATUS":"IN SERVICE","COUNTY":"BALTIMORE","COUNTYFIPS":"24510","COUNTRY":"USA","LATITUDE":39.29721621200008,"LONGITUDE":-76.60853230099997,"NAICS_CODE":"221121","NAICS_DESC":"ELECTRIC BULK POWER TRANSMISSION AND CONTROL","SOURCE":"IMAGERY, OpenStreetMap","SOURCEDATE":1430179200000,"VAL_METHOD":"IMAGERY","VAL_DATE":1430179200000,"LINES":2,"MAX_VOLT":115,"MIN_VOLT":115,"MAX_INFER":"N","MIN_INFER":"N","pnode_id":49250,"pnode_name":"MONUMEST13 KV   THREE","pnode_subtype":"LOAD","match_score":70.58823529411764,"pjm_zone":"BGE"}},{"type":"Feature","id":6297,"geometry":{"type":"Point","coordinates":[-78.3741453201758,37.8686496570231]},"properties":{"OBJECTID":6297,"ID":"146599","NAME":"CUNNINGHAM","CITY":"SCOTTSVILLE","STATE":"VA","ZIP":"24590","TYPE":"SUBSTATION","STATUS":"IN SERVICE","COUNTY":"FLUVANNA","COUNTYFIPS":"51065","COUNTRY":"USA","LATITUDE":37.86864965700005,"LONGITUDE":-78.37414531999997,"NAICS_CODE":"221121","NAICS_DESC":"ELECTRIC BULK POWER TRANSMISSION AND CONTROL","SOURCE":"IMAGERY, http://www.pjm.com/system-map/default.html","SOURCEDATE":1407974400000,"VAL_METHOD":"IMAGERY","VAL_DATE":1444003200000,"LINES":4,"MAX_VOLT":500,"MIN_VOLT":500,"MAX_INFER":"Y","MIN_INFER":"Y","pnode_id":35010377,"pnode_name":"CUNNINGHAM","pnode_subtype":"EHV","match_score":100.0,"pjm_zone":"DOM"}},{"type":"Feature","id":6298,"geometry":{"type":"Point","coordinates":[-78.3794277230669,37.8673576097208]},"properties":{"OBJECTID":6298,"ID":"146600","NAME":"FLUVANNA P.S.","CITY":"SCOTTSVILLE","STATE":"VA","ZIP":"24590","TYPE":"SUBSTATION","STATUS":"IN SERVICE","COUNTY":"FLUVANNA","COUNTYFIPS":"51065","COUNTRY":"USA","LATITUDE":37.867357610000056,"LONGITUDE":-78.37942772299994,"NAICS_CODE":"221121","NAICS_DESC":"ELECTRIC BULK POWER TRANSMISSION AND CONTROL","SOURCE":"IMAGERY, http://www.pjm.com/system-map/default.html","SOURCEDATE":1407974400000,"VAL_METHOD":"IMAGERY","VAL_DATE":1444003200000,"LINES":3,"MAX_VOLT":500,"MIN_VOLT":500,"MAX_INFER":"Y","MIN_INFER":"Y","pnode_id":35010381,"pnode_name":"FLUVANNA","pnode_subtype":"EHV","match_score":76.19047619047619,"pjm_zone":"DOM"}},{"type":"Feature","id":6311,"geometry":{"type":"Point","coordinates":[-78.598697763974,41.3650765397591]},"properties":{"OBJECTID":6311,"ID":"146613","NAME":"ELKO","CITY":"KERSEY","STATE":"PA","ZIP":"15846","TYPE":"SUBSTATION","STATUS":"IN SERVICE","COUNTY":"ELK","COUNTYFIPS":"42047","COUNTRY":"USA","LATITUDE":41.365076540000075,"LONGITUDE":-78.59869776399995,"NAICS_CODE":"221121","NAICS_DESC":"ELECTRIC BULK POWER TRANSMISSION AND CONTROL","SOURCE":"OpenStreetMap","SOURCEDATE":1430784000000,"VAL_METHOD":"IMAGERY","VAL_DATE":1430956800000,"LINES":7,"MAX_VOLT":230,"MIN_VOLT":138,"MAX_INFER":"Y","MIN_INFER":"Y","pnode_id":1248984093,"pnode_name":"ELK     138 KV  T2","pnode_subtype":"LOAD","match_score":85.71428571428571,"pjm_zone":"APS"}},{"type":"Feature","id":6314,"geometry":{"type":"Point","coordinates":[-78.2516936712969,41.1937375861258]},"properties":{"OBJECTID":6314,"ID":"146616","NAME":"MOSHANNON","CITY":"FRENCHVILLE","STATE":"PA","ZIP":"16836","TYPE":"SUBSTATION","STATUS":"IN SERVICE","COUNTY":"CLEARFIELD","COUNTYFIPS":"42033","COUNTRY":"USA","LATITUDE":41.193737586000054,"LONGITUDE":-78.25169367099994,"NAICS_CODE":"221121","NAICS_DESC":"ELECTRIC BULK POWER TRANSMISSION AND CONTROL","SOURCE":"OpenStreetMap","SOURCEDATE":1430784000000,"VAL_METHOD":"IMAGERY","VAL_DATE":1431475200000,"LINES":4,"MAX_VOLT":230,"MIN_VOLT":230,"MAX_INFER":"Y","MIN_INFER":"Y","pnode_id":2156113109,"pnode_name":"SHANNON 138 KV  OP113","pnode_subtype":"LOAD","match_score":87.5,"pjm_zone":"PENELEC"}},{"type":"Feature","id":6316,"geometry":{"type":"Point","coordinates":[-78.2843213214426,37.6970896609792]},"properties":{"OBJECTID":6316,"ID":"146618","NAME":"BEAR GARDEN","CITY":"NEW CANTON","STATE":"VA","ZIP":"23123","TYPE":"SUBSTATION","STATUS":"IN SERVICE","COUNTY":"BUCKINGHAM","COUNTYFIPS":"51029","COUNTRY":"USA","LATITUDE":37.697089661000064,"LONGITUDE":-78.28432132099994,"NAICS_CODE":"221121","NAICS_DESC":"ELECTRIC BULK POWER TRANSMISSION AND CONTROL","SOURCE":"IMAGERY, OpenStreetMap","SOURCEDATE":1408060800000,"VAL_METHOD":"IMAGERY","VAL_DATE":1408060800000,"LINES":3,"MAX_VOLT":230,"MIN_VOLT":230,"MAX_INFER":"Y","MIN_INFER":"Y","pnode_id":2156118984,"pnode_name":"GARDEN  69 KV   T4","pnode_subtype":"LOAD","match_score":100.0,"pjm_zone":"DOM"}},{"type":"Feature","id":6319,"geometry":{"type":"Point","coordinates":[-78.5259884868985,38.0212616423121]},"properties":{"OBJECTID":6319,"ID":"146621","NAME":"SHERWOOD","CITY":"CHARLOTTESVILLE","STATE":"VA","ZIP":"22903","TYPE":"SUBSTATION","STATUS":"IN SERVICE","COUNTY":"ALBEMARLE","COUNTYFIPS":"51003","COUNTRY":"USA","LATITUDE":38.02126164200007,"LONGITUDE":-78.52598848699995,"NAICS_CODE":"221121","NAICS_DESC":"ELECTRIC BULK POWER TRANSMISSION AND CONTROL","SOURCE":"IMAGERY, OpenStreetMap","SOURCEDATE":1426464000000,"VAL_METHOD":"IMAGERY","VAL_DATE":1426464000000,"LINES":2,"MAX_VOLT":115,"MIN_VOLT":115,"MAX_INFER":"Y","MIN_INFER":"Y","pnode_id":1666104456,"pnode_name":"SHRWOOD 69 KV   T1","pnode_subtype":"LOAD","match_score":93.33333333333333,"pjm_zone":"DOM"}},{"type":"Feature","id":6321,"geometry":{"type":"Point","coordinates":[-78.4337731944385,38.1273399700166]},"properties":{"OBJECTID":6321,"ID":"146623","NAME":"HOLLYMEAD","CITY":"CHARLOTTESVILLE","STATE":"VA","ZIP":"22911","TYPE":"SUBSTATION","STATUS":"IN SERVICE","COUNTY":"ALBEMARLE","COUNTYFIPS":"51003","COUNTRY":"USA","LATITUDE":38.12733997000004,"LONGITUDE":-78.43377319399997,"NAICS_CODE":"221121","NAICS_DESC":"ELECTRIC BULK POWER TRANSMISSION AND CONTROL","SOURCE":"IMAGERY, OpenStreetMap","SOURCEDATE":1426550400000,"VAL_METHOD":"IMAGERY","VAL_DATE":1426550400000,"LINES":1,"MAX_VOLT":230,"MIN_VOLT":230,"MAX_INFER":"Y","MIN_INFER":"Y","pnode_id":135388855,"pnode_name":"HOLLYWD 69 KV   TR1","pnode_subtype":"LOAD","match_score":75.0,"pjm_zone":"DOM"}},{"type":"Feature","id":6322,"geometry":{"type":"Point","coordinates":[-79.2715768129728,39.2029954777326]},"properties":{"OBJECTID":6322,"ID":"146689","NAME":"MOUNT STORM","CITY":"MOUNT STORM","STATE":"WV","ZIP":"26739","TYPE":"SUBSTATION","STATUS":"IN SERVICE","COUNTY":"GRANT","COUNTYFIPS":"54023","COUNTRY":"USA","LATITUDE":39.20299547800005,"LONGITUDE":-79.27157681299997,"NAICS_CODE":"221121","NAICS_DESC":"ELECTRIC BULK POWER TRANSMISSION AND CONTROL","SOURCE":"IMAGERY, OpenStreetMap, http://www.pjm.com/pub/account/trans-fac/aepsct.xls","SOURCEDATE":1396828800000,"VAL_METHOD":"IMAGERY","VAL_DATE":1443744000000,"LINES":8,"MAX_VOLT":500,"MIN_VOLT":115,"MAX_INFER":"Y","MIN_INFER":"Y","pnode_id":35010385,"pnode_name":"MT STORM","pnode_subtype":"EHV","match_score":84.21052631578947,"pjm_zone":"APS"}},{"type":"Feature","id":6323,"geometry":{"type":"Point","coordinates":[-79.2909303276596,37.4257530091208]},"properties":{"OBJECTID":6323,"ID":"146690","NAME":"IVY HILL","CITY":"LYNCHBURG","STATE":"VA","ZIP":"24503","TYPE":"SUBSTATION","STATUS":"IN SERVICE","COUNTY":"BEDFORD","COUNTYFIPS":"51019","COUNTRY":"USA","LATITUDE":37.42575300900006,"LONGITUDE":-79.29093032799994,"NAICS_CODE":"221121","NAICS_DESC":"ELECTRIC BULK POWER TRANSMISSION AND CONTROL","SOURCE":"IMAGERY, http://www.pjm.com/system-map/default.html","SOURCEDATE":1404259200000,"VAL_METHOD":"IMAGERY","VAL_DATE":1426204800000,"LINES":2,"MAX_VOLT":138,"MIN_VOLT":138,"MAX_INFER":"N","MIN_INFER":"N","pnode_id":32415003,"pnode_name":"IVY     34 KV   C","pnode_subtype":"LOAD","match_score":100.0,"pjm_zone":"AEP"}},{"type":"Feature","id":6324,"geometry":{"type":"Point","coordinates":[-79.2530561371656,37.0542268308364]},"properties":{"OBJECTID":6324,"ID":"146691","NAME":"OTTER RIVER","CITY":"HURT","STATE":"VA","ZIP":"24563","TYPE":"SUBSTATION","STATUS":"IN SERVICE","COUNTY":"PITTSYLVANIA","COUNTYFIPS":"51143","COUNTRY":"USA","LATITUDE":37.05422683100005,"LONGITUDE":-79.25305613699999,"NAICS_CODE":"221121","NAICS_DESC":"ELECTRIC BULK POWER TRANSMISSION AND CONTROL","SOURCE":"IMAGERY, http://www.pjm.com/system-map/default.html","SOURCEDATE":1405296000000,"VAL_METHOD":"IMAGERY","VAL_DATE":1426204800000,"LINES":1,"MAX_VOLT":115,"MIN_VOLT":115,"MAX_INFER":"Y","MIN_INFER":"Y","pnode_id":61482253,"pnode_name":"OTTER   138 KV  LOAD1","pnode_subtype":"LOAD","match_score":100.0,"pjm_zone":"DOM"}},{"type":"Feature","id":6325,"geometry":{"type":"Point","coordinates":[-79.2784426366893,37.1300637307442]},"properties":{"OBJECTID":6325,"ID":"146692","NAME":"ALTAVISTA","CITY":"ALTAVISTA","STATE":"VA","ZIP":"24517","TYPE":"SUBSTATION","STATUS":"IN SERVICE","COUNTY":"CAMPBELL","COUNTYFIPS":"51031","COUNTRY":"USA","LATITUDE":37.130063731000064,"LONGITUDE":-79.27844263699996,"NAICS_CODE":"221121","NAICS_DESC":"ELECTRIC BULK POWER TRANSMISSION AND CONTROL","SOURCE":"IMAGERY, http://www.pjm.com/system-map/default.html","SOURCEDATE":1426118400000,"VAL_METHOD":"IMAGERY","VAL_DATE":1426204800000,"LINES":6,"MAX_VOLT":138,"MIN_VOLT":115,"MAX_INFER":"Y","MIN_INFER":"Y","pnode_id":33092301,"pnode_name":"BATAVIA","pnode_subtype":"AGGREGATE","match_score":75.0,"pjm_zone":"DOM"}},{"type":"Feature","id":6326,"geometry":{"type":"Point","coordinates":[-79.2804126115647,37.1429554778155]},"properties":{"OBJECTID":6326,"ID":"146693","NAME":"OTTER","CITY":"ALTAVISTA","STATE":"VA","ZIP":"24517","TYPE":"SUBSTATION","STATUS":"IN SERVICE","COUNTY":"CAMPBELL","COUNTYFIPS":"51031","COUNTRY":"USA","LATITUDE":37.14295547800003,"LONGITUDE":-79.28041261199996,"NAICS_CODE":"221121","NAICS_DESC":"ELECTRIC BULK POWER TRANSMISSION AND CONTROL","SOURCE":"IMAGERY, http://www.pjm.com/system-map/default.html","SOURCEDATE":1426118400000,"VAL_METHOD":"IMAGERY","VAL_DATE":1427846400000,"LINES":1,"MAX_VOLT":138,"MIN_VOLT":138,"MAX_INFER":"Y","MIN_INFER":"Y","pnode_id":61482253,"pnode_name":"OTTER   138 KV  LOAD1","pnode_subtype":"LOAD","match_score":100.0,"pjm_zone":"DOM"}},{"type":"Feature","id":6327,"geometry":{"type":"Point","coordinates":[-79.3020092410755,37.2401723568285]},"properties":{"OBJECTID":6327,"ID":"146694","NAME":"EVINGTON","CITY":"EVINGTON","STATE":"VA","ZIP":"24550","TYPE":"SUBSTATION","STATUS":"IN SERVICE","COUNTY":"CAMPBELL","COUNTYFIPS":"51031","COUNTRY":"USA","LATITUDE":37.24017235700006,"LONGITUDE":-79.30200924099995,"NAICS_CODE":"221121","NAICS_DESC":"ELECTRIC BULK POWER TRANSMISSION AND CONTROL","SOURCE":"IMAGERY, http://www.pjm.com/system-map/default.html","SOURCEDATE":1426118400000,"VAL_METHOD":"IMAGERY","VAL_DATE":1427846400000,"LINES":1,"MAX_VOLT":115,"MIN_VOLT":115,"MAX_INFER":"Y","MIN_INFER":"Y","pnode_id":32412927,"pnode_name":"VINTON  138 KV  T1","pnode_subtype":"LOAD","match_score":85.71428571428571,"pjm_zone":"DOM"}},{"type":"Feature","id":6328,"geometry":{"type":"Point","coordinates":[-79.3516429733234,37.5201172133062]},"properties":{"OBJECTID":6328,"ID":"146695","NAME":"SKIMMER","CITY":"BIG ISLAND","STATE":"VA","ZIP":"24526","TYPE":"SUBSTATION","STATUS":"IN SERVICE","COUNTY":"BEDFORD","COUNTYFIPS":"51019","COUNTRY":"USA","LATITUDE":37.52011721300005,"LONGITUDE":-79.35164297299997,"NAICS_CODE":"221121","NAICS_DESC":"ELECTRIC BULK POWER TRANSMISSION AND CONTROL","SOURCE":"IMAGERY, http://www.pjm.com/system-map/default.html","SOURCEDATE":1426118400000,"VAL_METHOD":"IMAGERY","VAL_DATE":1426204800000,"LINES":4,"MAX_VOLT":115,"MIN_VOLT":69,"MAX_INFER":"N","MIN_INFER":"Y","pnode_id":32412597,"pnode_name":"SKIMMER 69 KV   T3","pnode_subtype":"LOAD","match_score":100.0,"pjm_zone":"AEP"}},{"type":"Feature","id":6329,"geometry":{"type":"Point","coordinates":[-79.308799582952,37.3291087088806]},"properties":{"OBJECTID":6329,"ID":"146696","NAME":"NEW LONDON","CITY":"FOREST","STATE":"VA","ZIP":"24551","TYPE":"SUBSTATION","STATUS":"IN SERVICE","COUNTY":"BEDFORD","COUNTYFIPS":"51019","COUNTRY":"USA","LATITUDE":37.329108709000025,"LONGITUDE":-79.30879958299994,"NAICS_CODE":"221121","NAICS_DESC":"ELECTRIC BULK POWER TRANSMISSION AND CONTROL","SOURCE":"IMAGERY, http://www.pjm.com/system-map/default.html","SOURCEDATE":1426118400000,"VAL_METHOD":"IMAGERY","VAL_DATE":1426204800000,"LINES":3,"MAX_VOLT":138,"MIN_VOLT":138,"MAX_INFER":"N","MIN_INFER":"N","pnode_id":32411845,"pnode_name":"LONDON  46 KV   HUGHESTO","pnode_subtype":"LOAD","match_score":100.0,"pjm_zone":"AEP"}},{"type":"Feature","id":6332,"geometry":{"type":"Point","coordinates":[-79.1891300362709,37.4622218121168]},"properties":{"OBJECTID":6332,"ID":"146699","NAME":"REUSENS","CITY":"LYNCHBURG","STATE":"VA","ZIP":"24503","TYPE":"SUBSTATION","STATUS":"IN SERVICE","COUNTY":"LYNCHBURG","COUNTYFIPS":"51680","COUNTRY":"USA","LATITUDE":37.46222181200005,"LONGITUDE":-79.18913003599994,"NAICS_CODE":"221121","NAICS_DESC":"ELECTRIC BULK POWER TRANSMISSION AND CONTROL","SOURCE":"IMAGERY, http://www.pjm.com/system-map/default.html","SOURCEDATE":1426118400000,"VAL_METHOD":"IMAGERY","VAL_DATE":1426204800000,"LINES":10,"MAX_VOLT":138,"MIN_VOLT":69,"MAX_INFER":"Y","MIN_INFER":"Y","pnode_id":32412341,"pnode_name":"REUSENS 69 KV   MONROEAP","pnode_subtype":"LOAD","match_score":100.0,"pjm_zone":"AEP"}},{"type":"Feature","id":6333,"geometry":{"type":"Point","coordinates":[-79.2931055451195,37.3634507678813]},"properties":{"OBJECTID":6333,"ID":"146700","NAME":"FOREST","CITY":"FOREST","STATE":"VA","ZIP":"24551","TYPE":"SUBSTATION","STATUS":"IN SERVICE","COUNTY":"BEDFORD","COUNTYFIPS":"51019","COUNTRY":"USA","LATITUDE":37.363450768000064,"LONGITUDE":-79.29310554499995,"NAICS_CODE":"221121","NAICS_DESC":"ELECTRIC BULK POWER TRANSMISSION AND CONTROL","SOURCE":"IMAGERY, http://www.pjm.com/system-map/default.html","SOURCEDATE":1426118400000,"VAL_METHOD":"IMAGERY","VAL_DATE":1427846400000,"LINES":2,"MAX_VOLT":138,"MIN_VOLT":138,"MAX_INFER":"N","MIN_INFER":"N","pnode_id":32411301,"pnode_name":"FOREST2 138 KV  T1","pnode_subtype":"LOAD","match_score":97.3076923076923,"pjm_zone":"AEP"}},{"type":"Feature","id":6337,"geometry":{"type":"Point","coordinates":[-79.3385166646276,40.6577028422932]},"properties":{"OBJECTID":6337,"ID":"146704","NAME":"KEYSTONE","CITY":"SHELOCTA","STATE":"PA","ZIP":"15774","TYPE":"SUBSTATION","STATUS":"IN SERVICE","COUNTY":"ARMSTRONG","COUNTYFIPS":"42005","COUNTRY":"USA","LATITUDE":40.65770284200005,"LONGITUDE":-79.33851666499999,"NAICS_CODE":"221121","NAICS_DESC":"ELECTRIC BULK POWER TRANSMISSION AND CONTROL","SOURCE":"OpenStreetMap, http://www.pjm.com/markets-and-operations/transmission-service/transmission-facilities.aspx","SOURCEDATE":1430784000000,"VAL_METHOD":"IMAGERY","VAL_DATE":1443657600000,"LINES":6,"MAX_VOLT":500,"MIN_VOLT":500,"MAX_INFER":"Y","MIN_INFER":"Y","pnode_id":52459,"pnode_name":"KEYSTONE","pnode_subtype":"EHV","match_score":100.0,"pjm_zone":"APS"}},{"type":"Feature","id":6338,"geometry":{"type":"Point","coordinates":[-79.3459792481706,40.6415833022166]},"properties":{"OBJECTID":6338,"ID":"146705","NAME":"SOUTHBEND","CITY":"SHELOCTA","STATE":"PA","ZIP":"15774","TYPE":"SUBSTATION","STATUS":"IN SERVICE","COUNTY":"ARMSTRONG","COUNTYFIPS":"42005","COUNTRY":"USA","LATITUDE":40.64158330200007,"LONGITUDE":-79.34597924799994,"NAICS_CODE":"221121","NAICS_DESC":"ELECTRIC BULK POWER TRANSMISSION AND CONTROL","SOURCE":"OpenStreetMap, http://www.pjm.com/markets-and-operations/transmission-service/transmission-facilities.aspx","SOURCEDATE":1430784000000,"VAL_METHOD":"IMAGERY","VAL_DATE":1443657600000,"LINES":3,"MAX_VOLT":500,"MIN_VOLT":500,"MAX_INFER":"Y","MIN_INFER":"Y","pnode_id":11517088,"pnode_name":"SOUTHBEND","pnode_subtype":"EHV","match_score":100.0,"pjm_zone":"APS"}},{"type":"Feature","id":6356,"geometry":{"type":"Point","coordinates":[-79.3479461948251,36.6036838936783]},"properties":{"OBJECTID":6356,"ID":"146728","NAME":"EAST DANVILLE","CITY":"DANVILLE","STATE":"VA","ZIP":"24540","TYPE":"SUBSTATION","STATUS":"IN SERVICE","COUNTY":"PITTSYLVANIA","COUNTYFIPS":"51143","COUNTRY":"USA","LATITUDE":36.60368389400003,"LONGITUDE":-79.34794619499996,"NAICS_CODE":"221121","NAICS_DESC":"ELECTRIC BULK POWER TRANSMISSION AND CONTROL","SOURCE":"IMAGERY, OpenStreetMap","SOURCEDATE":1404777600000,"VAL_METHOD":"IMAGERY","VAL_DATE":1404864000000,"LINES":8,"MAX_VOLT":230,"MIN_VOLT":138,"MAX_INFER":"Y","MIN_INFER":"Y","pnode_id":45565843,"pnode_name":"DANVILLE138 KV  DANVILLE","pnode_subtype":"LOAD","match_score":76.19047619047619,"pjm_zone":"DOM"}},{"type":"Feature","id":6382,"geometry":{"type":"Point","coordinates":[-76.3073377336476,40.0217928759772]},"properties":{"OBJECTID":6382,"ID":"146759","NAME":"ENGLESIDE","CITY":"LANCASTER","STATE":"PA","ZIP":"17603","TYPE":"SUBSTATION","STATUS":"IN SERVICE","COUNTY":"LANCASTER","COUNTYFIPS":"42071","COUNTRY":"USA","LATITUDE":40.02179287600006,"LONGITUDE":-76.30733773399999,"NAICS_CODE":"221121","NAICS_DESC":"ELECTRIC BULK POWER TRANSMISSION AND CONTROL","SOURCE":"OpenStreetMap","SOURCEDATE":1430784000000,"VAL_METHOD":"IMAGERY","VAL_DATE":1434412800000,"LINES":6,"MAX_VOLT":138,"MIN_VOLT":69,"MAX_INFER":"Y","MIN_INFER":"Y","pnode_id":32415061,"pnode_name":"LESIDE  69 KV   A","pnode_subtype":"LOAD","match_score":80.0,"pjm_zone":"PPL"}},{"type":"Feature","id":6384,"geometry":{"type":"Point","coordinates":[-76.3889505872032,39.9278007197655]},"properties":{"OBJECTID":6384,"ID":"146761","NAME":"SAFE HARBOR","CITY":"HOLTWOOD","STATE":"PA","ZIP":"17532","TYPE":"SUBSTATION","STATUS":"IN SERVICE","COUNTY":"LANCASTER","COUNTYFIPS":"42071","COUNTRY":"USA","LATITUDE":39.92780072000005,"LONGITUDE":-76.38895058699995,"NAICS_CODE":"221121","NAICS_DESC":"ELECTRIC BULK POWER TRANSMISSION AND CONTROL","SOURCE":"OpenStreetMap","SOURCEDATE":1430784000000,"VAL_METHOD":"IMAGERY","VAL_DATE":1434412800000,"LINES":11,"MAX_VOLT":230,"MIN_VOLT":69,"MAX_INFER":"Y","MIN_INFER":"Y","pnode_id":37420965,"pnode_name":"SAFE HARBOR 1-12","pnode_subtype":"AGGREGATE","match_score":81.4814814814815,"pjm_zone":"PPL"}},{"type":"Feature","id":6385,"geometry":{"type":"Point","coordinates":[-76.3258713802291,39.827621637275]},"properties":{"OBJECTID":6385,"ID":"146762","NAME":"FACE ROCK","CITY":"HOLTWOOD","STATE":"PA","ZIP":"17532","TYPE":"SUBSTATION","STATUS":"IN SERVICE","COUNTY":"LANCASTER","COUNTYFIPS":"42071","COUNTRY":"USA","LATITUDE":39.82762163700005,"LONGITUDE":-76.32587137999997,"NAICS_CODE":"221121","NAICS_DESC":"ELECTRIC BULK POWER TRANSMISSION AND CONTROL","SOURCE":"OpenStreetMap","SOURCEDATE":1430784000000,"VAL_METHOD":"IMAGERY","VAL_DATE":1432857600000,"LINES":9,"MAX_VOLT":115,"MIN_VOLT":69,"MAX_INFER":"Y","MIN_INFER":"Y","pnode_id":33092307,"pnode_name":"ROCK FALLS","pnode_subtype":"AGGREGATE","match_score":73.6842105263158,"pjm_zone":"PPL"}},{"type":"Feature","id":6388,"geometry":{"type":"Point","coordinates":[-76.4279075683132,39.3650384001422]},"properties":{"OBJECTID":6388,"ID":"146766","NAME":"NORTHEAST","CITY":"MIDDLE RIVER","STATE":"MD","ZIP":"21220","TYPE":"SUBSTATION","STATUS":"IN SERVICE","COUNTY":"BALTIMORE","COUNTYFIPS":"24005","COUNTRY":"USA","LATITUDE":39.36503840000006,"LONGITUDE":-76.42790756799997,"NAICS_CODE":"221121","NAICS_DESC":"ELECTRIC BULK POWER TRANSMISSION AND CONTROL","SOURCE":"IMAGERY, OpenStreetMap","SOURCEDATE":1430179200000,"VAL_METHOD":"IMAGERY","VAL_DATE":1430179200000,"LINES":11,"MAX_VOLT":230,"MIN_VOLT":115,"MAX_INFER":"Y","MIN_INFER":"Y","pnode_id":34509941,"pnode_name":"NORTHWEST","pnode_subtype":"INTERFACE","match_score":88.88888888888889,"pjm_zone":"BGE"}},{"type":"Feature","id":6390,"geometry":{"type":"Point","coordinates":[-77.2885167609828,38.7237860532888]},"properties":{"OBJECTID":6390,"ID":"146768","NAME":"OX","CITY":"FAIRFAX STATION","STATE":"VA","ZIP":"22039","TYPE":"SUBSTATION","STATUS":"IN SERVICE","COUNTY":"FAIRFAX","COUNTYFIPS":"51059","COUNTRY":"USA","LATITUDE":38.723786053000026,"LONGITUDE":-77.28851676099998,"NAICS_CODE":"221121","NAICS_DESC":"ELECTRIC BULK POWER TRANSMISSION AND CONTROL","SOURCE":"IMAGERY, http://www.pjm.com/system-map/default.html","SOURCEDATE":1408579200000,"VAL_METHOD":"IMAGERY","VAL_DATE":1427846400000,"LINES":9,"MAX_VOLT":500,"MIN_VOLT":230,"MAX_INFER":"Y","MIN_INFER":"Y","pnode_id":35010369,"pnode_name":"OX","pnode_subtype":"EHV","match_score":100.0,"pjm_zone":"DOM"}},{"type":"Feature","id":6391,"geometry":{"type":"Point","coordinates":[-77.3037244976329,38.9316648311927]},"properties":{"OBJECTID":6391,"ID":"146769","NAME":"CLARK","CITY":"VIENNA","STATE":"VA","ZIP":"22182","TYPE":"SUBSTATION","STATUS":"IN SERVICE","COUNTY":"FAIRFAX","COUNTYFIPS":"51059","COUNTRY":"USA","LATITUDE":38.931664831000035,"LONGITUDE":-77.30372449799995,"NAICS_CODE":"221121","NAICS_DESC":"ELECTRIC BULK POWER TRANSMISSION AND CONTROL","SOURCE":"IMAGERY, http://www.pjm.com/system-map/default.html","SOURCEDATE":1408665600000,"VAL_METHOD":"IMAGERY","VAL_DATE":1427846400000,"LINES":2,"MAX_VOLT":230,"MIN_VOLT":230,"MAX_INFER":"Y","MIN_INFER":"Y","pnode_id":32411535,"pnode_name":"HICKORYC34 KV   CLARK","pnode_subtype":"LOAD","match_score":100.0,"pjm_zone":"DOM"}},{"type":"Feature","id":6393,"geometry":{"type":"Point","coordinates":[-77.3059351024268,38.5873061833054]},"properties":{"OBJECTID":6393,"ID":"146771","NAME":"DUMFRIES","CITY":"DUMFRIES","STATE":"VA","ZIP":"22026","TYPE":"SUBSTATION","STATUS":"IN SERVICE","COUNTY":"PRINCE WILLIAM","COUNTYFIPS":"51153","COUNTRY":"USA","LATITUDE":38.58730618300007,"LONGITUDE":-77.30593510199998,"NAICS_CODE":"221121","NAICS_DESC":"ELECTRIC BULK POWER TRANSMISSION AND CONTROL","SOURCE":"IMAGERY, http://www.pjm.com/system-map/default.html","SOURCEDATE":1408665600000,"VAL_METHOD":"IMAGERY","VAL_DATE":1427846400000,"LINES":1,"MAX_VOLT":230,"MIN_VOLT":230,"MAX_INFER":"Y","MIN_INFER":"Y","pnode_id":50697149,"pnode_name":"DUMFRIES TX1","pnode_subtype":"AGGREGATE","match_score":80.0,"pjm_zone":"DOM"}},{"type":"Feature","id":6396,"geometry":{"type":"Point","coordinates":[-77.3988067633222,38.7812087309898]},"properties":{"OBJECTID":6396,"ID":"146774","NAME":"CLIFTON","CITY":"CLIFTON","STATE":"VA","ZIP":"20124","TYPE":"SUBSTATION","STATUS":"IN SERVICE","COUNTY":"FAIRFAX","COUNTYFIPS":"51059","COUNTRY":"USA","LATITUDE":38.78120873100005,"LONGITUDE":-77.39880676299998,"NAICS_CODE":"221121","NAICS_DESC":"ELECTRIC BULK POWER TRANSMISSION AND CONTROL","SOURCE":"IMAGERY, http://www.pjm.com/system-map/default.html","SOURCEDATE":1408665600000,"VAL_METHOD":"IMAGERY","VAL_DATE":1427846400000,"LINES":7,"MAX_VOLT":500,"MIN_VOLT":230,"MAX_INFER":"N","MIN_INFER":"Y","pnode_id":35010361,"pnode_name":"CLIFTON","pnode_subtype":"EHV","match_score":100.0,"pjm_zone":"DOM"}},{"type":"Feature","id":6400,"geometry":{"type":"Point","coordinates":[-77.3456186103958,38.9529135907806]},"properties":{"OBJECTID":6400,"ID":"146778","NAME":"RESTON","CITY":"RESTON","STATE":"VA","ZIP":"20190","TYPE":"SUBSTATION","STATUS":"IN SERVICE","COUNTY":"FAIRFAX","COUNTYFIPS":"51059","COUNTRY":"USA","LATITUDE":38.952913591000026,"LONGITUDE":-77.34561860999997,"NAICS_CODE":"221121","NAICS_DESC":"ELECTRIC BULK POWER TRANSMISSION AND CONTROL","SOURCE":"IMAGERY, http://www.pjm.com/system-map/default.html","SOURCEDATE":1409097600000,"VAL_METHOD":"IMAGERY","VAL_DATE":1427846400000,"LINES":7,"MAX_VOLT":230,"MIN_VOLT":230,"MAX_INFER":"Y","MIN_INFER":"Y","pnode_id":135388809,"pnode_name":"CRESTLN 69 KV   TR2","pnode_subtype":"LOAD","match_score":76.92307692307692,"pjm_zone":"DOM"}},{"type":"Feature","id":6402,"geometry":{"type":"Point","coordinates":[-77.4317595452102,38.9453762337007]},"properties":{"OBJECTID":6402,"ID":"146780","NAME":"DULLES","CITY":"HERNDON","STATE":"VA","ZIP":"20171","TYPE":"SUBSTATION","STATUS":"IN SERVICE","COUNTY":"FAIRFAX","COUNTYFIPS":"51059","COUNTRY":"USA","LATITUDE":38.94537623400004,"LONGITUDE":-77.43175954499998,"NAICS_CODE":"221121","NAICS_DESC":"ELECTRIC BULK POWER TRANSMISSION AND CONTROL","SOURCE":"IMAGERY, http://www.pjm.com/system-map/default.html","SOURCEDATE":1409184000000,"VAL_METHOD":"IMAGERY","VAL_DATE":1427846400000,"LINES":2,"MAX_VOLT":230,"MIN_VOLT":230,"MAX_INFER":"N","MIN_INFER":"N","pnode_id":32412053,"pnode_name":"MULLENS 138 KV  T4","pnode_subtype":"LOAD","match_score":76.92307692307692,"pjm_zone":"DOM"}},{"type":"Feature","id":6407,"geometry":{"type":"Point","coordinates":[-77.4371327147759,39.0245576671635]},"properties":{"OBJECTID":6407,"ID":"146785","NAME":"BECO","CITY":"STERLING","STATE":"VA","ZIP":"20166","TYPE":"SUBSTATION","STATUS":"IN SERVICE","COUNTY":"LOUDOUN","COUNTYFIPS":"51107","COUNTRY":"USA","LATITUDE":39.02455766700007,"LONGITUDE":-77.43713271499996,"NAICS_CODE":"221121","NAICS_DESC":"ELECTRIC BULK POWER TRANSMISSION AND CONTROL","SOURCE":"IMAGERY, http://www.pjm.com/system-map/default.html","SOURCEDATE":1409184000000,"VAL_METHOD":"IMAGERY","VAL_DATE":1427846400000,"LINES":3,"MAX_VOLT":230,"MIN_VOLT":230,"MAX_INFER":"Y","MIN_INFER":"Y","pnode_id":1137350094,"pnode_name":"BRESCO","pnode_subtype":"AGGREGATE","match_score":80.0,"pjm_zone":"DOM"}},{"type":"Feature","id":6408,"geometry":{"type":"Point","coordinates":[-77.3615586536654,38.9793978767817]},"properties":{"OBJECTID":6408,"ID":"146786","NAME":"DRANESVILLE","CITY":"RESTON","STATE":"VA","ZIP":"20194","TYPE":"SUBSTATION","STATUS":"IN SERVICE","COUNTY":"FAIRFAX","COUNTYFIPS":"51059","COUNTRY":"USA","LATITUDE":38.97939787700005,"LONGITUDE":-77.36155865399996,"NAICS_CODE":"221121","NAICS_DESC":"ELECTRIC BULK POWER TRANSMISSION AND CONTROL","SOURCE":"IMAGERY, http://www.pjm.com/system-map/default.html","SOURCEDATE":1409184000000,"VAL_METHOD":"IMAGERY","VAL_DATE":1427846400000,"LINES":2,"MAX_VOLT":230,"MIN_VOLT":230,"MAX_INFER":"Y","MIN_INFER":"Y","pnode_id":51581529,"pnode_name":"DANVILLE","pnode_subtype":"AGGREGATE","match_score":84.21052631578947,"pjm_zone":"DOM"}},{"type":"Feature","id":6413,"geometry":{"type":"Point","coordinates":[-77.3790756696534,38.9660766702909]},"properties":{"OBJECTID":6413,"ID":"146791","NAME":"HEMDON","CITY":"HERNDON","STATE":"VA","ZIP":"20170","TYPE":"SUBSTATION","STATUS":"IN SERVICE","COUNTY":"FAIRFAX","COUNTYFIPS":"51059","COUNTRY":"USA","LATITUDE":38.966076670000064,"LONGITUDE":-77.37907566999996,"NAICS_CODE":"221121","NAICS_DESC":"ELECTRIC BULK POWER TRANSMISSION AND CONTROL","SOURCE":"OpenStreetMap","SOURCEDATE":1470268800000,"VAL_METHOD":"IMAGERY/OTHER","VAL_DATE":1494460800000,"LINES":0,"MAX_VOLT":-999999,"MIN_VOLT":-999999,"MAX_INFER":"N","MIN_INFER":"N","pnode_id":119117463,"pnode_name":"EDON    69 KV   EDONT_69","pnode_subtype":"LOAD","match_score":80.0,"pjm_zone":"DOM"}},{"type":"Feature","id":6418,"geometry":{"type":"Point","coordinates":[-77.2712703148635,38.907182456951]},"properties":{"OBJECTID":6418,"ID":"146796","NAME":"CLARK","CITY":"VIENNA","STATE":"VA","ZIP":"22180","TYPE":"SUBSTATION","STATUS":"IN SERVICE","COUNTY":"FAIRFAX","COUNTYFIPS":"51059","COUNTRY":"USA","LATITUDE":38.90718245700003,"LONGITUDE":-77.27127031499998,"NAICS_CODE":"221121","NAICS_DESC":"ELECTRIC BULK POWER TRANSMISSION AND CONTROL","SOURCE":"IMAGERY, OpenStreetMap","SOURCEDATE":1408665600000,"VAL_METHOD":"IMAGERY","VAL_DATE":1408665600000,"LINES":3,"MAX_VOLT":230,"MIN_VOLT":230,"MAX_INFER":"N","MIN_INFER":"N","pnode_id":32411535,"pnode_name":"HICKORYC34 KV   CLARK","pnode_subtype":"LOAD","match_score":100.0,"pjm_zone":"DOM"}},{"type":"Feature","id":6419,"geometry":{"type":"Point","coordinates":[-77.2948684860488,38.6924313780439]},"properties":{"OBJECTID":6419,"ID":"146797","NAME":"LAKERIDGE","CITY":"WOODBRIDGE","STATE":"VA","ZIP":"22192","TYPE":"SUBSTATION","STATUS":"IN SERVICE","COUNTY":"PRINCE WILLIAM","COUNTYFIPS":"51153","COUNTRY":"USA","LATITUDE":38.69243137800004,"LONGITUDE":-77.29486848599998,"NAICS_CODE":"221121","NAICS_DESC":"ELECTRIC BULK POWER TRANSMISSION AND CONTROL","SOURCE":"IMAGERY, OpenStreetMap","SOURCEDATE":1408665600000,"VAL_METHOD":"IMAGERY","VAL_DATE":1408665600000,"LINES":4,"MAX_VOLT":230,"MIN_VOLT":230,"MAX_INFER":"Y","MIN_INFER":"Y","pnode_id":5022443,"pnode_name":"WYLIERIDGE","pnode_subtype":"EHV","match_score":73.6842105263158,"pjm_zone":"DOM"}},{"type":"Feature","id":6420,"geometry":{"type":"Point","coordinates":[-77.2825090969589,38.6547450169552]},"properties":{"OBJECTID":6420,"ID":"146798","NAME":"WOODBRIDGE","CITY":"WOODBRIDGE","STATE":"VA","ZIP":"22192","TYPE":"SUBSTATION","STATUS":"IN SERVICE","COUNTY":"PRINCE WILLIAM","COUNTYFIPS":"51153","COUNTRY":"USA","LATITUDE":38.65474501700004,"LONGITUDE":-77.28250909699995,"NAICS_CODE":"221121","NAICS_DESC":"ELECTRIC BULK POWER TRANSMISSION AND CONTROL","SOURCE":"IMAGERY, OpenStreetMap","SOURCEDATE":1409011200000,"VAL_METHOD":"IMAGERY","VAL_DATE":1409011200000,"LINES":4,"MAX_VOLT":230,"MIN_VOLT":230,"MAX_INFER":"Y","MIN_INFER":"Y","pnode_id":1318632590,"pnode_name":"WOODBRIDGE CC","pnode_subtype":"AGGREGATE","match_score":86.95652173913044,"pjm_zone":"DOM"}},{"type":"Feature","id":6429,"geometry":{"type":"Point","coordinates":[-78.8764144232912,36.6977129858369]},"properties":{"OBJECTID":6429,"ID":"146906","NAME":"REEDY CREEK","CITY":"SOUTH BOSTON","STATE":"VA","ZIP":"24592","TYPE":"SUBSTATION","STATUS":"IN SERVICE","COUNTY":"HALIFAX","COUNTYFIPS":"51083","COUNTRY":"USA","LATITUDE":36.697712986000056,"LONGITUDE":-78.87641442299997,"NAICS_CODE":"221121","NAICS_DESC":"ELECTRIC BULK POWER TRANSMISSION AND CONTROL","SOURCE":"IMAGERY, http://www.pjm.com/system-map/default.html","SOURCEDATE":1405036800000,"VAL_METHOD":"IMAGERY","VAL_DATE":1427846400000,"LINES":3,"MAX_VOLT":115,"MIN_VOLT":115,"MAX_INFER":"Y","MIN_INFER":"Y","pnode_id":2156113079,"pnode_name":"REEDY   69 KV   T1","pnode_subtype":"LOAD","match_score":100.0,"pjm_zone":"DOM"}},{"type":"Feature","id":6430,"geometry":{"type":"Point","coordinates":[-78.9200933510814,36.6719655910628]},"properties":{"OBJECTID":6430,"ID":"146907","NAME":"WELCO","CITY":"SOUTH BOSTON","STATE":"VA","ZIP":"24592","TYPE":"SUBSTATION","STATUS":"IN SERVICE","COUNTY":"HALIFAX","COUNTYFIPS":"51083","COUNTRY":"USA","LATITUDE":36.67196559100006,"LONGITUDE":-78.92009335099993,"NAICS_CODE":"221121","NAICS_DESC":"ELECTRIC BULK POWER TRANSMISSION AND CONTROL","SOURCE":"IMAGERY, http://www.pjm.com/system-map/default.html","SOURCEDATE":1405036800000,"VAL_METHOD":"IMAGERY","VAL_DATE":1427846400000,"LINES":1,"MAX_VOLT":115,"MIN_VOLT":115,"MAX_INFER":"Y","MIN_INFER":"Y","pnode_id":32412997,"pnode_name":"WELCH   138 KV  T1","pnode_subtype":"LOAD","match_score":80.0,"pjm_zone":"DOM"}},{"type":"Feature","id":6433,"geometry":{"type":"Point","coordinates":[-78.9281521473767,38.4098401647819]},"properties":{"OBJECTID":6433,"ID":"146910","NAME":"DAYTON","CITY":"HARRISONBURG","STATE":"VA","ZIP":"22801","TYPE":"SUBSTATION","STATUS":"IN SERVICE","COUNTY":"ROCKINGHAM","COUNTYFIPS":"51165","COUNTRY":"USA","LATITUDE":38.40984016500005,"LONGITUDE":-78.92815214699993,"NAICS_CODE":"221121","NAICS_DESC":"ELECTRIC BULK POWER TRANSMISSION AND CONTROL","SOURCE":"IMAGERY, http://www.pjm.com/system-map/default.html","SOURCEDATE":1426204800000,"VAL_METHOD":"IMAGERY","VAL_DATE":1426636800000,"LINES":2,"MAX_VOLT":230,"MIN_VOLT":230,"MAX_INFER":"Y","MIN_INFER":"Y","pnode_id":1304122916,"pnode_name":"DAYTON GEN","pnode_subtype":"AGGREGATE","match_score":75.0,"pjm_zone":"DOM"}},{"type":"Feature","id":6438,"geometry":{"type":"Point","coordinates":[-78.9160562745839,39.4997961469158]},"properties":{"OBJECTID":6438,"ID":"146915","NAME":"BLACK OAK","CITY":"RAWLINGS","STATE":"MD","ZIP":"21557","TYPE":"SUBSTATION","STATUS":"IN SERVICE","COUNTY":"ALLEGANY","COUNTYFIPS":"24001","COUNTRY":"USA","LATITUDE":39.49979614700004,"LONGITUDE":-78.91605627499996,"NAICS_CODE":"221121","NAICS_DESC":"ELECTRIC BULK POWER TRANSMISSION AND CONTROL","SOURCE":"IMAGERY, http://www.pjm.com/pub/account/trans-fac/aepsct.xls","SOURCEDATE":1429574400000,"VAL_METHOD":"IMAGERY","VAL_DATE":1443744000000,"LINES":6,"MAX_VOLT":500,"MIN_VOLT":138,"MAX_INFER":"N","MIN_INFER":"Y","pnode_id":5022433,"pnode_name":"BLACKOAK","pnode_subtype":"EHV","match_score":94.11764705882352,"pjm_zone":"APS"}},{"type":"Feature","id":6448,"geometry":{"type":"Point","coordinates":[-78.9160814777175,40.4037505620046]},"properties":{"OBJECTID":6448,"ID":"146944","NAME":"JOHNSTOWN","CITY":"JACKSON TWP","STATE":"PA","ZIP":"15906","TYPE":"SUBSTATION","STATUS":"IN SERVICE","COUNTY":"CAMBRIA","COUNTYFIPS":"42021","COUNTRY":"USA","LATITUDE":40.40375056200003,"LONGITUDE":-78.91608147799997,"NAICS_CODE":"221121","NAICS_DESC":"ELECTRIC BULK POWER TRANSMISSION AND CONTROL","SOURCE":"OpenStreetMap","SOURCEDATE":1430784000000,"VAL_METHOD":"IMAGERY","VAL_DATE":1432684800000,"LINES":7,"MAX_VOLT":230,"MIN_VOLT":115,"MAX_INFER":"Y","MIN_INFER":"Y","pnode_id":2156109037,"pnode_name":"CONTOWN 69 KV   CONTOWN","pnode_subtype":"LOAD","match_score":75.0,"pjm_zone":"PENELEC"}},{"type":"Feature","id":6450,"geometry":{"type":"Point","coordinates":[-78.8799488627429,38.0602619676873]},"properties":{"OBJECTID":6450,"ID":"146946","NAME":"WAYNESBORO","CITY":"WAYNESBORO","STATE":"VA","ZIP":"22980","TYPE":"SUBSTATION","STATUS":"IN SERVICE","COUNTY":"WAYNESBORO","COUNTYFIPS":"51820","COUNTRY":"USA","LATITUDE":38.06026196800008,"LONGITUDE":-78.87994886299998,"NAICS_CODE":"221121","NAICS_DESC":"ELECTRIC BULK POWER TRANSMISSION AND CONTROL","SOURCE":"IMAGERY, OpenStreetMap, https://www.pjm.com/-/media/committees-groups/committees/teac/20180712/20180712-teac-reliability-analysis-update.ashx","SOURCEDATE":1426464000000,"VAL_METHOD":"IMAGERY","VAL_DATE":1552521600000,"LINES":2,"MAX_VOLT":115,"MIN_VOLT":115,"MAX_INFER":"N","MIN_INFER":"N","pnode_id":51285,"pnode_name":"WELLSBORO","pnode_subtype":"AGGREGATE","match_score":73.6842105263158,"pjm_zone":"DOM"}},{"type":"Feature","id":6452,"geometry":{"type":"Point","coordinates":[-78.9184973762999,39.4976362983096]},"properties":{"OBJECTID":6452,"ID":"146948","NAME":"BLACK OAK","CITY":"RAWLINGS","STATE":"MD","ZIP":"21557","TYPE":"SUBSTATION","STATUS":"IN SERVICE","COUNTY":"ALLEGANY","COUNTYFIPS":"24001","COUNTRY":"USA","LATITUDE":39.49763629800003,"LONGITUDE":-78.91849737599995,"NAICS_CODE":"221121","NAICS_DESC":"ELECTRIC BULK POWER TRANSMISSION AND CONTROL","SOURCE":"IMAGERY, OpenStreetMap","SOURCEDATE":1429574400000,"VAL_METHOD":"IMAGERY","VAL_DATE":1429574400000,"LINES":1,"MAX_VOLT":-999999,"MIN_VOLT":-999999,"MAX_INFER":"N","MIN_INFER":"N","pnode_id":5022433,"pnode_name":"BLACKOAK","pnode_subtype":"EHV","match_score":94.11764705882352,"pjm_zone":"APS"}},{"type":"Feature","id":6476,"geometry":{"type":"Point","coordinates":[-79.7071937561912,36.6351493361638]},"properties":{"OBJECTID":6476,"ID":"146986","NAME":"AXTON","CITY":"AXTON","STATE":"VA","ZIP":"24054","TYPE":"SUBSTATION","STATUS":"IN SERVICE","COUNTY":"HENRY","COUNTYFIPS":"51089","COUNTRY":"USA","LATITUDE":36.63514933600004,"LONGITUDE":-79.70719375599998,"NAICS_CODE":"221121","NAICS_DESC":"ELECTRIC BULK POWER TRANSMISSION AND CONTROL","SOURCE":"IMAGERY, http://www.pjm.com/system-map/default.html","SOURCEDATE":1404691200000,"VAL_METHOD":"IMAGERY","VAL_DATE":1427846400000,"LINES":4,"MAX_VOLT":-999999,"MIN_VOLT":-999999,"MAX_INFER":"Y","MIN_INFER":"Y","pnode_id":34509177,"pnode_name":"AXTON","pnode_subtype":"EHV","match_score":100.0,"pjm_zone":"AEP"}},{"type":"Feature","id":6477,"geometry":{"type":"Point","coordinates":[-79.616532321899,36.9788484070076]},"properties":{"OBJECTID":6477,"ID":"146987","NAME":"PENHOOK","CITY":"PENHOOK","STATE":"VA","ZIP":"24137","TYPE":"SUBSTATION","STATUS":"IN SERVICE","COUNTY":"FRANKLIN","COUNTYFIPS":"51067","COUNTRY":"USA","LATITUDE":36.978848407000044,"LONGITUDE":-79.61653232199996,"NAICS_CODE":"221121","NAICS_DESC":"ELECTRIC BULK POWER TRANSMISSION AND CONTROL","SOURCE":"IMAGERY, http://www.pjm.com/system-map/default.html","SOURCEDATE":1425600000000,"VAL_METHOD":"IMAGERY","VAL_DATE":1427846400000,"LINES":2,"MAX_VOLT":138,"MIN_VOLT":138,"MAX_INFER":"Y","MIN_INFER":"Y","pnode_id":32412239,"pnode_name":"PENHOOK 138 KV  T1","pnode_subtype":"LOAD","match_score":100.0,"pjm_zone":"AEP"}},{"type":"Feature","id":6478,"geometry":{"type":"Point","coordinates":[-79.6174494712613,37.1952638781941]},"properties":{"OBJECTID":6478,"ID":"146988","NAME":"MONETA","CITY":"MONETA","STATE":"VA","ZIP":"24121","TYPE":"SUBSTATION","STATUS":"IN SERVICE","COUNTY":"BEDFORD","COUNTYFIPS":"51019","COUNTRY":"USA","LATITUDE":37.19526387800005,"LONGITUDE":-79.61744947099999,"NAICS_CODE":"221121","NAICS_DESC":"ELECTRIC BULK POWER TRANSMISSION AND CONTROL","SOURCE":"IMAGERY, http://www.pjm.com/system-map/default.html","SOURCEDATE":1426032000000,"VAL_METHOD":"IMAGERY","VAL_DATE":1427846400000,"LINES":2,"MAX_VOLT":138,"MIN_VOLT":138,"MAX_INFER":"Y","MIN_INFER":"Y","pnode_id":32412011,"pnode_name":"MONETA  138 KV  T1","pnode_subtype":"LOAD","match_score":100.0,"pjm_zone":"AEP"}},{"type":"Feature","id":6479,"geometry":{"type":"Point","coordinates":[-79.5657835261603,37.3523293877344]},"properties":{"OBJECTID":6479,"ID":"146989","NAME":"MOSELEY","CITY":"BEDFORD","STATE":"VA","ZIP":"24523","TYPE":"SUBSTATION","STATUS":"IN SERVICE","COUNTY":"BEDFORD","COUNTYFIPS":"51019","COUNTRY":"USA","LATITUDE":37.352329388000044,"LONGITUDE":-79.56578352599996,"NAICS_CODE":"221121","NAICS_DESC":"ELECTRIC BULK POWER TRANSMISSION AND CONTROL","SOURCE":"IMAGERY, http://www.pjm.com/system-map/default.html","SOURCEDATE":1426118400000,"VAL_METHOD":"IMAGERY","VAL_DATE":1426204800000,"LINES":3,"MAX_VOLT":138,"MIN_VOLT":138,"MAX_INFER":"Y","MIN_INFER":"Y","pnode_id":32412031,"pnode_name":"MOSELEY 12 KV   LOAD","pnode_subtype":"LOAD","match_score":100.0,"pjm_zone":"AEP"}},{"type":"Feature","id":6495,"geometry":{"type":"Point","coordinates":[-79.6706625838779,39.9299540311978]},"properties":{"OBJECTID":6495,"ID":"147022","NAME":"TEXAS EASTERN 5","CITY":"LEMONT FURNACE","STATE":"PA","ZIP":"15456","TYPE":"SUBSTATION","STATUS":"IN SERVICE","COUNTY":"FAYETTE","COUNTYFIPS":"42051","COUNTRY":"USA","LATITUDE":39.92995403100008,"LONGITUDE":-79.67066258399996,"NAICS_CODE":"221121","NAICS_DESC":"ELECTRIC BULK POWER TRANSMISSION AND CONTROL","SOURCE":"OpenStreetMap","SOURCEDATE":1430784000000,"VAL_METHOD":"IMAGERY","VAL_DATE":1432684800000,"LINES":1,"MAX_VOLT":138,"MIN_VOLT":138,"MAX_INFER":"Y","MIN_INFER":"Y","pnode_id":48934089,"pnode_name":"TEXAS E 69 KV   TEXAS E","pnode_subtype":"LOAD","match_score":83.33333333333333,"pjm_zone":"APS"}},{"type":"Feature","id":6496,"geometry":{"type":"Point","coordinates":[-79.5959962928199,39.9950349947484]},"properties":{"OBJECTID":6496,"ID":"147023","NAME":"CONNELLSVILLE","CITY":"DUNBAR TWP","STATE":"PA","ZIP":"15425","TYPE":"SUBSTATION","STATUS":"IN SERVICE","COUNTY":"FAYETTE","COUNTYFIPS":"42051","COUNTRY":"USA","LATITUDE":39.995034995000026,"LONGITUDE":-79.59599629299998,"NAICS_CODE":"221121","NAICS_DESC":"ELECTRIC BULK POWER TRANSMISSION AND CONTROL","SOURCE":"OpenStreetMap","SOURCEDATE":1430784000000,"VAL_METHOD":"IMAGERY","VAL_DATE":1432080000000,"LINES":5,"MAX_VOLT":138,"MIN_VOLT":138,"MAX_INFER":"Y","MIN_INFER":"Y","pnode_id":35079803,"pnode_name":"CONESVILLE 4","pnode_subtype":"AGGREGATE","match_score":80.0,"pjm_zone":"APS"}},{"type":"Feature","id":6498,"geometry":{"type":"Point","coordinates":[-79.5503435857891,40.114509157278]},"properties":{"OBJECTID":6498,"ID":"147025","NAME":"IRON BRIDGE","CITY":"MT PLEASANT","STATE":"PA","ZIP":"15666","TYPE":"SUBSTATION","STATUS":"IN SERVICE","COUNTY":"WESTMORELAND","COUNTYFIPS":"42129","COUNTRY":"USA","LATITUDE":40.11450915700004,"LONGITUDE":-79.55034358599994,"NAICS_CODE":"221121","NAICS_DESC":"ELECTRIC BULK POWER TRANSMISSION AND CONTROL","SOURCE":"OpenStreetMap","SOURCEDATE":1430784000000,"VAL_METHOD":"IMAGERY","VAL_DATE":1432684800000,"LINES":4,"MAX_VOLT":138,"MIN_VOLT":138,"MAX_INFER":"Y","MIN_INFER":"Y","pnode_id":2156109316,"pnode_name":"BRIDGE  69 KV   T2","pnode_subtype":"LOAD","match_score":100.0,"pjm_zone":"APS"}},{"type":"Feature","id":6500,"geometry":{"type":"Point","coordinates":[-79.6414256759761,39.5078836651286]},"properties":{"OBJECTID":6500,"ID":"147027","NAME":"RUTHBELLE","CITY":"ALBRIGHT","STATE":"WV","ZIP":"26519","TYPE":"SUBSTATION","STATUS":"IN SERVICE","COUNTY":"PRESTON","COUNTYFIPS":"54077","COUNTRY":"USA","LATITUDE":39.507883665000065,"LONGITUDE":-79.64142567599998,"NAICS_CODE":"221121","NAICS_DESC":"ELECTRIC BULK POWER TRANSMISSION AND CONTROL","SOURCE":"IMAGERY, OpenStreetMap","SOURCEDATE":1396828800000,"VAL_METHOD":"IMAGERY","VAL_DATE":1441929600000,"LINES":2,"MAX_VOLT":138,"MIN_VOLT":138,"MAX_INFER":"Y","MIN_INFER":"Y","pnode_id":33092305,"pnode_name":"ROCHELLE","pnode_subtype":"AGGREGATE","match_score":70.58823529411764,"pjm_zone":"APS"}},{"type":"Feature","id":6501,"geometry":{"type":"Point","coordinates":[-79.7047789005529,36.6345503073513]},"properties":{"OBJECTID":6501,"ID":"147028","NAME":"AXTON","CITY":"AXTON","STATE":"VA","ZIP":"24054","TYPE":"SUBSTATION","STATUS":"IN SERVICE","COUNTY":"HENRY","COUNTYFIPS":"51089","COUNTRY":"USA","LATITUDE":36.63455030700004,"LONGITUDE":-79.70477890099994,"NAICS_CODE":"221121","NAICS_DESC":"ELECTRIC BULK POWER TRANSMISSION AND CONTROL","SOURCE":"IMAGERY, OpenStreetMap","SOURCEDATE":1404691200000,"VAL_METHOD":"IMAGERY","VAL_DATE":1404691200000,"LINES":1,"MAX_VOLT":765,"MIN_VOLT":765,"MAX_INFER":"N","MIN_INFER":"N","pnode_id":34509177,"pnode_name":"AXTON","pnode_subtype":"EHV","match_score":100.0,"pjm_zone":"AEP"}},{"type":"Feature","id":6510,"geometry":{"type":"Point","coordinates":[-76.5804688689352,36.7103220997917]},"properties":{"OBJECTID":6510,"ID":"147036","NAME":"SUFFOLK","CITY":"SUFFOLK","STATE":"VA","ZIP":"23434","TYPE":"SUBSTATION","STATUS":"IN SERVICE","COUNTY":"SUFFOLK","COUNTYFIPS":"51800","COUNTRY":"USA","LATITUDE":36.71032210000004,"LONGITUDE":-76.58046886899996,"NAICS_CODE":"221121","NAICS_DESC":"ELECTRIC BULK POWER TRANSMISSION AND CONTROL","SOURCE":"IMAGERY, http://www.pjm.com/system-map/default.html","SOURCEDATE":1405641600000,"VAL_METHOD":"IMAGERY","VAL_DATE":1427846400000,"LINES":10,"MAX_VOLT":500,"MIN_VOLT":115,"MAX_INFER":"Y","MIN_INFER":"Y","pnode_id":1356178189,"pnode_name":"SUFFOLK","pnode_subtype":"EHV","match_score":100.0,"pjm_zone":"DOM"}},{"type":"Feature","id":6511,"geometry":{"type":"Point","coordinates":[-76.3547147577645,36.7629790407291]},"properties":{"OBJECTID":6511,"ID":"147037","NAME":"YADKIN","CITY":"CHESAPEAKE","STATE":"VA","ZIP":"23323","TYPE":"SUBSTATION","STATUS":"IN SERVICE","COUNTY":"CHESAPEAKE","COUNTYFIPS":"51550","COUNTRY":"USA","LATITUDE":36.76297904100005,"LONGITUDE":-76.35471475799994,"NAICS_CODE":"221121","NAICS_DESC":"ELECTRIC BULK POWER TRANSMISSION AND CONTROL","SOURCE":"IMAGERY, http://www.pjm.com/system-map/default.html","SOURCEDATE":1405900800000,"VAL_METHOD":"IMAGERY","VAL_DATE":1427846400000,"LINES":13,"MAX_VOLT":500,"MIN_VOLT":115,"MAX_INFER":"Y","MIN_INFER":"Y","pnode_id":35010357,"pnode_name":"YADKIN","pnode_subtype":"EHV","match_score":100.0,"pjm_zone":"DOM"}},{"type":"Feature","id":6512,"geometry":{"type":"Point","coordinates":[-76.3769363461169,36.8710675648023]},"properties":{"OBJECTID":6512,"ID":"147038","NAME":"CHURCHLAND","CITY":"PORTSMOUTH","STATE":"VA","ZIP":"23703","TYPE":"SUBSTATION","STATUS":"IN SERVICE","COUNTY":"PORTSMOUTH","COUNTYFIPS":"51740","COUNTRY":"USA","LATITUDE":36.87106756500003,"LONGITUDE":-76.37693634599998,"NAICS_CODE":"221121","NAICS_DESC":"ELECTRIC BULK POWER TRANSMISSION AND CONTROL","SOURCE":"IMAGERY, http://www.pjm.com/system-map/default.html","SOURCEDATE":1405900800000,"VAL_METHOD":"IMAGERY","VAL_DATE":1427846400000,"LINES":6,"MAX_VOLT":230,"MIN_VOLT":230,"MAX_INFER":"Y","MIN_INFER":"Y","pnode_id":135681235,"pnode_name":"RICHLAND CT1","pnode_subtype":"AGGREGATE","match_score":72.72727272727273,"pjm_zone":"DOM"}},{"type":"Feature","id":6513,"geometry":{"type":"Point","coordinates":[-76.1900286666824,36.6904541572318]},"properties":{"OBJECTID":6513,"ID":"147039","NAME":"FENTRESS","CITY":"CHESAPEAKE","STATE":"VA","ZIP":"23322","TYPE":"SUBSTATION","STATUS":"IN SERVICE","COUNTY":"CHESAPEAKE","COUNTYFIPS":"51550","COUNTRY":"USA","LATITUDE":36.69045415700003,"LONGITUDE":-76.19002866699998,"NAICS_CODE":"221121","NAICS_DESC":"ELECTRIC BULK POWER TRANSMISSION AND CONTROL","SOURCE":"IMAGERY, http://www.pjm.com/system-map/default.html","SOURCEDATE":1405900800000,"VAL_METHOD":"IMAGERY","VAL_DATE":1427846400000,"LINES":7,"MAX_VOLT":500,"MIN_VOLT":115,"MAX_INFER":"Y","MIN_INFER":"N","pnode_id":35010351,"pnode_name":"FENTRESS","pnode_subtype":"EHV","match_score":100.0,"pjm_zone":"DOM"}},{"type":"Feature","id":6514,"geometry":{"type":"Point","coordinates":[-76.2369179433293,36.6436479228747]},"properties":{"OBJECTID":6514,"ID":"147040","NAME":"HICKORY","CITY":"CHESAPEAKE","STATE":"VA","ZIP":"23322","TYPE":"SUBSTATION","STATUS":"IN SERVICE","COUNTY":"CHESAPEAKE","COUNTYFIPS":"51550","COUNTRY":"USA","LATITUDE":36.64364792300006,"LONGITUDE":-76.23691794299998,"NAICS_CODE":"221121","NAICS_DESC":"ELECTRIC BULK POWER TRANSMISSION AND CONTROL","SOURCE":"IMAGERY, http://www.pjm.com/system-map/default.html","SOURCEDATE":1405900800000,"VAL_METHOD":"IMAGERY","VAL_DATE":1427846400000,"LINES":3,"MAX_VOLT":230,"MIN_VOLT":115,"MAX_INFER":"Y","MIN_INFER":"Y","pnode_id":93353777,"pnode_name":"HICKRY  138 KV  TR71","pnode_subtype":"LOAD","match_score":92.3076923076923,"pjm_zone":"DOM"}},{"type":"Feature","id":6515,"geometry":{"type":"Point","coordinates":[-76.3434602794062,36.7642975838146]},"properties":{"OBJECTID":6515,"ID":"147041","NAME":"DEEP CREEK","CITY":"CHESAPEAKE","STATE":"VA","ZIP":"23323","TYPE":"SUBSTATION","STATUS":"IN SERVICE","COUNTY":"CHESAPEAKE","COUNTYFIPS":"51550","COUNTRY":"USA","LATITUDE":36.764297584000076,"LONGITUDE":-76.34346027899994,"NAICS_CODE":"221121","NAICS_DESC":"ELECTRIC BULK POWER TRANSMISSION AND CONTROL","SOURCE":"IMAGERY, http://www.pjm.com/system-map/default.html","SOURCEDATE":1405900800000,"VAL_METHOD":"IMAGERY","VAL_DATE":1427846400000,"LINES":2,"MAX_VOLT":115,"MIN_VOLT":115,"MAX_INFER":"N","MIN_INFER":"N","pnode_id":51213,"pnode_name":"DEEP CREEK 1","pnode_subtype":"AGGREGATE","match_score":90.9090909090909,"pjm_zone":"DOM"}},{"type":"Feature","id":6529,"geometry":{"type":"Point","coordinates":[-76.2373345011097,36.909788680138]},"properties":{"OBJECTID":6529,"ID":"147055","NAME":"OAKWOOD","CITY":"NORFOLK","STATE":"VA","ZIP":"23513","TYPE":"SUBSTATION","STATUS":"IN SERVICE","COUNTY":"NORFOLK","COUNTYFIPS":"51710","COUNTRY":"USA","LATITUDE":36.90978868000008,"LONGITUDE":-76.23733450099996,"NAICS_CODE":"221121","NAICS_DESC":"ELECTRIC BULK POWER TRANSMISSION AND CONTROL","SOURCE":"IMAGERY, http://www.pjm.com/system-map/default.html","SOURCEDATE":1406246400000,"VAL_METHOD":"IMAGERY","VAL_DATE":1427846400000,"LINES":4,"MAX_VOLT":-999999,"MIN_VOLT":-999999,"MAX_INFER":"N","MIN_INFER":"N","pnode_id":2156109016,"pnode_name":"ATWOOD  69 KV   ATWOOD","pnode_subtype":"LOAD","match_score":76.92307692307692,"pjm_zone":"DOM"}},{"type":"Feature","id":6552,"geometry":{"type":"Point","coordinates":[-76.1833699980637,36.886168838798]},"properties":{"OBJECTID":6552,"ID":"147088","NAME":"DIAMOND SPRINGS","CITY":"VIRGINIA BEACH","STATE":"VA","ZIP":"23455","TYPE":"SUBSTATION","STATUS":"IN SERVICE","COUNTY":"VIRGINIA BEACH","COUNTYFIPS":"51810","COUNTRY":"USA","LATITUDE":36.88616883900005,"LONGITUDE":-76.18336999799999,"NAICS_CODE":"221121","NAICS_DESC":"ELECTRIC BULK POWER TRANSMISSION AND CONTROL","SOURCE":"OpenStreetMap, IMAGERY/OTHER","SOURCEDATE":1470268800000,"VAL_METHOD":"IMAGERY/OTHER","VAL_DATE":1551744000000,"LINES":1,"MAX_VOLT":-999999,"MIN_VOLT":-999999,"MAX_INFER":"N","MIN_INFER":"N","pnode_id":32411113,"pnode_name":"DIAMOND 138 KV  T1","pnode_subtype":"LOAD","match_score":100.0,"pjm_zone":"DOM"}},{"type":"Feature","id":6580,"geometry":{"type":"Point","coordinates":[-80.6121960426918,41.6036848669959]},"properties":{"OBJECTID":6580,"ID":"147328","NAME":"ANDOVER","CITY":"ANDOVER","STATE":"OH","ZIP":"44003","TYPE":"SUBSTATION","STATUS":"IN SERVICE","COUNTY":"ASHTABULA","COUNTYFIPS":"39007","COUNTRY":"USA","LATITUDE":41.60368486700003,"LONGITUDE":-80.61219604299998,"NAICS_CODE":"221121","NAICS_DESC":"ELECTRIC BULK POWER TRANSMISSION AND CONTROL","SOURCE":"OpenStreetMap","SOURCEDATE":1403827200000,"VAL_METHOD":"IMAGERY","VAL_DATE":1444089600000,"LINES":0,"MAX_VOLT":-999999,"MIN_VOLT":-999999,"MAX_INFER":"N","MIN_INFER":"N","pnode_id":51214,"pnode_name":"DOVER","pnode_subtype":"AGGREGATE","match_score":83.33333333333334,"pjm_zone":"FE-ATSI"}},{"type":"Feature","id":6581,"geometry":{"type":"Point","coordinates":[-79.897684185575,37.3812623318046]},"properties":{"OBJECTID":6581,"ID":"147329","NAME":"CLOVERDALE","CITY":"TROUTVILLE","STATE":"VA","ZIP":"24175","TYPE":"SUBSTATION","STATUS":"IN SERVICE","COUNTY":"BOTETOURT","COUNTYFIPS":"51023","COUNTRY":"USA","LATITUDE":37.38126233200006,"LONGITUDE":-79.89768418599994,"NAICS_CODE":"221121","NAICS_DESC":"ELECTRIC BULK POWER TRANSMISSION AND CONTROL","SOURCE":"IMAGERY, http://www.pjm.com/system-map/default.html","SOURCEDATE":1404172800000,"VAL_METHOD":"IMAGERY","VAL_DATE":1426032000000,"LINES":13,"MAX_VOLT":345,"MIN_VOLT":115,"MAX_INFER":"N","MIN_INFER":"N","pnode_id":34509183,"pnode_name":"CLOVERDALE","pnode_subtype":"EHV","match_score":100.0,"pjm_zone":"AEP"}},{"type":"Feature","id":6582,"geometry":{"type":"Point","coordinates":[-79.9699223447931,37.3612608653074]},"properties":{"OBJECTID":6582,"ID":"147330","NAME":"BURLINGTON","CITY":"ROANOKE","STATE":"VA","ZIP":"24019","TYPE":"SUBSTATION","STATUS":"IN SERVICE","COUNTY":"ROANOKE","COUNTYFIPS":"51161","COUNTRY":"USA","LATITUDE":37.36126086500008,"LONGITUDE":-79.96992234499999,"NAICS_CODE":"221121","NAICS_DESC":"ELECTRIC BULK POWER TRANSMISSION AND CONTROL","SOURCE":"IMAGERY, http://www.pjm.com/system-map/default.html","SOURCEDATE":1404259200000,"VAL_METHOD":"IMAGERY","VAL_DATE":1425513600000,"LINES":2,"MAX_VOLT":138,"MIN_VOLT":138,"MAX_INFER":"N","MIN_INFER":"N","pnode_id":113738,"pnode_name":"BURLINGTONCC","pnode_subtype":"AGGREGATE","match_score":90.9090909090909,"pjm_zone":"AEP"}},{"type":"Feature","id":6583,"geometry":{"type":"Point","coordinates":[-80.026330977776,37.3319154492518]},"properties":{"OBJECTID":6583,"ID":"147331","NAME":"CATAWBA","CITY":"ROANOKE","STATE":"VA","ZIP":"24019","TYPE":"SUBSTATION","STATUS":"IN SERVICE","COUNTY":"ROANOKE","COUNTYFIPS":"51161","COUNTRY":"USA","LATITUDE":37.331915449000064,"LONGITUDE":-80.02633097799998,"NAICS_CODE":"221121","NAICS_DESC":"ELECTRIC BULK POWER TRANSMISSION AND CONTROL","SOURCE":"IMAGERY, http://www.pjm.com/system-map/default.html","SOURCEDATE":1404259200000,"VAL_METHOD":"IMAGERY","VAL_DATE":1425513600000,"LINES":7,"MAX_VOLT":138,"MIN_VOLT":138,"MAX_INFER":"N","MIN_INFER":"N","pnode_id":32410837,"pnode_name":"CATAWBA 34 KV   MASONCRE","pnode_subtype":"LOAD","match_score":100.0,"pjm_zone":"AEP"}},{"type":"Feature","id":6584,"geometry":{"type":"Point","coordinates":[-79.9208591002429,37.2503913100563]},"properties":{"OBJECTID":6584,"ID":"147332","NAME":"ROANOKE","CITY":"ROANOKE","STATE":"VA","ZIP":"24014","TYPE":"SUBSTATION","STATUS":"IN SERVICE","COUNTY":"ROANOKE","COUNTYFIPS":"51770","COUNTRY":"USA","LATITUDE":37.250391310000055,"LONGITUDE":-79.92085909999997,"NAICS_CODE":"221121","NAICS_DESC":"ELECTRIC BULK POWER TRANSMISSION AND CONTROL","SOURCE":"IMAGERY, http://www.pjm.com/system-map/default.html","SOURCEDATE":1404259200000,"VAL_METHOD":"IMAGERY","VAL_DATE":1425513600000,"LINES":8,"MAX_VOLT":138,"MIN_VOLT":138,"MAX_INFER":"Y","MIN_INFER":"Y","pnode_id":32412391,"pnode_name":"ROANOKE 69 KV   CAMPBAVE","pnode_subtype":"LOAD","match_score":100.0,"pjm_zone":"AEP"}},{"type":"Feature","id":6585,"geometry":{"type":"Point","coordinates":[-79.9301171393576,37.3085725922065]},"properties":{"OBJECTID":6585,"ID":"147333","NAME":"BENNINGTON","CITY":"ROANOKE","STATE":"VA","ZIP":"24012","TYPE":"SUBSTATION","STATUS":"IN SERVICE","COUNTY":"ROANOKE","COUNTYFIPS":"51770","COUNTRY":"USA","LATITUDE":37.308572592000075,"LONGITUDE":-79.93011713899995,"NAICS_CODE":"221121","NAICS_DESC":"ELECTRIC BULK POWER TRANSMISSION AND CONTROL","SOURCE":"IMAGERY, http://www.pjm.com/system-map/default.html","SOURCEDATE":1404259200000,"VAL_METHOD":"IMAGERY","VAL_DATE":1425513600000,"LINES":6,"MAX_VOLT":138,"MIN_VOLT":138,"MAX_INFER":"Y","MIN_INFER":"Y","pnode_id":5022431,"pnode_name":"BEDINGTON","pnode_subtype":"EHV","match_score":84.21052631578947,"pjm_zone":"AEP"}},{"type":"Feature","id":6587,"geometry":{"type":"Point","coordinates":[-79.9872353982958,37.2117220771563]},"properties":{"OBJECTID":6587,"ID":"147335","NAME":"STARKEY","CITY":"ROANOKE","STATE":"VA","ZIP":"24018","TYPE":"SUBSTATION","STATUS":"IN SERVICE","COUNTY":"ROANOKE","COUNTYFIPS":"51161","COUNTRY":"USA","LATITUDE":37.21172207700005,"LONGITUDE":-79.98723539799994,"NAICS_CODE":"221121","NAICS_DESC":"ELECTRIC BULK POWER TRANSMISSION AND CONTROL","SOURCE":"IMAGERY, http://www.pjm.com/system-map/default.html","SOURCEDATE":1404691200000,"VAL_METHOD":"IMAGERY","VAL_DATE":1425513600000,"LINES":2,"MAX_VOLT":138,"MIN_VOLT":138,"MAX_INFER":"N","MIN_INFER":"N","pnode_id":32412685,"pnode_name":"STARKEY 138 KV  T1","pnode_subtype":"LOAD","match_score":100.0,"pjm_zone":"AEP"}},{"type":"Feature","id":6589,"geometry":{"type":"Point","coordinates":[-79.9148169373188,36.7058554981009]},"properties":{"OBJECTID":6589,"ID":"147337","NAME":"FIELDALE","CITY":"COLLINSVILLE","STATE":"VA","ZIP":"24078","TYPE":"SUBSTATION","STATUS":"IN SERVICE","COUNTY":"HENRY","COUNTYFIPS":"51089","COUNTRY":"USA","LATITUDE":36.70585549800006,"LONGITUDE":-79.91481693699996,"NAICS_CODE":"221121","NAICS_DESC":"ELECTRIC BULK POWER TRANSMISSION AND CONTROL","SOURCE":"IMAGERY, http://www.pjm.com/system-map/default.html","SOURCEDATE":1404864000000,"VAL_METHOD":"IMAGERY","VAL_DATE":1427846400000,"LINES":1,"MAX_VOLT":-999999,"MIN_VOLT":-999999,"MAX_INFER":"Y","MIN_INFER":"Y","pnode_id":50697161,"pnode_name":"FIELDALE CAD","pnode_subtype":"AGGREGATE","match_score":80.0,"pjm_zone":"AEP"}},{"type":"Feature","id":6590,"geometry":{"type":"Point","coordinates":[-80.0175127879603,36.769790229145]},"properties":{"OBJECTID":6590,"ID":"147338","NAME":"WEST BASSETT","CITY":"BASSETT","STATE":"VA","ZIP":"24055","TYPE":"SUBSTATION","STATUS":"IN SERVICE","COUNTY":"HENRY","COUNTYFIPS":"51089","COUNTRY":"USA","LATITUDE":36.76979022900008,"LONGITUDE":-80.01751278799998,"NAICS_CODE":"221121","NAICS_DESC":"ELECTRIC BULK POWER TRANSMISSION AND CONTROL","SOURCE":"IMAGERY, http://www.pjm.com/system-map/default.html","SOURCEDATE":1404950400000,"VAL_METHOD":"IMAGERY","VAL_DATE":1427846400000,"LINES":5,"MAX_VOLT":138,"MIN_VOLT":138,"MAX_INFER":"Y","MIN_INFER":"Y","pnode_id":2041958109,"pnode_name":"BASSETT 69 KV   T1","pnode_subtype":"LOAD","match_score":100.0,"pjm_zone":"AEP"}},{"type":"Feature","id":6591,"geometry":{"type":"Point","coordinates":[-79.9344562914375,36.7091254392883]},"properties":{"OBJECTID":6591,"ID":"147358","NAME":"FIELDALE","CITY":"FIELDALE","STATE":"VA","ZIP":"24089","TYPE":"SUBSTATION","STATUS":"IN SERVICE","COUNTY":"HENRY","COUNTYFIPS":"51089","COUNTRY":"USA","LATITUDE":36.70912543900005,"LONGITUDE":-79.93445629099995,"NAICS_CODE":"221121","NAICS_DESC":"ELECTRIC BULK POWER TRANSMISSION AND CONTROL","SOURCE":"IMAGERY, OpenStreetMap","SOURCEDATE":1404777600000,"VAL_METHOD":"IMAGERY","VAL_DATE":1404777600000,"LINES":11,"MAX_VOLT":138,"MIN_VOLT":138,"MAX_INFER":"Y","MIN_INFER":"Y","pnode_id":50697161,"pnode_name":"FIELDALE CAD","pnode_subtype":"AGGREGATE","match_score":80.0,"pjm_zone":"AEP"}},{"type":"Feature","id":6592,"geometry":{"type":"Point","coordinates":[-79.9990459814258,37.275608066768]},"properties":{"OBJECTID":6592,"ID":"147339","NAME":"ROANOKE ELECTRIC STEEL","CITY":"ROANOKE","STATE":"VA","ZIP":"24017","TYPE":"SUBSTATION","STATUS":"IN SERVICE","COUNTY":"ROANOKE","COUNTYFIPS":"51770","COUNTRY":"USA","LATITUDE":37.275608067000064,"LONGITUDE":-79.99904598099994,"NAICS_CODE":"221121","NAICS_DESC":"ELECTRIC BULK POWER TRANSMISSION AND CONTROL","SOURCE":"IMAGERY, http://www.pjm.com/system-map/default.html","SOURCEDATE":1424044800000,"VAL_METHOD":"IMAGERY","VAL_DATE":1425513600000,"LINES":2,"MAX_VOLT":-999999,"MIN_VOLT":-999999,"MAX_INFER":"Y","MIN_INFER":"Y","pnode_id":32412391,"pnode_name":"ROANOKE 69 KV   CAMPBAVE","pnode_subtype":"LOAD","match_score":100.0,"pjm_zone":"AEP"}},{"type":"Feature","id":6593,"geometry":{"type":"Point","coordinates":[-79.9240345064317,36.9249300557776]},"properties":{"OBJECTID":6593,"ID":"147340","NAME":"THORNTON","CITY":"FERRUM","STATE":"VA","ZIP":"24088","TYPE":"SUBSTATION","STATUS":"IN SERVICE","COUNTY":"FRANKLIN","COUNTYFIPS":"51067","COUNTRY":"USA","LATITUDE":36.92493005600005,"LONGITUDE":-79.92403450599994,"NAICS_CODE":"221121","NAICS_DESC":"ELECTRIC BULK POWER TRANSMISSION AND CONTROL","SOURCE":"IMAGERY, http://www.pjm.com/system-map/default.html","SOURCEDATE":1425513600000,"VAL_METHOD":"IMAGERY","VAL_DATE":1425513600000,"LINES":2,"MAX_VOLT":138,"MIN_VOLT":138,"MAX_INFER":"N","MIN_INFER":"N","pnode_id":1218905975,"pnode_name":"HORNMTN 69 KV   ISLDCOAL","pnode_subtype":"LOAD","match_score":80.0,"pjm_zone":"AEP"}},{"type":"Feature","id":6594,"geometry":{"type":"Point","coordinates":[-79.9182992520261,36.9834624968818]},"properties":{"OBJECTID":6594,"ID":"147341","NAME":"FRANKLIN","CITY":"ROCKY MOUNT","STATE":"VA","ZIP":"24151","TYPE":"SUBSTATION","STATUS":"IN SERVICE","COUNTY":"FRANKLIN","COUNTYFIPS":"51067","COUNTRY":"USA","LATITUDE":36.98346249700006,"LONGITUDE":-79.91829925199994,"NAICS_CODE":"221121","NAICS_DESC":"ELECTRIC BULK POWER TRANSMISSION AND CONTROL","SOURCE":"IMAGERY, http://www.pjm.com/system-map/default.html","SOURCEDATE":1425513600000,"VAL_METHOD":"IMAGERY","VAL_DATE":1425513600000,"LINES":3,"MAX_VOLT":138,"MIN_VOLT":138,"MAX_INFER":"N","MIN_INFER":"N","pnode_id":45980971,"pnode_name":"FRANKLIN BK 2","pnode_subtype":"AGGREGATE","match_score":76.19047619047619,"pjm_zone":"AEP"}},{"type":"Feature","id":6609,"geometry":{"type":"Point","coordinates":[-79.9005870599746,37.3744711661008]},"properties":{"OBJECTID":6609,"ID":"147356","NAME":"CLOVERDALE 765KV","CITY":"CLOVERDALE","STATE":"VA","ZIP":"24077","TYPE":"SUBSTATION","STATUS":"IN SERVICE","COUNTY":"BOTETOURT","COUNTYFIPS":"51023","COUNTRY":"USA","LATITUDE":37.374471166000035,"LONGITUDE":-79.90058705999996,"NAICS_CODE":"221121","NAICS_DESC":"ELECTRIC BULK POWER TRANSMISSION AND CONTROL","SOURCE":"IMAGERY, OpenStreetMap","SOURCEDATE":1404172800000,"VAL_METHOD":"IMAGERY","VAL_DATE":1404172800000,"LINES":4,"MAX_VOLT":765,"MIN_VOLT":345,"MAX_INFER":"N","MIN_INFER":"N","pnode_id":34509183,"pnode_name":"CLOVERDALE","pnode_subtype":"EHV","match_score":100.0,"pjm_zone":"AEP"}},{"type":"Feature","id":6613,"geometry":{"type":"Point","coordinates":[-80.7193020096257,36.7773011412475]},"properties":{"OBJECTID":6613,"ID":"147363","NAME":"HUFFMAN","CITY":"HILLSVILLE","STATE":"VA","ZIP":"24343","TYPE":"SUBSTATION","STATUS":"IN SERVICE","COUNTY":"CARROLL","COUNTYFIPS":"51035","COUNTRY":"USA","LATITUDE":36.777301141000066,"LONGITUDE":-80.71930200999998,"NAICS_CODE":"221121","NAICS_DESC":"ELECTRIC BULK POWER TRANSMISSION AND CONTROL","SOURCE":"IMAGERY, http://www.pjm.com/system-map/default.html","SOURCEDATE":1410739200000,"VAL_METHOD":"IMAGERY","VAL_DATE":1425427200000,"LINES":3,"MAX_VOLT":138,"MIN_VOLT":138,"MAX_INFER":"N","MIN_INFER":"N","pnode_id":32411603,"pnode_name":"HUFFMAN 138 KV  T1","pnode_subtype":"LOAD","match_score":100.0,"pjm_zone":"AEP"}},{"type":"Feature","id":6615,"geometry":{"type":"Point","coordinates":[-80.7174054477703,37.0746925498328]},"properties":{"OBJECTID":6615,"ID":"147365","NAME":"WURNO","CITY":"DUBLIN","STATE":"VA","ZIP":"24084","TYPE":"SUBSTATION","STATUS":"IN SERVICE","COUNTY":"PULASKI","COUNTYFIPS":"51155","COUNTRY":"USA","LATITUDE":37.074692550000066,"LONGITUDE":-80.71740544799997,"NAICS_CODE":"221121","NAICS_DESC":"ELECTRIC BULK POWER TRANSMISSION AND CONTROL","SOURCE":"IMAGERY, http://www.pjm.com/system-map/default.html","SOURCEDATE":1410739200000,"VAL_METHOD":"IMAGERY","VAL_DATE":1425427200000,"LINES":2,"MAX_VOLT":138,"MIN_VOLT":138,"MAX_INFER":"N","MIN_INFER":"N","pnode_id":2156110449,"pnode_name":"WURNO   138 KV  T4","pnode_subtype":"LOAD","match_score":100.0,"pjm_zone":"AEP"}},{"type":"Feature","id":6618,"geometry":{"type":"Point","coordinates":[-78.7835939798418,39.6301082420004]},"properties":{"OBJECTID":6618,"ID":"147370","NAME":"RIDGELEY","CITY":"RIDGELEY","STATE":"WV","ZIP":"26753","TYPE":"SUBSTATION","STATUS":"IN SERVICE","COUNTY":"MINERAL","COUNTYFIPS":"54057","COUNTRY":"USA","LATITUDE":39.63010824200006,"LONGITUDE":-78.78359397999998,"NAICS_CODE":"221121","NAICS_DESC":"ELECTRIC BULK POWER TRANSMISSION AND CONTROL","SOURCE":"IMAGERY, OpenStreetMap, http://www.pjm.com/pub/account/trans-fac/ap_ca.xls","SOURCEDATE":1396828800000,"VAL_METHOD":"IMAGERY","VAL_DATE":1441929600000,"LINES":8,"MAX_VOLT":138,"MIN_VOLT":138,"MAX_INFER":"Y","MIN_INFER":"Y","pnode_id":2156110484,"pnode_name":"RIDGELY 138 KV  T1","pnode_subtype":"LOAD","match_score":98.33333333333333,"pjm_zone":"APS"}},{"type":"Feature","id":6621,"geometry":{"type":"Point","coordinates":[-78.6617298031075,38.7243654207976]},"properties":{"OBJECTID":6621,"ID":"147373","NAME":"MOUNT JACKSON","CITY":"QUICKSBURG","STATE":"VA","ZIP":"22847","TYPE":"SUBSTATION","STATUS":"IN SERVICE","COUNTY":"SHENANDOAH","COUNTYFIPS":"51171","COUNTRY":"USA","LATITUDE":38.72436542100007,"LONGITUDE":-78.66172980299996,"NAICS_CODE":"221121","NAICS_DESC":"ELECTRIC BULK POWER TRANSMISSION AND CONTROL","SOURCE":"IMAGERY, http://www.pjm.com/system-map/default.html","SOURCEDATE":1426636800000,"VAL_METHOD":"IMAGERY","VAL_DATE":1426636800000,"LINES":2,"MAX_VOLT":115,"MIN_VOLT":115,"MAX_INFER":"N","MIN_INFER":"N","pnode_id":32411693,"pnode_name":"JACKSON 69 KV   LEECITY","pnode_subtype":"LOAD","match_score":100.0,"pjm_zone":"DOM"}},{"type":"Feature","id":6622,"geometry":{"type":"Point","coordinates":[-78.6719448291725,38.7470892736581]},"properties":{"OBJECTID":6622,"ID":"147374","NAME":"MOUNT JACKSON D.P.","CITY":"MOUNT JACKSON","STATE":"VA","ZIP":"22842","TYPE":"SUBSTATION","STATUS":"IN SERVICE","COUNTY":"SHENANDOAH","COUNTYFIPS":"51171","COUNTRY":"USA","LATITUDE":38.747089274000075,"LONGITUDE":-78.67194482899998,"NAICS_CODE":"221121","NAICS_DESC":"ELECTRIC BULK POWER TRANSMISSION AND CONTROL","SOURCE":"IMAGERY, http://www.pjm.com/system-map/default.html","SOURCEDATE":1426636800000,"VAL_METHOD":"IMAGERY","VAL_DATE":1426636800000,"LINES":1,"MAX_VOLT":115,"MIN_VOLT":115,"MAX_INFER":"N","MIN_INFER":"N","pnode_id":32411693,"pnode_name":"JACKSON 69 KV   LEECITY","pnode_subtype":"LOAD","match_score":100.0,"pjm_zone":"DOM"}},{"type":"Feature","id":6625,"geometry":{"type":"Point","coordinates":[-78.7310581169994,41.1199852570284]},"properties":{"OBJECTID":6625,"ID":"147377","NAME":"DUBOIS","CITY":"DUBOIS","STATE":"PA","ZIP":"15801","TYPE":"SUBSTATION","STATUS":"IN SERVICE","COUNTY":"CLEARFIELD","COUNTYFIPS":"42033","COUNTRY":"USA","LATITUDE":41.11998525700005,"LONGITUDE":-78.73105811699998,"NAICS_CODE":"221121","NAICS_DESC":"ELECTRIC BULK POWER TRANSMISSION AND CONTROL","SOURCE":"IMAGERY, ftp://www.pjm.com/planning/project-queues/impact_studies/u1051_imp.pdf","SOURCEDATE":1430956800000,"VAL_METHOD":"IMAGERY","VAL_DATE":1490832000000,"LINES":2,"MAX_VOLT":115,"MIN_VOLT":115,"MAX_INFER":"Y","MIN_INFER":"Y","pnode_id":32411131,"pnode_name":"DUBOIS2 34 KV   T2","pnode_subtype":"LOAD","match_score":92.3076923076923,"pjm_zone":"PENELEC"}},{"type":"Feature","id":6629,"geometry":{"type":"Point","coordinates":[-78.7423183993728,41.4499033516979]},"properties":{"OBJECTID":6629,"ID":"147381","NAME":"FOREST","CITY":"RIDGWAY TWP","STATE":"PA","ZIP":"15853","TYPE":"SUBSTATION","STATUS":"IN SERVICE","COUNTY":"ELK","COUNTYFIPS":"42047","COUNTRY":"USA","LATITUDE":41.449903352000035,"LONGITUDE":-78.74231839899994,"NAICS_CODE":"221121","NAICS_DESC":"ELECTRIC BULK POWER TRANSMISSION AND CONTROL","SOURCE":"OpenStreetMap","SOURCEDATE":1430784000000,"VAL_METHOD":"IMAGERY","VAL_DATE":1430956800000,"LINES":3,"MAX_VOLT":230,"MIN_VOLT":115,"MAX_INFER":"Y","MIN_INFER":"Y","pnode_id":1218905958,"pnode_name":"FOREST3 69 KV   SUPPERSA","pnode_subtype":"LOAD","match_score":92.3076923076923,"pjm_zone":"APS"}},{"type":"Feature","id":6632,"geometry":{"type":"Point","coordinates":[-78.706543680394,36.8662114317169]},"properties":{"OBJECTID":6632,"ID":"147385","NAME":"CLOVER","CITY":"RANDOLPH","STATE":"VA","ZIP":"23962","TYPE":"SUBSTATION","STATUS":"IN SERVICE","COUNTY":"HALIFAX","COUNTYFIPS":"51083","COUNTRY":"USA","LATITUDE":36.86621143200006,"LONGITUDE":-78.70654367999998,"NAICS_CODE":"221121","NAICS_DESC":"ELECTRIC BULK POWER TRANSMISSION AND CONTROL","SOURCE":"IMAGERY, http://www.pjm.com/system-map/default.html","SOURCEDATE":1405036800000,"VAL_METHOD":"IMAGERY","VAL_DATE":1427846400000,"LINES":6,"MAX_VOLT":500,"MIN_VOLT":230,"MAX_INFER":"N","MIN_INFER":"Y","pnode_id":35010343,"pnode_name":"CLOVER","pnode_subtype":"EHV","match_score":100.0,"pjm_zone":"DOM"}},{"type":"Feature","id":6634,"geometry":{"type":"Point","coordinates":[-78.8490971783207,38.1070345687096]},"properties":{"OBJECTID":6634,"ID":"147387","NAME":"DOOMS","CITY":"WAYNESBORO","STATE":"VA","ZIP":"22980","TYPE":"SUBSTATION","STATUS":"IN SERVICE","COUNTY":"AUGUSTA","COUNTYFIPS":"51015","COUNTRY":"USA","LATITUDE":38.107034569000064,"LONGITUDE":-78.84909717799997,"NAICS_CODE":"221121","NAICS_DESC":"ELECTRIC BULK POWER TRANSMISSION AND CONTROL","SOURCE":"IMAGERY, http://www.pjm.com/system-map/default.html","SOURCEDATE":1426204800000,"VAL_METHOD":"IMAGERY","VAL_DATE":1426550400000,"LINES":10,"MAX_VOLT":500,"MIN_VOLT":115,"MAX_INFER":"N","MIN_INFER":"N","pnode_id":35010379,"pnode_name":"DOOMS","pnode_subtype":"EHV","match_score":100.0,"pjm_zone":"DOM"}},{"type":"Feature","id":6635,"geometry":{"type":"Point","coordinates":[-78.8128192824084,38.2660690841848]},"properties":{"OBJECTID":6635,"ID":"147388","NAME":"GROTTOES","CITY":"GROTTOES","STATE":"VA","ZIP":"24441","TYPE":"SUBSTATION","STATUS":"IN SERVICE","COUNTY":"ROCKINGHAM","COUNTYFIPS":"51165","COUNTRY":"USA","LATITUDE":38.26606908400004,"LONGITUDE":-78.81281928199996,"NAICS_CODE":"221121","NAICS_DESC":"ELECTRIC BULK POWER TRANSMISSION AND CONTROL","SOURCE":"IMAGERY, http://www.pjm.com/system-map/default.html","SOURCEDATE":1426464000000,"VAL_METHOD":"IMAGERY","VAL_DATE":1426636800000,"LINES":3,"MAX_VOLT":230,"MIN_VOLT":115,"MAX_INFER":"N","MIN_INFER":"N","pnode_id":50697173,"pnode_name":"GROTTOES TX1","pnode_subtype":"AGGREGATE","match_score":80.0,"pjm_zone":"DOM"}},{"type":"Feature","id":6640,"geometry":{"type":"Point","coordinates":[-78.7071599112041,38.0265821230044]},"properties":{"OBJECTID":6640,"ID":"147434","NAME":"MIDWAY","CITY":"CHARLOTTESVILLE","STATE":"VA","ZIP":"22903","TYPE":"SUBSTATION","STATUS":"IN SERVICE","COUNTY":"ALBEMARLE","COUNTYFIPS":"51003","COUNTRY":"USA","LATITUDE":38.026582123000026,"LONGITUDE":-78.70715991099996,"NAICS_CODE":"221121","NAICS_DESC":"ELECTRIC BULK POWER TRANSMISSION AND CONTROL","SOURCE":"IMAGERY, OpenStreetMap","SOURCEDATE":1426464000000,"VAL_METHOD":"IMAGERY","VAL_DATE":1426464000000,"LINES":2,"MAX_VOLT":115,"MIN_VOLT":115,"MAX_INFER":"Y","MIN_INFER":"Y","pnode_id":119117953,"pnode_name":"MIDWAY2 138 KV  BK1","pnode_subtype":"LOAD","match_score":92.3076923076923,"pjm_zone":"DOM"}},{"type":"Feature","id":6643,"geometry":{"type":"Point","coordinates":[-79.0324254091145,37.5934552921439]},"properties":{"OBJECTID":6643,"ID":"147438","NAME":"BOXWOOD","CITY":"AMHERST","STATE":"VA","ZIP":"24521","TYPE":"SUBSTATION","STATUS":"IN SERVICE","COUNTY":"AMHERST","COUNTYFIPS":"51009","COUNTRY":"USA","LATITUDE":37.593455292000044,"LONGITUDE":-79.03242540899998,"NAICS_CODE":"221121","NAICS_DESC":"ELECTRIC BULK POWER TRANSMISSION AND CONTROL","SOURCE":"IMAGERY, http://www.pjm.com/system-map/default.html","SOURCEDATE":1426118400000,"VAL_METHOD":"IMAGERY","VAL_DATE":1426204800000,"LINES":3,"MAX_VOLT":138,"MIN_VOLT":138,"MAX_INFER":"N","MIN_INFER":"N","pnode_id":32410703,"pnode_name":"BOXWOOD 138 KV  T1","pnode_subtype":"LOAD","match_score":100.0,"pjm_zone":"AEP"}},{"type":"Feature","id":6644,"geometry":{"type":"Point","coordinates":[-79.1242612702665,37.4564854777316]},"properties":{"OBJECTID":6644,"ID":"147439","NAME":"MONEL","CITY":"MADISON HEIGHTS","STATE":"VA","ZIP":"24572","TYPE":"SUBSTATION","STATUS":"IN SERVICE","COUNTY":"AMHERST","COUNTYFIPS":"51009","COUNTRY":"USA","LATITUDE":37.45648547800005,"LONGITUDE":-79.12426126999998,"NAICS_CODE":"221121","NAICS_DESC":"ELECTRIC BULK POWER TRANSMISSION AND CONTROL","SOURCE":"IMAGERY, http://www.pjm.com/system-map/default.html","SOURCEDATE":1426118400000,"VAL_METHOD":"IMAGERY","VAL_DATE":1426204800000,"LINES":2,"MAX_VOLT":138,"MIN_VOLT":138,"MAX_INFER":"Y","MIN_INFER":"Y","pnode_id":32412009,"pnode_name":"MONEL   138 KV  T1","pnode_subtype":"LOAD","match_score":100.0,"pjm_zone":"AEP"}},{"type":"Feature","id":6645,"geometry":{"type":"Point","coordinates":[-79.0846177202596,37.4266325282943]},"properties":{"OBJECTID":6645,"ID":"147440","NAME":"GOMINGO","CITY":"MADISON HEIGHTS","STATE":"VA","ZIP":"24572","TYPE":"SUBSTATION","STATUS":"IN SERVICE","COUNTY":"AMHERST","COUNTYFIPS":"51009","COUNTRY":"USA","LATITUDE":37.42663252800003,"LONGITUDE":-79.08461771999998,"NAICS_CODE":"221121","NAICS_DESC":"ELECTRIC BULK POWER TRANSMISSION AND CONTROL","SOURCE":"IMAGERY, http://www.pjm.com/system-map/default.html","SOURCEDATE":1426118400000,"VAL_METHOD":"IMAGERY","VAL_DATE":1426204800000,"LINES":3,"MAX_VOLT":138,"MIN_VOLT":138,"MAX_INFER":"Y","MIN_INFER":"Y","pnode_id":32411403,"pnode_name":"GOMINGO 138 KV  T1","pnode_subtype":"LOAD","match_score":100.0,"pjm_zone":"AEP"}},{"type":"Feature","id":6646,"geometry":{"type":"Point","coordinates":[-79.0770430826648,37.4063988712508]},"properties":{"OBJECTID":6646,"ID":"147441","NAME":"JOSHUA FALLS","CITY":"MADISON HEIGHTS","STATE":"VA","ZIP":"24572","TYPE":"SUBSTATION","STATUS":"IN SERVICE","COUNTY":"AMHERST","COUNTYFIPS":"51009","COUNTRY":"USA","LATITUDE":37.40639887100008,"LONGITUDE":-79.07704308299998,"NAICS_CODE":"221121","NAICS_DESC":"ELECTRIC BULK POWER TRANSMISSION AND CONTROL","SOURCE":"IMAGERY, http://www.pjm.com/system-map/default.html","SOURCEDATE":1426118400000,"VAL_METHOD":"IMAGERY","VAL_DATE":1426204800000,"LINES":6,"MAX_VOLT":138,"MIN_VOLT":138,"MAX_INFER":"Y","MIN_INFER":"Y","pnode_id":34509199,"pnode_name":"JOSHUA FALLS","pnode_subtype":"EHV","match_score":100.0,"pjm_zone":"AEP"}},{"type":"Feature","id":6648,"geometry":{"type":"Point","coordinates":[-79.1220862333679,37.3894666623515]},"properties":{"OBJECTID":6648,"ID":"147443","NAME":"PEAKSVIEW","CITY":"LYNCHBURG","STATE":"VA","ZIP":"24501","TYPE":"SUBSTATION","STATUS":"IN SERVICE","COUNTY":"LYNCHBURG","COUNTYFIPS":"51680","COUNTRY":"USA","LATITUDE":37.389466662000075,"LONGITUDE":-79.12208623299995,"NAICS_CODE":"221121","NAICS_DESC":"ELECTRIC BULK POWER TRANSMISSION AND CONTROL","SOURCE":"IMAGERY, http://www.pjm.com/system-map/default.html","SOURCEDATE":1426118400000,"VAL_METHOD":"IMAGERY","VAL_DATE":1426204800000,"LINES":7,"MAX_VOLT":138,"MIN_VOLT":138,"MAX_INFER":"N","MIN_INFER":"N","pnode_id":32711185,"pnode_name":"PERKASIE","pnode_subtype":"AGGREGATE","match_score":70.58823529411764,"pjm_zone":"AEP"}},{"type":"Feature","id":6650,"geometry":{"type":"Point","coordinates":[-79.1062685181821,37.2771825763229]},"properties":{"OBJECTID":6650,"ID":"147445","NAME":"RUSTBURG","CITY":"RUSTBURG","STATE":"VA","ZIP":"24588","TYPE":"SUBSTATION","STATUS":"IN SERVICE","COUNTY":"CAMPBELL","COUNTYFIPS":"51031","COUNTRY":"USA","LATITUDE":37.27718257600003,"LONGITUDE":-79.10626851799998,"NAICS_CODE":"221121","NAICS_DESC":"ELECTRIC BULK POWER TRANSMISSION AND CONTROL","SOURCE":"IMAGERY, http://www.pjm.com/system-map/default.html","SOURCEDATE":1426118400000,"VAL_METHOD":"IMAGERY","VAL_DATE":1426204800000,"LINES":1,"MAX_VOLT":138,"MIN_VOLT":138,"MAX_INFER":"N","MIN_INFER":"N","pnode_id":52465,"pnode_name":"SMITHBURG","pnode_subtype":"EHV","match_score":70.58823529411764,"pjm_zone":"DOM"}},{"type":"Feature","id":6652,"geometry":{"type":"Point","coordinates":[-79.0590861248512,40.3898090771948]},"properties":{"OBJECTID":6652,"ID":"147447","NAME":"CONEMAUGH","CITY":"NEW FLORENCE","STATE":"PA","ZIP":"15944","TYPE":"SUBSTATION","STATUS":"IN SERVICE","COUNTY":"INDIANA","COUNTYFIPS":"42063","COUNTRY":"USA","LATITUDE":40.38980907700005,"LONGITUDE":-79.05908612499996,"NAICS_CODE":"221121","NAICS_DESC":"ELECTRIC BULK POWER TRANSMISSION AND CONTROL","SOURCE":"OpenStreetMap, http://www.pjm.com/markets-and-operations/transmission-service/transmission-facilities.aspx","SOURCEDATE":1430784000000,"VAL_METHOD":"IMAGERY","VAL_DATE":1443657600000,"LINES":4,"MAX_VOLT":500,"MIN_VOLT":500,"MAX_INFER":"Y","MIN_INFER":"Y","pnode_id":52450,"pnode_name":"CONEMAUGH","pnode_subtype":"EHV","match_score":100.0,"pjm_zone":"PENELEC"}},{"type":"Feature","id":6665,"geometry":{"type":"Point","coordinates":[-79.0362122652795,37.4253943937892]},"properties":{"OBJECTID":6665,"ID":"147470","NAME":"JOSHUA FALLS","CITY":"TROUTVILLE","STATE":"VA","ZIP":"24175","TYPE":"SUBSTATION","STATUS":"IN SERVICE","COUNTY":"CAMPBELL","COUNTYFIPS":"51031","COUNTRY":"USA","LATITUDE":37.42539439400008,"LONGITUDE":-79.03621226499996,"NAICS_CODE":"221121","NAICS_DESC":"ELECTRIC BULK POWER TRANSMISSION AND CONTROL","SOURCE":"IMAGERY, OpenStreetMap","SOURCEDATE":1404172800000,"VAL_METHOD":"IMAGERY","VAL_DATE":1404172800000,"LINES":4,"MAX_VOLT":765,"MIN_VOLT":138,"MAX_INFER":"N","MIN_INFER":"Y","pnode_id":34509199,"pnode_name":"JOSHUA FALLS","pnode_subtype":"EHV","match_score":100.0,"pjm_zone":"AEP"}},{"type":"Feature","id":6666,"geometry":{"type":"Point","coordinates":[-79.0661596543328,38.1478185890449]},"properties":{"OBJECTID":6666,"ID":"147472","NAME":"STAUNTON","CITY":"STAUNTON","STATE":"VA","ZIP":"24401","TYPE":"SUBSTATION","STATUS":"IN SERVICE","COUNTY":"STAUNTON","COUNTYFIPS":"51790","COUNTRY":"USA","LATITUDE":38.14781858900005,"LONGITUDE":-79.06615965399999,"NAICS_CODE":"221121","NAICS_DESC":"ELECTRIC BULK POWER TRANSMISSION AND CONTROL","SOURCE":"IMAGERY, OpenStreetMap","SOURCEDATE":1426204800000,"VAL_METHOD":"IMAGERY","VAL_DATE":1426204800000,"LINES":3,"MAX_VOLT":115,"MIN_VOLT":115,"MAX_INFER":"Y","MIN_INFER":"Y","pnode_id":1229535981,"pnode_name":"SCANTON","pnode_subtype":"AGGREGATE","match_score":80.0,"pjm_zone":"DOM"}},{"type":"Feature","id":6668,"geometry":{"type":"Point","coordinates":[-75.5830932601464,40.4818756443092]},"properties":{"OBJECTID":6668,"ID":"147474","NAME":"ALBURTIS","CITY":"MACUNGIE","STATE":"PA","ZIP":"18062","TYPE":"SUBSTATION","STATUS":"IN SERVICE","COUNTY":"LEHIGH","COUNTYFIPS":"42077","COUNTRY":"USA","LATITUDE":40.48187564400007,"LONGITUDE":-75.58309325999994,"NAICS_CODE":"221121","NAICS_DESC":"ELECTRIC BULK POWER TRANSMISSION AND CONTROL","SOURCE":"OpenStreetMap, http://www.pjm.com/markets-and-operations/transmission-service/transmission-facilities.aspx","SOURCEDATE":1430784000000,"VAL_METHOD":"IMAGERY","VAL_DATE":1443744000000,"LINES":6,"MAX_VOLT":500,"MIN_VOLT":230,"MAX_INFER":"Y","MIN_INFER":"Y","pnode_id":52443,"pnode_name":"ALBURTIS","pnode_subtype":"EHV","match_score":100.0,"pjm_zone":"PPL"}},{"type":"Feature","id":6669,"geometry":{"type":"Point","coordinates":[-75.561796139731,40.5743669951645]},"properties":{"OBJECTID":6669,"ID":"147475","NAME":"WESCOSVILLE","CITY":"ALLENTOWN","STATE":"PA","ZIP":"18106","TYPE":"SUBSTATION","STATUS":"IN SERVICE","COUNTY":"LEHIGH","COUNTYFIPS":"42077","COUNTRY":"USA","LATITUDE":40.57436699500005,"LONGITUDE":-75.56179613999996,"NAICS_CODE":"221121","NAICS_DESC":"ELECTRIC BULK POWER TRANSMISSION AND CONTROL","SOURCE":"IMAGERY, OpenStreetMap, http://www.pjm.com/markets-and-operations/transmission-service/transmission-facilities.aspx","SOURCEDATE":1430784000000,"VAL_METHOD":"IMAGERY","VAL_DATE":1443744000000,"LINES":13,"MAX_VOLT":500,"MIN_VOLT":69,"MAX_INFER":"Y","MIN_INFER":"Y","pnode_id":52470,"pnode_name":"WESCOSVL","pnode_subtype":"EHV","match_score":84.21052631578947,"pjm_zone":"PPL"}},{"type":"Feature","id":6690,"geometry":{"type":"Point","coordinates":[-76.7046991218895,40.1682823866907]},"properties":{"OBJECTID":6690,"ID":"147497","NAME":"MIDDLETOWN JUNCTION","CITY":"MIDDLETOWN","STATE":"PA","ZIP":"17057","TYPE":"SUBSTATION","STATUS":"IN SERVICE","COUNTY":"DAUPHIN","COUNTYFIPS":"42043","COUNTRY":"USA","LATITUDE":40.16828238700003,"LONGITUDE":-76.70469912199997,"NAICS_CODE":"221121","NAICS_DESC":"ELECTRIC BULK POWER TRANSMISSION AND CONTROL","SOURCE":"OpenStreetMap, ftp://www.pjm.com/planning/project-queues/arr-facilities-studies/x4038_arr-fac.pdf","SOURCEDATE":1430784000000,"VAL_METHOD":"IMAGERY","VAL_DATE":1454889600000,"LINES":19,"MAX_VOLT":230,"MIN_VOLT":115,"MAX_INFER":"Y","MIN_INFER":"Y","pnode_id":1070180950,"pnode_name":"MIDDLETOWN COKE","pnode_subtype":"AGGREGATE","match_score":76.47058823529412,"pjm_zone":"METED"}},{"type":"Feature","id":6691,"geometry":{"type":"Point","coordinates":[-76.8276848227981,40.8362411011552]},"properties":{"OBJECTID":6691,"ID":"147498","NAME":"SUNBURY","CITY":"SELINSGROVE","STATE":"PA","ZIP":"17870","TYPE":"SUBSTATION","STATUS":"IN SERVICE","COUNTY":"SNYDER","COUNTYFIPS":"42109","COUNTRY":"USA","LATITUDE":40.83624110100004,"LONGITUDE":-76.82768482299997,"NAICS_CODE":"221121","NAICS_DESC":"ELECTRIC BULK POWER TRANSMISSION AND CONTROL","SOURCE":"OpenStreetMap, http://www.pjm.com/markets-and-operations/transmission-service/transmission-facilities.aspx","SOURCEDATE":1430784000000,"VAL_METHOD":"IMAGERY","VAL_DATE":1443744000000,"LINES":18,"MAX_VOLT":500,"MIN_VOLT":69,"MAX_INFER":"N","MIN_INFER":"Y","pnode_id":52466,"pnode_name":"SUNBURY","pnode_subtype":"EHV","match_score":100.0,"pjm_zone":"PPL"}},{"type":"Feature","id":6709,"geometry":{"type":"Point","coordinates":[-76.7237563093136,40.2594849749462]},"properties":{"OBJECTID":6709,"ID":"147516","NAME":"HUMMELSTOWN","CITY":"HUMMELSTOWN","STATE":"PA","ZIP":"17036","TYPE":"SUBSTATION","STATUS":"IN SERVICE","COUNTY":"DAUPHIN","COUNTYFIPS":"42043","COUNTRY":"USA","LATITUDE":40.25948497500008,"LONGITUDE":-76.72375630899995,"NAICS_CODE":"221121","NAICS_DESC":"ELECTRIC BULK POWER TRANSMISSION AND CONTROL","SOURCE":"OpenStreetMap","SOURCEDATE":1430784000000,"VAL_METHOD":"IMAGERY","VAL_DATE":1432857600000,"LINES":12,"MAX_VOLT":230,"MIN_VOLT":69,"MAX_INFER":"Y","MIN_INFER":"Y","pnode_id":1666739203,"pnode_name":"HUMMEL","pnode_subtype":"EHV","match_score":70.58823529411764,"pjm_zone":"PPL"}},{"type":"Feature","id":6710,"geometry":{"type":"Point","coordinates":[-76.8443627188859,41.6155067231795]},"properties":{"OBJECTID":6710,"ID":"147517","NAME":"GROVER","CITY":"CANTON TWP","STATE":"PA","ZIP":"17724","TYPE":"SUBSTATION","STATUS":"IN SERVICE","COUNTY":"BRADFORD","COUNTYFIPS":"42015","COUNTRY":"USA","LATITUDE":41.61550672300007,"LONGITUDE":-76.84436271899995,"NAICS_CODE":"221121","NAICS_DESC":"ELECTRIC BULK POWER TRANSMISSION AND CONTROL","SOURCE":"OpenStreetMap","SOURCEDATE":1430784000000,"VAL_METHOD":"IMAGERY","VAL_DATE":1431302400000,"LINES":2,"MAX_VOLT":230,"MIN_VOLT":230,"MAX_INFER":"Y","MIN_INFER":"Y","pnode_id":1388606547,"pnode_name":"GARVER  21 KV   LOAD","pnode_subtype":"LOAD","match_score":83.33333333333333,"pjm_zone":"PENELEC"}},{"type":"Feature","id":6712,"geometry":{"type":"Point","coordinates":[-77.0174334602513,41.2216438509778]},"properties":{"OBJECTID":6712,"ID":"147519","NAME":"LYCOMING","CITY":"SOUTH WILLIAMSPORT","STATE":"PA","ZIP":"17702","TYPE":"SUBSTATION","STATUS":"IN SERVICE","COUNTY":"LYCOMING","COUNTYFIPS":"42081","COUNTRY":"USA","LATITUDE":41.22164385100007,"LONGITUDE":-77.01743345999995,"NAICS_CODE":"221121","NAICS_DESC":"ELECTRIC BULK POWER TRANSMISSION AND CONTROL","SOURCE":"OpenStreetMap","SOURCEDATE":1430784000000,"VAL_METHOD":"IMAGERY","VAL_DATE":1431475200000,"LINES":13,"MAX_VOLT":230,"MIN_VOLT":69,"MAX_INFER":"Y","MIN_INFER":"Y","pnode_id":34509219,"pnode_name":"WYOMING","pnode_subtype":"EHV","match_score":80.0,"pjm_zone":"PPL"}},{"type":"Feature","id":6714,"geometry":{"type":"Point","coordinates":[-77.917318371565,39.5155806840396]},"properties":{"OBJECTID":6714,"ID":"147521","NAME":"BEDINGTON","CITY":"MARTINSBURG","STATE":"WV","ZIP":"25404","TYPE":"SUBSTATION","STATUS":"IN SERVICE","COUNTY":"BERKELEY","COUNTYFIPS":"54003","COUNTRY":"USA","LATITUDE":39.51558068400004,"LONGITUDE":-77.91731837199995,"NAICS_CODE":"221121","NAICS_DESC":"ELECTRIC BULK POWER TRANSMISSION AND CONTROL","SOURCE":"IMAGERY, OpenStreetMap, http://www.pjm.com/pub/account/trans-fac/aepsct.xls","SOURCEDATE":1396828800000,"VAL_METHOD":"IMAGERY","VAL_DATE":1443744000000,"LINES":9,"MAX_VOLT":500,"MIN_VOLT":138,"MAX_INFER":"N","MIN_INFER":"Y","pnode_id":5022431,"pnode_name":"BEDINGTON","pnode_subtype":"EHV","match_score":100.0,"pjm_zone":"APS"}},{"type":"Feature","id":6718,"geometry":{"type":"Point","coordinates":[-78.2215491352764,38.1265477532085]},"properties":{"OBJECTID":6718,"ID":"147525","NAME":"GORDONSVILLE","CITY":"GORDONSVILLE","STATE":"VA","ZIP":"22942","TYPE":"SUBSTATION","STATUS":"IN SERVICE","COUNTY":"ALBEMARLE","COUNTYFIPS":"51003","COUNTRY":"USA","LATITUDE":38.12654775300007,"LONGITUDE":-78.22154913499998,"NAICS_CODE":"221121","NAICS_DESC":"ELECTRIC BULK POWER TRANSMISSION AND CONTROL","SOURCE":"IMAGERY, http://www.pjm.com/system-map/default.html","SOURCEDATE":1426550400000,"VAL_METHOD":"IMAGERY","VAL_DATE":1426636800000,"LINES":4,"MAX_VOLT":230,"MIN_VOLT":115,"MAX_INFER":"Y","MIN_INFER":"Y","pnode_id":1379245240,"pnode_name":"GRNSVIL","pnode_subtype":"EHV","match_score":73.6842105263158,"pjm_zone":"DOM"}},{"type":"Feature","id":6719,"geometry":{"type":"Point","coordinates":[-78.253405765007,39.0580609302853]},"properties":{"OBJECTID":6719,"ID":"147526","NAME":"MEADOW BROOK","CITY":"STEPHENS CITY","STATE":"VA","ZIP":"22655","TYPE":"SUBSTATION","STATUS":"IN SERVICE","COUNTY":"FREDERICK","COUNTYFIPS":"51069","COUNTRY":"USA","LATITUDE":39.05806093000007,"LONGITUDE":-78.25340576499997,"NAICS_CODE":"221121","NAICS_DESC":"ELECTRIC BULK POWER TRANSMISSION AND CONTROL","SOURCE":"IMAGERY, http://www.pjm.com/system-map/default.html","SOURCEDATE":1426550400000,"VAL_METHOD":"IMAGERY","VAL_DATE":1426636800000,"LINES":11,"MAX_VOLT":500,"MIN_VOLT":138,"MAX_INFER":"Y","MIN_INFER":"Y","pnode_id":1183223103,"pnode_name":"MEADOW  34 KV   LOAD","pnode_subtype":"LOAD","match_score":100.0,"pjm_zone":"APS"}},{"type":"Feature","id":6722,"geometry":{"type":"Point","coordinates":[-78.1774633577991,38.9685293520856]},"properties":{"OBJECTID":6722,"ID":"147529","NAME":"FRONT ROYAL","CITY":"FRONT ROYAL","STATE":"VA","ZIP":"22630","TYPE":"SUBSTATION","STATUS":"IN SERVICE","COUNTY":"WARREN","COUNTYFIPS":"51187","COUNTRY":"USA","LATITUDE":38.968529352000076,"LONGITUDE":-78.17746335799995,"NAICS_CODE":"221121","NAICS_DESC":"ELECTRIC BULK POWER TRANSMISSION AND CONTROL","SOURCE":"IMAGERY, http://www.pjm.com/system-map/default.html","SOURCEDATE":1426550400000,"VAL_METHOD":"IMAGERY","VAL_DATE":1426636800000,"LINES":2,"MAX_VOLT":500,"MIN_VOLT":500,"MAX_INFER":"Y","MIN_INFER":"Y","pnode_id":1107333036,"pnode_name":"FRONT ROYAL","pnode_subtype":"EHV","match_score":100.0,"pjm_zone":"APS"}},{"type":"Feature","id":6723,"geometry":{"type":"Point","coordinates":[-78.1349918762435,39.2119716496825]},"properties":{"OBJECTID":6723,"ID":"147530","NAME":"REDBUD","CITY":"WINCHESTER","STATE":"VA","ZIP":"22603","TYPE":"SUBSTATION","STATUS":"IN SERVICE","COUNTY":"FREDERICK","COUNTYFIPS":"51069","COUNTRY":"USA","LATITUDE":39.211971650000066,"LONGITUDE":-78.13499187599996,"NAICS_CODE":"221121","NAICS_DESC":"ELECTRIC BULK POWER TRANSMISSION AND CONTROL","SOURCE":"IMAGERY, http://www.pjm.com/system-map/default.html","SOURCEDATE":1426550400000,"VAL_METHOD":"IMAGERY","VAL_DATE":1426636800000,"LINES":2,"MAX_VOLT":138,"MIN_VOLT":138,"MAX_INFER":"N","MIN_INFER":"N","pnode_id":1123174921,"pnode_name":"REDBUSH 69 KV   LD_185","pnode_subtype":"LOAD","match_score":76.92307692307692,"pjm_zone":"APS"}},{"type":"Feature","id":6724,"geometry":{"type":"Point","coordinates":[-78.1314850267492,39.1523660929451]},"properties":{"OBJECTID":6724,"ID":"147531","NAME":"GREENWOOD","CITY":"WINCHESTER","STATE":"VA","ZIP":"22602","TYPE":"SUBSTATION","STATUS":"IN SERVICE","COUNTY":"FREDERICK","COUNTYFIPS":"51069","COUNTRY":"USA","LATITUDE":39.15236609300007,"LONGITUDE":-78.13148502699994,"NAICS_CODE":"221121","NAICS_DESC":"ELECTRIC BULK POWER TRANSMISSION AND CONTROL","SOURCE":"IMAGERY, http://www.pjm.com/system-map/default.html","SOURCEDATE":1426550400000,"VAL_METHOD":"IMAGERY","VAL_DATE":1426636800000,"LINES":2,"MAX_VOLT":138,"MIN_VOLT":138,"MAX_INFER":"N","MIN_INFER":"N","pnode_id":1388602470,"pnode_name":"REDWOOD 138 KV  T1","pnode_subtype":"LOAD","match_score":80.0,"pjm_zone":"APS"}},{"type":"Feature","id":6734,"geometry":{"type":"Point","coordinates":[-77.108031477976,39.0034335221404]},"properties":{"OBJECTID":6734,"ID":"147597","NAME":"NIH","CITY":"BETHESDA","STATE":"MD","ZIP":"20814","TYPE":"SUBSTATION","STATUS":"IN SERVICE","COUNTY":"MONTGOMERY","COUNTYFIPS":"24031","COUNTRY":"USA","LATITUDE":39.00343352200008,"LONGITUDE":-77.10803147799999,"NAICS_CODE":"221121","NAICS_DESC":"ELECTRIC BULK POWER TRANSMISSION AND CONTROL","SOURCE":"OpenStreetMap","SOURCEDATE":1470268800000,"VAL_METHOD":"IMAGERY","VAL_DATE":1494547200000,"LINES":0,"MAX_VOLT":-999999,"MIN_VOLT":-999999,"MAX_INFER":"N","MIN_INFER":"N","pnode_id":2,"pnode_name":"NI","pnode_subtype":"ZONE","match_score":80.0,"pjm_zone":"PEPCO"}},{"type":"Feature","id":6736,"geometry":{"type":"Point","coordinates":[-78.1951527353373,39.1302379971346]},"properties":{"OBJECTID":6736,"ID":"147542","NAME":"BARTONSVILLE","CITY":"WINCHESTER","STATE":"VA","ZIP":"22602","TYPE":"SUBSTATION","STATUS":"IN SERVICE","COUNTY":"FREDERICK","COUNTYFIPS":"51069","COUNTRY":"USA","LATITUDE":39.13023799700005,"LONGITUDE":-78.19515273499997,"NAICS_CODE":"221121","NAICS_DESC":"ELECTRIC BULK POWER TRANSMISSION AND CONTROL","SOURCE":"OpenStreetMap","SOURCEDATE":1470268800000,"VAL_METHOD":"IMAGERY/OTHER","VAL_DATE":1494460800000,"LINES":0,"MAX_VOLT":-999999,"MIN_VOLT":-999999,"MAX_INFER":"N","MIN_INFER":"N","pnode_id":1356178173,"pnode_name":"BRNGSVIL","pnode_subtype":"EHV","match_score":70.0,"pjm_zone":"APS"}},{"type":"Feature","id":6741,"geometry":{"type":"Point","coordinates":[-78.036096124731,40.4557666597153]},"properties":{"OBJECTID":6741,"ID":"147547","NAME":"RAYSTOWN","CITY":"HUNTINGDON","STATE":"PA","ZIP":"16652","TYPE":"SUBSTATION","STATUS":"IN SERVICE","COUNTY":"HUNTINGDON","COUNTYFIPS":"42061","COUNTRY":"USA","LATITUDE":40.45576666000005,"LONGITUDE":-78.03609612499997,"NAICS_CODE":"221121","NAICS_DESC":"ELECTRIC BULK POWER TRANSMISSION AND CONTROL","SOURCE":"OpenStreetMap","SOURCEDATE":1430784000000,"VAL_METHOD":"IMAGERY","VAL_DATE":1431475200000,"LINES":3,"MAX_VOLT":230,"MIN_VOLT":230,"MAX_INFER":"Y","MIN_INFER":"Y","pnode_id":904121,"pnode_name":"RAYSTOWN","pnode_subtype":"AGGREGATE","match_score":100.0,"pjm_zone":"PENELEC"}},{"type":"Feature","id":6747,"geometry":{"type":"Point","coordinates":[-78.1734175290158,37.7609274533479]},"properties":{"OBJECTID":6747,"ID":"147553","NAME":"COLUMBIA","CITY":"COLUMBIA","STATE":"VA","ZIP":"23038","TYPE":"SUBSTATION","STATUS":"IN SERVICE","COUNTY":"FLUVANNA","COUNTYFIPS":"51065","COUNTRY":"USA","LATITUDE":37.76092745300008,"LONGITUDE":-78.17341752899995,"NAICS_CODE":"221121","NAICS_DESC":"ELECTRIC BULK POWER TRANSMISSION AND CONTROL","SOURCE":"IMAGERY, OpenStreetMap","SOURCEDATE":1408060800000,"VAL_METHOD":"IMAGERY","VAL_DATE":1408060800000,"LINES":2,"MAX_VOLT":-999999,"MIN_VOLT":-999999,"MAX_INFER":"N","MIN_INFER":"N","pnode_id":1338423426,"pnode_name":"BOARDMAN69 KV   COLUMBIA","pnode_subtype":"LOAD","match_score":100.0,"pjm_zone":"DOM"}},{"type":"Feature","id":6749,"geometry":{"type":"Point","coordinates":[-78.0459555571824,37.8825671500103]},"properties":{"OBJECTID":6749,"ID":"147555","NAME":"SHANNON HILL","CITY":"KENTS STORE","STATE":"VA","ZIP":"23084","TYPE":"SUBSTATION","STATUS":"IN SERVICE","COUNTY":"GOOCHLAND","COUNTYFIPS":"51075","COUNTRY":"USA","LATITUDE":37.88256715000006,"LONGITUDE":-78.04595555699996,"NAICS_CODE":"221121","NAICS_DESC":"ELECTRIC BULK POWER TRANSMISSION AND CONTROL","SOURCE":"IMAGERY, OpenStreetMap","SOURCEDATE":1408060800000,"VAL_METHOD":"IMAGERY","VAL_DATE":1408060800000,"LINES":1,"MAX_VOLT":-999999,"MIN_VOLT":-999999,"MAX_INFER":"N","MIN_INFER":"N","pnode_id":2156113109,"pnode_name":"SHANNON 138 KV  OP113","pnode_subtype":"LOAD","match_score":100.0,"pjm_zone":"DOM"}},{"type":"Feature","id":6750,"geometry":{"type":"Point","coordinates":[-78.2551566066486,39.0541225098177]},"properties":{"OBJECTID":6750,"ID":"147556","NAME":"MEADOW BROOK","CITY":"MIDDLETOWN","STATE":"VA","ZIP":"22645","TYPE":"SUBSTATION","STATUS":"IN SERVICE","COUNTY":"FREDERICK","COUNTYFIPS":"51069","COUNTRY":"USA","LATITUDE":39.05412251000007,"LONGITUDE":-78.25515660699995,"NAICS_CODE":"221121","NAICS_DESC":"ELECTRIC BULK POWER TRANSMISSION AND CONTROL","SOURCE":"IMAGERY, OpenStreetMap","SOURCEDATE":1426550400000,"VAL_METHOD":"IMAGERY","VAL_DATE":1426550400000,"LINES":2,"MAX_VOLT":138,"MIN_VOLT":138,"MAX_INFER":"Y","MIN_INFER":"Y","pnode_id":1183223103,"pnode_name":"MEADOW  34 KV   LOAD","pnode_subtype":"LOAD","match_score":100.0,"pjm_zone":"APS"}},{"type":"Feature","id":6751,"geometry":{"type":"Point","coordinates":[-78.1772279111598,38.9654074792689]},"properties":{"OBJECTID":6751,"ID":"147557","NAME":"RIVERTON","CITY":"FRONT ROYAL","STATE":"VA","ZIP":"22630","TYPE":"SUBSTATION","STATUS":"IN SERVICE","COUNTY":"WARREN","COUNTYFIPS":"51187","COUNTRY":"USA","LATITUDE":38.96540747900008,"LONGITUDE":-78.17722791099999,"NAICS_CODE":"221121","NAICS_DESC":"ELECTRIC BULK POWER TRANSMISSION AND CONTROL","SOURCE":"IMAGERY, OpenStreetMap","SOURCEDATE":1426550400000,"VAL_METHOD":"IMAGERY","VAL_DATE":1426550400000,"LINES":4,"MAX_VOLT":138,"MIN_VOLT":138,"MAX_INFER":"Y","MIN_INFER":"Y","pnode_id":33097335,"pnode_name":"RIVER","pnode_subtype":"AGGREGATE","match_score":76.92307692307692,"pjm_zone":"APS"}},{"type":"Feature","id":6753,"geometry":{"type":"Point","coordinates":[-77.1585232881698,37.4373761969574]},"properties":{"OBJECTID":6753,"ID":"147559","NAME":"CHICKAHOMINY","CITY":"CHARLES CITY","STATE":"VA","ZIP":"23030","TYPE":"SUBSTATION","STATUS":"IN SERVICE","COUNTY":"CHARLES CITY","COUNTYFIPS":"51036","COUNTRY":"USA","LATITUDE":37.43737619700005,"LONGITUDE":-77.15852328799997,"NAICS_CODE":"221121","NAICS_DESC":"ELECTRIC BULK POWER TRANSMISSION AND CONTROL","SOURCE":"IMAGERY, http://www.pjm.com/system-map/default.html","SOURCEDATE":1406764800000,"VAL_METHOD":"IMAGERY","VAL_DATE":1427846400000,"LINES":10,"MAX_VOLT":500,"MIN_VOLT":230,"MAX_INFER":"N","MIN_INFER":"Y","pnode_id":35010341,"pnode_name":"CHICKAHOMINY","pnode_subtype":"EHV","match_score":100.0,"pjm_zone":"DOM"}},{"type":"Feature","id":6755,"geometry":{"type":"Point","coordinates":[-77.2374448259651,37.477259165143]},"properties":{"OBJECTID":6755,"ID":"147561","NAME":"ELKO","CITY":"SANDSTON","STATE":"VA","ZIP":"23150","TYPE":"SUBSTATION","STATUS":"IN SERVICE","COUNTY":"HENRICO","COUNTYFIPS":"51087","COUNTRY":"USA","LATITUDE":37.47725916500008,"LONGITUDE":-77.23744482599994,"NAICS_CODE":"221121","NAICS_DESC":"ELECTRIC BULK POWER TRANSMISSION AND CONTROL","SOURCE":"IMAGERY, http://www.pjm.com/system-map/default.html","SOURCEDATE":1407974400000,"VAL_METHOD":"IMAGERY","VAL_DATE":1427846400000,"LINES":4,"MAX_VOLT":230,"MIN_VOLT":230,"MAX_INFER":"N","MIN_INFER":"N","pnode_id":2156117501,"pnode_name":"ELMO    69 KV   T1","pnode_subtype":"LOAD","match_score":75.0,"pjm_zone":"DOM"}},{"type":"Feature","id":6760,"geometry":{"type":"Point","coordinates":[-77.2235611386702,38.8218652967016]},"properties":{"OBJECTID":6760,"ID":"147566","NAME":"BRADDOCK","CITY":"ANNANDALE","STATE":"VA","ZIP":"22003","TYPE":"SUBSTATION","STATUS":"IN SERVICE","COUNTY":"FAIRFAX","COUNTYFIPS":"51059","COUNTRY":"USA","LATITUDE":38.821865297000045,"LONGITUDE":-77.22356113899997,"NAICS_CODE":"221121","NAICS_DESC":"ELECTRIC BULK POWER TRANSMISSION AND CONTROL","SOURCE":"IMAGERY, http://www.pjm.com/system-map/default.html","SOURCEDATE":1408665600000,"VAL_METHOD":"IMAGERY","VAL_DATE":1427846400000,"LINES":7,"MAX_VOLT":230,"MIN_VOLT":230,"MAX_INFER":"Y","MIN_INFER":"Y","pnode_id":32947183,"pnode_name":"PADDOCK 69 KV   GENDUMMY","pnode_subtype":"EXT","match_score":80.0,"pjm_zone":"DOM"}},{"type":"Feature","id":6768,"geometry":{"type":"Point","coordinates":[-77.097826241751,38.8476908230548]},"properties":{"OBJECTID":6768,"ID":"147574","NAME":"ARLINGTON","CITY":"ARLINGTON","STATE":"VA","ZIP":"22206","TYPE":"SUBSTATION","STATUS":"IN SERVICE","COUNTY":"ARLINGTON","COUNTYFIPS":"51013","COUNTRY":"USA","LATITUDE":38.84769082300005,"LONGITUDE":-77.09782624199994,"NAICS_CODE":"221121","NAICS_DESC":"ELECTRIC BULK POWER TRANSMISSION AND CONTROL","SOURCE":"IMAGERY, https://www.alexandriava.gov/uploadedFiles/special/dominion/DVP%20Presentation%2003-23-16%20230%20kV%20Update.pdf","SOURCEDATE":1409011200000,"VAL_METHOD":"IMAGERY","VAL_DATE":1512000000000,"LINES":4,"MAX_VOLT":230,"MIN_VOLT":230,"MAX_INFER":"Y","MIN_INFER":"Y","pnode_id":2156109925,"pnode_name":"GARLING 138 KV  NSGGLASS","pnode_subtype":"LOAD","match_score":75.0,"pjm_zone":"DOM"}},{"type":"Feature","id":6772,"geometry":{"type":"Point","coordinates":[-77.0825323629534,38.8859777437326]},"properties":{"OBJECTID":6772,"ID":"147578","NAME":"RADNOR HEIGHTS","CITY":"ARLINGTON","STATE":"VA","ZIP":"22201","TYPE":"SUBSTATION","STATUS":"IN SERVICE","COUNTY":"ARLINGTON","COUNTYFIPS":"51013","COUNTRY":"USA","LATITUDE":38.88597774400006,"LONGITUDE":-77.08253236299998,"NAICS_CODE":"221121","NAICS_DESC":"ELECTRIC BULK POWER TRANSMISSION AND CONTROL","SOURCE":"IMAGERY, http://www.pjm.com/system-map/default.html","SOURCEDATE":1409184000000,"VAL_METHOD":"IMAGERY","VAL_DATE":1427846400000,"LINES":2,"MAX_VOLT":-999999,"MIN_VOLT":-999999,"MAX_INFER":"N","MIN_INFER":"N","pnode_id":2041966824,"pnode_name":"RADNOR  69 KV   T1","pnode_subtype":"LOAD","match_score":100.0,"pjm_zone":"DOM"}},{"type":"Feature","id":6774,"geometry":{"type":"Point","coordinates":[-77.1709295387748,40.4291390539832]},"properties":{"OBJECTID":6774,"ID":"147580","NAME":"JUNIATA","CITY":"CENTRE TWP","STATE":"PA","ZIP":"17068","TYPE":"SUBSTATION","STATUS":"IN SERVICE","COUNTY":"PERRY","COUNTYFIPS":"42099","COUNTRY":"USA","LATITUDE":40.429139054000075,"LONGITUDE":-77.17092953899999,"NAICS_CODE":"221121","NAICS_DESC":"ELECTRIC BULK POWER TRANSMISSION AND CONTROL","SOURCE":"OpenStreetMap, http://www.pjm.com/markets-and-operations/transmission-service/transmission-facilities.aspx","SOURCEDATE":1430784000000,"VAL_METHOD":"IMAGERY","VAL_DATE":1443657600000,"LINES":9,"MAX_VOLT":500,"MIN_VOLT":230,"MAX_INFER":"Y","MIN_INFER":"Y","pnode_id":52457,"pnode_name":"JUNIATA","pnode_subtype":"EHV","match_score":100.0,"pjm_zone":"PPL"}},{"type":"Feature","id":6783,"geometry":{"type":"Point","coordinates":[-77.2074787932764,39.0953948427989]},"properties":{"OBJECTID":6783,"ID":"147589","NAME":"HUNTING HILL","CITY":"ROCKVILLE","STATE":"MD","ZIP":"20850","TYPE":"SUBSTATION","STATUS":"IN SERVICE","COUNTY":"MONTGOMERY","COUNTYFIPS":"24031","COUNTRY":"USA","LATITUDE":39.095394843000065,"LONGITUDE":-77.20747879299995,"NAICS_CODE":"221121","NAICS_DESC":"ELECTRIC BULK POWER TRANSMISSION AND CONTROL","SOURCE":"OpenStreetMap","SOURCEDATE":1470268800000,"VAL_METHOD":"IMAGERY","VAL_DATE":1494547200000,"LINES":0,"MAX_VOLT":-999999,"MIN_VOLT":-999999,"MAX_INFER":"N","MIN_INFER":"N","pnode_id":32413025,"pnode_name":"WHUNTING69 KV   HOUDAILL","pnode_subtype":"LOAD","match_score":70.58823529411764,"pjm_zone":"PEPCO"}},{"type":"Feature","id":6786,"geometry":{"type":"Point","coordinates":[-77.1617499773815,39.117369810332]},"properties":{"OBJECTID":6786,"ID":"147592","NAME":"DERWOOD","CITY":"DERWOOD","STATE":"MD","ZIP":"20855","TYPE":"SUBSTATION","STATUS":"IN SERVICE","COUNTY":"MONTGOMERY","COUNTYFIPS":"24031","COUNTRY":"USA","LATITUDE":39.11736981000007,"LONGITUDE":-77.16174997699994,"NAICS_CODE":"221121","NAICS_DESC":"ELECTRIC BULK POWER TRANSMISSION AND CONTROL","SOURCE":"OpenStreetMap","SOURCEDATE":1470268800000,"VAL_METHOD":"IMAGERY","VAL_DATE":1494547200000,"LINES":0,"MAX_VOLT":-999999,"MIN_VOLT":-999999,"MAX_INFER":"N","MIN_INFER":"N","pnode_id":51132855,"pnode_name":"CRVWOOD","pnode_subtype":"AGGREGATE","match_score":71.42857142857143,"pjm_zone":"PEPCO"}},{"type":"Feature","id":6795,"geometry":{"type":"Point","coordinates":[-77.0844383229833,38.9573600951761]},"properties":{"OBJECTID":6795,"ID":"147602","NAME":"HARRISON","CITY":"WASHINGTON","STATE":"DC","ZIP":"20015","TYPE":"SUBSTATION","STATUS":"IN SERVICE","COUNTY":"DISTRICT OF COLUMBIA","COUNTYFIPS":"11001","COUNTRY":"USA","LATITUDE":38.95736009500007,"LONGITUDE":-77.08443832299997,"NAICS_CODE":"221121","NAICS_DESC":"ELECTRIC BULK POWER TRANSMISSION AND CONTROL","SOURCE":"OpenStreetMap","SOURCEDATE":1470268800000,"VAL_METHOD":"IMAGERY/OTHER","VAL_DATE":1494547200000,"LINES":2,"MAX_VOLT":138,"MIN_VOLT":138,"MAX_INFER":"N","MIN_INFER":"N","pnode_id":5022437,"pnode_name":"HARRISON","pnode_subtype":"EHV","match_score":100.0,"pjm_zone":"PEPCO"}},{"type":"Feature","id":6805,"geometry":{"type":"Point","coordinates":[-79.5324660300635,37.0403453812385]},"properties":{"OBJECTID":6805,"ID":"147612","NAME":"SMITH MOUNTAIN","CITY":"SANDY LEVEL","STATE":"VA","ZIP":"24161","TYPE":"SUBSTATION","STATUS":"IN SERVICE","COUNTY":"BEDFORD","COUNTYFIPS":"51019","COUNTRY":"USA","LATITUDE":37.040345381000066,"LONGITUDE":-79.53246602999997,"NAICS_CODE":"221121","NAICS_DESC":"ELECTRIC BULK POWER TRANSMISSION AND CONTROL","SOURCE":"IMAGERY, http://www.pjm.com/system-map/default.html","SOURCEDATE":1404259200000,"VAL_METHOD":"IMAGERY","VAL_DATE":1427846400000,"LINES":6,"MAX_VOLT":138,"MIN_VOLT":138,"MAX_INFER":"Y","MIN_INFER":"Y","pnode_id":977712853,"pnode_name":"SMITH MOUNT","pnode_subtype":"AGGREGATE","match_score":88.0,"pjm_zone":"AEP"}},{"type":"Feature","id":6816,"geometry":{"type":"Point","coordinates":[-79.4204190218432,37.867651029283]},"properties":{"OBJECTID":6816,"ID":"147630","NAME":"LEXINGTON","CITY":"ROCKBRIDGE BATHS","STATE":"VA","ZIP":"24473","TYPE":"SUBSTATION","STATUS":"IN SERVICE","COUNTY":"ROCKBRIDGE","COUNTYFIPS":"51163","COUNTRY":"USA","LATITUDE":37.86765102900006,"LONGITUDE":-79.42041902199998,"NAICS_CODE":"221121","NAICS_DESC":"ELECTRIC BULK POWER TRANSMISSION AND CONTROL","SOURCE":"IMAGERY, http://www.pjm.com/system-map/default.html","SOURCEDATE":1404259200000,"VAL_METHOD":"IMAGERY","VAL_DATE":1426032000000,"LINES":9,"MAX_VOLT":500,"MIN_VOLT":115,"MAX_INFER":"N","MIN_INFER":"Y","pnode_id":35010383,"pnode_name":"LEXINGTON","pnode_subtype":"EHV","match_score":100.0,"pjm_zone":"DOM"}},{"type":"Feature","id":6817,"geometry":{"type":"Point","coordinates":[-79.3964332204262,36.6151978517133]},"properties":{"OBJECTID":6817,"ID":"147631","NAME":"DANVILLE","CITY":"DANVILLE","STATE":"VA","ZIP":"24540","TYPE":"SUBSTATION","STATUS":"IN SERVICE","COUNTY":"DANVILLE","COUNTYFIPS":"51590","COUNTRY":"USA","LATITUDE":36.61519785200005,"LONGITUDE":-79.39643321999995,"NAICS_CODE":"221121","NAICS_DESC":"ELECTRIC BULK POWER TRANSMISSION AND CONTROL","SOURCE":"IMAGERY, http://www.pjm.com/system-map/default.html","SOURCEDATE":1404777600000,"VAL_METHOD":"IMAGERY","VAL_DATE":1427846400000,"LINES":10,"MAX_VOLT":138,"MIN_VOLT":69,"MAX_INFER":"Y","MIN_INFER":"Y","pnode_id":51581529,"pnode_name":"DANVILLE","pnode_subtype":"AGGREGATE","match_score":100.0,"pjm_zone":"DOM"}},{"type":"Feature","id":6819,"geometry":{"type":"Point","coordinates":[-79.4061725175814,36.7505207551828]},"properties":{"OBJECTID":6819,"ID":"147633","NAME":"BANISTER","CITY":"DRY FORK","STATE":"VA","ZIP":"24549","TYPE":"SUBSTATION","STATUS":"IN SERVICE","COUNTY":"PITTSYLVANIA","COUNTYFIPS":"51143","COUNTRY":"USA","LATITUDE":36.750520755000025,"LONGITUDE":-79.40617251799995,"NAICS_CODE":"221121","NAICS_DESC":"ELECTRIC BULK POWER TRANSMISSION AND CONTROL","SOURCE":"IMAGERY, http://www.pjm.com/system-map/default.html","SOURCEDATE":1405036800000,"VAL_METHOD":"IMAGERY","VAL_DATE":1427846400000,"LINES":2,"MAX_VOLT":138,"MIN_VOLT":138,"MAX_INFER":"Y","MIN_INFER":"Y","pnode_id":62871513,"pnode_name":"BRISTERS","pnode_subtype":"EHV","match_score":75.0,"pjm_zone":"DOM"}},{"type":"Feature","id":6832,"geometry":{"type":"Point","coordinates":[-79.4033237298468,37.0939800111178]},"properties":{"OBJECTID":6832,"ID":"147656","NAME":"LEESVILLE","CITY":"LYNCH STATION","STATE":"VA","ZIP":"24571","TYPE":"SUBSTATION","STATUS":"IN SERVICE","COUNTY":"CAMPBELL","COUNTYFIPS":"51031","COUNTRY":"USA","LATITUDE":37.09398001100004,"LONGITUDE":-79.40332372999995,"NAICS_CODE":"221121","NAICS_DESC":"ELECTRIC BULK POWER TRANSMISSION AND CONTROL","SOURCE":"OpenStreetMap","SOURCEDATE":1470268800000,"VAL_METHOD":"IMAGERY/OTHER","VAL_DATE":1494460800000,"LINES":0,"MAX_VOLT":-999999,"MIN_VOLT":-999999,"MAX_INFER":"N","MIN_INFER":"N","pnode_id":1123175816,"pnode_name":"S_VILLE 69 KV   LD_182","pnode_subtype":"LOAD","match_score":75.0,"pjm_zone":"DOM"}},{"type":"Feature","id":6838,"geometry":{"type":"Point","coordinates":[-79.0040236209149,37.0136630186514]},"properties":{"OBJECTID":6838,"ID":"147663","NAME":"PERTH","CITY":"NATHALIE","STATE":"VA","ZIP":"24577","TYPE":"SUBSTATION","STATUS":"IN SERVICE","COUNTY":"HALIFAX","COUNTYFIPS":"51083","COUNTRY":"USA","LATITUDE":37.013663019000035,"LONGITUDE":-79.00402362099999,"NAICS_CODE":"221121","NAICS_DESC":"ELECTRIC BULK POWER TRANSMISSION AND CONTROL","SOURCE":"IMAGERY, http://www.pjm.com/system-map/default.html","SOURCEDATE":1405036800000,"VAL_METHOD":"IMAGERY","VAL_DATE":1427846400000,"LINES":2,"MAX_VOLT":115,"MIN_VOLT":115,"MAX_INFER":"Y","MIN_INFER":"Y","pnode_id":2156111883,"pnode_name":"PERCH   138 KV  T1","pnode_subtype":"LOAD","match_score":80.0,"pjm_zone":"DOM"}},{"type":"Feature","id":6839,"geometry":{"type":"Point","coordinates":[-79.0121020804334,37.6949335419775]},"properties":{"OBJECTID":6839,"ID":"147664","NAME":"CLIFFORD","CITY":"MONROE","STATE":"VA","ZIP":"24574","TYPE":"SUBSTATION","STATUS":"IN SERVICE","COUNTY":"AMHERST","COUNTYFIPS":"51009","COUNTRY":"USA","LATITUDE":37.69493354200006,"LONGITUDE":-79.01210207999998,"NAICS_CODE":"221121","NAICS_DESC":"ELECTRIC BULK POWER TRANSMISSION AND CONTROL","SOURCE":"IMAGERY, http://www.pjm.com/system-map/default.html","SOURCEDATE":1426118400000,"VAL_METHOD":"IMAGERY","VAL_DATE":1426204800000,"LINES":4,"MAX_VOLT":138,"MIN_VOLT":138,"MAX_INFER":"N","MIN_INFER":"N","pnode_id":106856815,"pnode_name":"CLIFFRD 138 KV  TR71","pnode_subtype":"LOAD","match_score":98.33333333333333,"pjm_zone":"DOM"}},{"type":"Feature","id":6840,"geometry":{"type":"Point","coordinates":[-78.9708106177502,38.3143415979578]},"properties":{"OBJECTID":6840,"ID":"147665","NAME":"VALLEY","CITY":"WEYERS CAVE","STATE":"VA","ZIP":"24486","TYPE":"SUBSTATION","STATUS":"IN SERVICE","COUNTY":"AUGUSTA","COUNTYFIPS":"51015","COUNTRY":"USA","LATITUDE":38.314341598000055,"LONGITUDE":-78.97081061799997,"NAICS_CODE":"221121","NAICS_DESC":"ELECTRIC BULK POWER TRANSMISSION AND CONTROL","SOURCE":"IMAGERY, http://www.pjm.com/system-map/default.html","SOURCEDATE":1426204800000,"VAL_METHOD":"IMAGERY","VAL_DATE":1426204800000,"LINES":6,"MAX_VOLT":500,"MIN_VOLT":230,"MAX_INFER":"N","MIN_INFER":"Y","pnode_id":35010387,"pnode_name":"VALLEY","pnode_subtype":"EHV","match_score":100.0,"pjm_zone":"DOM"}},{"type":"Feature","id":6842,"geometry":{"type":"Point","coordinates":[-78.9465068459604,37.7104534543508]},"properties":{"OBJECTID":6842,"ID":"147667","NAME":"COLLEEN","CITY":"ARRINGTON","STATE":"VA","ZIP":"22922","TYPE":"SUBSTATION","STATUS":"IN SERVICE","COUNTY":"NELSON","COUNTYFIPS":"51125","COUNTRY":"USA","LATITUDE":37.71045345400006,"LONGITUDE":-78.94650684599998,"NAICS_CODE":"221121","NAICS_DESC":"ELECTRIC BULK POWER TRANSMISSION AND CONTROL","SOURCE":"IMAGERY, http://www.pjm.com/system-map/default.html","SOURCEDATE":1426464000000,"VAL_METHOD":"IMAGERY","VAL_DATE":1426550400000,"LINES":1,"MAX_VOLT":138,"MIN_VOLT":138,"MAX_INFER":"Y","MIN_INFER":"Y","pnode_id":1218904600,"pnode_name":"COLLEEN 138 KV  LOAD1","pnode_subtype":"LOAD","match_score":100.0,"pjm_zone":"DOM"}},{"type":"Feature","id":6854,"geometry":{"type":"Point","coordinates":[-79.0310817710963,40.4066357352029]},"properties":{"OBJECTID":6854,"ID":"147690","NAME":"SEWARD","CITY":"SEWARD","STATE":"PA","ZIP":"15954","TYPE":"SUBSTATION","STATUS":"IN SERVICE","COUNTY":"INDIANA","COUNTYFIPS":"42063","COUNTRY":"USA","LATITUDE":40.406635735000066,"LONGITUDE":-79.03108177099995,"NAICS_CODE":"221121","NAICS_DESC":"ELECTRIC BULK POWER TRANSMISSION AND CONTROL","SOURCE":"OpenStreetMap","SOURCEDATE":1430784000000,"VAL_METHOD":"IMAGERY","VAL_DATE":1432684800000,"LINES":9,"MAX_VOLT":230,"MIN_VOLT":115,"MAX_INFER":"Y","MIN_INFER":"Y","pnode_id":119118037,"pnode_name":"SWARD   138 KV  BK1","pnode_subtype":"LOAD","match_score":90.9090909090909,"pjm_zone":"PENELEC"}},{"type":"Feature","id":6876,"geometry":{"type":"Point","coordinates":[-86.1375787741152,41.6691733859665]},"properties":{"OBJECTID":6876,"ID":"147715","NAME":"TWIN BRANCH (345 KV)","CITY":"MISHAWAKA","STATE":"IN","ZIP":"46545","TYPE":"SUBSTATION","STATUS":"IN SERVICE","COUNTY":"ST. JOSEPH","COUNTYFIPS":"18141","COUNTRY":"USA","LATITUDE":41.66917338600007,"LONGITUDE":-86.13757877399996,"NAICS_CODE":"221121","NAICS_DESC":"ELECTRIC BULK POWER TRANSMISSION AND CONTROL","SOURCE":"IMAGERY, OpenStreetMap","SOURCEDATE":1429488000000,"VAL_METHOD":"IMAGERY","VAL_DATE":1550620800000,"LINES":7,"MAX_VOLT":345,"MIN_VOLT":138,"MAX_INFER":"N","MIN_INFER":"Y","pnode_id":44460747,"pnode_name":"WIND JC 35 KV   BANK1","pnode_subtype":"LOAD","match_score":71.7948717948718,"pjm_zone":"AEP"}},{"type":"Feature","id":6878,"geometry":{"type":"Point","coordinates":[-85.9308510731888,41.6470186668069]},"properties":{"OBJECTID":6878,"ID":"147717","NAME":"DUNLAP","CITY":"ELKHART","STATE":"IN","ZIP":"46516","TYPE":"SUBSTATION","STATUS":"IN SERVICE","COUNTY":"ELKHART","COUNTYFIPS":"18039","COUNTRY":"USA","LATITUDE":41.647018667000054,"LONGITUDE":-85.93085107299999,"NAICS_CODE":"221121","NAICS_DESC":"ELECTRIC BULK POWER TRANSMISSION AND CONTROL","SOURCE":"IMAGERY, OpenStreetMap, https://aeptransmission.com/indiana/Elkhart/docs/Elkhart_FactSheet_V8.pdf","SOURCEDATE":1429833600000,"VAL_METHOD":"IMAGERY","VAL_DATE":1550620800000,"LINES":2,"MAX_VOLT":138,"MIN_VOLT":138,"MAX_INFER":"Y","MIN_INFER":"Y","pnode_id":32411139,"pnode_name":"DUNLAP  34 KV   LUSHER","pnode_subtype":"LOAD","match_score":100.0,"pjm_zone":"AEP"}},{"type":"Feature","id":6886,"geometry":{"type":"Point","coordinates":[-86.4837720222641,41.7064782808042]},"properties":{"OBJECTID":6886,"ID":"147727","NAME":"OLIVE","CITY":"NEW CARLISLE","STATE":"IN","ZIP":"46552","TYPE":"SUBSTATION","STATUS":"IN SERVICE","COUNTY":"ST. JOSEPH","COUNTYFIPS":"18141","COUNTRY":"USA","LATITUDE":41.706478281000045,"LONGITUDE":-86.48377202199998,"NAICS_CODE":"221121","NAICS_DESC":"ELECTRIC BULK POWER TRANSMISSION AND CONTROL","SOURCE":"IMAGERY, OpenStreetMap","SOURCEDATE":1429142400000,"VAL_METHOD":"IMAGERY","VAL_DATE":1435104000000,"LINES":15,"MAX_VOLT":345,"MIN_VOLT":138,"MAX_INFER":"N","MIN_INFER":"Y","pnode_id":32412181,"pnode_name":"OLIVE   138 KV  T3","pnode_subtype":"LOAD","match_score":100.0,"pjm_zone":"AEP"}},{"type":"Feature","id":6887,"geometry":{"type":"Point","coordinates":[-82.0907174015943,36.5230436120921]},"properties":{"OBJECTID":6887,"ID":"147768","NAME":"HOLSTON DAM","CITY":"BRISTOL","STATE":"TN","ZIP":"37620","TYPE":"SUBSTATION","STATUS":"IN SERVICE","COUNTY":"SULLIVAN","COUNTYFIPS":"47163","COUNTRY":"USA","LATITUDE":36.52304361200004,"LONGITUDE":-82.09071740199994,"NAICS_CODE":"221121","NAICS_DESC":"ELECTRIC BULK POWER TRANSMISSION AND CONTROL","SOURCE":"OpenStreetMap, http://www.oatioasis.com/TVA/TVAdocs/TVA_Transmission_Map_2011_r2.pdf","SOURCEDATE":1406073600000,"VAL_METHOD":"IMAGERY","VAL_DATE":1443744000000,"LINES":5,"MAX_VOLT":69,"MIN_VOLT":69,"MAX_INFER":"Y","MIN_INFER":"Y","pnode_id":32411577,"pnode_name":"HOLSTON 138 KV  T1","pnode_subtype":"LOAD","match_score":100.0,"pjm_zone":"AEP"}},{"type":"Feature","id":6897,"geometry":{"type":"Point","coordinates":[-82.2795138329311,36.4421848557306]},"properties":{"OBJECTID":6897,"ID":"147783","NAME":"SULLIVAN","CITY":"BLUFF CITY","STATE":"TN","ZIP":"37618","TYPE":"SUBSTATION","STATUS":"IN SERVICE","COUNTY":"SULLIVAN","COUNTYFIPS":"47163","COUNTRY":"USA","LATITUDE":36.44218485600004,"LONGITUDE":-82.27951383299995,"NAICS_CODE":"221121","NAICS_DESC":"ELECTRIC BULK POWER TRANSMISSION AND CONTROL","SOURCE":"OpenStreetMap, http://www.oatioasis.com/TVA/TVAdocs/TVA_Transmission_Map_2011_r2.pdf","SOURCEDATE":1406073600000,"VAL_METHOD":"IMAGERY","VAL_DATE":1443744000000,"LINES":13,"MAX_VOLT":500,"MIN_VOLT":138,"MAX_INFER":"N","MIN_INFER":"Y","pnode_id":6470135,"pnode_name":"SULLIVAN","pnode_subtype":"AGGREGATE","match_score":100.0,"pjm_zone":"AEP"}},{"type":"Feature","id":6900,"geometry":{"type":"Point","coordinates":[-82.6098913897985,38.1813687613378]},"properties":{"OBJECTID":6900,"ID":"147787","NAME":"BAKER","CITY":"LOUISA","STATE":"KY","ZIP":"41230","TYPE":"SUBSTATION","STATUS":"IN SERVICE","COUNTY":"LAWRENCE","COUNTYFIPS":"21127","COUNTRY":"USA","LATITUDE":38.181368761000044,"LONGITUDE":-82.60989138999997,"NAICS_CODE":"221121","NAICS_DESC":"ELECTRIC BULK POWER TRANSMISSION AND CONTROL","SOURCE":"IMAGERY, http://www.pjm.com/pub/account/trans-fac/aepsct.xls","SOURCEDATE":1425859200000,"VAL_METHOD":"IMAGERY","VAL_DATE":1508371200000,"LINES":8,"MAX_VOLT":765,"MIN_VOLT":138,"MAX_INFER":"N","MIN_INFER":"Y","pnode_id":34509179,"pnode_name":"BAKER","pnode_subtype":"EHV","match_score":100.0,"pjm_zone":"AEP"}},{"type":"Feature","id":6902,"geometry":{"type":"Point","coordinates":[-80.0230544078115,37.2674464216686]},"properties":{"OBJECTID":6902,"ID":"147789","NAME":"HANCOCK","CITY":"SALEM","STATE":"VA","ZIP":"24153","TYPE":"SUBSTATION","STATUS":"IN SERVICE","COUNTY":"SALEM","COUNTYFIPS":"51775","COUNTRY":"USA","LATITUDE":37.267446422000035,"LONGITUDE":-80.02305440799995,"NAICS_CODE":"221121","NAICS_DESC":"ELECTRIC BULK POWER TRANSMISSION AND CONTROL","SOURCE":"IMAGERY, http://www.pjm.com/system-map/default.html","SOURCEDATE":1404691200000,"VAL_METHOD":"IMAGERY","VAL_DATE":1425513600000,"LINES":8,"MAX_VOLT":138,"MIN_VOLT":138,"MAX_INFER":"N","MIN_INFER":"N","pnode_id":32411469,"pnode_name":"HANCOCK 34 KV   GE1","pnode_subtype":"LOAD","match_score":100.0,"pjm_zone":"AEP"}},{"type":"Feature","id":6903,"geometry":{"type":"Point","coordinates":[-80.1194668053487,37.178367903216]},"properties":{"OBJECTID":6903,"ID":"147790","NAME":"BENT MOUNTAIN","CITY":"BENT MOUNTAIN","STATE":"VA","ZIP":"24059","TYPE":"SUBSTATION","STATUS":"IN SERVICE","COUNTY":"ROANOKE","COUNTYFIPS":"51161","COUNTRY":"USA","LATITUDE":37.17836790300004,"LONGITUDE":-80.11946680499994,"NAICS_CODE":"221121","NAICS_DESC":"ELECTRIC BULK POWER TRANSMISSION AND CONTROL","SOURCE":"IMAGERY, http://www.pjm.com/system-map/default.html","SOURCEDATE":1404691200000,"VAL_METHOD":"IMAGERY","VAL_DATE":1425513600000,"LINES":2,"MAX_VOLT":138,"MIN_VOLT":138,"MAX_INFER":"N","MIN_INFER":"N","pnode_id":51242,"pnode_name":"MOUNTAIN CT 1","pnode_subtype":"AGGREGATE","match_score":76.92307692307692,"pjm_zone":"AEP"}},{"type":"Feature","id":6906,"geometry":{"type":"Point","coordinates":[-80.265553386271,37.147595370077]},"properties":{"OBJECTID":6906,"ID":"147793","NAME":"SHAWSVILLE","CITY":"SHAWSVILLE","STATE":"VA","ZIP":"24162","TYPE":"SUBSTATION","STATUS":"IN SERVICE","COUNTY":"MONTGOMERY","COUNTYFIPS":"51121","COUNTRY":"USA","LATITUDE":37.14759537000003,"LONGITUDE":-80.26555338599997,"NAICS_CODE":"221121","NAICS_DESC":"ELECTRIC BULK POWER TRANSMISSION AND CONTROL","SOURCE":"IMAGERY, http://www.pjm.com/system-map/default.html","SOURCEDATE":1425427200000,"VAL_METHOD":"IMAGERY","VAL_DATE":1425427200000,"LINES":2,"MAX_VOLT":138,"MIN_VOLT":138,"MAX_INFER":"N","MIN_INFER":"N","pnode_id":51258,"pnode_name":"SHAWVILLE 1","pnode_subtype":"AGGREGATE","match_score":85.71428571428572,"pjm_zone":"AEP"}},{"type":"Feature","id":6907,"geometry":{"type":"Point","coordinates":[-80.1775399096535,37.2369088202644]},"properties":{"OBJECTID":6907,"ID":"147794","NAME":"KUMIS","CITY":"SALEM","STATE":"VA","ZIP":"24153","TYPE":"SUBSTATION","STATUS":"IN SERVICE","COUNTY":"ROANOKE","COUNTYFIPS":"51161","COUNTRY":"USA","LATITUDE":37.23690882000005,"LONGITUDE":-80.17753990999995,"NAICS_CODE":"221121","NAICS_DESC":"ELECTRIC BULK POWER TRANSMISSION AND CONTROL","SOURCE":"IMAGERY, http://www.pjm.com/system-map/default.html","SOURCEDATE":1425513600000,"VAL_METHOD":"IMAGERY","VAL_DATE":1425513600000,"LINES":1,"MAX_VOLT":138,"MIN_VOLT":138,"MAX_INFER":"N","MIN_INFER":"N","pnode_id":32411769,"pnode_name":"KUMIS   138 KV  T1","pnode_subtype":"LOAD","match_score":100.0,"pjm_zone":"AEP"}},{"type":"Feature","id":6911,"geometry":{"type":"Point","coordinates":[-80.015178442931,37.4600821133266]},"properties":{"OBJECTID":6911,"ID":"147805","NAME":"MT. UNION","CITY":"TROUTVILLE","STATE":"VA","ZIP":"24175","TYPE":"SUBSTATION","STATUS":"IN SERVICE","COUNTY":"BOTETOURT","COUNTYFIPS":"51023","COUNTRY":"USA","LATITUDE":37.460082113000055,"LONGITUDE":-80.01517844299997,"NAICS_CODE":"221121","NAICS_DESC":"ELECTRIC BULK POWER TRANSMISSION AND CONTROL","SOURCE":"OpenStreetMap","SOURCEDATE":1470268800000,"VAL_METHOD":"IMAGERY/OTHER","VAL_DATE":1588291200000,"LINES":0,"MAX_VOLT":-999999,"MIN_VOLT":-999999,"MAX_INFER":"N","MIN_INFER":"N","pnode_id":2155501899,"pnode_name":"MTUNION 69 KV   T2","pnode_subtype":"LOAD","match_score":87.5,"pjm_zone":"AEP"}},{"type":"Feature","id":6912,"geometry":{"type":"Point","coordinates":[-80.0271706815811,36.7760714612017]},"properties":{"OBJECTID":6912,"ID":"147807","NAME":"PHILPOTT","CITY":"BASSETT","STATE":"VA","ZIP":"24055","TYPE":"SUBSTATION","STATUS":"IN SERVICE","COUNTY":"HENRY","COUNTYFIPS":"51089","COUNTRY":"USA","LATITUDE":36.77607146100007,"LONGITUDE":-80.02717068199996,"NAICS_CODE":"221121","NAICS_DESC":"ELECTRIC BULK POWER TRANSMISSION AND CONTROL","SOURCE":"IMAGERY, OpenStreetMap","SOURCEDATE":1425600000000,"VAL_METHOD":"IMAGERY","VAL_DATE":1425600000000,"LINES":3,"MAX_VOLT":138,"MIN_VOLT":138,"MAX_INFER":"Y","MIN_INFER":"Y","pnode_id":1388603361,"pnode_name":"PHILO   138 KV  WPHILO","pnode_subtype":"LOAD","match_score":81.92307692307692,"pjm_zone":"AEP"}},{"type":"Feature","id":6919,"geometry":{"type":"Point","coordinates":[-77.4074761570925,37.3889658491819]},"properties":{"OBJECTID":6919,"ID":"147821","NAME":"REYMET","CITY":"RICHMOND","STATE":"VA","ZIP":"23237","TYPE":"SUBSTATION","STATUS":"IN SERVICE","COUNTY":"CHESTERFIELD","COUNTYFIPS":"51041","COUNTRY":"USA","LATITUDE":37.388965849000044,"LONGITUDE":-77.40747615699996,"NAICS_CODE":"221121","NAICS_DESC":"ELECTRIC BULK POWER TRANSMISSION AND CONTROL","SOURCE":"IMAGERY, http://www.pjm.com/system-map/default.html","SOURCEDATE":1407110400000,"VAL_METHOD":"IMAGERY","VAL_DATE":1427846400000,"LINES":2,"MAX_VOLT":115,"MIN_VOLT":115,"MAX_INFER":"Y","MIN_INFER":"Y","pnode_id":33405837,"pnode_name":"ORMET","pnode_subtype":"AGGREGATE","match_score":72.72727272727273,"pjm_zone":"DOM"}},{"type":"Feature","id":6920,"geometry":{"type":"Point","coordinates":[-77.3825982576315,37.3818034330874]},"properties":{"OBJECTID":6920,"ID":"147822","NAME":"CHESTERFIELD","CITY":"CHESTER","STATE":"VA","ZIP":"23836","TYPE":"SUBSTATION","STATUS":"IN SERVICE","COUNTY":"CHESTERFIELD","COUNTYFIPS":"51041","COUNTRY":"USA","LATITUDE":37.38180343300007,"LONGITUDE":-77.38259825799997,"NAICS_CODE":"221121","NAICS_DESC":"ELECTRIC BULK POWER TRANSMISSION AND CONTROL","SOURCE":"IMAGERY, http://www.pjm.com/system-map/default.html","SOURCEDATE":1407110400000,"VAL_METHOD":"IMAGERY","VAL_DATE":1427846400000,"LINES":14,"MAX_VOLT":230,"MIN_VOLT":115,"MAX_INFER":"Y","MIN_INFER":"Y","pnode_id":41018269,"pnode_name":"VP CHESTERFIELD 7 CC","pnode_subtype":"AGGREGATE","match_score":75.0,"pjm_zone":"DOM"}},{"type":"Feature","id":6921,"geometry":{"type":"Point","coordinates":[-77.3871918081082,37.3811966709556]},"properties":{"OBJECTID":6921,"ID":"147823","NAME":"CHESTERFIELD","CITY":"CHESTER","STATE":"VA","ZIP":"23836","TYPE":"SUBSTATION","STATUS":"IN SERVICE","COUNTY":"CHESTERFIELD","COUNTYFIPS":"51041","COUNTRY":"USA","LATITUDE":37.381196671000055,"LONGITUDE":-77.38719180799995,"NAICS_CODE":"221121","NAICS_DESC":"ELECTRIC BULK POWER TRANSMISSION AND CONTROL","SOURCE":"IMAGERY, http://www.pjm.com/system-map/default.html","SOURCEDATE":1407110400000,"VAL_METHOD":"IMAGERY","VAL_DATE":1427846400000,"LINES":14,"MAX_VOLT":230,"MIN_VOLT":115,"MAX_INFER":"Y","MIN_INFER":"Y","pnode_id":41018269,"pnode_name":"VP CHESTERFIELD 7 CC","pnode_subtype":"AGGREGATE","match_score":75.0,"pjm_zone":"DOM"}},{"type":"Feature","id":6922,"geometry":{"type":"Point","coordinates":[-77.3852477882564,37.3815089752712]},"properties":{"OBJECTID":6922,"ID":"147824","NAME":"CHESTERFIELD","CITY":"CHESTER","STATE":"VA","ZIP":"23836","TYPE":"SUBSTATION","STATUS":"IN SERVICE","COUNTY":"CHESTERFIELD","COUNTYFIPS":"51041","COUNTRY":"USA","LATITUDE":37.38150897500003,"LONGITUDE":-77.38524778799996,"NAICS_CODE":"221121","NAICS_DESC":"ELECTRIC BULK POWER TRANSMISSION AND CONTROL","SOURCE":"IMAGERY, http://www.pjm.com/system-map/default.html","SOURCEDATE":1407110400000,"VAL_METHOD":"IMAGERY","VAL_DATE":1427846400000,"LINES":2,"MAX_VOLT":230,"MIN_VOLT":230,"MAX_INFER":"N","MIN_INFER":"N","pnode_id":41018269,"pnode_name":"VP CHESTERFIELD 7 CC","pnode_subtype":"AGGREGATE","match_score":75.0,"pjm_zone":"DOM"}},{"type":"Feature","id":6924,"geometry":{"type":"Point","coordinates":[-77.448358853982,37.5557323487303]},"properties":{"OBJECTID":6924,"ID":"147826","NAME":"CARVER","CITY":"RICHMOND","STATE":"VA","ZIP":"23220","TYPE":"SUBSTATION","STATUS":"IN SERVICE","COUNTY":"RICHMOND","COUNTYFIPS":"51760","COUNTRY":"USA","LATITUDE":37.55573234900004,"LONGITUDE":-77.44835885399993,"NAICS_CODE":"221121","NAICS_DESC":"ELECTRIC BULK POWER TRANSMISSION AND CONTROL","SOURCE":"IMAGERY, http://www.pjm.com/system-map/default.html","SOURCEDATE":1407283200000,"VAL_METHOD":"IMAGERY","VAL_DATE":1427846400000,"LINES":2,"MAX_VOLT":-999999,"MIN_VOLT":-999999,"MAX_INFER":"Y","MIN_INFER":"Y","pnode_id":1388606547,"pnode_name":"GARVER  21 KV   LOAD","pnode_subtype":"LOAD","match_score":83.33333333333333,"pjm_zone":"DOM"}},{"type":"Feature","id":6928,"geometry":{"type":"Point","coordinates":[-77.438457763956,37.4532713812582]},"properties":{"OBJECTID":6928,"ID":"147830","NAME":"DUPONT","CITY":"RICHMOND","STATE":"VA","ZIP":"23234","TYPE":"SUBSTATION","STATUS":"IN SERVICE","COUNTY":"CHESTERFIELD","COUNTYFIPS":"51041","COUNTRY":"USA","LATITUDE":37.453271381000036,"LONGITUDE":-77.43845776399996,"NAICS_CODE":"221121","NAICS_DESC":"ELECTRIC BULK POWER TRANSMISSION AND CONTROL","SOURCE":"IMAGERY, http://www.pjm.com/system-map/default.html","SOURCEDATE":1407283200000,"VAL_METHOD":"IMAGERY","VAL_DATE":1427846400000,"LINES":2,"MAX_VOLT":-999999,"MIN_VOLT":-999999,"MAX_INFER":"Y","MIN_INFER":"Y","pnode_id":32411251,"pnode_name":"FIELDALE69 KV   DUPONT","pnode_subtype":"LOAD","match_score":100.0,"pjm_zone":"DOM"}},{"type":"Feature","id":6931,"geometry":{"type":"Point","coordinates":[-77.3952390906965,37.3510909402513]},"properties":{"OBJECTID":6931,"ID":"147833","NAME":"TYLER","CITY":"CHESTER","STATE":"VA","ZIP":"23836","TYPE":"SUBSTATION","STATUS":"IN SERVICE","COUNTY":"CHESTERFIELD","COUNTYFIPS":"51041","COUNTRY":"USA","LATITUDE":37.35109094000006,"LONGITUDE":-77.39523909099995,"NAICS_CODE":"221121","NAICS_DESC":"ELECTRIC BULK POWER TRANSMISSION AND CONTROL","SOURCE":"IMAGERY, http://www.pjm.com/system-map/default.html","SOURCEDATE":1407369600000,"VAL_METHOD":"IMAGERY","VAL_DATE":1427846400000,"LINES":6,"MAX_VOLT":230,"MIN_VOLT":230,"MAX_INFER":"Y","MIN_INFER":"Y","pnode_id":1123174973,"pnode_name":"TYNER   69 KV   LD_1813","pnode_subtype":"LOAD","match_score":80.0,"pjm_zone":"DOM"}},{"type":"Feature","id":6933,"geometry":{"type":"Point","coordinates":[-77.2810965833112,37.3362701828901]},"properties":{"OBJECTID":6933,"ID":"147835","NAME":"ALPINE","CITY":"CHESTER","STATE":"VA","ZIP":"23836","TYPE":"SUBSTATION","STATUS":"IN SERVICE","COUNTY":"CHESTERFIELD","COUNTYFIPS":"51041","COUNTRY":"USA","LATITUDE":37.33627018300007,"LONGITUDE":-77.28109658299996,"NAICS_CODE":"221121","NAICS_DESC":"ELECTRIC BULK POWER TRANSMISSION AND CONTROL","SOURCE":"IMAGERY, http://www.pjm.com/system-map/default.html","SOURCEDATE":1407456000000,"VAL_METHOD":"IMAGERY","VAL_DATE":1427846400000,"LINES":3,"MAX_VOLT":230,"MIN_VOLT":230,"MAX_INFER":"Y","MIN_INFER":"Y","pnode_id":2156117885,"pnode_name":"WWILMONT69 KV   ALPINE","pnode_subtype":"LOAD","match_score":100.0,"pjm_zone":"DOM"}},{"type":"Feature","id":6938,"geometry":{"type":"Point","coordinates":[-77.4601162379825,37.6168851318112]},"properties":{"OBJECTID":6938,"ID":"147840","NAME":"LAKESIDE","CITY":"HENRICO","STATE":"VA","ZIP":"23228","TYPE":"SUBSTATION","STATUS":"IN SERVICE","COUNTY":"HENRICO","COUNTYFIPS":"51087","COUNTRY":"USA","LATITUDE":37.61688513200005,"LONGITUDE":-77.46011623799996,"NAICS_CODE":"221121","NAICS_DESC":"ELECTRIC BULK POWER TRANSMISSION AND CONTROL","SOURCE":"IMAGERY, http://www.pjm.com/system-map/default.html","SOURCEDATE":1407196800000,"VAL_METHOD":"IMAGERY","VAL_DATE":1427846400000,"LINES":5,"MAX_VOLT":230,"MIN_VOLT":115,"MAX_INFER":"N","MIN_INFER":"Y","pnode_id":32415061,"pnode_name":"LESIDE  69 KV   A","pnode_subtype":"LOAD","match_score":85.71428571428571,"pjm_zone":"DOM"}},{"type":"Feature","id":6939,"geometry":{"type":"Point","coordinates":[-77.4293859968036,37.454533513752]},"properties":{"OBJECTID":6939,"ID":"147841","NAME":"SPRUANCE NUG","CITY":"RICHMOND","STATE":"VA","ZIP":"23234","TYPE":"SUBSTATION","STATUS":"IN SERVICE","COUNTY":"RICHMOND","COUNTYFIPS":"51760","COUNTRY":"USA","LATITUDE":37.45453351400005,"LONGITUDE":-77.42938599699994,"NAICS_CODE":"221121","NAICS_DESC":"ELECTRIC BULK POWER TRANSMISSION AND CONTROL","SOURCE":"IMAGERY, http://www.pjm.com/system-map/default.html","SOURCEDATE":1407888000000,"VAL_METHOD":"IMAGERY","VAL_DATE":1427846400000,"LINES":2,"MAX_VOLT":230,"MIN_VOLT":230,"MAX_INFER":"Y","MIN_INFER":"Y","pnode_id":2156108903,"pnode_name":"SPRUANCE G1G2","pnode_subtype":"AGGREGATE","match_score":80.0,"pjm_zone":"DOM"}},{"type":"Feature","id":6942,"geometry":{"type":"Point","coordinates":[-77.2977581129929,37.3383684529216]},"properties":{"OBJECTID":6942,"ID":"147844","NAME":"ALLIED","CITY":"CHESTER","STATE":"VA","ZIP":"23836","TYPE":"SUBSTATION","STATUS":"IN SERVICE","COUNTY":"CHESTERFIELD","COUNTYFIPS":"51041","COUNTRY":"USA","LATITUDE":37.338368453000044,"LONGITUDE":-77.29775811299999,"NAICS_CODE":"221121","NAICS_DESC":"ELECTRIC BULK POWER TRANSMISSION AND CONTROL","SOURCE":"IMAGERY, http://www.pjm.com/system-map/default.html","SOURCEDATE":1407888000000,"VAL_METHOD":"IMAGERY","VAL_DATE":1427846400000,"LINES":1,"MAX_VOLT":230,"MIN_VOLT":230,"MAX_INFER":"N","MIN_INFER":"N","pnode_id":123901185,"pnode_name":"ALLEND  69 KV   BK1","pnode_subtype":"LOAD","match_score":83.33333333333333,"pjm_zone":"DOM"}},{"type":"Feature","id":6947,"geometry":{"type":"Point","coordinates":[-77.4612238607279,37.8831927268529]},"properties":{"OBJECTID":6947,"ID":"147849","NAME":"NORTH DOSWELL","CITY":"DOSWELL","STATE":"VA","ZIP":"23047","TYPE":"SUBSTATION","STATUS":"IN SERVICE","COUNTY":"HANOVER","COUNTYFIPS":"51085","COUNTRY":"USA","LATITUDE":37.88319272700005,"LONGITUDE":-77.46122386099995,"NAICS_CODE":"221121","NAICS_DESC":"ELECTRIC BULK POWER TRANSMISSION AND CONTROL","SOURCE":"IMAGERY, http://www.pjm.com/system-map/default.html","SOURCEDATE":1408320000000,"VAL_METHOD":"IMAGERY","VAL_DATE":1427846400000,"LINES":1,"MAX_VOLT":115,"MIN_VOLT":115,"MAX_INFER":"Y","MIN_INFER":"Y","pnode_id":51215,"pnode_name":"DPL NORTH","pnode_subtype":"AGGREGATE","match_score":72.72727272727273,"pjm_zone":"DOM"}},{"type":"Feature","id":6952,"geometry":{"type":"Point","coordinates":[-77.4558628821989,38.3536427933459]},"properties":{"OBJECTID":6952,"ID":"147854","NAME":"CRANES CORNER","CITY":"FREDERICKSBURG","STATE":"VA","ZIP":"22405","TYPE":"SUBSTATION","STATUS":"IN SERVICE","COUNTY":"STAFFORD","COUNTYFIPS":"51179","COUNTRY":"USA","LATITUDE":38.35364279300006,"LONGITUDE":-77.45586288199996,"NAICS_CODE":"221121","NAICS_DESC":"ELECTRIC BULK POWER TRANSMISSION AND CONTROL","SOURCE":"IMAGERY, http://www.pjm.com/system-map/default.html","SOURCEDATE":1408406400000,"VAL_METHOD":"IMAGERY","VAL_DATE":1427846400000,"LINES":2,"MAX_VOLT":230,"MIN_VOLT":230,"MAX_INFER":"N","MIN_INFER":"N","pnode_id":5021136,"pnode_name":"CORNER  138 KV  T1","pnode_subtype":"LOAD","match_score":100.0,"pjm_zone":"DOM"}},{"type":"Feature","id":6954,"geometry":{"type":"Point","coordinates":[-77.2794261813118,38.5405218837058]},"properties":{"OBJECTID":6954,"ID":"147856","NAME":"POSSUM POINT","CITY":"DUMFRIES","STATE":"VA","ZIP":"22026","TYPE":"SUBSTATION","STATUS":"IN SERVICE","COUNTY":"PRINCE WILLIAM","COUNTYFIPS":"51153","COUNTRY":"USA","LATITUDE":38.54052188400004,"LONGITUDE":-77.27942618099996,"NAICS_CODE":"221121","NAICS_DESC":"ELECTRIC BULK POWER TRANSMISSION AND CONTROL","SOURCE":"IMAGERY, http://www.pjm.com/system-map/default.html","SOURCEDATE":1408665600000,"VAL_METHOD":"IMAGERY","VAL_DATE":1427846400000,"LINES":9,"MAX_VOLT":230,"MIN_VOLT":115,"MAX_INFER":"Y","MIN_INFER":"Y","pnode_id":35010373,"pnode_name":"POSSUM POINT","pnode_subtype":"EHV","match_score":100.0,"pjm_zone":"DOM"}},{"type":"Feature","id":6971,"geometry":{"type":"Point","coordinates":[-77.3014363466704,37.4474827316442]},"properties":{"OBJECTID":6971,"ID":"147876","NAME":"TURNER ROAD","CITY":"HENRICO","STATE":"VA","ZIP":"23231","TYPE":"SUBSTATION","STATUS":"IN SERVICE","COUNTY":"HENRICO","COUNTYFIPS":"51087","COUNTRY":"USA","LATITUDE":37.447482732000026,"LONGITUDE":-77.30143634699994,"NAICS_CODE":"221121","NAICS_DESC":"ELECTRIC BULK POWER TRANSMISSION AND CONTROL","SOURCE":"IMAGERY, OpenStreetMap","SOURCEDATE":1406764800000,"VAL_METHOD":"IMAGERY","VAL_DATE":1406764800000,"LINES":4,"MAX_VOLT":230,"MIN_VOLT":115,"MAX_INFER":"N","MIN_INFER":"Y","pnode_id":32412879,"pnode_name":"TURNER  138 KV  T5","pnode_subtype":"LOAD","match_score":100.0,"pjm_zone":"DOM"}},{"type":"Feature","id":6973,"geometry":{"type":"Point","coordinates":[-77.4435351659093,37.8217878776757]},"properties":{"OBJECTID":6973,"ID":"147878","NAME":"FOUR RIVERS","CITY":"ASHLAND","STATE":"VA","ZIP":"23005","TYPE":"SUBSTATION","STATUS":"IN SERVICE","COUNTY":"HANOVER","COUNTYFIPS":"51085","COUNTRY":"USA","LATITUDE":37.821787878000066,"LONGITUDE":-77.44353516599995,"NAICS_CODE":"221121","NAICS_DESC":"ELECTRIC BULK POWER TRANSMISSION AND CONTROL","SOURCE":"IMAGERY, OpenStreetMap","SOURCEDATE":1407974400000,"VAL_METHOD":"IMAGERY","VAL_DATE":1407974400000,"LINES":6,"MAX_VOLT":230,"MIN_VOLT":115,"MAX_INFER":"Y","MIN_INFER":"Y","pnode_id":1390166834,"pnode_name":"FOUR RIVERS 50 CC","pnode_subtype":"AGGREGATE","match_score":78.57142857142857,"pjm_zone":"DOM"}},{"type":"Feature","id":6976,"geometry":{"type":"Point","coordinates":[-77.3659747150083,37.5155916769878]},"properties":{"OBJECTID":6976,"ID":"147881","NAME":"CHARLES CITY ROAD","CITY":"HENRICO","STATE":"VA","ZIP":"23231","TYPE":"SUBSTATION","STATUS":"IN SERVICE","COUNTY":"HENRICO","COUNTYFIPS":"51087","COUNTRY":"USA","LATITUDE":37.51559167700003,"LONGITUDE":-77.36597471499994,"NAICS_CODE":"221121","NAICS_DESC":"ELECTRIC BULK POWER TRANSMISSION AND CONTROL","SOURCE":"IMAGERY, OpenStreetMap","SOURCEDATE":1406851200000,"VAL_METHOD":"IMAGERY","VAL_DATE":1427846400000,"LINES":2,"MAX_VOLT":230,"MIN_VOLT":230,"MAX_INFER":"N","MIN_INFER":"N","pnode_id":119117807,"pnode_name":"CHARLES 138 KV  BK10","pnode_subtype":"LOAD","match_score":100.0,"pjm_zone":"DOM"}},{"type":"Feature","id":6977,"geometry":{"type":"Point","coordinates":[-77.3891976024072,38.4461015892817]},"properties":{"OBJECTID":6977,"ID":"147882","NAME":"STAFFORD","CITY":"STAFFORD","STATE":"VA","ZIP":"22554","TYPE":"SUBSTATION","STATUS":"IN SERVICE","COUNTY":"STAFFORD","COUNTYFIPS":"51179","COUNTRY":"USA","LATITUDE":38.44610158900008,"LONGITUDE":-77.38919760199997,"NAICS_CODE":"221121","NAICS_DESC":"ELECTRIC BULK POWER TRANSMISSION AND CONTROL","SOURCE":"IMAGERY, OpenStreetMap","SOURCEDATE":1408406400000,"VAL_METHOD":"IMAGERY","VAL_DATE":1408406400000,"LINES":1,"MAX_VOLT":230,"MIN_VOLT":230,"MAX_INFER":"Y","MIN_INFER":"Y","pnode_id":2156113059,"pnode_name":"SIFFORD 138 KV  RUBLE1","pnode_subtype":"LOAD","match_score":80.0,"pjm_zone":"DOM"}},{"type":"Feature","id":6978,"geometry":{"type":"Point","coordinates":[-77.4454837105753,38.0904889251575]},"properties":{"OBJECTID":6978,"ID":"147883","NAME":"WOODPECKER","CITY":"WOODFORD","STATE":"VA","ZIP":"22580","TYPE":"SUBSTATION","STATUS":"IN SERVICE","COUNTY":"CAROLINE","COUNTYFIPS":"51033","COUNTRY":"USA","LATITUDE":38.090488925000045,"LONGITUDE":-77.44548371099995,"NAICS_CODE":"221121","NAICS_DESC":"ELECTRIC BULK POWER TRANSMISSION AND CONTROL","SOURCE":"IMAGERY, OpenStreetMap","SOURCEDATE":1408406400000,"VAL_METHOD":"IMAGERY","VAL_DATE":1408406400000,"LINES":1,"MAX_VOLT":115,"MIN_VOLT":115,"MAX_INFER":"Y","MIN_INFER":"Y","pnode_id":1775813105,"pnode_name":"DECKER  69 KV   T2","pnode_subtype":"LOAD","match_score":75.0,"pjm_zone":"DOM"}},{"type":"Feature","id":6983,"geometry":{"type":"Point","coordinates":[-77.7040517339725,37.5025835183073]},"properties":{"OBJECTID":6983,"ID":"147891","NAME":"MIDLOTHIAN","CITY":"MIDLOTHIAN","STATE":"VA","ZIP":"23114","TYPE":"SUBSTATION","STATUS":"IN SERVICE","COUNTY":"CHESTERFIELD","COUNTYFIPS":"51041","COUNTRY":"USA","LATITUDE":37.50258351800005,"LONGITUDE":-77.70405173399996,"NAICS_CODE":"221121","NAICS_DESC":"ELECTRIC BULK POWER TRANSMISSION AND CONTROL","SOURCE":"IMAGERY, http://www.pjm.com/system-map/default.html","SOURCEDATE":1407715200000,"VAL_METHOD":"IMAGERY","VAL_DATE":1427846400000,"LINES":9,"MAX_VOLT":500,"MIN_VOLT":230,"MAX_INFER":"N","MIN_INFER":"Y","pnode_id":35010347,"pnode_name":"MIDLOTHIAN","pnode_subtype":"EHV","match_score":100.0,"pjm_zone":"DOM"}},{"type":"Feature","id":6984,"geometry":{"type":"Point","coordinates":[-77.7938563542484,37.636218898017]},"properties":{"OBJECTID":6984,"ID":"147892","NAME":"NORTH POLE","CITY":"CROZIER","STATE":"VA","ZIP":"23039","TYPE":"SUBSTATION","STATUS":"IN SERVICE","COUNTY":"GOOCHLAND","COUNTYFIPS":"51075","COUNTRY":"USA","LATITUDE":37.63621889800004,"LONGITUDE":-77.79385635399996,"NAICS_CODE":"221121","NAICS_DESC":"ELECTRIC BULK POWER TRANSMISSION AND CONTROL","SOURCE":"IMAGERY, http://www.pjm.com/system-map/default.html","SOURCEDATE":1408060800000,"VAL_METHOD":"IMAGERY","VAL_DATE":1427846400000,"LINES":2,"MAX_VOLT":230,"MIN_VOLT":230,"MAX_INFER":"Y","MIN_INFER":"Y","pnode_id":34509209,"pnode_name":"NORTH PROCTORVILLE","pnode_subtype":"EHV","match_score":71.42857142857143,"pjm_zone":"DOM"}},{"type":"Feature","id":6985,"geometry":{"type":"Point","coordinates":[-77.7972162815831,38.0612917206668]},"properties":{"OBJECTID":6985,"ID":"147893","NAME":"NORTH ANNA","CITY":"MINERAL","STATE":"VA","ZIP":"23117","TYPE":"SUBSTATION","STATUS":"IN SERVICE","COUNTY":"LOUISA","COUNTYFIPS":"51109","COUNTRY":"USA","LATITUDE":38.06129172100003,"LONGITUDE":-77.79721628199997,"NAICS_CODE":"221121","NAICS_DESC":"ELECTRIC BULK POWER TRANSMISSION AND CONTROL","SOURCE":"IMAGERY, http://www.pjm.com/system-map/default.html","SOURCEDATE":1408060800000,"VAL_METHOD":"IMAGERY","VAL_DATE":1427846400000,"LINES":5,"MAX_VOLT":500,"MIN_VOLT":230,"MAX_INFER":"Y","MIN_INFER":"N","pnode_id":35010349,"pnode_name":"NORTH ANNA","pnode_subtype":"EHV","match_score":100.0,"pjm_zone":"DOM"}},{"type":"Feature","id":6989,"geometry":{"type":"Point","coordinates":[-77.7087887364169,38.5010879181392]},"properties":{"OBJECTID":6989,"ID":"147897","NAME":"MORRISVILLE","CITY":"SUMERDUCK","STATE":"VA","ZIP":"22742","TYPE":"SUBSTATION","STATUS":"IN SERVICE","COUNTY":"FAUQUIER","COUNTYFIPS":"51061","COUNTRY":"USA","LATITUDE":38.50108791800005,"LONGITUDE":-77.70878873599997,"NAICS_CODE":"221121","NAICS_DESC":"ELECTRIC BULK POWER TRANSMISSION AND CONTROL","SOURCE":"IMAGERY, http://www.pjm.com/system-map/default.html","SOURCEDATE":1408579200000,"VAL_METHOD":"IMAGERY","VAL_DATE":1427846400000,"LINES":6,"MAX_VOLT":500,"MIN_VOLT":230,"MAX_INFER":"Y","MIN_INFER":"N","pnode_id":35010367,"pnode_name":"MORRISVILLE","pnode_subtype":"EHV","match_score":100.0,"pjm_zone":"DOM"}},{"type":"Feature","id":6990,"geometry":{"type":"Point","coordinates":[-77.7772197034085,38.5396435243158]},"properties":{"OBJECTID":6990,"ID":"147898","NAME":"REMINGTON","CITY":"REMINGTON","STATE":"VA","ZIP":"22734","TYPE":"SUBSTATION","STATUS":"IN SERVICE","COUNTY":"FAUQUIER","COUNTYFIPS":"51061","COUNTRY":"USA","LATITUDE":38.53964352400004,"LONGITUDE":-77.77721970299996,"NAICS_CODE":"221121","NAICS_DESC":"ELECTRIC BULK POWER TRANSMISSION AND CONTROL","SOURCE":"IMAGERY, http://www.pjm.com/system-map/default.html","SOURCEDATE":1408579200000,"VAL_METHOD":"IMAGERY","VAL_DATE":1427846400000,"LINES":4,"MAX_VOLT":230,"MIN_VOLT":115,"MAX_INFER":"Y","MIN_INFER":"Y","pnode_id":119118009,"pnode_name":"REMINGT 138 KV  BK1","pnode_subtype":"LOAD","match_score":87.5,"pjm_zone":"DOM"}},{"type":"Feature","id":6992,"geometry":{"type":"Point","coordinates":[-77.7696134999129,38.5278985048775]},"properties":{"OBJECTID":6992,"ID":"147900","NAME":"MARSH RUN CT","CITY":"WARRENTON","STATE":"VA","ZIP":"20187","TYPE":"SUBSTATION","STATUS":"IN SERVICE","COUNTY":"FAUQUIER","COUNTYFIPS":"51061","COUNTRY":"USA","LATITUDE":38.52789850500005,"LONGITUDE":-77.76961349999993,"NAICS_CODE":"221121","NAICS_DESC":"ELECTRIC BULK POWER TRANSMISSION AND CONTROL","SOURCE":"IMAGERY, http://www.pjm.com/system-map/default.html","SOURCEDATE":1409011200000,"VAL_METHOD":"IMAGERY","VAL_DATE":1427846400000,"LINES":5,"MAX_VOLT":230,"MIN_VOLT":230,"MAX_INFER":"Y","MIN_INFER":"Y","pnode_id":42389565,"pnode_name":"MARSHRUN GT1","pnode_subtype":"AGGREGATE","match_score":83.33333333333334,"pjm_zone":"DOM"}},{"type":"Feature","id":6993,"geometry":{"type":"Point","coordinates":[-77.7674638152684,38.69742368001]},"properties":{"OBJECTID":6993,"ID":"147901","NAME":"WARRENTON","CITY":"WARRENTON","STATE":"VA","ZIP":"20187","TYPE":"SUBSTATION","STATUS":"IN SERVICE","COUNTY":"FAUQUIER","COUNTYFIPS":"51061","COUNTRY":"USA","LATITUDE":38.69742368000004,"LONGITUDE":-77.76746381499999,"NAICS_CODE":"221121","NAICS_DESC":"ELECTRIC BULK POWER TRANSMISSION AND CONTROL","SOURCE":"IMAGERY, http://www.pjm.com/system-map/default.html","SOURCEDATE":1409011200000,"VAL_METHOD":"IMAGERY","VAL_DATE":1427846400000,"LINES":1,"MAX_VOLT":230,"MIN_VOLT":230,"MAX_INFER":"N","MIN_INFER":"N","pnode_id":32412987,"pnode_name":"WCANTON 138 KV  T2","pnode_subtype":"LOAD","match_score":75.0,"pjm_zone":"DOM"}},{"type":"Feature","id":7002,"geometry":{"type":"Point","coordinates":[-77.7868522986742,40.9406425532793]},"properties":{"OBJECTID":7002,"ID":"147910","NAME":"MILESBURG","CITY":"MILESBURG","STATE":"PA","ZIP":"16853","TYPE":"SUBSTATION","STATUS":"IN SERVICE","COUNTY":"CENTRE","COUNTYFIPS":"42027","COUNTRY":"USA","LATITUDE":40.94064255300003,"LONGITUDE":-77.78685229899997,"NAICS_CODE":"221121","NAICS_DESC":"ELECTRIC BULK POWER TRANSMISSION AND CONTROL","SOURCE":"OpenStreetMap","SOURCEDATE":1430784000000,"VAL_METHOD":"IMAGERY","VAL_DATE":1434412800000,"LINES":2,"MAX_VOLT":230,"MIN_VOLT":230,"MAX_INFER":"Y","MIN_INFER":"Y","pnode_id":32661117,"pnode_name":"MIFFLINBURG","pnode_subtype":"AGGREGATE","match_score":70.0,"pjm_zone":"APS"}},{"type":"Feature","id":7005,"geometry":{"type":"Point","coordinates":[-77.8429947527536,40.8159931402243]},"properties":{"OBJECTID":7005,"ID":"147913","NAME":"ORCHARD ROAD","CITY":"STATE COLLEGE","STATE":"PA","ZIP":"16801","TYPE":"SUBSTATION","STATUS":"IN SERVICE","COUNTY":"CENTRE","COUNTYFIPS":"42027","COUNTRY":"USA","LATITUDE":40.815993140000046,"LONGITUDE":-77.84299475299997,"NAICS_CODE":"221121","NAICS_DESC":"ELECTRIC BULK POWER TRANSMISSION AND CONTROL","SOURCE":"OpenStreetMap","SOURCEDATE":1430784000000,"VAL_METHOD":"IMAGERY","VAL_DATE":1434412800000,"LINES":0,"MAX_VOLT":-999999,"MIN_VOLT":-999999,"MAX_INFER":"N","MIN_INFER":"N","pnode_id":67165681,"pnode_name":"ORCHARD","pnode_subtype":"EHV","match_score":73.6842105263158,"pjm_zone":"APS"}},{"type":"Feature","id":7008,"geometry":{"type":"Point","coordinates":[-77.7868589632754,39.2740738081585]},"properties":{"OBJECTID":7008,"ID":"147916","NAME":"MILLVILLE","CITY":"HARPERS FERRY","STATE":"WV","ZIP":"25425","TYPE":"SUBSTATION","STATUS":"IN SERVICE","COUNTY":"JEFFERSON","COUNTYFIPS":"54037","COUNTRY":"USA","LATITUDE":39.274073808000026,"LONGITUDE":-77.78685896299999,"NAICS_CODE":"221121","NAICS_DESC":"ELECTRIC BULK POWER TRANSMISSION AND CONTROL","SOURCE":"IMAGERY, OpenStreetMap","SOURCEDATE":1396828800000,"VAL_METHOD":"IMAGERY","VAL_DATE":1441929600000,"LINES":1,"MAX_VOLT":-999999,"MIN_VOLT":-999999,"MAX_INFER":"N","MIN_INFER":"N","pnode_id":123901321,"pnode_name":"MILVIL  69 KV   LD41","pnode_subtype":"LOAD","match_score":80.0,"pjm_zone":"APS"}},{"type":"Feature","id":7009,"geometry":{"type":"Point","coordinates":[-77.6803998785675,39.1464084482128]},"properties":{"OBJECTID":7009,"ID":"147917","NAME":"HAMILTON","CITY":"HAMILTON","STATE":"VA","ZIP":"20158","TYPE":"SUBSTATION","STATUS":"IN SERVICE","COUNTY":"LOUDOUN","COUNTYFIPS":"51107","COUNTRY":"USA","LATITUDE":39.146408448000045,"LONGITUDE":-77.68039987899994,"NAICS_CODE":"221121","NAICS_DESC":"ELECTRIC BULK POWER TRANSMISSION AND CONTROL","SOURCE":"IMAGERY, OpenStreetMap","SOURCEDATE":1409702400000,"VAL_METHOD":"IMAGERY","VAL_DATE":1409702400000,"LINES":1,"MAX_VOLT":-999999,"MIN_VOLT":-999999,"MAX_INFER":"N","MIN_INFER":"N","pnode_id":32413303,"pnode_name":"WMILTON 138 KV  LOAD","pnode_subtype":"LOAD","match_score":80.0,"pjm_zone":"DOM"}},{"type":"Feature","id":7010,"geometry":{"type":"Point","coordinates":[-82.8078840875995,36.4607056917657]},"properties":{"OBJECTID":7010,"ID":"147919","NAME":"PHILLIPS BEND","CITY":"SURGOINSVILLE","STATE":"TN","ZIP":"37873","TYPE":"SUBSTATION","STATUS":"IN SERVICE","COUNTY":"HAWKINS","COUNTYFIPS":"47073","COUNTRY":"USA","LATITUDE":36.46070569200003,"LONGITUDE":-82.80788408799998,"NAICS_CODE":"221121","NAICS_DESC":"ELECTRIC BULK POWER TRANSMISSION AND CONTROL","SOURCE":"OpenStreetMap, http://www.oatioasis.com/TVA/TVAdocs/TVA_Transmission_Map_2011_r2.pdf","SOURCEDATE":1406073600000,"VAL_METHOD":"IMAGERY","VAL_DATE":1443744000000,"LINES":10,"MAX_VOLT":500,"MIN_VOLT":161,"MAX_INFER":"N","MIN_INFER":"Y","pnode_id":33627017,"pnode_name":"PHILLIPS ISLAND","pnode_subtype":"AGGREGATE","match_score":78.57142857142857,"pjm_zone":"AEP"}},{"type":"Feature","id":7011,"geometry":{"type":"Point","coordinates":[-76.7386634831443,37.0147439690408]},"properties":{"OBJECTID":7011,"ID":"147920","NAME":"SEPTA","CITY":"SMITHFIELD","STATE":"VA","ZIP":"23430","TYPE":"SUBSTATION","STATUS":"IN SERVICE","COUNTY":"ISLE OF WIGHT","COUNTYFIPS":"51093","COUNTRY":"USA","LATITUDE":37.01474396900005,"LONGITUDE":-76.73866348299998,"NAICS_CODE":"221121","NAICS_DESC":"ELECTRIC BULK POWER TRANSMISSION AND CONTROL","SOURCE":"IMAGERY, http://www.pjm.com/system-map/default.html","SOURCEDATE":1405555200000,"VAL_METHOD":"IMAGERY","VAL_DATE":1427846400000,"LINES":3,"MAX_VOLT":500,"MIN_VOLT":500,"MAX_INFER":"Y","MIN_INFER":"Y","pnode_id":35010353,"pnode_name":"SEPTA","pnode_subtype":"EHV","match_score":100.0,"pjm_zone":"DOM"}},{"type":"Feature","id":7012,"geometry":{"type":"Point","coordinates":[-76.6947772610174,37.1620203273451]},"properties":{"OBJECTID":7012,"ID":"147921","NAME":"SURRY","CITY":"SURRY","STATE":"VA","ZIP":"23883","TYPE":"SUBSTATION","STATUS":"IN SERVICE","COUNTY":"SURRY","COUNTYFIPS":"51181","COUNTRY":"USA","LATITUDE":37.16202032700005,"LONGITUDE":-76.69477726099996,"NAICS_CODE":"221121","NAICS_DESC":"ELECTRIC BULK POWER TRANSMISSION AND CONTROL","SOURCE":"IMAGERY, http://www.pjm.com/system-map/default.html","SOURCEDATE":1405555200000,"VAL_METHOD":"IMAGERY","VAL_DATE":1427846400000,"LINES":14,"MAX_VOLT":500,"MIN_VOLT":230,"MAX_INFER":"Y","MIN_INFER":"Y","pnode_id":35010355,"pnode_name":"SURRY","pnode_subtype":"EHV","match_score":100.0,"pjm_zone":"DOM"}},{"type":"Feature","id":7014,"geometry":{"type":"Point","coordinates":[-76.4984995027893,37.1491392298397]},"properties":{"OBJECTID":7014,"ID":"147923","NAME":"GRAFTON","CITY":"YORKTOWN","STATE":"VA","ZIP":"23693","TYPE":"SUBSTATION","STATUS":"IN SERVICE","COUNTY":"YORK","COUNTYFIPS":"51199","COUNTRY":"USA","LATITUDE":37.14913923000006,"LONGITUDE":-76.49849950299995,"NAICS_CODE":"221121","NAICS_DESC":"ELECTRIC BULK POWER TRANSMISSION AND CONTROL","SOURCE":"IMAGERY, http://www.pjm.com/system-map/default.html","SOURCEDATE":1406592000000,"VAL_METHOD":"IMAGERY","VAL_DATE":1427846400000,"LINES":2,"MAX_VOLT":230,"MIN_VOLT":115,"MAX_INFER":"Y","MIN_INFER":"Y","pnode_id":1869183641,"pnode_name":"GROTON  138 KV  TR1","pnode_subtype":"LOAD","match_score":76.92307692307692,"pjm_zone":"DOM"}},{"type":"Feature","id":7015,"geometry":{"type":"Point","coordinates":[-76.3850346296571,37.0933674210229]},"properties":{"OBJECTID":7015,"ID":"147924","NAME":"NASA","CITY":"HAMPTON","STATE":"VA","ZIP":"23666","TYPE":"SUBSTATION","STATUS":"IN SERVICE","COUNTY":"HAMPTON","COUNTYFIPS":"51650","COUNTRY":"USA","LATITUDE":37.09336742100004,"LONGITUDE":-76.38503462999995,"NAICS_CODE":"221121","NAICS_DESC":"ELECTRIC BULK POWER TRANSMISSION AND CONTROL","SOURCE":"IMAGERY, http://www.pjm.com/system-map/default.html","SOURCEDATE":1406592000000,"VAL_METHOD":"IMAGERY","VAL_DATE":1427846400000,"LINES":2,"MAX_VOLT":115,"MIN_VOLT":115,"MAX_INFER":"Y","MIN_INFER":"Y","pnode_id":98370183,"pnode_name":"NASA    138 KV  TR1","pnode_subtype":"LOAD","match_score":100.0,"pjm_zone":"DOM"}},{"type":"Feature","id":7020,"geometry":{"type":"Point","coordinates":[-76.4948081060979,37.2792031327978]},"properties":{"OBJECTID":7020,"ID":"147930","NAME":"HAYES","CITY":"HAYES","STATE":"VA","ZIP":"23072","TYPE":"SUBSTATION","STATUS":"IN SERVICE","COUNTY":"GLOUCESTER","COUNTYFIPS":"51073","COUNTRY":"USA","LATITUDE":37.27920313300007,"LONGITUDE":-76.49480810599994,"NAICS_CODE":"221121","NAICS_DESC":"ELECTRIC BULK POWER TRANSMISSION AND CONTROL","SOURCE":"IMAGERY, http://www.pjm.com/system-map/default.html","SOURCEDATE":1406764800000,"VAL_METHOD":"IMAGERY","VAL_DATE":1427846400000,"LINES":2,"MAX_VOLT":230,"MIN_VOLT":230,"MAX_INFER":"N","MIN_INFER":"N","pnode_id":1338423899,"pnode_name":"HAYELMRZ138 KV  HAYES","pnode_subtype":"LOAD","match_score":100.0,"pjm_zone":"DOM"}},{"type":"Feature","id":7023,"geometry":{"type":"Point","coordinates":[-76.3002643496931,37.0607401009306]},"properties":{"OBJECTID":7023,"ID":"147933","NAME":"BLOXOMS CORNER","CITY":"HAMPTON","STATE":"VA","ZIP":"23669","TYPE":"SUBSTATION","STATUS":"IN SERVICE","COUNTY":"HAMPTON","COUNTYFIPS":"51650","COUNTRY":"USA","LATITUDE":37.06074010100008,"LONGITUDE":-76.30026434999996,"NAICS_CODE":"221121","NAICS_DESC":"ELECTRIC BULK POWER TRANSMISSION AND CONTROL","SOURCE":"IMAGERY, http://www.pjm.com/system-map/default.html","SOURCEDATE":1406246400000,"VAL_METHOD":"IMAGERY","VAL_DATE":1427846400000,"LINES":1,"MAX_VOLT":115,"MIN_VOLT":115,"MAX_INFER":"Y","MIN_INFER":"Y","pnode_id":5021136,"pnode_name":"CORNER  138 KV  T1","pnode_subtype":"LOAD","match_score":100.0,"pjm_zone":"DOM"}},{"type":"Feature","id":7025,"geometry":{"type":"Point","coordinates":[-76.4313413497406,37.030741782724]},"properties":{"OBJECTID":7025,"ID":"147935","NAME":"WHEALTON","CITY":"HAMPTON","STATE":"VA","ZIP":"23666","TYPE":"SUBSTATION","STATUS":"IN SERVICE","COUNTY":"HAMPTON","COUNTYFIPS":"51650","COUNTRY":"USA","LATITUDE":37.03074178300005,"LONGITUDE":-76.43134134999997,"NAICS_CODE":"221121","NAICS_DESC":"ELECTRIC BULK POWER TRANSMISSION AND CONTROL","SOURCE":"IMAGERY, http://www.pjm.com/system-map/default.html","SOURCEDATE":1406246400000,"VAL_METHOD":"IMAGERY","VAL_DATE":1427846400000,"LINES":7,"MAX_VOLT":230,"MIN_VOLT":115,"MAX_INFER":"N","MIN_INFER":"Y","pnode_id":32413011,"pnode_name":"WHARTON 138 KV  T1T2T3","pnode_subtype":"LOAD","match_score":80.0,"pjm_zone":"DOM"}},{"type":"Feature","id":7028,"geometry":{"type":"Point","coordinates":[-76.5041240299547,37.107451683176]},"properties":{"OBJECTID":7028,"ID":"147938","NAME":"COLONY","CITY":"NEWPORT NEWS","STATE":"VA","ZIP":"23602","TYPE":"SUBSTATION","STATUS":"IN SERVICE","COUNTY":"NEWPORT NEWS","COUNTYFIPS":"51700","COUNTRY":"USA","LATITUDE":37.10745168300008,"LONGITUDE":-76.50412402999996,"NAICS_CODE":"221121","NAICS_DESC":"ELECTRIC BULK POWER TRANSMISSION AND CONTROL","SOURCE":"IMAGERY, http://www.pjm.com/system-map/default.html","SOURCEDATE":1406246400000,"VAL_METHOD":"IMAGERY","VAL_DATE":1427846400000,"LINES":2,"MAX_VOLT":115,"MIN_VOLT":115,"MAX_INFER":"Y","MIN_INFER":"Y","pnode_id":1183223794,"pnode_name":"COLONYB 69 KV   LOAD","pnode_subtype":"LOAD","match_score":92.3076923076923,"pjm_zone":"DOM"}},{"type":"Feature","id":7030,"geometry":{"type":"Point","coordinates":[-76.4610349090306,37.2131632890668]},"properties":{"OBJECTID":7030,"ID":"147940","NAME":"YORKTOWN","CITY":"YORKTOWN","STATE":"VA","ZIP":"23692","TYPE":"SUBSTATION","STATUS":"IN SERVICE","COUNTY":"YORK","COUNTYFIPS":"51199","COUNTRY":"USA","LATITUDE":37.21316328900008,"LONGITUDE":-76.46103490899998,"NAICS_CODE":"221121","NAICS_DESC":"ELECTRIC BULK POWER TRANSMISSION AND CONTROL","SOURCE":"IMAGERY, http://www.pjm.com/system-map/default.html","SOURCEDATE":1406505600000,"VAL_METHOD":"IMAGERY","VAL_DATE":1427846400000,"LINES":11,"MAX_VOLT":230,"MIN_VOLT":115,"MAX_INFER":"Y","MIN_INFER":"Y","pnode_id":1386523091,"pnode_name":"YORKTOWN","pnode_subtype":"AGGREGATE","match_score":100.0,"pjm_zone":"DOM"}},{"type":"Feature","id":7031,"geometry":{"type":"Point","coordinates":[-76.8038334704331,37.5392622700272]},"properties":{"OBJECTID":7031,"ID":"147941","NAME":"WEST POINT","CITY":"WEST POINT","STATE":"VA","ZIP":"23181","TYPE":"SUBSTATION","STATUS":"IN SERVICE","COUNTY":"KING WILLIAM","COUNTYFIPS":"51101","COUNTRY":"USA","LATITUDE":37.53926227000005,"LONGITUDE":-76.80383346999997,"NAICS_CODE":"221121","NAICS_DESC":"ELECTRIC BULK POWER TRANSMISSION AND CONTROL","SOURCE":"IMAGERY, http://www.pjm.com/system-map/default.html","SOURCEDATE":1408320000000,"VAL_METHOD":"IMAGERY","VAL_DATE":1427846400000,"LINES":2,"MAX_VOLT":230,"MIN_VOLT":230,"MAX_INFER":"Y","MIN_INFER":"Y","pnode_id":51287,"pnode_name":"WEST INT HUB","pnode_subtype":"HUB","match_score":72.72727272727273,"pjm_zone":"DOM"}},{"type":"Feature","id":7034,"geometry":{"type":"Point","coordinates":[-76.3983001188314,37.6488029653081]},"properties":{"OBJECTID":7034,"ID":"147944","NAME":"WHITE STONE","CITY":"WHITE STONE","STATE":"VA","ZIP":"22578","TYPE":"SUBSTATION","STATUS":"IN SERVICE","COUNTY":"LANCASTER","COUNTYFIPS":"51103","COUNTRY":"USA","LATITUDE":37.64880296500007,"LONGITUDE":-76.39830011899994,"NAICS_CODE":"221121","NAICS_DESC":"ELECTRIC BULK POWER TRANSMISSION AND CONTROL","SOURCE":"IMAGERY, http://www.pjm.com/system-map/default.html","SOURCEDATE":1408492800000,"VAL_METHOD":"IMAGERY","VAL_DATE":1427846400000,"LINES":2,"MAX_VOLT":115,"MIN_VOLT":115,"MAX_INFER":"Y","MIN_INFER":"Y","pnode_id":32412723,"pnode_name":"STONE   138 KV  T1","pnode_subtype":"LOAD","match_score":100.0,"pjm_zone":"DOM"}},{"type":"Feature","id":7037,"geometry":{"type":"Point","coordinates":[-75.5704357938755,37.9433406656636]},"properties":{"OBJECTID":7037,"ID":"147947","NAME":"OAK HALL","CITY":"OAK HALL","STATE":"VA","ZIP":"23416","TYPE":"SUBSTATION","STATUS":"IN SERVICE","COUNTY":"ACCOMACK","COUNTYFIPS":"51001","COUNTRY":"USA","LATITUDE":37.94334066600004,"LONGITUDE":-75.57043579399993,"NAICS_CODE":"221121","NAICS_DESC":"ELECTRIC BULK POWER TRANSMISSION AND CONTROL","SOURCE":"IMAGERY, http://www.pjm.com/system-map/default.html","SOURCEDATE":1426636800000,"VAL_METHOD":"IMAGERY","VAL_DATE":1426723200000,"LINES":7,"MAX_VOLT":138,"MIN_VOLT":69,"MAX_INFER":"Y","MIN_INFER":"N","pnode_id":32411461,"pnode_name":"HALL    138 KV  T1","pnode_subtype":"LOAD","match_score":100.0,"pjm_zone":"DPL"}},{"type":"Feature","id":7064,"geometry":{"type":"Point","coordinates":[-78.4449133244477,36.5721581911942]},"properties":{"OBJECTID":7064,"ID":"147976","NAME":"BURLINGTON DP","CITY":"CLARKSVILLE","STATE":"VA","ZIP":"23927","TYPE":"SUBSTATION","STATUS":"IN SERVICE","COUNTY":"MECKLENBURG","COUNTYFIPS":"51117","COUNTRY":"USA","LATITUDE":36.57215819100003,"LONGITUDE":-78.44491332399997,"NAICS_CODE":"221121","NAICS_DESC":"ELECTRIC BULK POWER TRANSMISSION AND CONTROL","SOURCE":"IMAGERY, http://www.pjm.com/system-map/default.html","SOURCEDATE":1405296000000,"VAL_METHOD":"IMAGERY","VAL_DATE":1427846400000,"LINES":1,"MAX_VOLT":115,"MIN_VOLT":115,"MAX_INFER":"Y","MIN_INFER":"Y","pnode_id":113738,"pnode_name":"BURLINGTONCC","pnode_subtype":"AGGREGATE","match_score":80.0,"pjm_zone":"DOM"}},{"type":"Feature","id":7065,"geometry":{"type":"Point","coordinates":[-78.4655515467718,36.8090597999489]},"properties":{"OBJECTID":7065,"ID":"147977","NAME":"CHASE CITY","CITY":"CHASE CITY","STATE":"VA","ZIP":"23924","TYPE":"SUBSTATION","STATUS":"IN SERVICE","COUNTY":"MECKLENBURG","COUNTYFIPS":"51117","COUNTRY":"USA","LATITUDE":36.80905980000006,"LONGITUDE":-78.46555154699996,"NAICS_CODE":"221121","NAICS_DESC":"ELECTRIC BULK POWER TRANSMISSION AND CONTROL","SOURCE":"IMAGERY, http://www.pjm.com/system-map/default.html","SOURCEDATE":1405296000000,"VAL_METHOD":"IMAGERY","VAL_DATE":1427846400000,"LINES":7,"MAX_VOLT":115,"MIN_VOLT":115,"MAX_INFER":"Y","MIN_INFER":"Y","pnode_id":1893549569,"pnode_name":"CHARLES CITY","pnode_subtype":"AGGREGATE","match_score":81.81818181818181,"pjm_zone":"DOM"}},{"type":"Feature","id":7066,"geometry":{"type":"Point","coordinates":[-78.4669464058292,36.5488796673182]},"properties":{"OBJECTID":7066,"ID":"147978","NAME":"BUGGS ISLAND NUG","CITY":"CLARKSVILLE","STATE":"VA","ZIP":"23927","TYPE":"SUBSTATION","STATUS":"IN SERVICE","COUNTY":"MECKLENBURG","COUNTYFIPS":"51117","COUNTRY":"USA","LATITUDE":36.54887966700005,"LONGITUDE":-78.46694640599998,"NAICS_CODE":"221121","NAICS_DESC":"ELECTRIC BULK POWER TRANSMISSION AND CONTROL","SOURCE":"IMAGERY, http://www.pjm.com/system-map/default.html","SOURCEDATE":1405382400000,"VAL_METHOD":"IMAGERY","VAL_DATE":1427846400000,"LINES":1,"MAX_VOLT":115,"MIN_VOLT":115,"MAX_INFER":"Y","MIN_INFER":"Y","pnode_id":78711789,"pnode_name":"BUGGSISL13 KV   NUG","pnode_subtype":"GEN","match_score":72.72727272727273,"pjm_zone":"DOM"}},{"type":"Feature","id":7078,"geometry":{"type":"Point","coordinates":[-78.1169854338343,36.7262420542536]},"properties":{"OBJECTID":7078,"ID":"148028","NAME":"SOUTH HILL","CITY":"SOUTH HILL","STATE":"VA","ZIP":"23970","TYPE":"SUBSTATION","STATUS":"IN SERVICE","COUNTY":"MECKLENBURG","COUNTYFIPS":"51117","COUNTRY":"USA","LATITUDE":36.72624205400007,"LONGITUDE":-78.11698543399996,"NAICS_CODE":"221121","NAICS_DESC":"ELECTRIC BULK POWER TRANSMISSION AND CONTROL","SOURCE":"IMAGERY, http://www.pjm.com/system-map/default.html","SOURCEDATE":1405296000000,"VAL_METHOD":"IMAGERY","VAL_DATE":1427846400000,"LINES":2,"MAX_VOLT":115,"MIN_VOLT":115,"MAX_INFER":"Y","MIN_INFER":"Y","pnode_id":51216,"pnode_name":"DPL SOUTH","pnode_subtype":"AGGREGATE","match_score":73.6842105263158,"pjm_zone":"DOM"}},{"type":"Feature","id":7090,"geometry":{"type":"Point","coordinates":[-78.0111149567416,36.7343514260881]},"properties":{"OBJECTID":7090,"ID":"148052","NAME":"BRODNAX","CITY":"BRODNAX","STATE":"VA","ZIP":"23920","TYPE":"SUBSTATION","STATUS":"IN SERVICE","COUNTY":"BRUNSWICK","COUNTYFIPS":"51025","COUNTRY":"USA","LATITUDE":36.734351426000046,"LONGITUDE":-78.01111495699996,"NAICS_CODE":"221121","NAICS_DESC":"ELECTRIC BULK POWER TRANSMISSION AND CONTROL","SOURCE":"IMAGERY, http://www.pjm.com/system-map/default.html","SOURCEDATE":1405296000000,"VAL_METHOD":"IMAGERY","VAL_DATE":1427846400000,"LINES":2,"MAX_VOLT":115,"MIN_VOLT":115,"MAX_INFER":"Y","MIN_INFER":"Y","pnode_id":32410571,"pnode_name":"BARODA  138 KV  T1","pnode_subtype":"LOAD","match_score":76.92307692307692,"pjm_zone":"DOM"}},{"type":"Feature","id":7091,"geometry":{"type":"Point","coordinates":[-77.9211507094329,36.741400817005]},"properties":{"OBJECTID":7091,"ID":"148053","NAME":"BRUNSWICK","CITY":"BRODNAX","STATE":"VA","ZIP":"23920","TYPE":"SUBSTATION","STATUS":"IN SERVICE","COUNTY":"BRUNSWICK","COUNTYFIPS":"51025","COUNTRY":"USA","LATITUDE":36.741400817000056,"LONGITUDE":-77.92115070899996,"NAICS_CODE":"221121","NAICS_DESC":"ELECTRIC BULK POWER TRANSMISSION AND CONTROL","SOURCE":"IMAGERY, http://www.pjm.com/system-map/default.html","SOURCEDATE":1405296000000,"VAL_METHOD":"IMAGERY","VAL_DATE":1427846400000,"LINES":3,"MAX_VOLT":115,"MIN_VOLT":115,"MAX_INFER":"Y","MIN_INFER":"Y","pnode_id":51206,"pnode_name":"BRUNSWICK","pnode_subtype":"AGGREGATE","match_score":100.0,"pjm_zone":"DOM"}},{"type":"Feature","id":7101,"geometry":{"type":"Point","coordinates":[-81.9069397786981,38.9155991637345]},"properties":{"OBJECTID":7101,"ID":"148186","NAME":"RACINE HYDRO","CITY":"RACINE","STATE":"OH","ZIP":"45771","TYPE":"SUBSTATION","STATUS":"IN SERVICE","COUNTY":"MEIGS","COUNTYFIPS":"39105","COUNTRY":"USA","LATITUDE":38.91559916400007,"LONGITUDE":-81.90693977899997,"NAICS_CODE":"221121","NAICS_DESC":"ELECTRIC BULK POWER TRANSMISSION AND CONTROL","SOURCE":"IMAGERY, https://www.aeptransmission.com/westvirginia/LakinRacine/docs/Lakin-Racine_Factsheet_V5.pdf","SOURCEDATE":1470096000000,"VAL_METHOD":"IMAGERY","VAL_DATE":1588291200000,"LINES":3,"MAX_VOLT":69,"MIN_VOLT":69,"MAX_INFER":"Y","MIN_INFER":"Y","pnode_id":32418503,"pnode_name":"RACINE  8 KV    RA1","pnode_subtype":"GEN","match_score":100.0,"pjm_zone":"AEP"}},{"type":"Feature","id":7104,"geometry":{"type":"Point","coordinates":[-77.5849978386882,36.7181951430939]},"properties":{"OBJECTID":7104,"ID":"148191","NAME":"CLUBHOUSE","CITY":"EMPORIA","STATE":"VA","ZIP":"23847","TYPE":"SUBSTATION","STATUS":"IN SERVICE","COUNTY":"GREENSVILLE","COUNTYFIPS":"51081","COUNTRY":"USA","LATITUDE":36.71819514300006,"LONGITUDE":-77.58499783899998,"NAICS_CODE":"221121","NAICS_DESC":"ELECTRIC BULK POWER TRANSMISSION AND CONTROL","SOURCE":"IMAGERY, http://www.pjm.com/system-map/default.html","SOURCEDATE":1405382400000,"VAL_METHOD":"IMAGERY","VAL_DATE":1427846400000,"LINES":4,"MAX_VOLT":230,"MIN_VOLT":115,"MAX_INFER":"Y","MIN_INFER":"N","pnode_id":1379257899,"pnode_name":"CLOUSE  69 KV   NLEXNGTN","pnode_subtype":"LOAD","match_score":80.0,"pjm_zone":"DOM"}},{"type":"Feature","id":7108,"geometry":{"type":"Point","coordinates":[-77.1936815562512,36.6004468031128]},"properties":{"OBJECTID":7108,"ID":"148195","NAME":"BOYKINS","CITY":"BOYKINS","STATE":"VA","ZIP":"23827","TYPE":"SUBSTATION","STATUS":"IN SERVICE","COUNTY":"SOUTHAMPTON","COUNTYFIPS":"51175","COUNTRY":"USA","LATITUDE":36.60044680300007,"LONGITUDE":-77.19368155599994,"NAICS_CODE":"221121","NAICS_DESC":"ELECTRIC BULK POWER TRANSMISSION AND CONTROL","SOURCE":"IMAGERY, http://www.pjm.com/system-map/default.html","SOURCEDATE":1405468800000,"VAL_METHOD":"IMAGERY","VAL_DATE":1427846400000,"LINES":3,"MAX_VOLT":230,"MIN_VOLT":230,"MAX_INFER":"Y","MIN_INFER":"Y","pnode_id":40243425,"pnode_name":"BOTKINS 69 KV   BK-1","pnode_subtype":"LOAD","match_score":85.71428571428571,"pjm_zone":"DOM"}},{"type":"Feature","id":7109,"geometry":{"type":"Point","coordinates":[-76.7818206640276,36.8226849969273]},"properties":{"OBJECTID":7109,"ID":"148196","NAME":"WINDSOR DP","CITY":"WINDSOR","STATE":"VA","ZIP":"23487","TYPE":"SUBSTATION","STATUS":"IN SERVICE","COUNTY":"ISLE OF WIGHT","COUNTYFIPS":"51093","COUNTRY":"USA","LATITUDE":36.82268499700007,"LONGITUDE":-76.78182066399995,"NAICS_CODE":"221121","NAICS_DESC":"ELECTRIC BULK POWER TRANSMISSION AND CONTROL","SOURCE":"IMAGERY, http://www.pjm.com/system-map/default.html","SOURCEDATE":1405468800000,"VAL_METHOD":"IMAGERY","VAL_DATE":1427846400000,"LINES":2,"MAX_VOLT":115,"MIN_VOLT":115,"MAX_INFER":"Y","MIN_INFER":"Y","pnode_id":52453,"pnode_name":"EWINDSOR","pnode_subtype":"EHV","match_score":77.77777777777779,"pjm_zone":"DOM"}},{"type":"Feature","id":7115,"geometry":{"type":"Point","coordinates":[-80.8612993812213,37.3697430056524]},"properties":{"OBJECTID":7115,"ID":"148204","NAME":"GLEN LYN","CITY":"GLEN LYN","STATE":"VA","ZIP":"24093","TYPE":"SUBSTATION","STATUS":"IN SERVICE","COUNTY":"GILES","COUNTYFIPS":"51071","COUNTRY":"USA","LATITUDE":37.36974300600008,"LONGITUDE":-80.86129938099998,"NAICS_CODE":"221121","NAICS_DESC":"ELECTRIC BULK POWER TRANSMISSION AND CONTROL","SOURCE":"IMAGERY, http://www.pjm.com/system-map/default.html","SOURCEDATE":1410739200000,"VAL_METHOD":"IMAGERY","VAL_DATE":1425427200000,"LINES":11,"MAX_VOLT":138,"MIN_VOLT":138,"MAX_INFER":"Y","MIN_INFER":"Y","pnode_id":32418421,"pnode_name":"GLENLYN 138 KV  GL5","pnode_subtype":"GEN","match_score":98.33333333333333,"pjm_zone":"AEP"}},{"type":"Feature","id":7116,"geometry":{"type":"Point","coordinates":[-80.9880552682582,36.7152595780278]},"properties":{"OBJECTID":7116,"ID":"148205","NAME":"FRIES","CITY":"FRIES","STATE":"VA","ZIP":"24330","TYPE":"SUBSTATION","STATUS":"IN SERVICE","COUNTY":"GRAYSON","COUNTYFIPS":"51077","COUNTRY":"USA","LATITUDE":36.71525957800003,"LONGITUDE":-80.98805526799998,"NAICS_CODE":"221121","NAICS_DESC":"ELECTRIC BULK POWER TRANSMISSION AND CONTROL","SOURCE":"IMAGERY, http://www.pjm.com/system-map/default.html","SOURCEDATE":1410739200000,"VAL_METHOD":"IMAGERY","VAL_DATE":1425427200000,"LINES":4,"MAX_VOLT":69,"MIN_VOLT":69,"MAX_INFER":"N","MIN_INFER":"N","pnode_id":44460871,"pnode_name":"FRIES   69 KV   FRIESHYD","pnode_subtype":"GEN","match_score":100.0,"pjm_zone":"AEP"}},{"type":"Feature","id":7120,"geometry":{"type":"Point","coordinates":[-77.7010881604091,36.7642032829937]},"properties":{"OBJECTID":7120,"ID":"148209","NAME":"FREEMAN DP","CITY":"FREEMAN","STATE":"VA","ZIP":"23856","TYPE":"SUBSTATION","STATUS":"IN SERVICE","COUNTY":"BRUNSWICK","COUNTYFIPS":"51025","COUNTRY":"USA","LATITUDE":36.76420328300003,"LONGITUDE":-77.70108815999998,"NAICS_CODE":"221121","NAICS_DESC":"ELECTRIC BULK POWER TRANSMISSION AND CONTROL","SOURCE":"IMAGERY, http://www.pjm.com/system-map/default.html","SOURCEDATE":1405296000000,"VAL_METHOD":"IMAGERY","VAL_DATE":1427846400000,"LINES":1,"MAX_VOLT":115,"MIN_VOLT":115,"MAX_INFER":"N","MIN_INFER":"N","pnode_id":2041966764,"pnode_name":"FREEMAN 69 KV   T1","pnode_subtype":"LOAD","match_score":100.0,"pjm_zone":"DOM"}},{"type":"Feature","id":7122,"geometry":{"type":"Point","coordinates":[-77.4251751268413,37.0891950391832]},"properties":{"OBJECTID":7122,"ID":"148211","NAME":"UKNOWN","CITY":"PETERSBURG","STATE":"VA","ZIP":"23805","TYPE":"SUBSTATION","STATUS":"IN SERVICE","COUNTY":"DINWIDDIE","COUNTYFIPS":"51053","COUNTRY":"USA","LATITUDE":37.08919503900006,"LONGITUDE":-77.42517512699999,"NAICS_CODE":"221121","NAICS_DESC":"ELECTRIC BULK POWER TRANSMISSION AND CONTROL","SOURCE":"IMAGERY, http://www.pjm.com/system-map/default.html","SOURCEDATE":1405382400000,"VAL_METHOD":"IMAGERY","VAL_DATE":1551830400000,"LINES":2,"MAX_VOLT":115,"MIN_VOLT":115,"MAX_INFER":"Y","MIN_INFER":"Y","pnode_id":5022444,"pnode_name":"YUKON","pnode_subtype":"EHV","match_score":72.72727272727273,"pjm_zone":"DOM"}},{"type":"Feature","id":7123,"geometry":{"type":"Point","coordinates":[-77.4837649223346,36.8202733679819]},"properties":{"OBJECTID":7123,"ID":"148212","NAME":"JARRATT","CITY":"DEWITT","STATE":"VA","ZIP":"23840","TYPE":"SUBSTATION","STATUS":"IN SERVICE","COUNTY":"GREENSVILLE","COUNTYFIPS":"51081","COUNTRY":"USA","LATITUDE":36.82027336800007,"LONGITUDE":-77.48376492199998,"NAICS_CODE":"221121","NAICS_DESC":"ELECTRIC BULK POWER TRANSMISSION AND CONTROL","SOURCE":"IMAGERY, http://www.pjm.com/system-map/default.html","SOURCEDATE":1405468800000,"VAL_METHOD":"IMAGERY","VAL_DATE":1427846400000,"LINES":1,"MAX_VOLT":115,"MIN_VOLT":115,"MAX_INFER":"N","MIN_INFER":"N","pnode_id":2156113196,"pnode_name":"JARRETT 138 KV  T1","pnode_subtype":"LOAD","match_score":85.71428571428571,"pjm_zone":"DOM"}},{"type":"Feature","id":7127,"geometry":{"type":"Point","coordinates":[-77.3720308826677,37.2564965487135]},"properties":{"OBJECTID":7127,"ID":"148216","NAME":"HARVELL","CITY":"PRINCE GEORGE","STATE":"VA","ZIP":"23875","TYPE":"SUBSTATION","STATUS":"IN SERVICE","COUNTY":"PRINCE GEORGE","COUNTYFIPS":"51149","COUNTRY":"USA","LATITUDE":37.256496549000076,"LONGITUDE":-77.37203088299998,"NAICS_CODE":"221121","NAICS_DESC":"ELECTRIC BULK POWER TRANSMISSION AND CONTROL","SOURCE":"IMAGERY, http://www.pjm.com/system-map/default.html","SOURCEDATE":1405641600000,"VAL_METHOD":"IMAGERY","VAL_DATE":1427846400000,"LINES":2,"MAX_VOLT":115,"MIN_VOLT":115,"MAX_INFER":"Y","MIN_INFER":"Y","pnode_id":96906707,"pnode_name":"NHAVERHILL","pnode_subtype":"AGGREGATE","match_score":70.58823529411764,"pjm_zone":"DOM"}},{"type":"Feature","id":7155,"geometry":{"type":"Point","coordinates":[-77.4058758434481,37.0853882458222]},"properties":{"OBJECTID":7155,"ID":"148246","NAME":"CARSON","CITY":"PETERSBURG","STATE":"VA","ZIP":"23805","TYPE":"SUBSTATION","STATUS":"IN SERVICE","COUNTY":"DINWIDDIE","COUNTYFIPS":"51053","COUNTRY":"USA","LATITUDE":37.085388246000036,"LONGITUDE":-77.40587584299999,"NAICS_CODE":"221121","NAICS_DESC":"ELECTRIC BULK POWER TRANSMISSION AND CONTROL","SOURCE":"IMAGERY, OpenStreetMap","SOURCEDATE":1405382400000,"VAL_METHOD":"IMAGERY","VAL_DATE":1405382400000,"LINES":8,"MAX_VOLT":500,"MIN_VOLT":230,"MAX_INFER":"Y","MIN_INFER":"Y","pnode_id":35010339,"pnode_name":"CARSON","pnode_subtype":"EHV","match_score":100.0,"pjm_zone":"DOM"}},{"type":"Feature","id":7191,"geometry":{"type":"Point","coordinates":[-81.0500549616705,41.716636671175]},"properties":{"OBJECTID":7191,"ID":"148485","NAME":"SPRUCE","CITY":"MADISON","STATE":"OH","ZIP":"44057","TYPE":"SUBSTATION","STATUS":"IN SERVICE","COUNTY":"LAKE","COUNTYFIPS":"39085","COUNTRY":"USA","LATITUDE":41.71663667100006,"LONGITUDE":-81.05005496199999,"NAICS_CODE":"221121","NAICS_DESC":"ELECTRIC BULK POWER TRANSMISSION AND CONTROL","SOURCE":"OpenStreetMap","SOURCEDATE":1403654400000,"VAL_METHOD":"IMAGERY","VAL_DATE":1444176000000,"LINES":2,"MAX_VOLT":138,"MIN_VOLT":138,"MAX_INFER":"Y","MIN_INFER":"Y","pnode_id":98370363,"pnode_name":"SPRUCE  34 KV   LDR1","pnode_subtype":"LOAD","match_score":100.0,"pjm_zone":"FE-ATSI"}},{"type":"Feature","id":7209,"geometry":{"type":"Point","coordinates":[-83.3329738116313,41.6372215729699]},"properties":{"OBJECTID":7209,"ID":"148503","NAME":"DECANT","CITY":"CURTICE","STATE":"OH","ZIP":"43412","TYPE":"SUBSTATION","STATUS":"IN SERVICE","COUNTY":"LUCAS","COUNTYFIPS":"39095","COUNTRY":"USA","LATITUDE":41.63722157300003,"LONGITUDE":-83.33297381199998,"NAICS_CODE":"221121","NAICS_DESC":"ELECTRIC BULK POWER TRANSMISSION AND CONTROL","SOURCE":"OpenStreetMap","SOURCEDATE":1403654400000,"VAL_METHOD":"IMAGERY","VAL_DATE":1444176000000,"LINES":5,"MAX_VOLT":138,"MIN_VOLT":138,"MAX_INFER":"Y","MIN_INFER":"Y","pnode_id":1775813090,"pnode_name":"DECATUR 69 KV   T1","pnode_subtype":"LOAD","match_score":76.92307692307692,"pjm_zone":"FE-ATSI"}},{"type":"Feature","id":7210,"geometry":{"type":"Point","coordinates":[-83.6118346865669,41.6013840073142]},"properties":{"OBJECTID":7210,"ID":"148504","NAME":"GOULD","CITY":"TOLEDO","STATE":"OH","ZIP":"43614","TYPE":"SUBSTATION","STATUS":"IN SERVICE","COUNTY":"LUCAS","COUNTYFIPS":"39095","COUNTRY":"USA","LATITUDE":41.601384007000036,"LONGITUDE":-83.61183468699994,"NAICS_CODE":"221121","NAICS_DESC":"ELECTRIC BULK POWER TRANSMISSION AND CONTROL","SOURCE":"OpenStreetMap","SOURCEDATE":1403654400000,"VAL_METHOD":"IMAGERY","VAL_DATE":1444176000000,"LINES":2,"MAX_VOLT":-999999,"MIN_VOLT":-999999,"MAX_INFER":"N","MIN_INFER":"N","pnode_id":135388837,"pnode_name":"GOULD   69 KV   TR1","pnode_subtype":"LOAD","match_score":100.0,"pjm_zone":"FE-ATSI"}},{"type":"Feature","id":7212,"geometry":{"type":"Point","coordinates":[-82.8437503493974,41.5780328877574]},"properties":{"OBJECTID":7212,"ID":"148641","NAME":"CATAWBA ISLAND","CITY":"PORT CLINTON","STATE":"OH","ZIP":"43452","TYPE":"SUBSTATION","STATUS":"IN SERVICE","COUNTY":"OTTAWA","COUNTYFIPS":"39123","COUNTRY":"USA","LATITUDE":41.57803288800005,"LONGITUDE":-82.84375034899995,"NAICS_CODE":"221121","NAICS_DESC":"ELECTRIC BULK POWER TRANSMISSION AND CONTROL","SOURCE":"OpenStreetMap","SOURCEDATE":1403827200000,"VAL_METHOD":"IMAGERY","VAL_DATE":1444089600000,"LINES":0,"MAX_VOLT":-999999,"MIN_VOLT":-999999,"MAX_INFER":"N","MIN_INFER":"N","pnode_id":32410837,"pnode_name":"CATAWBA 34 KV   MASONCRE","pnode_subtype":"LOAD","match_score":100.0,"pjm_zone":"FE-ATSI"}},{"type":"Feature","id":7219,"geometry":{"type":"Point","coordinates":[-87.5545992417433,41.5879805567768]},"properties":{"OBJECTID":7219,"ID":"148654","NAME":"SAND RIDGE","CITY":"LANSING","STATE":"IL","ZIP":"60438","TYPE":"SUBSTATION","STATUS":"IN SERVICE","COUNTY":"COOK","COUNTYFIPS":"17031","COUNTRY":"USA","LATITUDE":41.58798055700004,"LONGITUDE":-87.55459924199994,"NAICS_CODE":"221121","NAICS_DESC":"ELECTRIC BULK POWER TRANSMISSION AND CONTROL","SOURCE":"OpenStreetMap","SOURCEDATE":1427760000000,"VAL_METHOD":"IMAGERY","VAL_DATE":1449619200000,"LINES":2,"MAX_VOLT":-999999,"MIN_VOLT":-999999,"MAX_INFER":"Y","MIN_INFER":"Y","pnode_id":1893549566,"pnode_name":"WALNUT RIDGE","pnode_subtype":"AGGREGATE","match_score":72.72727272727273,"pjm_zone":"COMED"}},{"type":"Feature","id":7231,"geometry":{"type":"Point","coordinates":[-83.5272972041105,41.5937814032581]},"properties":{"OBJECTID":7231,"ID":"148670","NAME":"TRACY","CITY":"WALBRIDGE","STATE":"OH","ZIP":"43465","TYPE":"SUBSTATION","STATUS":"IN SERVICE","COUNTY":"WOOD","COUNTYFIPS":"39173","COUNTRY":"USA","LATITUDE":41.59378140300004,"LONGITUDE":-83.52729720399998,"NAICS_CODE":"221121","NAICS_DESC":"ELECTRIC BULK POWER TRANSMISSION AND CONTROL","SOURCE":"OpenStreetMap","SOURCEDATE":1403654400000,"VAL_METHOD":"IMAGERY","VAL_DATE":1444176000000,"LINES":2,"MAX_VOLT":138,"MIN_VOLT":138,"MAX_INFER":"Y","MIN_INFER":"Y","pnode_id":1123180536,"pnode_name":"TRACY   69 KV   WALBRISP","pnode_subtype":"GEN","match_score":100.0,"pjm_zone":"FE-ATSI"}},{"type":"Feature","id":7233,"geometry":{"type":"Point","coordinates":[-83.4497084481931,41.5901094122668]},"properties":{"OBJECTID":7233,"ID":"148672","NAME":"FREY","CITY":"NORTHWOOD","STATE":"OH","ZIP":"43619","TYPE":"SUBSTATION","STATUS":"IN SERVICE","COUNTY":"WOOD","COUNTYFIPS":"39173","COUNTRY":"USA","LATITUDE":41.59010941200006,"LONGITUDE":-83.44970844799997,"NAICS_CODE":"221121","NAICS_DESC":"ELECTRIC BULK POWER TRANSMISSION AND CONTROL","SOURCE":"OpenStreetMap","SOURCEDATE":1403654400000,"VAL_METHOD":"IMAGERY","VAL_DATE":1444176000000,"LINES":2,"MAX_VOLT":138,"MIN_VOLT":138,"MAX_INFER":"Y","MIN_INFER":"Y","pnode_id":93353553,"pnode_name":"02FREY  138 KV  TR1","pnode_subtype":"LOAD","match_score":85.0,"pjm_zone":"FE-ATSI"}},{"type":"Feature","id":7234,"geometry":{"type":"Point","coordinates":[-83.5979505806571,41.5773931623069]},"properties":{"OBJECTID":7234,"ID":"148673","NAME":"FORD","CITY":"PERRYSBURG","STATE":"OH","ZIP":"43551","TYPE":"SUBSTATION","STATUS":"IN SERVICE","COUNTY":"WOOD","COUNTYFIPS":"39173","COUNTRY":"USA","LATITUDE":41.57739316200008,"LONGITUDE":-83.59795058099996,"NAICS_CODE":"221121","NAICS_DESC":"ELECTRIC BULK POWER TRANSMISSION AND CONTROL","SOURCE":"OpenStreetMap","SOURCEDATE":1403654400000,"VAL_METHOD":"IMAGERY","VAL_DATE":1444176000000,"LINES":2,"MAX_VOLT":138,"MIN_VOLT":138,"MAX_INFER":"Y","MIN_INFER":"Y","pnode_id":32411297,"pnode_name":"FORD    138 KV  T3","pnode_subtype":"LOAD","match_score":100.0,"pjm_zone":"FE-ATSI"}},{"type":"Feature","id":7243,"geometry":{"type":"Point","coordinates":[-81.4469962410917,41.5396240609707]},"properties":{"OBJECTID":7243,"ID":"148686","NAME":"LARK","CITY":"MAYFIELD VILLAGE","STATE":"OH","ZIP":"44143","TYPE":"SUBSTATION","STATUS":"IN SERVICE","COUNTY":"CUYAHOGA","COUNTYFIPS":"39035","COUNTRY":"USA","LATITUDE":41.53962406100004,"LONGITUDE":-81.44699624099997,"NAICS_CODE":"221121","NAICS_DESC":"ELECTRIC BULK POWER TRANSMISSION AND CONTROL","SOURCE":"OpenStreetMap","SOURCEDATE":1403654400000,"VAL_METHOD":"IMAGERY","VAL_DATE":1444176000000,"LINES":4,"MAX_VOLT":138,"MIN_VOLT":138,"MAX_INFER":"Y","MIN_INFER":"Y","pnode_id":93353607,"pnode_name":"02LARK  138 KV  TR71","pnode_subtype":"LOAD","match_score":85.0,"pjm_zone":"FE-ATSI"}},{"type":"Feature","id":7248,"geometry":{"type":"Point","coordinates":[-80.3085917712461,36.9259294148324]},"properties":{"OBJECTID":7248,"ID":"148692","NAME":"FLOYD","CITY":"FLOYD","STATE":"VA","ZIP":"24091","TYPE":"SUBSTATION","STATUS":"IN SERVICE","COUNTY":"FLOYD","COUNTYFIPS":"51063","COUNTRY":"USA","LATITUDE":36.92592941500004,"LONGITUDE":-80.30859177099995,"NAICS_CODE":"221121","NAICS_DESC":"ELECTRIC BULK POWER TRANSMISSION AND CONTROL","SOURCE":"IMAGERY, http://www.pjm.com/system-map/default.html","SOURCEDATE":1425513600000,"VAL_METHOD":"IMAGERY","VAL_DATE":1425513600000,"LINES":3,"MAX_VOLT":138,"MIN_VOLT":138,"MAX_INFER":"Y","MIN_INFER":"Y","pnode_id":32411291,"pnode_name":"FLOYD   138 KV  T2","pnode_subtype":"LOAD","match_score":100.0,"pjm_zone":"AEP"}},{"type":"Feature","id":7252,"geometry":{"type":"Point","coordinates":[-80.5931394221047,37.117043840166]},"properties":{"OBJECTID":7252,"ID":"148697","NAME":"INGLES ST","CITY":"RADFORD","STATE":"VA","ZIP":"24141","TYPE":"SUBSTATION","STATUS":"IN SERVICE","COUNTY":"RADFORD","COUNTYFIPS":"51750","COUNTRY":"USA","LATITUDE":37.117043840000065,"LONGITUDE":-80.59313942199998,"NAICS_CODE":"221121","NAICS_DESC":"ELECTRIC BULK POWER TRANSMISSION AND CONTROL","SOURCE":"IMAGERY, http://www.pjm.com/system-map/default.html","SOURCEDATE":1425427200000,"VAL_METHOD":"IMAGERY","VAL_DATE":1425427200000,"LINES":3,"MAX_VOLT":138,"MIN_VOLT":138,"MAX_INFER":"N","MIN_INFER":"N","pnode_id":32411117,"pnode_name":"DINGESS 138 KV  T1","pnode_subtype":"LOAD","match_score":80.0,"pjm_zone":"AEP"}},{"type":"Feature","id":7253,"geometry":{"type":"Point","coordinates":[-80.5302673603469,37.1232617978471]},"properties":{"OBJECTID":7253,"ID":"148698","NAME":"NORTH CLAYTOR","CITY":"RADFORD","STATE":"VA","ZIP":"24141","TYPE":"SUBSTATION","STATUS":"IN SERVICE","COUNTY":"RADFORD","COUNTYFIPS":"51750","COUNTRY":"USA","LATITUDE":37.123261798000044,"LONGITUDE":-80.53026735999998,"NAICS_CODE":"221121","NAICS_DESC":"ELECTRIC BULK POWER TRANSMISSION AND CONTROL","SOURCE":"IMAGERY, http://www.pjm.com/system-map/default.html","SOURCEDATE":1425427200000,"VAL_METHOD":"IMAGERY","VAL_DATE":1425427200000,"LINES":3,"MAX_VOLT":138,"MIN_VOLT":138,"MAX_INFER":"N","MIN_INFER":"N","pnode_id":32418343,"pnode_name":"CLAYTOR 11 KV   CL1","pnode_subtype":"GEN","match_score":100.0,"pjm_zone":"AEP"}},{"type":"Feature","id":7256,"geometry":{"type":"Point","coordinates":[-80.4440586063218,37.1652466441401]},"properties":{"OBJECTID":7256,"ID":"148719","NAME":"VICKER","CITY":"CHRISTIANSBURG","STATE":"VA","ZIP":"24073","TYPE":"SUBSTATION","STATUS":"IN SERVICE","COUNTY":"MONTGOMERY","COUNTYFIPS":"51121","COUNTRY":"USA","LATITUDE":37.165246644000035,"LONGITUDE":-80.44405860599994,"NAICS_CODE":"221121","NAICS_DESC":"ELECTRIC BULK POWER TRANSMISSION AND CONTROL","SOURCE":"IMAGERY, http://www.pjm.com/system-map/default.html","SOURCEDATE":1425427200000,"VAL_METHOD":"IMAGERY","VAL_DATE":1425427200000,"LINES":2,"MAX_VOLT":138,"MIN_VOLT":138,"MAX_INFER":"N","MIN_INFER":"N","pnode_id":32412919,"pnode_name":"VICKER  138 KV  T1","pnode_subtype":"LOAD","match_score":100.0,"pjm_zone":"AEP"}},{"type":"Feature","id":7259,"geometry":{"type":"Point","coordinates":[-80.3984202085552,36.9753942453408]},"properties":{"OBJECTID":7259,"ID":"148722","NAME":"ALUM RIDGE","CITY":"RINER","STATE":"VA","ZIP":"24149","TYPE":"SUBSTATION","STATUS":"IN SERVICE","COUNTY":"FLOYD","COUNTYFIPS":"51063","COUNTRY":"USA","LATITUDE":36.975394245000075,"LONGITUDE":-80.39842020899994,"NAICS_CODE":"221121","NAICS_DESC":"ELECTRIC BULK POWER TRANSMISSION AND CONTROL","SOURCE":"IMAGERY, http://www.pjm.com/system-map/default.html","SOURCEDATE":1425427200000,"VAL_METHOD":"IMAGERY","VAL_DATE":1425513600000,"LINES":2,"MAX_VOLT":138,"MIN_VOLT":138,"MAX_INFER":"N","MIN_INFER":"N","pnode_id":35024709,"pnode_name":"BLUE RIDGE","pnode_subtype":"AGGREGATE","match_score":80.0,"pjm_zone":"AEP"}},{"type":"Feature","id":7262,"geometry":{"type":"Point","coordinates":[-81.077549476586,40.9199337927116]},"properties":{"OBJECTID":7262,"ID":"150289","NAME":"BLUEBELL","CITY":"ALLIANCE","STATE":"OH","ZIP":"44601","TYPE":"SUBSTATION","STATUS":"IN SERVICE","COUNTY":"MAHONING","COUNTYFIPS":"39099","COUNTRY":"USA","LATITUDE":40.91993379300004,"LONGITUDE":-81.07754947699993,"NAICS_CODE":"221121","NAICS_DESC":"ELECTRIC BULK POWER TRANSMISSION AND CONTROL","SOURCE":"OpenStreetMap","SOURCEDATE":1403827200000,"VAL_METHOD":"IMAGERY","VAL_DATE":1444089600000,"LINES":6,"MAX_VOLT":138,"MIN_VOLT":138,"MAX_INFER":"Y","MIN_INFER":"Y","pnode_id":2156108973,"pnode_name":"BUELL   138 KV  T1","pnode_subtype":"LOAD","match_score":81.92307692307692,"pjm_zone":"FE-ATSI"}},{"type":"Feature","id":7267,"geometry":{"type":"Point","coordinates":[-81.1253737296621,40.0052250631916]},"properties":{"OBJECTID":7267,"ID":"150326","NAME":"SPEIDEL","CITY":"BARNESVILLE","STATE":"OH","ZIP":"43713","TYPE":"SUBSTATION","STATUS":"IN SERVICE","COUNTY":"BELMONT","COUNTYFIPS":"39013","COUNTRY":"USA","LATITUDE":40.00522506300007,"LONGITUDE":-81.12537372999998,"NAICS_CODE":"221121","NAICS_DESC":"ELECTRIC BULK POWER TRANSMISSION AND CONTROL","SOURCE":"IMAGERY, https://aeptransmission.com/ohio/Glencoe-Speidel/docs/Glenco-Speidel_Factsheet_V2_1.pdf#view=Fit","SOURCEDATE":1477872000000,"VAL_METHOD":"IMAGERY","VAL_DATE":1537315200000,"LINES":3,"MAX_VOLT":138,"MIN_VOLT":138,"MAX_INFER":"Y","MIN_INFER":"Y","pnode_id":2156108983,"pnode_name":"SPEIDEL 69 KV   HANNACOL","pnode_subtype":"LOAD","match_score":100.0,"pjm_zone":"AEP"}},{"type":"Feature","id":7269,"geometry":{"type":"Point","coordinates":[-81.1171072177203,40.9524964180522]},"properties":{"OBJECTID":7269,"ID":"150336","NAME":"LEXINGTON","CITY":"ALLIANCE","STATE":"OH","ZIP":"44601","TYPE":"SUBSTATION","STATUS":"IN SERVICE","COUNTY":"STARK","COUNTYFIPS":"39151","COUNTRY":"USA","LATITUDE":40.95249641800007,"LONGITUDE":-81.11710721799994,"NAICS_CODE":"221121","NAICS_DESC":"ELECTRIC BULK POWER TRANSMISSION AND CONTROL","SOURCE":"OpenStreetMap","SOURCEDATE":1403827200000,"VAL_METHOD":"IMAGERY","VAL_DATE":1444089600000,"LINES":0,"MAX_VOLT":-999999,"MIN_VOLT":-999999,"MAX_INFER":"N","MIN_INFER":"N","pnode_id":35010383,"pnode_name":"LEXINGTON","pnode_subtype":"EHV","match_score":100.0,"pjm_zone":"FE-ATSI"}},{"type":"Feature","id":7274,"geometry":{"type":"Point","coordinates":[-80.5768262258526,40.9169757888995]},"properties":{"OBJECTID":7274,"ID":"150355","NAME":"MAHONING","CITY":"NEW SPRINGFIELD","STATE":"OH","ZIP":"44443","TYPE":"SUBSTATION","STATUS":"IN SERVICE","COUNTY":"MAHONING","COUNTYFIPS":"39099","COUNTRY":"USA","LATITUDE":40.91697578900005,"LONGITUDE":-80.57682622599998,"NAICS_CODE":"221121","NAICS_DESC":"ELECTRIC BULK POWER TRANSMISSION AND CONTROL","SOURCE":"IMAGERY, EIA 860","SOURCEDATE":1478131200000,"VAL_METHOD":"IMAGERY","VAL_DATE":1622505600000,"LINES":0,"MAX_VOLT":-999999,"MIN_VOLT":-999999,"MAX_INFER":"N","MIN_INFER":"N","pnode_id":2156112898,"pnode_name":"WAGENHAL69 KV   MAHONING","pnode_subtype":"LOAD","match_score":100.0,"pjm_zone":"FE-ATSI"}},{"type":"Feature","id":7285,"geometry":{"type":"Point","coordinates":[-80.5687884348635,41.0947601530207]},"properties":{"OBJECTID":7285,"ID":"150369","NAME":"COITSVILLE","CITY":"YOUNGSTOWN","STATE":"OH","ZIP":"44505","TYPE":"SUBSTATION","STATUS":"IN SERVICE","COUNTY":"MAHONING","COUNTYFIPS":"39099","COUNTRY":"USA","LATITUDE":41.09476015300004,"LONGITUDE":-80.56878843499999,"NAICS_CODE":"221121","NAICS_DESC":"ELECTRIC BULK POWER TRANSMISSION AND CONTROL","SOURCE":"OpenStreetMap","SOURCEDATE":1403827200000,"VAL_METHOD":"IMAGERY","VAL_DATE":1444089600000,"LINES":0,"MAX_VOLT":-999999,"MIN_VOLT":-999999,"MAX_INFER":"N","MIN_INFER":"N","pnode_id":35010367,"pnode_name":"MORRISVILLE","pnode_subtype":"EHV","match_score":76.19047619047619,"pjm_zone":"FE-ATSI"}},{"type":"Feature","id":7287,"geometry":{"type":"Point","coordinates":[-80.568072998605,40.594417750286]},"properties":{"OBJECTID":7287,"ID":"150375","NAME":"SOUTH CHESTER","CITY":"CHESTER","STATE":"WV","ZIP":"26034","TYPE":"SUBSTATION","STATUS":"IN SERVICE","COUNTY":"HANCOCK","COUNTYFIPS":"54029","COUNTRY":"USA","LATITUDE":40.59441775000005,"LONGITUDE":-80.56807299899998,"NAICS_CODE":"221121","NAICS_DESC":"ELECTRIC BULK POWER TRANSMISSION AND CONTROL","SOURCE":"IMAGERY, OpenStreetMap","SOURCEDATE":1396828800000,"VAL_METHOD":"IMAGERY","VAL_DATE":1441929600000,"LINES":1,"MAX_VOLT":-999999,"MIN_VOLT":-999999,"MAX_INFER":"Y","MIN_INFER":"Y","pnode_id":734089,"pnode_name":"CHESTER CT 9","pnode_subtype":"AGGREGATE","match_score":72.0,"pjm_zone":"APS"}},{"type":"Feature","id":7288,"geometry":{"type":"Point","coordinates":[-80.5810742393552,40.4072748498224]},"properties":{"OBJECTID":7288,"ID":"150376","NAME":"WEIRTON","CITY":"WEIRTON","STATE":"WV","ZIP":"26062","TYPE":"SUBSTATION","STATUS":"IN SERVICE","COUNTY":"HANCOCK","COUNTYFIPS":"54029","COUNTRY":"USA","LATITUDE":40.40727485000008,"LONGITUDE":-80.58107423899997,"NAICS_CODE":"221121","NAICS_DESC":"ELECTRIC BULK POWER TRANSMISSION AND CONTROL","SOURCE":"IMAGERY, OpenStreetMap","SOURCEDATE":1396828800000,"VAL_METHOD":"IMAGERY","VAL_DATE":1441929600000,"LINES":7,"MAX_VOLT":-999999,"MIN_VOLT":-999999,"MAX_INFER":"Y","MIN_INFER":"Y","pnode_id":33138737,"pnode_name":"POWERTON 5","pnode_subtype":"AGGREGATE","match_score":70.58823529411764,"pjm_zone":"APS"}},{"type":"Feature","id":7289,"geometry":{"type":"Point","coordinates":[-80.5936073608244,40.3375200070917]},"properties":{"OBJECTID":7289,"ID":"150377","NAME":"MAHANS LANE","CITY":"FOLLANSBEE","STATE":"WV","ZIP":"26037","TYPE":"SUBSTATION","STATUS":"IN SERVICE","COUNTY":"BROOKE","COUNTYFIPS":"54009","COUNTRY":"USA","LATITUDE":40.33752000700008,"LONGITUDE":-80.59360736099995,"NAICS_CODE":"221121","NAICS_DESC":"ELECTRIC BULK POWER TRANSMISSION AND CONTROL","SOURCE":"IMAGERY, OpenStreetMap","SOURCEDATE":1396828800000,"VAL_METHOD":"IMAGERY","VAL_DATE":1441929600000,"LINES":2,"MAX_VOLT":138,"MIN_VOLT":138,"MAX_INFER":"Y","MIN_INFER":"Y","pnode_id":2156113254,"pnode_name":"LANE    69 KV   ALD","pnode_subtype":"LOAD","match_score":100.0,"pjm_zone":"APS"}},{"type":"Feature","id":7290,"geometry":{"type":"Point","coordinates":[-80.5823853439871,37.0723637832727]},"properties":{"OBJECTID":7290,"ID":"150378","NAME":"CLAYTOR","CITY":"RADFORD","STATE":"VA","ZIP":"24141","TYPE":"SUBSTATION","STATUS":"IN SERVICE","COUNTY":"PULASKI","COUNTYFIPS":"51155","COUNTRY":"USA","LATITUDE":37.07236378300007,"LONGITUDE":-80.58238534399999,"NAICS_CODE":"221121","NAICS_DESC":"ELECTRIC BULK POWER TRANSMISSION AND CONTROL","SOURCE":"IMAGERY, OpenStreetMap","SOURCEDATE":1410739200000,"VAL_METHOD":"IMAGERY","VAL_DATE":1410739200000,"LINES":7,"MAX_VOLT":138,"MIN_VOLT":138,"MAX_INFER":"Y","MIN_INFER":"Y","pnode_id":32418343,"pnode_name":"CLAYTOR 11 KV   CL1","pnode_subtype":"GEN","match_score":100.0,"pjm_zone":"AEP"}},{"type":"Feature","id":7295,"geometry":{"type":"Point","coordinates":[-80.6011711297026,41.0778405010369]},"properties":{"OBJECTID":7295,"ID":"150401","NAME":"CAMPBELL","CITY":"CAMPBELL","STATE":"OH","ZIP":"44405","TYPE":"SUBSTATION","STATUS":"IN SERVICE","COUNTY":"MAHONING","COUNTYFIPS":"39099","COUNTRY":"USA","LATITUDE":41.077840501000026,"LONGITUDE":-80.60117112999995,"NAICS_CODE":"221121","NAICS_DESC":"ELECTRIC BULK POWER TRANSMISSION AND CONTROL","SOURCE":"OpenStreetMap","SOURCEDATE":1403827200000,"VAL_METHOD":"IMAGERY","VAL_DATE":1444089600000,"LINES":0,"MAX_VOLT":-999999,"MIN_VOLT":-999999,"MAX_INFER":"N","MIN_INFER":"N","pnode_id":32410769,"pnode_name":"CABELL  138 KV  T1","pnode_subtype":"LOAD","match_score":85.71428571428571,"pjm_zone":"FE-ATSI"}},{"type":"Feature","id":7297,"geometry":{"type":"Point","coordinates":[-80.6367055960554,41.0621020420071]},"properties":{"OBJECTID":7297,"ID":"150403","NAME":"ZEDAKER","CITY":"YOUNGSTOWN","STATE":"OH","ZIP":"44502","TYPE":"SUBSTATION","STATUS":"IN SERVICE","COUNTY":"MAHONING","COUNTYFIPS":"39099","COUNTRY":"USA","LATITUDE":41.06210204200005,"LONGITUDE":-80.63670559599996,"NAICS_CODE":"221121","NAICS_DESC":"ELECTRIC BULK POWER TRANSMISSION AND CONTROL","SOURCE":"OpenStreetMap","SOURCEDATE":1403827200000,"VAL_METHOD":"IMAGERY","VAL_DATE":1444176000000,"LINES":0,"MAX_VOLT":-999999,"MIN_VOLT":-999999,"MAX_INFER":"N","MIN_INFER":"N","pnode_id":2156110507,"pnode_name":"ZEDAKER 69 KV   GENEX_LD","pnode_subtype":"LOAD","match_score":100.0,"pjm_zone":"FE-ATSI"}},{"type":"Feature","id":7309,"geometry":{"type":"Point","coordinates":[-84.7391862959365,40.9285194303025]},"properties":{"OBJECTID":7309,"ID":"150509","NAME":"R.P.MONE","CITY":"CONVOY","STATE":"OH","ZIP":"45832","TYPE":"SUBSTATION","STATUS":"IN SERVICE","COUNTY":"VAN WERT","COUNTYFIPS":"39161","COUNTRY":"USA","LATITUDE":40.92851943000005,"LONGITUDE":-84.73918629599996,"NAICS_CODE":"221121","NAICS_DESC":"ELECTRIC BULK POWER TRANSMISSION AND CONTROL","SOURCE":"OpenStreetMap","SOURCEDATE":1403654400000,"VAL_METHOD":"IMAGERY","VAL_DATE":1444176000000,"LINES":3,"MAX_VOLT":345,"MIN_VOLT":345,"MAX_INFER":"Y","MIN_INFER":"Y","pnode_id":32419345,"pnode_name":"RPMONE  18 KV   1","pnode_subtype":"GEN","match_score":85.71428571428571,"pjm_zone":"AEP"}},{"type":"Feature","id":7310,"geometry":{"type":"Point","coordinates":[-84.9309740003885,40.835187000283]},"properties":{"OBJECTID":7310,"ID":"150510","NAME":"DECATUR","CITY":"DECATUR","STATE":"IN","ZIP":"46733","TYPE":"SUBSTATION","STATUS":"IN SERVICE","COUNTY":"ADAMS","COUNTYFIPS":"18001","COUNTRY":"USA","LATITUDE":40.835187000000076,"LONGITUDE":-84.93097399999994,"NAICS_CODE":"221121","NAICS_DESC":"ELECTRIC BULK POWER TRANSMISSION AND CONTROL","SOURCE":"IMAGERY, https://aeptransmission.com/indiana/PoweringUpSouth/docs/PoweringUpSouth_Factsheet_V2.pdf","SOURCEDATE":1473811200000,"VAL_METHOD":"IMAGERY","VAL_DATE":1550620800000,"LINES":0,"MAX_VOLT":-999999,"MIN_VOLT":-999999,"MAX_INFER":"N","MIN_INFER":"N","pnode_id":1388602683,"pnode_name":"LINCOLN269 KV   DECATUR","pnode_subtype":"LOAD","match_score":100.0,"pjm_zone":"AEP"}},{"type":"Feature","id":7317,"geometry":{"type":"Point","coordinates":[-85.0700946897632,41.1134102701683]},"properties":{"OBJECTID":7317,"ID":"150518","NAME":"TRIER","CITY":"FORT WAYNE","STATE":"IN","ZIP":"46815","TYPE":"SUBSTATION","STATUS":"IN SERVICE","COUNTY":"ALLEN","COUNTYFIPS":"18003","COUNTRY":"USA","LATITUDE":41.11341027000003,"LONGITUDE":-85.07009468999996,"NAICS_CODE":"221121","NAICS_DESC":"ELECTRIC BULK POWER TRANSMISSION AND CONTROL","SOURCE":"IMAGERY, OpenStreetMap","SOURCEDATE":1430179200000,"VAL_METHOD":"IMAGERY","VAL_DATE":1435104000000,"LINES":2,"MAX_VOLT":138,"MIN_VOLT":138,"MAX_INFER":"Y","MIN_INFER":"Y","pnode_id":32412875,"pnode_name":"TRIER   138 KV  T1","pnode_subtype":"LOAD","match_score":100.0,"pjm_zone":"AEP"}},{"type":"Feature","id":7318,"geometry":{"type":"Point","coordinates":[-85.0626393628111,41.0702841262388]},"properties":{"OBJECTID":7318,"ID":"150519","NAME":"LINCOLN","CITY":"NEW HAVEN","STATE":"IN","ZIP":"46803","TYPE":"SUBSTATION","STATUS":"IN SERVICE","COUNTY":"ALLEN","COUNTYFIPS":"18003","COUNTRY":"USA","LATITUDE":41.07028412600005,"LONGITUDE":-85.06263936299996,"NAICS_CODE":"221121","NAICS_DESC":"ELECTRIC BULK POWER TRANSMISSION AND CONTROL","SOURCE":"IMAGERY, OpenStreetMap","SOURCEDATE":1430179200000,"VAL_METHOD":"IMAGERY","VAL_DATE":1435104000000,"LINES":10,"MAX_VOLT":138,"MIN_VOLT":69,"MAX_INFER":"Y","MIN_INFER":"Y","pnode_id":123901281,"pnode_name":"LNCOLN2 69 KV   BK3","pnode_subtype":"LOAD","match_score":85.71428571428571,"pjm_zone":"AEP"}},{"type":"Feature","id":7319,"geometry":{"type":"Point","coordinates":[-84.8699703302171,41.0199921799675]},"properties":{"OBJECTID":7319,"ID":"150520","NAME":"TILLMAN","CITY":"MONROEVILLE","STATE":"IN","ZIP":"46773","TYPE":"SUBSTATION","STATUS":"IN SERVICE","COUNTY":"ALLEN","COUNTYFIPS":"18003","COUNTRY":"USA","LATITUDE":41.01999218000003,"LONGITUDE":-84.86997032999994,"NAICS_CODE":"221121","NAICS_DESC":"ELECTRIC BULK POWER TRANSMISSION AND CONTROL","SOURCE":"IMAGERY, OpenStreetMap","SOURCEDATE":1430179200000,"VAL_METHOD":"IMAGERY","VAL_DATE":1435104000000,"LINES":2,"MAX_VOLT":138,"MIN_VOLT":138,"MAX_INFER":"Y","MIN_INFER":"Y","pnode_id":1388602682,"pnode_name":"LINCOLN234 KV   TILLMAN","pnode_subtype":"LOAD","match_score":100.0,"pjm_zone":"AEP"}},{"type":"Feature","id":7320,"geometry":{"type":"Point","coordinates":[-84.9889379180638,41.085639606144]},"properties":{"OBJECTID":7320,"ID":"150521","NAME":"HARPER","CITY":"NEW HAVEN","STATE":"IN","ZIP":"46774","TYPE":"SUBSTATION","STATUS":"IN SERVICE","COUNTY":"ALLEN","COUNTYFIPS":"18003","COUNTRY":"USA","LATITUDE":41.08563960600003,"LONGITUDE":-84.98893791799998,"NAICS_CODE":"221121","NAICS_DESC":"ELECTRIC BULK POWER TRANSMISSION AND CONTROL","SOURCE":"IMAGERY, OpenStreetMap","SOURCEDATE":1430179200000,"VAL_METHOD":"IMAGERY","VAL_DATE":1435104000000,"LINES":2,"MAX_VOLT":138,"MIN_VOLT":138,"MAX_INFER":"Y","MIN_INFER":"Y","pnode_id":2156112489,"pnode_name":"HARPER  138 KV  MOBILE","pnode_subtype":"LOAD","match_score":100.0,"pjm_zone":"AEP"}},{"type":"Feature","id":7321,"geometry":{"type":"Point","coordinates":[-84.9730321607936,41.1940781107784]},"properties":{"OBJECTID":7321,"ID":"150522","NAME":"GRABILL","CITY":"GRABILL","STATE":"IN","ZIP":"46741","TYPE":"SUBSTATION","STATUS":"IN SERVICE","COUNTY":"ALLEN","COUNTYFIPS":"18003","COUNTRY":"USA","LATITUDE":41.19407811100007,"LONGITUDE":-84.97303216099994,"NAICS_CODE":"221121","NAICS_DESC":"ELECTRIC BULK POWER TRANSMISSION AND CONTROL","SOURCE":"IMAGERY, OpenStreetMap","SOURCEDATE":1430179200000,"VAL_METHOD":"IMAGERY","VAL_DATE":1435104000000,"LINES":2,"MAX_VOLT":138,"MIN_VOLT":138,"MAX_INFER":"Y","MIN_INFER":"Y","pnode_id":32411409,"pnode_name":"GRABILL 138 KV  T1","pnode_subtype":"LOAD","match_score":100.0,"pjm_zone":"AEP"}},{"type":"Feature","id":7326,"geometry":{"type":"Point","coordinates":[-80.2964643496205,40.7174248642188]},"properties":{"OBJECTID":7326,"ID":"150566","NAME":"VALLEY","CITY":"ROCHESTER TWP","STATE":"PA","ZIP":"15074","TYPE":"SUBSTATION","STATUS":"IN SERVICE","COUNTY":"BEAVER","COUNTYFIPS":"42007","COUNTRY":"USA","LATITUDE":40.717424864000066,"LONGITUDE":-80.29646434999995,"NAICS_CODE":"221121","NAICS_DESC":"ELECTRIC BULK POWER TRANSMISSION AND CONTROL","SOURCE":"OpenStreetMap","SOURCEDATE":1430784000000,"VAL_METHOD":"IMAGERY","VAL_DATE":1432684800000,"LINES":5,"MAX_VOLT":138,"MIN_VOLT":138,"MAX_INFER":"Y","MIN_INFER":"Y","pnode_id":35010387,"pnode_name":"VALLEY","pnode_subtype":"EHV","match_score":100.0,"pjm_zone":"DUQ"}},{"type":"Feature","id":7327,"geometry":{"type":"Point","coordinates":[-80.3318175961361,39.3802966740599]},"properties":{"OBJECTID":7327,"ID":"150582","NAME":"HARRISON","CITY":"SHINNSTON","STATE":"WV","ZIP":"26431","TYPE":"SUBSTATION","STATUS":"IN SERVICE","COUNTY":"HARRISON","COUNTYFIPS":"54033","COUNTRY":"USA","LATITUDE":39.38029667400008,"LONGITUDE":-80.33181759599995,"NAICS_CODE":"221121","NAICS_DESC":"ELECTRIC BULK POWER TRANSMISSION AND CONTROL","SOURCE":"IMAGERY, OpenStreetMap, http://www.pjm.com/markets-and-operations/transmission-service/transmission-facilities.aspx","SOURCEDATE":1396828800000,"VAL_METHOD":"IMAGERY","VAL_DATE":1443744000000,"LINES":5,"MAX_VOLT":500,"MIN_VOLT":500,"MAX_INFER":"Y","MIN_INFER":"Y","pnode_id":40243517,"pnode_name":"HARRISON69 KV   HARRISON","pnode_subtype":"LOAD","match_score":100.0,"pjm_zone":"APS"}},{"type":"Feature","id":7334,"geometry":{"type":"Point","coordinates":[-80.3330246911294,40.6400672659591]},"properties":{"OBJECTID":7334,"ID":"150618","NAME":"RACCOON","CITY":"CENTER TWP","STATE":"PA","ZIP":"15001","TYPE":"SUBSTATION","STATUS":"IN SERVICE","COUNTY":"BEAVER","COUNTYFIPS":"42007","COUNTRY":"USA","LATITUDE":40.640067266000074,"LONGITUDE":-80.33302469099993,"NAICS_CODE":"221121","NAICS_DESC":"ELECTRIC BULK POWER TRANSMISSION AND CONTROL","SOURCE":"OpenStreetMap","SOURCEDATE":1430784000000,"VAL_METHOD":"IMAGERY","VAL_DATE":1432684800000,"LINES":4,"MAX_VOLT":138,"MIN_VOLT":138,"MAX_INFER":"Y","MIN_INFER":"Y","pnode_id":2156110163,"pnode_name":"RACCOON 138 KV  T1","pnode_subtype":"LOAD","match_score":100.0,"pjm_zone":"DUQ"}},{"type":"Feature","id":7358,"geometry":{"type":"Point","coordinates":[-80.4050704410951,40.4013362708968]},"properties":{"OBJECTID":7358,"ID":"150718","NAME":"SMITH","CITY":"SMITH TWP","STATE":"PA","ZIP":"15021","TYPE":"SUBSTATION","STATUS":"IN SERVICE","COUNTY":"WASHINGTON","COUNTYFIPS":"42125","COUNTRY":"USA","LATITUDE":40.40133627100005,"LONGITUDE":-80.40507044099996,"NAICS_CODE":"221121","NAICS_DESC":"ELECTRIC BULK POWER TRANSMISSION AND CONTROL","SOURCE":"OpenStreetMap","SOURCEDATE":1430784000000,"VAL_METHOD":"IMAGERY","VAL_DATE":1432684800000,"LINES":2,"MAX_VOLT":-999999,"MIN_VOLT":-999999,"MAX_INFER":"N","MIN_INFER":"N","pnode_id":32412627,"pnode_name":"SMYTH   138 KV  T1","pnode_subtype":"LOAD","match_score":80.0,"pjm_zone":"APS"}},{"type":"Feature","id":7362,"geometry":{"type":"Point","coordinates":[-80.4200647012027,37.2101402677038]},"properties":{"OBJECTID":7362,"ID":"150725","NAME":"LANE","CITY":"BLACKSBURG","STATE":"VA","ZIP":"24060","TYPE":"SUBSTATION","STATUS":"IN SERVICE","COUNTY":"MONTGOMERY","COUNTYFIPS":"51121","COUNTRY":"USA","LATITUDE":37.21014026800003,"LONGITUDE":-80.42006470099994,"NAICS_CODE":"221121","NAICS_DESC":"ELECTRIC BULK POWER TRANSMISSION AND CONTROL","SOURCE":"IMAGERY, OpenStreetMap","SOURCEDATE":1425513600000,"VAL_METHOD":"IMAGERY","VAL_DATE":1425513600000,"LINES":2,"MAX_VOLT":-999999,"MIN_VOLT":-999999,"MAX_INFER":"Y","MIN_INFER":"Y","pnode_id":2156113254,"pnode_name":"LANE    69 KV   ALD","pnode_subtype":"LOAD","match_score":100.0,"pjm_zone":"AEP"}},{"type":"Feature","id":7363,"geometry":{"type":"Point","coordinates":[-80.4227036397921,37.1707657277557]},"properties":{"OBJECTID":7363,"ID":"150726","NAME":"MIDWAY","CITY":"CHRISTIANSBURG","STATE":"VA","ZIP":"24073","TYPE":"SUBSTATION","STATUS":"IN SERVICE","COUNTY":"MONTGOMERY","COUNTYFIPS":"51121","COUNTRY":"USA","LATITUDE":37.17076572800005,"LONGITUDE":-80.42270363999995,"NAICS_CODE":"221121","NAICS_DESC":"ELECTRIC BULK POWER TRANSMISSION AND CONTROL","SOURCE":"IMAGERY, OpenStreetMap","SOURCEDATE":1425513600000,"VAL_METHOD":"IMAGERY","VAL_DATE":1425513600000,"LINES":2,"MAX_VOLT":-999999,"MIN_VOLT":-999999,"MAX_INFER":"N","MIN_INFER":"N","pnode_id":119117953,"pnode_name":"MIDWAY2 138 KV  BK1","pnode_subtype":"LOAD","match_score":92.3076923076923,"pjm_zone":"AEP"}},{"type":"Feature","id":7373,"geometry":{"type":"Point","coordinates":[-80.2356776773875,40.5662611587642]},"properties":{"OBJECTID":7373,"ID":"150967","NAME":"CRESCENT","CITY":"CRESCENT TWP","STATE":"PA","ZIP":"15046","TYPE":"SUBSTATION","STATUS":"IN SERVICE","COUNTY":"ALLEGHENY","COUNTYFIPS":"42003","COUNTRY":"USA","LATITUDE":40.56626115900008,"LONGITUDE":-80.23567767699996,"NAICS_CODE":"221121","NAICS_DESC":"ELECTRIC BULK POWER TRANSMISSION AND CONTROL","SOURCE":"OpenStreetMap","SOURCEDATE":1430784000000,"VAL_METHOD":"IMAGERY","VAL_DATE":1432684800000,"LINES":13,"MAX_VOLT":345,"MIN_VOLT":138,"MAX_INFER":"Y","MIN_INFER":"Y","pnode_id":119117825,"pnode_name":"CRESCNT 138 KV  BK1","pnode_subtype":"LOAD","match_score":93.33333333333333,"pjm_zone":"DUQ"}},{"type":"Feature","id":7383,"geometry":{"type":"Point","coordinates":[-80.6990390153924,41.2593000291588]},"properties":{"OBJECTID":7383,"ID":"151010","NAME":"AERO","CITY":"VIENNA","STATE":"OH","ZIP":"44473","TYPE":"SUBSTATION","STATUS":"IN SERVICE","COUNTY":"TRUMBULL","COUNTYFIPS":"39155","COUNTRY":"USA","LATITUDE":41.25930002900003,"LONGITUDE":-80.69903901499998,"NAICS_CODE":"221121","NAICS_DESC":"ELECTRIC BULK POWER TRANSMISSION AND CONTROL","SOURCE":"OpenStreetMap","SOURCEDATE":1403827200000,"VAL_METHOD":"IMAGERY","VAL_DATE":1444089600000,"LINES":0,"MAX_VOLT":-999999,"MIN_VOLT":-999999,"MAX_INFER":"N","MIN_INFER":"N","pnode_id":2041966868,"pnode_name":"AERO    69 KV   T1","pnode_subtype":"LOAD","match_score":100.0,"pjm_zone":"FE-ATSI"}},{"type":"Feature","id":7384,"geometry":{"type":"Point","coordinates":[-80.6884911599213,41.1119471627198]},"properties":{"OBJECTID":7384,"ID":"151011","NAME":"BELLE VISTA","CITY":"YOUNGSTOWN","STATE":"OH","ZIP":"44509","TYPE":"SUBSTATION","STATUS":"IN SERVICE","COUNTY":"MAHONING","COUNTYFIPS":"39099","COUNTRY":"USA","LATITUDE":41.111947163000025,"LONGITUDE":-80.68849115999996,"NAICS_CODE":"221121","NAICS_DESC":"ELECTRIC BULK POWER TRANSMISSION AND CONTROL","SOURCE":"OpenStreetMap","SOURCEDATE":1403827200000,"VAL_METHOD":"IMAGERY","VAL_DATE":1444089600000,"LINES":0,"MAX_VOLT":-999999,"MIN_VOLT":-999999,"MAX_INFER":"N","MIN_INFER":"N","pnode_id":32410599,"pnode_name":"BELLE   46 KV   T1","pnode_subtype":"LOAD","match_score":100.0,"pjm_zone":"FE-ATSI"}},{"type":"Feature","id":7385,"geometry":{"type":"Point","coordinates":[-80.655978696253,41.1053026908553]},"properties":{"OBJECTID":7385,"ID":"151012","NAME":"BELMONT","CITY":"YOUNGSTOWN","STATE":"OH","ZIP":"44502","TYPE":"SUBSTATION","STATUS":"IN SERVICE","COUNTY":"MAHONING","COUNTYFIPS":"39099","COUNTRY":"USA","LATITUDE":41.10530269100008,"LONGITUDE":-80.65597869599998,"NAICS_CODE":"221121","NAICS_DESC":"ELECTRIC BULK POWER TRANSMISSION AND CONTROL","SOURCE":"OpenStreetMap","SOURCEDATE":1403827200000,"VAL_METHOD":"IMAGERY","VAL_DATE":1444089600000,"LINES":0,"MAX_VOLT":-999999,"MIN_VOLT":-999999,"MAX_INFER":"N","MIN_INFER":"N","pnode_id":5022432,"pnode_name":"BELMONT","pnode_subtype":"EHV","match_score":100.0,"pjm_zone":"FE-ATSI"}},{"type":"Feature","id":7387,"geometry":{"type":"Point","coordinates":[-80.6582831318749,41.0503183057267]},"properties":{"OBJECTID":7387,"ID":"151014","NAME":"CLIFTON","CITY":"YOUNGSTOWN","STATE":"OH","ZIP":"44512","TYPE":"SUBSTATION","STATUS":"IN SERVICE","COUNTY":"MAHONING","COUNTYFIPS":"39099","COUNTRY":"USA","LATITUDE":41.050318306000065,"LONGITUDE":-80.65828313199995,"NAICS_CODE":"221121","NAICS_DESC":"ELECTRIC BULK POWER TRANSMISSION AND CONTROL","SOURCE":"OpenStreetMap","SOURCEDATE":1403827200000,"VAL_METHOD":"IMAGERY","VAL_DATE":1444089600000,"LINES":0,"MAX_VOLT":-999999,"MIN_VOLT":-999999,"MAX_INFER":"N","MIN_INFER":"N","pnode_id":35010361,"pnode_name":"CLIFTON","pnode_subtype":"EHV","match_score":100.0,"pjm_zone":"FE-ATSI"}},{"type":"Feature","id":7390,"geometry":{"type":"Point","coordinates":[-80.6919798957863,41.141439715719]},"properties":{"OBJECTID":7390,"ID":"151017","NAME":"MOSIER","CITY":"GIRARD","STATE":"OH","ZIP":"44420","TYPE":"SUBSTATION","STATUS":"IN SERVICE","COUNTY":"TRUMBULL","COUNTYFIPS":"39155","COUNTRY":"USA","LATITUDE":41.141439716000036,"LONGITUDE":-80.69197989599996,"NAICS_CODE":"221121","NAICS_DESC":"ELECTRIC BULK POWER TRANSMISSION AND CONTROL","SOURCE":"OpenStreetMap","SOURCEDATE":1403827200000,"VAL_METHOD":"IMAGERY","VAL_DATE":1444089600000,"LINES":0,"MAX_VOLT":-999999,"MIN_VOLT":-999999,"MAX_INFER":"N","MIN_INFER":"N","pnode_id":32411965,"pnode_name":"MIER    138 KV  T2","pnode_subtype":"LOAD","match_score":80.0,"pjm_zone":"FE-ATSI"}},{"type":"Feature","id":7391,"geometry":{"type":"Point","coordinates":[-80.6550504203575,40.9508340792773]},"properties":{"OBJECTID":7391,"ID":"151018","NAME":"NORTH LIMA","CITY":"NORTH LIMA","STATE":"OH","ZIP":"44452","TYPE":"SUBSTATION","STATUS":"IN SERVICE","COUNTY":"MAHONING","COUNTYFIPS":"39099","COUNTRY":"USA","LATITUDE":40.95083407900006,"LONGITUDE":-80.65505041999995,"NAICS_CODE":"221121","NAICS_DESC":"ELECTRIC BULK POWER TRANSMISSION AND CONTROL","SOURCE":"OpenStreetMap","SOURCEDATE":1403827200000,"VAL_METHOD":"IMAGERY","VAL_DATE":1444089600000,"LINES":0,"MAX_VOLT":-999999,"MIN_VOLT":-999999,"MAX_INFER":"N","MIN_INFER":"N","pnode_id":51215,"pnode_name":"DPL NORTH","pnode_subtype":"AGGREGATE","match_score":73.6842105263158,"pjm_zone":"FE-ATSI"}},{"type":"Feature","id":7413,"geometry":{"type":"Point","coordinates":[-82.5151585804328,36.5599127412594]},"properties":{"OBJECTID":7413,"ID":"151057","NAME":"SHORT HILLS","CITY":"KINGSPORT","STATE":"TN","ZIP":"37660","TYPE":"SUBSTATION","STATUS":"IN SERVICE","COUNTY":"SULLIVAN","COUNTYFIPS":"47163","COUNTRY":"USA","LATITUDE":36.55991274100006,"LONGITUDE":-82.51515857999993,"NAICS_CODE":"221121","NAICS_DESC":"ELECTRIC BULK POWER TRANSMISSION AND CONTROL","SOURCE":"OpenStreetMap","SOURCEDATE":1406073600000,"VAL_METHOD":"IMAGERY","VAL_DATE":1421884800000,"LINES":2,"MAX_VOLT":138,"MIN_VOLT":138,"MAX_INFER":"Y","MIN_INFER":"Y","pnode_id":2156114580,"pnode_name":"HILLS   69 KV   LOAD1","pnode_subtype":"LOAD","match_score":100.0,"pjm_zone":"AEP"}},{"type":"Feature","id":7414,"geometry":{"type":"Point","coordinates":[-82.4632430051924,36.5636426971853]},"properties":{"OBJECTID":7414,"ID":"151058","NAME":"OREBANK","CITY":"KINGSPORT","STATE":"TN","ZIP":"37660","TYPE":"SUBSTATION","STATUS":"IN SERVICE","COUNTY":"SULLIVAN","COUNTYFIPS":"47163","COUNTRY":"USA","LATITUDE":36.563642697000034,"LONGITUDE":-82.46324300499998,"NAICS_CODE":"221121","NAICS_DESC":"ELECTRIC BULK POWER TRANSMISSION AND CONTROL","SOURCE":"OpenStreetMap","SOURCEDATE":1406073600000,"VAL_METHOD":"IMAGERY","VAL_DATE":1421884800000,"LINES":4,"MAX_VOLT":138,"MIN_VOLT":138,"MAX_INFER":"Y","MIN_INFER":"Y","pnode_id":32412201,"pnode_name":"OREBANK 138 KV  T1","pnode_subtype":"LOAD","match_score":100.0,"pjm_zone":"AEP"}},{"type":"Feature","id":7420,"geometry":{"type":"Point","coordinates":[-85.1648059997491,41.1618230001847]},"properties":{"OBJECTID":7420,"ID":"151134","NAME":"WALLEN","CITY":"FORT WAYNE","STATE":"IN","ZIP":"46825","TYPE":"SUBSTATION","STATUS":"IN SERVICE","COUNTY":"ALLEN","COUNTYFIPS":"18003","COUNTRY":"USA","LATITUDE":41.16182300000003,"LONGITUDE":-85.16480599999994,"NAICS_CODE":"221121","NAICS_DESC":"ELECTRIC BULK POWER TRANSMISSION AND CONTROL","SOURCE":"IMAGERY, https://www.aeptransmission.com/indiana/PoweringUp/docs/Fact_Sheet.pdf","SOURCEDATE":1473811200000,"VAL_METHOD":"IMAGERY","VAL_DATE":1548115200000,"LINES":2,"MAX_VOLT":-999999,"MIN_VOLT":-999999,"MAX_INFER":"Y","MIN_INFER":"Y","pnode_id":32411661,"pnode_name":"INDUSTRI34 KV   WALLEN","pnode_subtype":"LOAD","match_score":100.0,"pjm_zone":"AEP"}},{"type":"Feature","id":7440,"geometry":{"type":"Point","coordinates":[-85.3417559503789,40.9834482211281]},"properties":{"OBJECTID":7440,"ID":"151156","NAME":"SORENSON","CITY":"ROANOKE","STATE":"IN","ZIP":"46783","TYPE":"SUBSTATION","STATUS":"IN SERVICE","COUNTY":"HUNTINGTON","COUNTYFIPS":"18069","COUNTRY":"USA","LATITUDE":40.98344822100006,"LONGITUDE":-85.34175594999994,"NAICS_CODE":"221121","NAICS_DESC":"ELECTRIC BULK POWER TRANSMISSION AND CONTROL","SOURCE":"IMAGERY, OpenStreetMap","SOURCEDATE":1430092800000,"VAL_METHOD":"IMAGERY","VAL_DATE":1548115200000,"LINES":14,"MAX_VOLT":765,"MIN_VOLT":138,"MAX_INFER":"N","MIN_INFER":"Y","pnode_id":1356178203,"pnode_name":"SORENSON","pnode_subtype":"EHV","match_score":100.0,"pjm_zone":"AEP"}},{"type":"Feature","id":7447,"geometry":{"type":"Point","coordinates":[-85.4082899997823,38.5825529999177]},"properties":{"OBJECTID":7447,"ID":"151165","NAME":"TRIMBLE COUNTY STATION","CITY":"BEDFORD","STATE":"KY","ZIP":"40006","TYPE":"SUBSTATION","STATUS":"IN SERVICE","COUNTY":"TRIMBLE","COUNTYFIPS":"21223","COUNTRY":"USA","LATITUDE":38.582553000000075,"LONGITUDE":-85.40828999999997,"NAICS_CODE":"221121","NAICS_DESC":"ELECTRIC BULK POWER TRANSMISSION AND CONTROL","SOURCE":"IMAGERY, OpenStreetMap","SOURCEDATE":1433116800000,"VAL_METHOD":"IMAGERY","VAL_DATE":1433116800000,"LINES":8,"MAX_VOLT":345,"MIN_VOLT":138,"MAX_INFER":"Y","MIN_INFER":"Y","pnode_id":135389007,"pnode_name":"TRIMBLE 69 KV   TR1","pnode_subtype":"LOAD","match_score":100.0,"pjm_zone":"LGE"}},{"type":"Feature","id":7451,"geometry":{"type":"Point","coordinates":[-80.759534435844,41.0174934652865]},"properties":{"OBJECTID":7451,"ID":"151292","NAME":"CANFIELD","CITY":"CANFIELD","STATE":"OH","ZIP":"44406","TYPE":"SUBSTATION","STATUS":"IN SERVICE","COUNTY":"MAHONING","COUNTYFIPS":"39099","COUNTRY":"USA","LATITUDE":41.01749346500003,"LONGITUDE":-80.75953443599997,"NAICS_CODE":"221121","NAICS_DESC":"ELECTRIC BULK POWER TRANSMISSION AND CONTROL","SOURCE":"OpenStreetMap","SOURCEDATE":1403827200000,"VAL_METHOD":"IMAGERY","VAL_DATE":1444089600000,"LINES":1,"MAX_VOLT":-999999,"MIN_VOLT":-999999,"MAX_INFER":"N","MIN_INFER":"N","pnode_id":50697161,"pnode_name":"FIELDALE CAD","pnode_subtype":"AGGREGATE","match_score":70.0,"pjm_zone":"FE-ATSI"}},{"type":"Feature","id":7453,"geometry":{"type":"Point","coordinates":[-80.703667479791,41.1565113728458]},"properties":{"OBJECTID":7453,"ID":"151294","NAME":"GIRARD","CITY":"GIRARD","STATE":"OH","ZIP":"44420","TYPE":"SUBSTATION","STATUS":"IN SERVICE","COUNTY":"TRUMBULL","COUNTYFIPS":"39155","COUNTRY":"USA","LATITUDE":41.15651137300006,"LONGITUDE":-80.70366747999998,"NAICS_CODE":"221121","NAICS_DESC":"ELECTRIC BULK POWER TRANSMISSION AND CONTROL","SOURCE":"OpenStreetMap","SOURCEDATE":1403827200000,"VAL_METHOD":"IMAGERY","VAL_DATE":1444089600000,"LINES":0,"MAX_VOLT":-999999,"MIN_VOLT":-999999,"MAX_INFER":"N","MIN_INFER":"N","pnode_id":659783,"pnode_name":"GIRARD","pnode_subtype":"AGGREGATE","match_score":100.0,"pjm_zone":"FE-ATSI"}},{"type":"Feature","id":7454,"geometry":{"type":"Point","coordinates":[-80.757371304318,41.1018489562051]},"properties":{"OBJECTID":7454,"ID":"151295","NAME":"KIMBERLY","CITY":"YOUNGSTOWN","STATE":"OH","ZIP":"44515","TYPE":"SUBSTATION","STATUS":"IN SERVICE","COUNTY":"MAHONING","COUNTYFIPS":"39099","COUNTRY":"USA","LATITUDE":41.101848956000026,"LONGITUDE":-80.75737130399995,"NAICS_CODE":"221121","NAICS_DESC":"ELECTRIC BULK POWER TRANSMISSION AND CONTROL","SOURCE":"OpenStreetMap","SOURCEDATE":1403827200000,"VAL_METHOD":"IMAGERY","VAL_DATE":1444089600000,"LINES":0,"MAX_VOLT":-999999,"MIN_VOLT":-999999,"MAX_INFER":"N","MIN_INFER":"N","pnode_id":2156118435,"pnode_name":"KIBER   138 KV  GROVES2","pnode_subtype":"LOAD","match_score":76.92307692307692,"pjm_zone":"FE-ATSI"}},{"type":"Feature","id":7456,"geometry":{"type":"Point","coordinates":[-80.7596966096006,40.7746081952642]},"properties":{"OBJECTID":7456,"ID":"151297","NAME":"LISBON","CITY":"LISBON","STATE":"OH","ZIP":"44432","TYPE":"SUBSTATION","STATUS":"IN SERVICE","COUNTY":"COLUMBIANA","COUNTYFIPS":"39029","COUNTRY":"USA","LATITUDE":40.77460819500004,"LONGITUDE":-80.75969660999993,"NAICS_CODE":"221121","NAICS_DESC":"ELECTRIC BULK POWER TRANSMISSION AND CONTROL","SOURCE":"OpenStreetMap","SOURCEDATE":1403827200000,"VAL_METHOD":"IMAGERY","VAL_DATE":1444089600000,"LINES":0,"MAX_VOLT":-999999,"MIN_VOLT":-999999,"MAX_INFER":"N","MIN_INFER":"N","pnode_id":2156117261,"pnode_name":"LISBON  69 KV   TR2","pnode_subtype":"LOAD","match_score":100.0,"pjm_zone":"FE-ATSI"}},{"type":"Feature","id":7467,"geometry":{"type":"Point","coordinates":[-80.533533503566,41.2072119741564]},"properties":{"OBJECTID":7467,"ID":"151357","NAME":"MASURY","CITY":"MASURY","STATE":"OH","ZIP":"44438","TYPE":"SUBSTATION","STATUS":"IN SERVICE","COUNTY":"TRUMBULL","COUNTYFIPS":"39155","COUNTRY":"USA","LATITUDE":41.207211974000074,"LONGITUDE":-80.53353350399993,"NAICS_CODE":"221121","NAICS_DESC":"ELECTRIC BULK POWER TRANSMISSION AND CONTROL","SOURCE":"OpenStreetMap","SOURCEDATE":1403827200000,"VAL_METHOD":"IMAGERY","VAL_DATE":1444089600000,"LINES":5,"MAX_VOLT":138,"MIN_VOLT":138,"MAX_INFER":"Y","MIN_INFER":"Y","pnode_id":32415113,"pnode_name":"MASURY  69 KV   A","pnode_subtype":"LOAD","match_score":100.0,"pjm_zone":"FE-ATSI"}},{"type":"Feature","id":7468,"geometry":{"type":"Point","coordinates":[-80.5326759143036,40.7892165822605]},"properties":{"OBJECTID":7468,"ID":"151358","NAME":"NEGLEY","CITY":"NEGLEY","STATE":"OH","ZIP":"44441","TYPE":"SUBSTATION","STATUS":"IN SERVICE","COUNTY":"COLUMBIANA","COUNTYFIPS":"39029","COUNTRY":"USA","LATITUDE":40.78921658200005,"LONGITUDE":-80.53267591399998,"NAICS_CODE":"221121","NAICS_DESC":"ELECTRIC BULK POWER TRANSMISSION AND CONTROL","SOURCE":"OpenStreetMap","SOURCEDATE":1403827200000,"VAL_METHOD":"IMAGERY","VAL_DATE":1444089600000,"LINES":0,"MAX_VOLT":-999999,"MIN_VOLT":-999999,"MAX_INFER":"N","MIN_INFER":"N","pnode_id":40243249,"pnode_name":"NEGLEY  138 KV  T1 LOAD","pnode_subtype":"LOAD","match_score":100.0,"pjm_zone":"FE-ATSI"}},{"type":"Feature","id":7469,"geometry":{"type":"Point","coordinates":[-80.5248441168907,40.8338299997465]},"properties":{"OBJECTID":7469,"ID":"151359","NAME":"ZANE","CITY":"EAST PALESTINE","STATE":"OH","ZIP":"44413","TYPE":"SUBSTATION","STATUS":"IN SERVICE","COUNTY":"COLUMBIANA","COUNTYFIPS":"39029","COUNTRY":"USA","LATITUDE":40.833830000000034,"LONGITUDE":-80.52484411699999,"NAICS_CODE":"221121","NAICS_DESC":"ELECTRIC BULK POWER TRANSMISSION AND CONTROL","SOURCE":"OpenStreetMap","SOURCEDATE":1403827200000,"VAL_METHOD":"IMAGERY","VAL_DATE":1444176000000,"LINES":0,"MAX_VOLT":-999999,"MIN_VOLT":-999999,"MAX_INFER":"N","MIN_INFER":"N","pnode_id":2156117429,"pnode_name":"ZANE    69 KV   TR1","pnode_subtype":"LOAD","match_score":100.0,"pjm_zone":"FE-ATSI"}},{"type":"Feature","id":7472,"geometry":{"type":"Point","coordinates":[-80.4600487558214,40.6335173091755]},"properties":{"OBJECTID":7472,"ID":"151375","NAME":"MIDLAND","CITY":"MIDLAND","STATE":"PA","ZIP":"15059","TYPE":"SUBSTATION","STATUS":"IN SERVICE","COUNTY":"BEAVER","COUNTYFIPS":"42007","COUNTRY":"USA","LATITUDE":40.63351730900007,"LONGITUDE":-80.46004875599994,"NAICS_CODE":"221121","NAICS_DESC":"ELECTRIC BULK POWER TRANSMISSION AND CONTROL","SOURCE":"IMAGERY, OpenStreetMap","SOURCEDATE":1432252800000,"VAL_METHOD":"IMAGERY","VAL_DATE":1432252800000,"LINES":1,"MAX_VOLT":138,"MIN_VOLT":138,"MAX_INFER":"Y","MIN_INFER":"Y","pnode_id":35010347,"pnode_name":"MIDLOTHIAN","pnode_subtype":"EHV","match_score":70.58823529411764,"pjm_zone":"DUQ"}},{"type":"Feature","id":7473,"geometry":{"type":"Point","coordinates":[-80.4594110597675,40.6321943288914]},"properties":{"OBJECTID":7473,"ID":"151376","NAME":"MIDLAND","CITY":"MIDLAND","STATE":"PA","ZIP":"15059","TYPE":"SUBSTATION","STATUS":"IN SERVICE","COUNTY":"BEAVER","COUNTYFIPS":"42007","COUNTRY":"USA","LATITUDE":40.63219432900007,"LONGITUDE":-80.45941105999998,"NAICS_CODE":"221121","NAICS_DESC":"ELECTRIC BULK POWER TRANSMISSION AND CONTROL","SOURCE":"IMAGERY, OpenStreetMap","SOURCEDATE":1432252800000,"VAL_METHOD":"IMAGERY","VAL_DATE":1432252800000,"LINES":1,"MAX_VOLT":138,"MIN_VOLT":138,"MAX_INFER":"Y","MIN_INFER":"Y","pnode_id":35010347,"pnode_name":"MIDLOTHIAN","pnode_subtype":"EHV","match_score":70.58823529411764,"pjm_zone":"DUQ"}},{"type":"Feature","id":7479,"geometry":{"type":"Point","coordinates":[-82.1793075382337,39.3826440309366]},"properties":{"OBJECTID":7479,"ID":"151625","NAME":"POSTON","CITY":"ATHENS","STATE":"OH","ZIP":"45701","TYPE":"SUBSTATION","STATUS":"IN SERVICE","COUNTY":"ATHENS","COUNTYFIPS":"39009","COUNTRY":"USA","LATITUDE":39.38264403100004,"LONGITUDE":-82.17930753799999,"NAICS_CODE":"221121","NAICS_DESC":"ELECTRIC BULK POWER TRANSMISSION AND CONTROL","SOURCE":"OpenStreetMap","SOURCEDATE":1403654400000,"VAL_METHOD":"IMAGERY","VAL_DATE":1444176000000,"LINES":8,"MAX_VOLT":138,"MIN_VOLT":138,"MAX_INFER":"Y","MIN_INFER":"Y","pnode_id":32412285,"pnode_name":"POSTON  138 KV  T1","pnode_subtype":"LOAD","match_score":100.0,"pjm_zone":"AEP"}},{"type":"Feature","id":7480,"geometry":{"type":"Point","coordinates":[-82.1980339408173,36.9305092882731]},"properties":{"OBJECTID":7480,"ID":"151631","NAME":"CLINCH RIVER","CITY":"CLEVELAND","STATE":"VA","ZIP":"24225","TYPE":"SUBSTATION","STATUS":"IN SERVICE","COUNTY":"RUSSELL","COUNTYFIPS":"51167","COUNTRY":"USA","LATITUDE":36.93050928800005,"LONGITUDE":-82.19803394099995,"NAICS_CODE":"221121","NAICS_DESC":"ELECTRIC BULK POWER TRANSMISSION AND CONTROL","SOURCE":"IMAGERY, OpenStreetMap","SOURCEDATE":1403740800000,"VAL_METHOD":"IMAGERY","VAL_DATE":1403740800000,"LINES":13,"MAX_VOLT":138,"MIN_VOLT":138,"MAX_INFER":"Y","MIN_INFER":"Y","pnode_id":53178715,"pnode_name":"CLINCH RIVER 1","pnode_subtype":"AGGREGATE","match_score":92.3076923076923,"pjm_zone":"AEP"}},{"type":"Feature","id":7481,"geometry":{"type":"Point","coordinates":[-82.7741909995943,38.5690180001133]},"properties":{"OBJECTID":7481,"ID":"151644","NAME":"HANGING ROCK","CITY":"IRONTON","STATE":"OH","ZIP":"45638","TYPE":"SUBSTATION","STATUS":"IN SERVICE","COUNTY":"LAWRENCE","COUNTYFIPS":"39087","COUNTRY":"USA","LATITUDE":38.56901800000003,"LONGITUDE":-82.77419099999997,"NAICS_CODE":"221121","NAICS_DESC":"ELECTRIC BULK POWER TRANSMISSION AND CONTROL","SOURCE":"OpenStreetMap, http://www.pjm.com/~/media/documents/reports/2012-rtep/2012-rtep-book-5.ashx","SOURCEDATE":1403654400000,"VAL_METHOD":"IMAGERY","VAL_DATE":1444176000000,"LINES":5,"MAX_VOLT":765,"MIN_VOLT":765,"MAX_INFER":"Y","MIN_INFER":"Y","pnode_id":34509193,"pnode_name":"HANGING ROCK","pnode_subtype":"EHV","match_score":100.0,"pjm_zone":"AEP"}},{"type":"Feature","id":7498,"geometry":{"type":"Point","coordinates":[-82.8078103188467,41.4011127082116]},"properties":{"OBJECTID":7498,"ID":"151668","NAME":"CASTALIA","CITY":"CASTALIA","STATE":"OH","ZIP":"44824","TYPE":"SUBSTATION","STATUS":"IN SERVICE","COUNTY":"ERIE","COUNTYFIPS":"39043","COUNTRY":"USA","LATITUDE":41.40111270800003,"LONGITUDE":-82.80781031899994,"NAICS_CODE":"221121","NAICS_DESC":"ELECTRIC BULK POWER TRANSMISSION AND CONTROL","SOURCE":"OpenStreetMap","SOURCEDATE":1403827200000,"VAL_METHOD":"IMAGERY","VAL_DATE":1444089600000,"LINES":2,"MAX_VOLT":-999999,"MIN_VOLT":-999999,"MAX_INFER":"N","MIN_INFER":"N","pnode_id":32661125,"pnode_name":"CATAWISSA","pnode_subtype":"AGGREGATE","match_score":70.58823529411764,"pjm_zone":"FE-ATSI"}},{"type":"Feature","id":7501,"geometry":{"type":"Point","coordinates":[-82.7997136379009,40.6942681452057]},"properties":{"OBJECTID":7501,"ID":"151671","NAME":"GALION","CITY":"GALION","STATE":"OH","ZIP":"44833","TYPE":"SUBSTATION","STATUS":"IN SERVICE","COUNTY":"MORROW","COUNTYFIPS":"39117","COUNTRY":"USA","LATITUDE":40.69426814500008,"LONGITUDE":-82.79971363799996,"NAICS_CODE":"221121","NAICS_DESC":"ELECTRIC BULK POWER TRANSMISSION AND CONTROL","SOURCE":"OpenStreetMap","SOURCEDATE":1403654400000,"VAL_METHOD":"IMAGERY","VAL_DATE":1444176000000,"LINES":8,"MAX_VOLT":345,"MIN_VOLT":138,"MAX_INFER":"N","MIN_INFER":"Y","pnode_id":32414931,"pnode_name":"GALION  69 KV   LOAD","pnode_subtype":"LOAD","match_score":100.0,"pjm_zone":"FE-ATSI"}},{"type":"Feature","id":7502,"geometry":{"type":"Point","coordinates":[-82.7679252055718,39.9762850830101]},"properties":{"OBJECTID":7502,"ID":"151672","NAME":"TAYLOR","CITY":"REYNOLDSBURG","STATE":"OH","ZIP":"43068","TYPE":"SUBSTATION","STATUS":"IN SERVICE","COUNTY":"LICKING","COUNTYFIPS":"39089","COUNTRY":"USA","LATITUDE":39.97628508300005,"LONGITUDE":-82.76792520599997,"NAICS_CODE":"221121","NAICS_DESC":"ELECTRIC BULK POWER TRANSMISSION AND CONTROL","SOURCE":"OpenStreetMap","SOURCEDATE":1403654400000,"VAL_METHOD":"IMAGERY","VAL_DATE":1444176000000,"LINES":2,"MAX_VOLT":138,"MIN_VOLT":138,"MAX_INFER":"Y","MIN_INFER":"Y","pnode_id":32412801,"pnode_name":"TAYLOR2 138 KV  T1","pnode_subtype":"LOAD","match_score":97.3076923076923,"pjm_zone":"AEP"}},{"type":"Feature","id":7510,"geometry":{"type":"Point","coordinates":[-81.1440871309286,41.2694681931408]},"properties":{"OBJECTID":7510,"ID":"151734","NAME":"FREEDOM","CITY":"MANTUA","STATE":"OH","ZIP":"44255","TYPE":"SUBSTATION","STATUS":"IN SERVICE","COUNTY":"PORTAGE","COUNTYFIPS":"39133","COUNTRY":"USA","LATITUDE":41.26946819300008,"LONGITUDE":-81.14408713099994,"NAICS_CODE":"221121","NAICS_DESC":"ELECTRIC BULK POWER TRANSMISSION AND CONTROL","SOURCE":"OpenStreetMap","SOURCEDATE":1403827200000,"VAL_METHOD":"IMAGERY","VAL_DATE":1444089600000,"LINES":0,"MAX_VOLT":-999999,"MIN_VOLT":-999999,"MAX_INFER":"N","MIN_INFER":"N","pnode_id":1379245548,"pnode_name":"FREEDOM2","pnode_subtype":"EHV","match_score":93.33333333333333,"pjm_zone":"FE-ATSI"}},{"type":"Feature","id":7511,"geometry":{"type":"Point","coordinates":[-81.1946264350515,41.0217659947535]},"properties":{"OBJECTID":7511,"ID":"151735","NAME":"RANDOLPH","CITY":"ATWATER","STATE":"OH","ZIP":"44201","TYPE":"SUBSTATION","STATUS":"IN SERVICE","COUNTY":"PORTAGE","COUNTYFIPS":"39133","COUNTRY":"USA","LATITUDE":41.02176599500007,"LONGITUDE":-81.19462643499998,"NAICS_CODE":"221121","NAICS_DESC":"ELECTRIC BULK POWER TRANSMISSION AND CONTROL","SOURCE":"OpenStreetMap","SOURCEDATE":1403827200000,"VAL_METHOD":"IMAGERY","VAL_DATE":1444089600000,"LINES":0,"MAX_VOLT":-999999,"MIN_VOLT":-999999,"MAX_INFER":"N","MIN_INFER":"N","pnode_id":51205,"pnode_name":"BRANDONSH","pnode_subtype":"AGGREGATE","match_score":70.58823529411764,"pjm_zone":"FE-ATSI"}},{"type":"Feature","id":7512,"geometry":{"type":"Point","coordinates":[-81.1969345277149,40.6839548901881]},"properties":{"OBJECTID":7512,"ID":"151736","NAME":"MALVERN","CITY":"MALVERN","STATE":"OH","ZIP":"44644","TYPE":"SUBSTATION","STATUS":"IN SERVICE","COUNTY":"CARROLL","COUNTYFIPS":"39019","COUNTRY":"USA","LATITUDE":40.68395489000005,"LONGITUDE":-81.19693452799999,"NAICS_CODE":"221121","NAICS_DESC":"ELECTRIC BULK POWER TRANSMISSION AND CONTROL","SOURCE":"OpenStreetMap","SOURCEDATE":1403654400000,"VAL_METHOD":"IMAGERY","VAL_DATE":1444176000000,"LINES":2,"MAX_VOLT":138,"MIN_VOLT":138,"MAX_INFER":"Y","MIN_INFER":"Y","pnode_id":32411875,"pnode_name":"MALVERN 138 KV  T1","pnode_subtype":"LOAD","match_score":100.0,"pjm_zone":"AEP"}},{"type":"Feature","id":7513,"geometry":{"type":"Point","coordinates":[-81.1421166934209,41.3100908606786]},"properties":{"OBJECTID":7513,"ID":"151744","NAME":"HIRAM","CITY":"HIRAM","STATE":"OH","ZIP":"44234","TYPE":"SUBSTATION","STATUS":"IN SERVICE","COUNTY":"PORTAGE","COUNTYFIPS":"39133","COUNTRY":"USA","LATITUDE":41.31009086100005,"LONGITUDE":-81.14211669299993,"NAICS_CODE":"221121","NAICS_DESC":"ELECTRIC BULK POWER TRANSMISSION AND CONTROL","SOURCE":"OpenStreetMap","SOURCEDATE":1470268800000,"VAL_METHOD":"IMAGERY","VAL_DATE":1494374400000,"LINES":0,"MAX_VOLT":-999999,"MIN_VOLT":-999999,"MAX_INFER":"N","MIN_INFER":"N","pnode_id":98370157,"pnode_name":"IRA     138 KV  TR1","pnode_subtype":"LOAD","match_score":75.0,"pjm_zone":"FE-ATSI"}},{"type":"Feature","id":7515,"geometry":{"type":"Point","coordinates":[-81.1875490967131,37.8692838681557]},"properties":{"OBJECTID":7515,"ID":"151748","NAME":"BRADLEY","CITY":"MOUNT HOPE","STATE":"WV","ZIP":"25880","TYPE":"SUBSTATION","STATUS":"IN SERVICE","COUNTY":"RALEIGH","COUNTYFIPS":"54081","COUNTRY":"USA","LATITUDE":37.869283868000025,"LONGITUDE":-81.18754909699999,"NAICS_CODE":"221121","NAICS_DESC":"ELECTRIC BULK POWER TRANSMISSION AND CONTROL","SOURCE":"IMAGERY, OpenStreetMap","SOURCEDATE":1396828800000,"VAL_METHOD":"IMAGERY","VAL_DATE":1444608000000,"LINES":10,"MAX_VOLT":138,"MIN_VOLT":46,"MAX_INFER":"Y","MIN_INFER":"Y","pnode_id":32410707,"pnode_name":"BRADLEY 46 KV   T1","pnode_subtype":"LOAD","match_score":100.0,"pjm_zone":"AEP"}},{"type":"Feature","id":7520,"geometry":{"type":"Point","coordinates":[-80.8578997375713,41.0200925529758]},"properties":{"OBJECTID":7520,"ID":"151774","NAME":"ELLSWORTH","CITY":"CANFIELD","STATE":"OH","ZIP":"44406","TYPE":"SUBSTATION","STATUS":"IN SERVICE","COUNTY":"MAHONING","COUNTYFIPS":"39099","COUNTRY":"USA","LATITUDE":41.02009255300004,"LONGITUDE":-80.85789973799996,"NAICS_CODE":"221121","NAICS_DESC":"ELECTRIC BULK POWER TRANSMISSION AND CONTROL","SOURCE":"OpenStreetMap","SOURCEDATE":1403827200000,"VAL_METHOD":"IMAGERY","VAL_DATE":1444089600000,"LINES":1,"MAX_VOLT":-999999,"MIN_VOLT":-999999,"MAX_INFER":"N","MIN_INFER":"N","pnode_id":98370097,"pnode_name":"EPWORTH 138 KV  TR1","pnode_subtype":"LOAD","match_score":75.0,"pjm_zone":"FE-ATSI"}},{"type":"Feature","id":7522,"geometry":{"type":"Point","coordinates":[-80.7740539758499,41.138775954689]},"properties":{"OBJECTID":7522,"ID":"151776","NAME":"MINERAL RIDGE","CITY":"MINERAL RIDGE","STATE":"OH","ZIP":"44440","TYPE":"SUBSTATION","STATUS":"IN SERVICE","COUNTY":"TRUMBULL","COUNTYFIPS":"39155","COUNTRY":"USA","LATITUDE":41.13877595500003,"LONGITUDE":-80.77405397599995,"NAICS_CODE":"221121","NAICS_DESC":"ELECTRIC BULK POWER TRANSMISSION AND CONTROL","SOURCE":"OpenStreetMap","SOURCEDATE":1403827200000,"VAL_METHOD":"IMAGERY","VAL_DATE":1444089600000,"LINES":0,"MAX_VOLT":-999999,"MIN_VOLT":-999999,"MAX_INFER":"N","MIN_INFER":"N","pnode_id":1439645857,"pnode_name":"MINERAL 138 KV  BUCKEYE","pnode_subtype":"LOAD","match_score":100.0,"pjm_zone":"FE-ATSI"}},{"type":"Feature","id":7523,"geometry":{"type":"Point","coordinates":[-80.8469671588168,40.8780047557683]},"properties":{"OBJECTID":7523,"ID":"151777","NAME":"PIDGEON","CITY":"SALEM","STATE":"OH","ZIP":"44460","TYPE":"SUBSTATION","STATUS":"IN SERVICE","COUNTY":"COLUMBIANA","COUNTYFIPS":"39029","COUNTRY":"USA","LATITUDE":40.87800475600005,"LONGITUDE":-80.84696715899997,"NAICS_CODE":"221121","NAICS_DESC":"ELECTRIC BULK POWER TRANSMISSION AND CONTROL","SOURCE":"OpenStreetMap","SOURCEDATE":1403827200000,"VAL_METHOD":"IMAGERY","VAL_DATE":1444089600000,"LINES":3,"MAX_VOLT":138,"MIN_VOLT":138,"MAX_INFER":"Y","MIN_INFER":"Y","pnode_id":32415171,"pnode_name":"PIDGEON 69 KV   B","pnode_subtype":"LOAD","match_score":100.0,"pjm_zone":"FE-ATSI"}},{"type":"Feature","id":7524,"geometry":{"type":"Point","coordinates":[-80.8562342628311,40.8912087769412]},"properties":{"OBJECTID":7524,"ID":"151778","NAME":"SALEM","CITY":"SALEM","STATE":"OH","ZIP":"44460","TYPE":"SUBSTATION","STATUS":"IN SERVICE","COUNTY":"COLUMBIANA","COUNTYFIPS":"39029","COUNTRY":"USA","LATITUDE":40.89120877700003,"LONGITUDE":-80.85623426299998,"NAICS_CODE":"221121","NAICS_DESC":"ELECTRIC BULK POWER TRANSMISSION AND CONTROL","SOURCE":"OpenStreetMap","SOURCEDATE":1403827200000,"VAL_METHOD":"IMAGERY","VAL_DATE":1444089600000,"LINES":0,"MAX_VOLT":-999999,"MIN_VOLT":-999999,"MAX_INFER":"N","MIN_INFER":"N","pnode_id":52464,"pnode_name":"SALEM","pnode_subtype":"EHV","match_score":100.0,"pjm_zone":"FE-ATSI"}},{"type":"Feature","id":7529,"geometry":{"type":"Point","coordinates":[-80.8435273407107,40.6205396638015]},"properties":{"OBJECTID":7529,"ID":"151783","NAME":"SALINEVILLE","CITY":"SALINEVILLE","STATE":"OH","ZIP":"43945","TYPE":"SUBSTATION","STATUS":"IN SERVICE","COUNTY":"COLUMBIANA","COUNTYFIPS":"39029","COUNTRY":"USA","LATITUDE":40.620539664000034,"LONGITUDE":-80.84352734099997,"NAICS_CODE":"221121","NAICS_DESC":"ELECTRIC BULK POWER TRANSMISSION AND CONTROL","SOURCE":"OpenStreetMap","SOURCEDATE":1470268800000,"VAL_METHOD":"IMAGERY","VAL_DATE":1494374400000,"LINES":0,"MAX_VOLT":-999999,"MIN_VOLT":-999999,"MAX_INFER":"N","MIN_INFER":"N","pnode_id":115944315,"pnode_name":"PAINESVILLE","pnode_subtype":"AGGREGATE","match_score":81.81818181818181,"pjm_zone":"AEP"}},{"type":"Feature","id":7531,"geometry":{"type":"Point","coordinates":[-80.8060000355619,39.8334526511231]},"properties":{"OBJECTID":7531,"ID":"151797","NAME":"KAMMER (765KV)","CITY":"MOUNDSVILLE","STATE":"WV","ZIP":"26041","TYPE":"SUBSTATION","STATUS":"IN SERVICE","COUNTY":"MARSHALL","COUNTYFIPS":"54051","COUNTRY":"USA","LATITUDE":39.83345265100007,"LONGITUDE":-80.80600003599994,"NAICS_CODE":"221121","NAICS_DESC":"ELECTRIC BULK POWER TRANSMISSION AND CONTROL","SOURCE":"IMAGERY, OpenStreetMap","SOURCEDATE":1396828800000,"VAL_METHOD":"IMAGERY","VAL_DATE":1550448000000,"LINES":6,"MAX_VOLT":765,"MIN_VOLT":500,"MAX_INFER":"Y","MIN_INFER":"Y","pnode_id":34509201,"pnode_name":"KAMMER","pnode_subtype":"EHV","match_score":100.0,"pjm_zone":"AEP"}},{"type":"Feature","id":7532,"geometry":{"type":"Point","coordinates":[-80.0646595469205,39.3509721330854]},"properties":{"OBJECTID":7532,"ID":"151803","NAME":"PRUNTYTOWN","CITY":"GRAFTON","STATE":"WV","ZIP":"26354","TYPE":"SUBSTATION","STATUS":"IN SERVICE","COUNTY":"TAYLOR","COUNTYFIPS":"54091","COUNTRY":"USA","LATITUDE":39.35097213300003,"LONGITUDE":-80.06465954699996,"NAICS_CODE":"221121","NAICS_DESC":"ELECTRIC BULK POWER TRANSMISSION AND CONTROL","SOURCE":"IMAGERY, OpenStreetMap, http://www.pjm.com/markets-and-operations/transmission-service/transmission-facilities.aspx","SOURCEDATE":1396828800000,"VAL_METHOD":"IMAGERY","VAL_DATE":1443744000000,"LINES":12,"MAX_VOLT":500,"MIN_VOLT":138,"MAX_INFER":"Y","MIN_INFER":"Y","pnode_id":5022442,"pnode_name":"PRUNTYTOWN","pnode_subtype":"EHV","match_score":100.0,"pjm_zone":"APS"}},{"type":"Feature","id":7552,"geometry":{"type":"Point","coordinates":[-80.1361668862308,40.4985528082317]},"properties":{"OBJECTID":7552,"ID":"151917","NAME":"MONTOUR","CITY":"ROBINSON TWP","STATE":"PA","ZIP":"15108","TYPE":"SUBSTATION","STATUS":"IN SERVICE","COUNTY":"ALLEGHENY","COUNTYFIPS":"42003","COUNTRY":"USA","LATITUDE":40.498552808000056,"LONGITUDE":-80.13616688599996,"NAICS_CODE":"221121","NAICS_DESC":"ELECTRIC BULK POWER TRANSMISSION AND CONTROL","SOURCE":"OpenStreetMap","SOURCEDATE":1430784000000,"VAL_METHOD":"IMAGERY","VAL_DATE":1432684800000,"LINES":3,"MAX_VOLT":138,"MIN_VOLT":138,"MAX_INFER":"Y","MIN_INFER":"Y","pnode_id":51239,"pnode_name":"MANITOU","pnode_subtype":"AGGREGATE","match_score":71.42857142857143,"pjm_zone":"DUQ"}},{"type":"Feature","id":7580,"geometry":{"type":"Point","coordinates":[-82.2193728068422,41.2835961079557]},"properties":{"OBJECTID":7580,"ID":"152254","NAME":"OBERLIN (OH)","CITY":"OBERLIN","STATE":"OH","ZIP":"44074","TYPE":"SUBSTATION","STATUS":"IN SERVICE","COUNTY":"LORAIN","COUNTYFIPS":"39093","COUNTRY":"USA","LATITUDE":41.28359610800004,"LONGITUDE":-82.21937280699996,"NAICS_CODE":"221121","NAICS_DESC":"ELECTRIC BULK POWER TRANSMISSION AND CONTROL","SOURCE":"IMAGERY, EIA 860","SOURCEDATE":1478131200000,"VAL_METHOD":"IMAGERY","VAL_DATE":1622505600000,"LINES":2,"MAX_VOLT":69,"MIN_VOLT":69,"MAX_INFER":"Y","MIN_INFER":"Y","pnode_id":1075455337,"pnode_name":"OBERLIN 69 KV   LORAINLF","pnode_subtype":"GEN","match_score":100.0,"pjm_zone":"FE-ATSI"}},{"type":"Feature","id":7585,"geometry":{"type":"Point","coordinates":[-82.2272617344123,36.8432645646799]},"properties":{"OBJECTID":7585,"ID":"152271","NAME":"DICKENS","CITY":"CASTLEWOOD","STATE":"VA","ZIP":"24224","TYPE":"SUBSTATION","STATUS":"IN SERVICE","COUNTY":"RUSSELL","COUNTYFIPS":"51167","COUNTRY":"USA","LATITUDE":36.84326456500003,"LONGITUDE":-82.22726173399997,"NAICS_CODE":"221121","NAICS_DESC":"ELECTRIC BULK POWER TRANSMISSION AND CONTROL","SOURCE":"IMAGERY, OpenStreetMap","SOURCEDATE":1410220800000,"VAL_METHOD":"IMAGERY","VAL_DATE":1410220800000,"LINES":1,"MAX_VOLT":138,"MIN_VOLT":138,"MAX_INFER":"Y","MIN_INFER":"Y","pnode_id":32411115,"pnode_name":"DICKENS 138 KV  T1","pnode_subtype":"LOAD","match_score":100.0,"pjm_zone":"AEP"}},{"type":"Feature","id":7589,"geometry":{"type":"Point","coordinates":[-81.4680167019592,40.5203431358154]},"properties":{"OBJECTID":7589,"ID":"152287","NAME":"DOVER","CITY":"DOVER","STATE":"OH","ZIP":"44622","TYPE":"SUBSTATION","STATUS":"IN SERVICE","COUNTY":"TUSCARAWAS","COUNTYFIPS":"39157","COUNTRY":"USA","LATITUDE":40.520343136000065,"LONGITUDE":-81.46801670199994,"NAICS_CODE":"221121","NAICS_DESC":"ELECTRIC BULK POWER TRANSMISSION AND CONTROL","SOURCE":"IMAGERY, EIA 860","SOURCEDATE":1478131200000,"VAL_METHOD":"IMAGERY","VAL_DATE":1622505600000,"LINES":2,"MAX_VOLT":69,"MIN_VOLT":69,"MAX_INFER":"Y","MIN_INFER":"Y","pnode_id":51214,"pnode_name":"DOVER","pnode_subtype":"AGGREGATE","match_score":100.0,"pjm_zone":"AEP"}},{"type":"Feature","id":7605,"geometry":{"type":"Point","coordinates":[-81.4428773020207,39.4431427682619]},"properties":{"OBJECTID":7605,"ID":"152303","NAME":"DEVOLA","CITY":"MARIETTA","STATE":"OH","ZIP":"45750","TYPE":"SUBSTATION","STATUS":"IN SERVICE","COUNTY":"WASHINGTON","COUNTYFIPS":"39167","COUNTRY":"USA","LATITUDE":39.44314276800003,"LONGITUDE":-81.44287730199994,"NAICS_CODE":"221121","NAICS_DESC":"ELECTRIC BULK POWER TRANSMISSION AND CONTROL","SOURCE":"OpenStreetMap, https://aeptransmission.com/ohio/BellRidge-Devola/docs/BellRidge-Devola_FactSheet_V5.pdf?1537371351","SOURCEDATE":1470268800000,"VAL_METHOD":"IMAGERY","VAL_DATE":1537315200000,"LINES":4,"MAX_VOLT":138,"MIN_VOLT":138,"MAX_INFER":"Y","MIN_INFER":"Y","pnode_id":2156110169,"pnode_name":"DEVOLA  138 KV  T1","pnode_subtype":"LOAD","match_score":100.0,"pjm_zone":"AEP"}},{"type":"Feature","id":7608,"geometry":{"type":"Point","coordinates":[-81.4165135549438,40.721339108777]},"properties":{"OBJECTID":7608,"ID":"152306","NAME":"SOUTH CANTON 138KV","CITY":"CANTON","STATE":"OH","ZIP":"44706","TYPE":"SUBSTATION","STATUS":"IN SERVICE","COUNTY":"STARK","COUNTYFIPS":"39151","COUNTRY":"USA","LATITUDE":40.72133910900004,"LONGITUDE":-81.41651355499994,"NAICS_CODE":"221121","NAICS_DESC":"ELECTRIC BULK POWER TRANSMISSION AND CONTROL","SOURCE":"OpenStreetMap","SOURCEDATE":1403568000000,"VAL_METHOD":"IMAGERY","VAL_DATE":1444003200000,"LINES":9,"MAX_VOLT":138,"MIN_VOLT":138,"MAX_INFER":"Y","MIN_INFER":"Y","pnode_id":34509215,"pnode_name":"SOUTH CANTON","pnode_subtype":"EHV","match_score":100.0,"pjm_zone":"FE-ATSI"}},{"type":"Feature","id":7609,"geometry":{"type":"Point","coordinates":[-81.4161556221172,40.7156663472524]},"properties":{"OBJECTID":7609,"ID":"152307","NAME":"SOUTH CANTON 765KV","CITY":"EAST SPARTA","STATE":"OH","ZIP":"44626","TYPE":"SUBSTATION","STATUS":"IN SERVICE","COUNTY":"STARK","COUNTYFIPS":"39151","COUNTRY":"USA","LATITUDE":40.71566634700008,"LONGITUDE":-81.41615562199996,"NAICS_CODE":"221121","NAICS_DESC":"ELECTRIC BULK POWER TRANSMISSION AND CONTROL","SOURCE":"OpenStreetMap","SOURCEDATE":1403568000000,"VAL_METHOD":"IMAGERY","VAL_DATE":1444003200000,"LINES":2,"MAX_VOLT":765,"MIN_VOLT":345,"MAX_INFER":"N","MIN_INFER":"Y","pnode_id":34509215,"pnode_name":"SOUTH CANTON","pnode_subtype":"EHV","match_score":100.0,"pjm_zone":"FE-ATSI"}},{"type":"Feature","id":7612,"geometry":{"type":"Point","coordinates":[-81.4263000980931,40.8754384127787]},"properties":{"OBJECTID":7612,"ID":"152310","NAME":"PROMWAY","CITY":"NORTH CANTON","STATE":"OH","ZIP":"44720","TYPE":"SUBSTATION","STATUS":"IN SERVICE","COUNTY":"STARK","COUNTYFIPS":"39151","COUNTRY":"USA","LATITUDE":40.87543841300004,"LONGITUDE":-81.42630009799996,"NAICS_CODE":"221121","NAICS_DESC":"ELECTRIC BULK POWER TRANSMISSION AND CONTROL","SOURCE":"OpenStreetMap","SOURCEDATE":1403568000000,"VAL_METHOD":"IMAGERY","VAL_DATE":1444089600000,"LINES":0,"MAX_VOLT":-999999,"MIN_VOLT":-999999,"MAX_INFER":"N","MIN_INFER":"N","pnode_id":32412301,"pnode_name":"PROMWAY 138 KV  T1","pnode_subtype":"LOAD","match_score":100.0,"pjm_zone":"FE-ATSI"}},{"type":"Feature","id":7613,"geometry":{"type":"Point","coordinates":[-81.423094725903,40.8656945172847]},"properties":{"OBJECTID":7613,"ID":"152311","NAME":"BELDEN VILLAGE","CITY":"NORTH CANTON","STATE":"OH","ZIP":"44720","TYPE":"SUBSTATION","STATUS":"IN SERVICE","COUNTY":"STARK","COUNTYFIPS":"39151","COUNTRY":"USA","LATITUDE":40.865694517000065,"LONGITUDE":-81.42309472599999,"NAICS_CODE":"221121","NAICS_DESC":"ELECTRIC BULK POWER TRANSMISSION AND CONTROL","SOURCE":"OpenStreetMap","SOURCEDATE":1403568000000,"VAL_METHOD":"IMAGERY","VAL_DATE":1444089600000,"LINES":0,"MAX_VOLT":-999999,"MIN_VOLT":-999999,"MAX_INFER":"N","MIN_INFER":"N","pnode_id":38889405,"pnode_name":"BELLEVILLE GEN","pnode_subtype":"AGGREGATE","match_score":71.42857142857143,"pjm_zone":"FE-ATSI"}},{"type":"Feature","id":7614,"geometry":{"type":"Point","coordinates":[-81.4882441256022,41.0686740233021]},"properties":{"OBJECTID":7614,"ID":"152312","NAME":"ARLINGTON","CITY":"AKRON","STATE":"OH","ZIP":"44305","TYPE":"SUBSTATION","STATUS":"IN SERVICE","COUNTY":"SUMMIT","COUNTYFIPS":"39153","COUNTRY":"USA","LATITUDE":41.06867402300003,"LONGITUDE":-81.48824412599998,"NAICS_CODE":"221121","NAICS_DESC":"ELECTRIC BULK POWER TRANSMISSION AND CONTROL","SOURCE":"OpenStreetMap","SOURCEDATE":1403827200000,"VAL_METHOD":"IMAGERY","VAL_DATE":1444089600000,"LINES":0,"MAX_VOLT":-999999,"MIN_VOLT":-999999,"MAX_INFER":"N","MIN_INFER":"N","pnode_id":2156109925,"pnode_name":"GARLING 138 KV  NSGGLASS","pnode_subtype":"LOAD","match_score":75.0,"pjm_zone":"FE-ATSI"}},{"type":"Feature","id":7620,"geometry":{"type":"Point","coordinates":[-81.491789839809,41.0503253478119]},"properties":{"OBJECTID":7620,"ID":"152318","NAME":"HUNT","CITY":"AKRON","STATE":"OH","ZIP":"44306","TYPE":"SUBSTATION","STATUS":"IN SERVICE","COUNTY":"SUMMIT","COUNTYFIPS":"39153","COUNTRY":"USA","LATITUDE":41.05032534800006,"LONGITUDE":-81.49178983999997,"NAICS_CODE":"221121","NAICS_DESC":"ELECTRIC BULK POWER TRANSMISSION AND CONTROL","SOURCE":"OpenStreetMap","SOURCEDATE":1403827200000,"VAL_METHOD":"IMAGERY","VAL_DATE":1444089600000,"LINES":0,"MAX_VOLT":-999999,"MIN_VOLT":-999999,"MAX_INFER":"N","MIN_INFER":"N","pnode_id":1123174835,"pnode_name":"HUNT1   69 KV   LD_186","pnode_subtype":"LOAD","match_score":88.88888888888889,"pjm_zone":"FE-ATSI"}},{"type":"Feature","id":7623,"geometry":{"type":"Point","coordinates":[-81.4669185267957,40.9393465888089]},"properties":{"OBJECTID":7623,"ID":"152321","NAME":"GREEN","CITY":"NORTH CANTON","STATE":"OH","ZIP":"44720","TYPE":"SUBSTATION","STATUS":"IN SERVICE","COUNTY":"SUMMIT","COUNTYFIPS":"39153","COUNTRY":"USA","LATITUDE":40.939346589000024,"LONGITUDE":-81.46691852699996,"NAICS_CODE":"221121","NAICS_DESC":"ELECTRIC BULK POWER TRANSMISSION AND CONTROL","SOURCE":"OpenStreetMap","SOURCEDATE":1403827200000,"VAL_METHOD":"IMAGERY","VAL_DATE":1444089600000,"LINES":0,"MAX_VOLT":-999999,"MIN_VOLT":-999999,"MAX_INFER":"N","MIN_INFER":"N","pnode_id":130992111,"pnode_name":"GREENUP","pnode_subtype":"AGGREGATE","match_score":83.33333333333334,"pjm_zone":"FE-ATSI"}},{"type":"Feature","id":7625,"geometry":{"type":"Point","coordinates":[-81.4345802823935,40.7580785760864]},"properties":{"OBJECTID":7625,"ID":"152323","NAME":"TIMKEN RICHVILLE","CITY":"CANTON","STATE":"OH","ZIP":"44706","TYPE":"SUBSTATION","STATUS":"IN SERVICE","COUNTY":"STARK","COUNTYFIPS":"39151","COUNTRY":"USA","LATITUDE":40.75807857600006,"LONGITUDE":-81.43458028199996,"NAICS_CODE":"221121","NAICS_DESC":"ELECTRIC BULK POWER TRANSMISSION AND CONTROL","SOURCE":"OpenStreetMap","SOURCEDATE":1403654400000,"VAL_METHOD":"IMAGERY","VAL_DATE":1444176000000,"LINES":0,"MAX_VOLT":-999999,"MIN_VOLT":-999999,"MAX_INFER":"N","MIN_INFER":"N","pnode_id":32412847,"pnode_name":"TIMKEN  138 KV  T1","pnode_subtype":"LOAD","match_score":100.0,"pjm_zone":"FE-ATSI"}},{"type":"Feature","id":7626,"geometry":{"type":"Point","coordinates":[-81.4163379334074,40.7199105630338]},"properties":{"OBJECTID":7626,"ID":"152324","NAME":"SOUTH CANTON 345KV","CITY":"CANTON","STATE":"OH","ZIP":"44706","TYPE":"SUBSTATION","STATUS":"IN SERVICE","COUNTY":"STARK","COUNTYFIPS":"39151","COUNTRY":"USA","LATITUDE":40.71991056300004,"LONGITUDE":-81.41633793299997,"NAICS_CODE":"221121","NAICS_DESC":"ELECTRIC BULK POWER TRANSMISSION AND CONTROL","SOURCE":"OpenStreetMap","SOURCEDATE":1403654400000,"VAL_METHOD":"IMAGERY","VAL_DATE":1444176000000,"LINES":6,"MAX_VOLT":345,"MIN_VOLT":138,"MAX_INFER":"Y","MIN_INFER":"Y","pnode_id":34509215,"pnode_name":"SOUTH CANTON","pnode_subtype":"EHV","match_score":100.0,"pjm_zone":"FE-ATSI"}},{"type":"Feature","id":7627,"geometry":{"type":"Point","coordinates":[-81.4130734466818,40.7629682051498]},"properties":{"OBJECTID":7627,"ID":"152325","NAME":"TORREY","CITY":"CANTON","STATE":"OH","ZIP":"44706","TYPE":"SUBSTATION","STATUS":"IN SERVICE","COUNTY":"STARK","COUNTYFIPS":"39151","COUNTRY":"USA","LATITUDE":40.76296820500005,"LONGITUDE":-81.41307344699999,"NAICS_CODE":"221121","NAICS_DESC":"ELECTRIC BULK POWER TRANSMISSION AND CONTROL","SOURCE":"OpenStreetMap","SOURCEDATE":1403654400000,"VAL_METHOD":"IMAGERY","VAL_DATE":1444176000000,"LINES":7,"MAX_VOLT":138,"MIN_VOLT":138,"MAX_INFER":"Y","MIN_INFER":"Y","pnode_id":32412855,"pnode_name":"TORREY  138 KV  T1","pnode_subtype":"LOAD","match_score":100.0,"pjm_zone":"FE-ATSI"}},{"type":"Feature","id":7628,"geometry":{"type":"Point","coordinates":[-81.434232330748,41.2099194917204]},"properties":{"OBJECTID":7628,"ID":"152326","NAME":"DARROW","CITY":"HUDSON","STATE":"OH","ZIP":"44236","TYPE":"SUBSTATION","STATUS":"IN SERVICE","COUNTY":"SUMMIT","COUNTYFIPS":"39153","COUNTRY":"USA","LATITUDE":41.20991949200004,"LONGITUDE":-81.43423233099998,"NAICS_CODE":"221121","NAICS_DESC":"ELECTRIC BULK POWER TRANSMISSION AND CONTROL","SOURCE":"OpenStreetMap","SOURCEDATE":1403654400000,"VAL_METHOD":"IMAGERY","VAL_DATE":1444176000000,"LINES":3,"MAX_VOLT":138,"MIN_VOLT":138,"MAX_INFER":"Y","MIN_INFER":"Y","pnode_id":32414879,"pnode_name":"DARROW  69 KV   B","pnode_subtype":"LOAD","match_score":100.0,"pjm_zone":"FE-ATSI"}},{"type":"Feature","id":7629,"geometry":{"type":"Point","coordinates":[-81.473879753392,41.0941423181804]},"properties":{"OBJECTID":7629,"ID":"152327","NAME":"EVANS","CITY":"AKRON","STATE":"OH","ZIP":"44305","TYPE":"SUBSTATION","STATUS":"IN SERVICE","COUNTY":"SUMMIT","COUNTYFIPS":"39153","COUNTRY":"USA","LATITUDE":41.094142318000024,"LONGITUDE":-81.47387975299995,"NAICS_CODE":"221121","NAICS_DESC":"ELECTRIC BULK POWER TRANSMISSION AND CONTROL","SOURCE":"OpenStreetMap","SOURCEDATE":1403654400000,"VAL_METHOD":"IMAGERY","VAL_DATE":1444176000000,"LINES":2,"MAX_VOLT":138,"MIN_VOLT":138,"MAX_INFER":"Y","MIN_INFER":"Y","pnode_id":98370101,"pnode_name":"EVANSOE 138 KV  TR1","pnode_subtype":"LOAD","match_score":88.33333333333333,"pjm_zone":"FE-ATSI"}},{"type":"Feature","id":7631,"geometry":{"type":"Point","coordinates":[-81.430235441283,40.8888508847141]},"properties":{"OBJECTID":7631,"ID":"152329","NAME":"WAYVIEW","CITY":"NORTH CANTON","STATE":"OH","ZIP":"44720","TYPE":"SUBSTATION","STATUS":"IN SERVICE","COUNTY":"STARK","COUNTYFIPS":"39151","COUNTRY":"USA","LATITUDE":40.88885088500007,"LONGITUDE":-81.43023544099998,"NAICS_CODE":"221121","NAICS_DESC":"ELECTRIC BULK POWER TRANSMISSION AND CONTROL","SOURCE":"OpenStreetMap","SOURCEDATE":1403654400000,"VAL_METHOD":"IMAGERY","VAL_DATE":1444176000000,"LINES":0,"MAX_VOLT":-999999,"MIN_VOLT":-999999,"MAX_INFER":"N","MIN_INFER":"N","pnode_id":32412973,"pnode_name":"WAYVIEW 138 KV  T1","pnode_subtype":"LOAD","match_score":100.0,"pjm_zone":"FE-ATSI"}},{"type":"Feature","id":7632,"geometry":{"type":"Point","coordinates":[-81.4598904610506,40.6349998989483]},"properties":{"OBJECTID":7632,"ID":"152330","NAME":"BOLIVAR","CITY":"BOLIVAR","STATE":"OH","ZIP":"44612","TYPE":"SUBSTATION","STATUS":"IN SERVICE","COUNTY":"TUSCARAWAS","COUNTYFIPS":"39157","COUNTRY":"USA","LATITUDE":40.634999899000036,"LONGITUDE":-81.45989046099999,"NAICS_CODE":"221121","NAICS_DESC":"ELECTRIC BULK POWER TRANSMISSION AND CONTROL","SOURCE":"OpenStreetMap","SOURCEDATE":1403654400000,"VAL_METHOD":"IMAGERY","VAL_DATE":1444176000000,"LINES":4,"MAX_VOLT":138,"MIN_VOLT":138,"MAX_INFER":"Y","MIN_INFER":"Y","pnode_id":32410691,"pnode_name":"BOLIVAR 138 KV  T1","pnode_subtype":"LOAD","match_score":100.0,"pjm_zone":"AEP"}},{"type":"Feature","id":7633,"geometry":{"type":"Point","coordinates":[-81.4383741723672,40.7708912697104]},"properties":{"OBJECTID":7633,"ID":"152331","NAME":"NEGLEY","CITY":"CANTON","STATE":"OH","ZIP":"44706","TYPE":"SUBSTATION","STATUS":"IN SERVICE","COUNTY":"STARK","COUNTYFIPS":"39151","COUNTRY":"USA","LATITUDE":40.77089127000005,"LONGITUDE":-81.43837417199995,"NAICS_CODE":"221121","NAICS_DESC":"ELECTRIC BULK POWER TRANSMISSION AND CONTROL","SOURCE":"OpenStreetMap","SOURCEDATE":1403654400000,"VAL_METHOD":"IMAGERY","VAL_DATE":1444176000000,"LINES":2,"MAX_VOLT":138,"MIN_VOLT":138,"MAX_INFER":"Y","MIN_INFER":"Y","pnode_id":40243249,"pnode_name":"NEGLEY  138 KV  T1 LOAD","pnode_subtype":"LOAD","match_score":100.0,"pjm_zone":"FE-ATSI"}},{"type":"Feature","id":7638,"geometry":{"type":"Point","coordinates":[-81.4915075666888,41.1805810249932]},"properties":{"OBJECTID":7638,"ID":"152336","NAME":"WYOGA","CITY":"STOW","STATE":"OH","ZIP":"44224","TYPE":"SUBSTATION","STATUS":"IN SERVICE","COUNTY":"SUMMIT","COUNTYFIPS":"39153","COUNTRY":"USA","LATITUDE":41.18058102500004,"LONGITUDE":-81.49150756699999,"NAICS_CODE":"221121","NAICS_DESC":"ELECTRIC BULK POWER TRANSMISSION AND CONTROL","SOURCE":"OpenStreetMap","SOURCEDATE":1403827200000,"VAL_METHOD":"IMAGERY","VAL_DATE":1444176000000,"LINES":1,"MAX_VOLT":-999999,"MIN_VOLT":-999999,"MAX_INFER":"N","MIN_INFER":"N","pnode_id":2156109595,"pnode_name":"WYOGA   69 KV   T1","pnode_subtype":"LOAD","match_score":100.0,"pjm_zone":"FE-ATSI"}},{"type":"Feature","id":7639,"geometry":{"type":"Point","coordinates":[-81.4798171736523,41.500330863986]},"properties":{"OBJECTID":7639,"ID":"152337","NAME":"KEPLER","CITY":"LYNDHURST","STATE":"OH","ZIP":"44124","TYPE":"SUBSTATION","STATUS":"IN SERVICE","COUNTY":"CUYAHOGA","COUNTYFIPS":"39035","COUNTRY":"USA","LATITUDE":41.500330864000034,"LONGITUDE":-81.47981717399995,"NAICS_CODE":"221121","NAICS_DESC":"ELECTRIC BULK POWER TRANSMISSION AND CONTROL","SOURCE":"OpenStreetMap","SOURCEDATE":1406764800000,"VAL_METHOD":"IMAGERY","VAL_DATE":1444176000000,"LINES":4,"MAX_VOLT":138,"MIN_VOLT":138,"MAX_INFER":"Y","MIN_INFER":"Y","pnode_id":93353819,"pnode_name":"KEPLER  138 KV  TR71","pnode_subtype":"LOAD","match_score":100.0,"pjm_zone":"FE-ATSI"}},{"type":"Feature","id":7640,"geometry":{"type":"Point","coordinates":[-81.4888204819935,41.4641489919442]},"properties":{"OBJECTID":7640,"ID":"152338","NAME":"KENYON","CITY":"PEPPER PIKE","STATE":"OH","ZIP":"44124","TYPE":"SUBSTATION","STATUS":"IN SERVICE","COUNTY":"CUYAHOGA","COUNTYFIPS":"39035","COUNTRY":"USA","LATITUDE":41.46414899200005,"LONGITUDE":-81.48882048199994,"NAICS_CODE":"221121","NAICS_DESC":"ELECTRIC BULK POWER TRANSMISSION AND CONTROL","SOURCE":"OpenStreetMap","SOURCEDATE":1406764800000,"VAL_METHOD":"IMAGERY","VAL_DATE":1444176000000,"LINES":4,"MAX_VOLT":138,"MIN_VOLT":138,"MAX_INFER":"Y","MIN_INFER":"Y","pnode_id":93353815,"pnode_name":"KENYON  138 KV  TR71","pnode_subtype":"LOAD","match_score":100.0,"pjm_zone":"FE-ATSI"}},{"type":"Feature","id":7641,"geometry":{"type":"Point","coordinates":[-81.4551507708469,41.3952015797179]},"properties":{"OBJECTID":7641,"ID":"152339","NAME":"LESTER","CITY":"SOLON","STATE":"OH","ZIP":"44139","TYPE":"SUBSTATION","STATUS":"IN SERVICE","COUNTY":"CUYAHOGA","COUNTYFIPS":"39035","COUNTRY":"USA","LATITUDE":41.39520158000005,"LONGITUDE":-81.45515077099998,"NAICS_CODE":"221121","NAICS_DESC":"ELECTRIC BULK POWER TRANSMISSION AND CONTROL","SOURCE":"OpenStreetMap","SOURCEDATE":1406764800000,"VAL_METHOD":"IMAGERY","VAL_DATE":1444176000000,"LINES":2,"MAX_VOLT":138,"MIN_VOLT":138,"MAX_INFER":"Y","MIN_INFER":"Y","pnode_id":93353833,"pnode_name":"LESTER  138 KV  TR71","pnode_subtype":"LOAD","match_score":100.0,"pjm_zone":"FE-ATSI"}},{"type":"Feature","id":7658,"geometry":{"type":"Point","coordinates":[-81.5323109603051,41.0741697851495]},"properties":{"OBJECTID":7658,"ID":"152356","NAME":"URBAN","CITY":"AKRON","STATE":"OH","ZIP":"44307","TYPE":"SUBSTATION","STATUS":"IN SERVICE","COUNTY":"SUMMIT","COUNTYFIPS":"39153","COUNTRY":"USA","LATITUDE":41.07416978500004,"LONGITUDE":-81.53231095999996,"NAICS_CODE":"221121","NAICS_DESC":"ELECTRIC BULK POWER TRANSMISSION AND CONTROL","SOURCE":"OpenStreetMap","SOURCEDATE":1403568000000,"VAL_METHOD":"IMAGERY","VAL_DATE":1444003200000,"LINES":2,"MAX_VOLT":138,"MIN_VOLT":138,"MAX_INFER":"Y","MIN_INFER":"Y","pnode_id":32415239,"pnode_name":"URBAN   23 KV   A","pnode_subtype":"LOAD","match_score":100.0,"pjm_zone":"FE-ATSI"}},{"type":"Feature","id":7660,"geometry":{"type":"Point","coordinates":[-81.526134581891,41.0749172322594]},"properties":{"OBJECTID":7660,"ID":"152358","NAME":"WATER","CITY":"AKRON","STATE":"OH","ZIP":"44307","TYPE":"SUBSTATION","STATUS":"IN SERVICE","COUNTY":"SUMMIT","COUNTYFIPS":"39153","COUNTRY":"USA","LATITUDE":41.074917232000075,"LONGITUDE":-81.52613458199994,"NAICS_CODE":"221121","NAICS_DESC":"ELECTRIC BULK POWER TRANSMISSION AND CONTROL","SOURCE":"OpenStreetMap","SOURCEDATE":1403568000000,"VAL_METHOD":"IMAGERY","VAL_DATE":1444003200000,"LINES":0,"MAX_VOLT":-999999,"MIN_VOLT":-999999,"MAX_INFER":"N","MIN_INFER":"N","pnode_id":32661105,"pnode_name":"WEATHERLY","pnode_subtype":"AGGREGATE","match_score":71.42857142857143,"pjm_zone":"FE-ATSI"}},{"type":"Feature","id":7663,"geometry":{"type":"Point","coordinates":[-81.5271375562956,41.1156203839512]},"properties":{"OBJECTID":7663,"ID":"152361","NAME":"BABB","CITY":"AKRON","STATE":"OH","ZIP":"44313","TYPE":"SUBSTATION","STATUS":"IN SERVICE","COUNTY":"SUMMIT","COUNTYFIPS":"39153","COUNTRY":"USA","LATITUDE":41.11562038400007,"LONGITUDE":-81.52713755599996,"NAICS_CODE":"221121","NAICS_DESC":"ELECTRIC BULK POWER TRANSMISSION AND CONTROL","SOURCE":"OpenStreetMap","SOURCEDATE":1403568000000,"VAL_METHOD":"IMAGERY","VAL_DATE":1444003200000,"LINES":3,"MAX_VOLT":138,"MIN_VOLT":138,"MAX_INFER":"Y","MIN_INFER":"Y","pnode_id":32414805,"pnode_name":"BABB    23 KV   A","pnode_subtype":"LOAD","match_score":100.0,"pjm_zone":"FE-ATSI"}},{"type":"Feature","id":7664,"geometry":{"type":"Point","coordinates":[-81.5022745212577,40.8842916722761]},"properties":{"OBJECTID":7664,"ID":"152362","NAME":"DALE","CITY":"MASSILLON","STATE":"OH","ZIP":"44646","TYPE":"SUBSTATION","STATUS":"IN SERVICE","COUNTY":"STARK","COUNTYFIPS":"39151","COUNTRY":"USA","LATITUDE":40.884291672000074,"LONGITUDE":-81.50227452099995,"NAICS_CODE":"221121","NAICS_DESC":"ELECTRIC BULK POWER TRANSMISSION AND CONTROL","SOURCE":"OpenStreetMap","SOURCEDATE":1403568000000,"VAL_METHOD":"IMAGERY","VAL_DATE":1444089600000,"LINES":2,"MAX_VOLT":138,"MIN_VOLT":138,"MAX_INFER":"Y","MIN_INFER":"Y","pnode_id":98370075,"pnode_name":"DALEOE  138 KV  TR2","pnode_subtype":"LOAD","match_score":85.0,"pjm_zone":"FE-ATSI"}},{"type":"Feature","id":7666,"geometry":{"type":"Point","coordinates":[-81.5018126946752,41.0723341630879]},"properties":{"OBJECTID":7666,"ID":"152364","NAME":"ANNADALE","CITY":"AKRON","STATE":"OH","ZIP":"44304","TYPE":"SUBSTATION","STATUS":"IN SERVICE","COUNTY":"SUMMIT","COUNTYFIPS":"39153","COUNTRY":"USA","LATITUDE":41.07233416300005,"LONGITUDE":-81.50181269499996,"NAICS_CODE":"221121","NAICS_DESC":"ELECTRIC BULK POWER TRANSMISSION AND CONTROL","SOURCE":"OpenStreetMap","SOURCEDATE":1403827200000,"VAL_METHOD":"IMAGERY","VAL_DATE":1444089600000,"LINES":0,"MAX_VOLT":-999999,"MIN_VOLT":-999999,"MAX_INFER":"N","MIN_INFER":"N","pnode_id":32661121,"pnode_name":"LANSDALE","pnode_subtype":"AGGREGATE","match_score":75.0,"pjm_zone":"FE-ATSI"}},{"type":"Feature","id":7669,"geometry":{"type":"Point","coordinates":[-81.578157135702,41.0344338640226]},"properties":{"OBJECTID":7669,"ID":"152367","NAME":"COVENTRY","CITY":"BARBERTON","STATE":"OH","ZIP":"44203","TYPE":"SUBSTATION","STATUS":"IN SERVICE","COUNTY":"SUMMIT","COUNTYFIPS":"39153","COUNTRY":"USA","LATITUDE":41.03443386400005,"LONGITUDE":-81.57815713599996,"NAICS_CODE":"221121","NAICS_DESC":"ELECTRIC BULK POWER TRANSMISSION AND CONTROL","SOURCE":"OpenStreetMap","SOURCEDATE":1403827200000,"VAL_METHOD":"IMAGERY","VAL_DATE":1444089600000,"LINES":0,"MAX_VOLT":-999999,"MIN_VOLT":-999999,"MAX_INFER":"N","MIN_INFER":"N","pnode_id":1123170676,"pnode_name":"ELLISONR138 KV  COVENTRY","pnode_subtype":"LOAD","match_score":100.0,"pjm_zone":"FE-ATSI"}},{"type":"Feature","id":7670,"geometry":{"type":"Point","coordinates":[-81.582128521996,40.8158983212703]},"properties":{"OBJECTID":7670,"ID":"152368","NAME":"DUBLIN","CITY":"MASSILLON","STATE":"OH","ZIP":"44647","TYPE":"SUBSTATION","STATUS":"IN SERVICE","COUNTY":"STARK","COUNTYFIPS":"39151","COUNTRY":"USA","LATITUDE":40.81589832100008,"LONGITUDE":-81.58212852199995,"NAICS_CODE":"221121","NAICS_DESC":"ELECTRIC BULK POWER TRANSMISSION AND CONTROL","SOURCE":"OpenStreetMap","SOURCEDATE":1403827200000,"VAL_METHOD":"IMAGERY","VAL_DATE":1444089600000,"LINES":0,"MAX_VOLT":-999999,"MIN_VOLT":-999999,"MAX_INFER":"N","MIN_INFER":"N","pnode_id":40243253,"pnode_name":"DUBLIN  138 KV  T1 LOAD","pnode_subtype":"LOAD","match_score":100.0,"pjm_zone":"FE-ATSI"}},{"type":"Feature","id":7672,"geometry":{"type":"Point","coordinates":[-81.5801178830827,41.1111312450764]},"properties":{"OBJECTID":7672,"ID":"152370","NAME":"FAIRLAWN","CITY":"AKRON","STATE":"OH","ZIP":"44313","TYPE":"SUBSTATION","STATUS":"IN SERVICE","COUNTY":"SUMMIT","COUNTYFIPS":"39153","COUNTRY":"USA","LATITUDE":41.11113124500008,"LONGITUDE":-81.58011788299996,"NAICS_CODE":"221121","NAICS_DESC":"ELECTRIC BULK POWER TRANSMISSION AND CONTROL","SOURCE":"OpenStreetMap","SOURCEDATE":1403827200000,"VAL_METHOD":"IMAGERY","VAL_DATE":1444089600000,"LINES":0,"MAX_VOLT":-999999,"MIN_VOLT":-999999,"MAX_INFER":"N","MIN_INFER":"N","pnode_id":51221,"pnode_name":"FAIRLAWN","pnode_subtype":"AGGREGATE","match_score":100.0,"pjm_zone":"FE-ATSI"}},{"type":"Feature","id":7673,"geometry":{"type":"Point","coordinates":[-81.5493796181516,41.2994991879213]},"properties":{"OBJECTID":7673,"ID":"152371","NAME":"HILLS","CITY":"NORTHFIELD","STATE":"OH","ZIP":"44067","TYPE":"SUBSTATION","STATUS":"IN SERVICE","COUNTY":"SUMMIT","COUNTYFIPS":"39153","COUNTRY":"USA","LATITUDE":41.29949918800003,"LONGITUDE":-81.54937961799999,"NAICS_CODE":"221121","NAICS_DESC":"ELECTRIC BULK POWER TRANSMISSION AND CONTROL","SOURCE":"OpenStreetMap","SOURCEDATE":1403827200000,"VAL_METHOD":"IMAGERY","VAL_DATE":1444089600000,"LINES":0,"MAX_VOLT":-999999,"MIN_VOLT":-999999,"MAX_INFER":"N","MIN_INFER":"N","pnode_id":2156114580,"pnode_name":"HILLS   69 KV   LOAD1","pnode_subtype":"LOAD","match_score":100.0,"pjm_zone":"FE-ATSI"}},{"type":"Feature","id":7674,"geometry":{"type":"Point","coordinates":[-81.5052206342668,41.1039719168755]},"properties":{"OBJECTID":7674,"ID":"152372","NAME":"KEENEY","CITY":"AKRON","STATE":"OH","ZIP":"44310","TYPE":"SUBSTATION","STATUS":"IN SERVICE","COUNTY":"SUMMIT","COUNTYFIPS":"39153","COUNTRY":"USA","LATITUDE":41.10397191700008,"LONGITUDE":-81.50522063399995,"NAICS_CODE":"221121","NAICS_DESC":"ELECTRIC BULK POWER TRANSMISSION AND CONTROL","SOURCE":"OpenStreetMap","SOURCEDATE":1403827200000,"VAL_METHOD":"IMAGERY","VAL_DATE":1444089600000,"LINES":0,"MAX_VOLT":-999999,"MIN_VOLT":-999999,"MAX_INFER":"N","MIN_INFER":"N","pnode_id":52458,"pnode_name":"KEENEY","pnode_subtype":"EHV","match_score":100.0,"pjm_zone":"FE-ATSI"}},{"type":"Feature","id":7675,"geometry":{"type":"Point","coordinates":[-81.5240134780455,41.3145670978745]},"properties":{"OBJECTID":7675,"ID":"152373","NAME":"MACEDONIA","CITY":"NORTHFIELD","STATE":"OH","ZIP":"44067","TYPE":"SUBSTATION","STATUS":"IN SERVICE","COUNTY":"SUMMIT","COUNTYFIPS":"39153","COUNTRY":"USA","LATITUDE":41.314567098000055,"LONGITUDE":-81.52401347799997,"NAICS_CODE":"221121","NAICS_DESC":"ELECTRIC BULK POWER TRANSMISSION AND CONTROL","SOURCE":"OpenStreetMap","SOURCEDATE":1403827200000,"VAL_METHOD":"IMAGERY","VAL_DATE":1444089600000,"LINES":0,"MAX_VOLT":-999999,"MIN_VOLT":-999999,"MAX_INFER":"N","MIN_INFER":"N","pnode_id":40243587,"pnode_name":"MACEDON 69 KV   MARATHON","pnode_subtype":"LOAD","match_score":87.5,"pjm_zone":"FE-ATSI"}},{"type":"Feature","id":7676,"geometry":{"type":"Point","coordinates":[-81.5120442614195,41.0556192278785]},"properties":{"OBJECTID":7676,"ID":"152374","NAME":"MORGAN","CITY":"AKRON","STATE":"OH","ZIP":"44311","TYPE":"SUBSTATION","STATUS":"IN SERVICE","COUNTY":"SUMMIT","COUNTYFIPS":"39153","COUNTRY":"USA","LATITUDE":41.05561922800007,"LONGITUDE":-81.51204426099997,"NAICS_CODE":"221121","NAICS_DESC":"ELECTRIC BULK POWER TRANSMISSION AND CONTROL","SOURCE":"OpenStreetMap","SOURCEDATE":1403827200000,"VAL_METHOD":"IMAGERY","VAL_DATE":1444089600000,"LINES":0,"MAX_VOLT":-999999,"MIN_VOLT":-999999,"MAX_INFER":"N","MIN_INFER":"N","pnode_id":119117969,"pnode_name":"MRGAN   138 KV  BK1","pnode_subtype":"LOAD","match_score":90.9090909090909,"pjm_zone":"FE-ATSI"}},{"type":"Feature","id":7678,"geometry":{"type":"Point","coordinates":[-81.5542882599007,41.0846294132199]},"properties":{"OBJECTID":7678,"ID":"152376","NAME":"NOBLE","CITY":"AKRON","STATE":"OH","ZIP":"44320","TYPE":"SUBSTATION","STATUS":"IN SERVICE","COUNTY":"SUMMIT","COUNTYFIPS":"39153","COUNTRY":"USA","LATITUDE":41.08462941300007,"LONGITUDE":-81.55428825999996,"NAICS_CODE":"221121","NAICS_DESC":"ELECTRIC BULK POWER TRANSMISSION AND CONTROL","SOURCE":"OpenStreetMap","SOURCEDATE":1403827200000,"VAL_METHOD":"IMAGERY","VAL_DATE":1444089600000,"LINES":0,"MAX_VOLT":-999999,"MIN_VOLT":-999999,"MAX_INFER":"N","MIN_INFER":"N","pnode_id":1666103464,"pnode_name":"NOBLE   69 KV   T1","pnode_subtype":"LOAD","match_score":100.0,"pjm_zone":"FE-ATSI"}},{"type":"Feature","id":7679,"geometry":{"type":"Point","coordinates":[-81.495155637634,41.3022163281196]},"properties":{"OBJECTID":7679,"ID":"152377","NAME":"NORDONIA","CITY":"MACEDONIA","STATE":"OH","ZIP":"44056","TYPE":"SUBSTATION","STATUS":"IN SERVICE","COUNTY":"SUMMIT","COUNTYFIPS":"39153","COUNTRY":"USA","LATITUDE":41.30221632800004,"LONGITUDE":-81.49515563799997,"NAICS_CODE":"221121","NAICS_DESC":"ELECTRIC BULK POWER TRANSMISSION AND CONTROL","SOURCE":"OpenStreetMap","SOURCEDATE":1403827200000,"VAL_METHOD":"IMAGERY","VAL_DATE":1444089600000,"LINES":1,"MAX_VOLT":138,"MIN_VOLT":138,"MAX_INFER":"Y","MIN_INFER":"Y","pnode_id":2156114177,"pnode_name":"NORDSON 69 KV   NORD_LD","pnode_subtype":"LOAD","match_score":80.0,"pjm_zone":"FE-ATSI"}},{"type":"Feature","id":7680,"geometry":{"type":"Point","coordinates":[-81.5700622307255,41.0767331609878]},"properties":{"OBJECTID":7680,"ID":"152378","NAME":"STONER","CITY":"AKRON","STATE":"OH","ZIP":"44320","TYPE":"SUBSTATION","STATUS":"IN SERVICE","COUNTY":"SUMMIT","COUNTYFIPS":"39153","COUNTRY":"USA","LATITUDE":41.07673316100005,"LONGITUDE":-81.57006223099995,"NAICS_CODE":"221121","NAICS_DESC":"ELECTRIC BULK POWER TRANSMISSION AND CONTROL","SOURCE":"OpenStreetMap","SOURCEDATE":1403827200000,"VAL_METHOD":"IMAGERY","VAL_DATE":1444176000000,"LINES":0,"MAX_VOLT":-999999,"MIN_VOLT":-999999,"MAX_INFER":"N","MIN_INFER":"N","pnode_id":98370245,"pnode_name":"STONEY  138 KV  TR1","pnode_subtype":"LOAD","match_score":83.33333333333333,"pjm_zone":"FE-ATSI"}},{"type":"Feature","id":7682,"geometry":{"type":"Point","coordinates":[-81.5526996414231,41.0667353879695]},"properties":{"OBJECTID":7682,"ID":"152380","NAME":"THORNTON","CITY":"AKRON","STATE":"OH","ZIP":"44307","TYPE":"SUBSTATION","STATUS":"IN SERVICE","COUNTY":"SUMMIT","COUNTYFIPS":"39153","COUNTRY":"USA","LATITUDE":41.06673538800004,"LONGITUDE":-81.55269964099995,"NAICS_CODE":"221121","NAICS_DESC":"ELECTRIC BULK POWER TRANSMISSION AND CONTROL","SOURCE":"OpenStreetMap","SOURCEDATE":1403827200000,"VAL_METHOD":"IMAGERY","VAL_DATE":1444176000000,"LINES":0,"MAX_VOLT":-999999,"MIN_VOLT":-999999,"MAX_INFER":"N","MIN_INFER":"N","pnode_id":1218905975,"pnode_name":"HORNMTN 69 KV   ISLDCOAL","pnode_subtype":"LOAD","match_score":80.0,"pjm_zone":"FE-ATSI"}},{"type":"Feature","id":7684,"geometry":{"type":"Point","coordinates":[-81.5129462049991,40.9879451500451]},"properties":{"OBJECTID":7684,"ID":"152382","NAME":"MOORE","CITY":"AKRON","STATE":"OH","ZIP":"44319","TYPE":"SUBSTATION","STATUS":"IN SERVICE","COUNTY":"SUMMIT","COUNTYFIPS":"39153","COUNTRY":"USA","LATITUDE":40.98794515000003,"LONGITUDE":-81.51294620499993,"NAICS_CODE":"221121","NAICS_DESC":"ELECTRIC BULK POWER TRANSMISSION AND CONTROL","SOURCE":"OpenStreetMap","SOURCEDATE":1403654400000,"VAL_METHOD":"IMAGERY","VAL_DATE":1444176000000,"LINES":2,"MAX_VOLT":138,"MIN_VOLT":138,"MAX_INFER":"Y","MIN_INFER":"Y","pnode_id":98370175,"pnode_name":"MOOREOE 138 KV  TR1","pnode_subtype":"LOAD","match_score":88.33333333333333,"pjm_zone":"FE-ATSI"}},{"type":"Feature","id":7685,"geometry":{"type":"Point","coordinates":[-81.5821107218787,41.1084009123097]},"properties":{"OBJECTID":7685,"ID":"152383","NAME":"PINE","CITY":"AKRON","STATE":"OH","ZIP":"44320","TYPE":"SUBSTATION","STATUS":"IN SERVICE","COUNTY":"SUMMIT","COUNTYFIPS":"39153","COUNTRY":"USA","LATITUDE":41.108400912000036,"LONGITUDE":-81.58211072199998,"NAICS_CODE":"221121","NAICS_DESC":"ELECTRIC BULK POWER TRANSMISSION AND CONTROL","SOURCE":"OpenStreetMap","SOURCEDATE":1403654400000,"VAL_METHOD":"IMAGERY","VAL_DATE":1444176000000,"LINES":2,"MAX_VOLT":138,"MIN_VOLT":138,"MAX_INFER":"Y","MIN_INFER":"Y","pnode_id":98370217,"pnode_name":"PINEOE  138 KV  TR1","pnode_subtype":"LOAD","match_score":85.0,"pjm_zone":"FE-ATSI"}},{"type":"Feature","id":7686,"geometry":{"type":"Point","coordinates":[-81.5631163796936,40.5082677123396]},"properties":{"OBJECTID":7686,"ID":"152384","NAME":"WEST DOVER","CITY":"DOVER","STATE":"OH","ZIP":"44622","TYPE":"SUBSTATION","STATUS":"IN SERVICE","COUNTY":"TUSCARAWAS","COUNTYFIPS":"39157","COUNTRY":"USA","LATITUDE":40.50826771200008,"LONGITUDE":-81.56311637999994,"NAICS_CODE":"221121","NAICS_DESC":"ELECTRIC BULK POWER TRANSMISSION AND CONTROL","SOURCE":"OpenStreetMap","SOURCEDATE":1403654400000,"VAL_METHOD":"IMAGERY","VAL_DATE":1444176000000,"LINES":3,"MAX_VOLT":138,"MIN_VOLT":138,"MAX_INFER":"Y","MIN_INFER":"Y","pnode_id":1388603009,"pnode_name":"DOVER   69 KV   CDOVER","pnode_subtype":"LOAD","match_score":100.0,"pjm_zone":"AEP"}},{"type":"Feature","id":7688,"geometry":{"type":"Point","coordinates":[-81.4958843231448,41.4376906841761]},"properties":{"OBJECTID":7688,"ID":"152386","NAME":"KEITH","CITY":"WARRENSVILLE HEIGHTS","STATE":"OH","ZIP":"44128","TYPE":"SUBSTATION","STATUS":"IN SERVICE","COUNTY":"CUYAHOGA","COUNTYFIPS":"39035","COUNTRY":"USA","LATITUDE":41.437690684000074,"LONGITUDE":-81.49588432299998,"NAICS_CODE":"221121","NAICS_DESC":"ELECTRIC BULK POWER TRANSMISSION AND CONTROL","SOURCE":"OpenStreetMap","SOURCEDATE":1406764800000,"VAL_METHOD":"IMAGERY","VAL_DATE":1444176000000,"LINES":4,"MAX_VOLT":138,"MIN_VOLT":138,"MAX_INFER":"Y","MIN_INFER":"Y","pnode_id":93353803,"pnode_name":"KEITH   138 KV  TR71","pnode_subtype":"LOAD","match_score":100.0,"pjm_zone":"FE-ATSI"}},{"type":"Feature","id":7700,"geometry":{"type":"Point","coordinates":[-83.0104100229891,39.7939944116694]},"properties":{"OBJECTID":7700,"ID":"152399","NAME":"PICWAY","CITY":"LOCKBOURNE","STATE":"OH","ZIP":"43137","TYPE":"SUBSTATION","STATUS":"IN SERVICE","COUNTY":"PICKAWAY","COUNTYFIPS":"39129","COUNTRY":"USA","LATITUDE":39.793994412000075,"LONGITUDE":-83.01041002299996,"NAICS_CODE":"221121","NAICS_DESC":"ELECTRIC BULK POWER TRANSMISSION AND CONTROL","SOURCE":"IMAGERY, EIA 860","SOURCEDATE":1477440000000,"VAL_METHOD":"IMAGERY","VAL_DATE":1622505600000,"LINES":2,"MAX_VOLT":138,"MIN_VOLT":138,"MAX_INFER":"Y","MIN_INFER":"Y","pnode_id":32418499,"pnode_name":"PICWAY  138 KV  PC5","pnode_subtype":"GEN","match_score":100.0,"pjm_zone":"AEP"}},{"type":"Feature","id":7729,"geometry":{"type":"Point","coordinates":[-82.834016755646,41.2833306789662]},"properties":{"OBJECTID":7729,"ID":"152429","NAME":"BELLEVUE","CITY":"BELLEVUE","STATE":"OH","ZIP":"44811","TYPE":"SUBSTATION","STATUS":"IN SERVICE","COUNTY":"HURON","COUNTYFIPS":"39077","COUNTRY":"USA","LATITUDE":41.28333067900007,"LONGITUDE":-82.83401675599998,"NAICS_CODE":"221121","NAICS_DESC":"ELECTRIC BULK POWER TRANSMISSION AND CONTROL","SOURCE":"OpenStreetMap","SOURCEDATE":1403827200000,"VAL_METHOD":"IMAGERY","VAL_DATE":1444089600000,"LINES":2,"MAX_VOLT":-999999,"MIN_VOLT":-999999,"MAX_INFER":"N","MIN_INFER":"N","pnode_id":1218908241,"pnode_name":"CARRIAGE69 KV   BELLEVUE","pnode_subtype":"LOAD","match_score":100.0,"pjm_zone":"FE-ATSI"}},{"type":"Feature","id":7730,"geometry":{"type":"Point","coordinates":[-82.8648381731313,41.2337419047265]},"properties":{"OBJECTID":7730,"ID":"152430","NAME":"FLAT ROCK","CITY":"FLAT ROCK","STATE":"OH","ZIP":"44828","TYPE":"SUBSTATION","STATUS":"IN SERVICE","COUNTY":"SENECA","COUNTYFIPS":"39147","COUNTRY":"USA","LATITUDE":41.233741905000045,"LONGITUDE":-82.86483817299995,"NAICS_CODE":"221121","NAICS_DESC":"ELECTRIC BULK POWER TRANSMISSION AND CONTROL","SOURCE":"OpenStreetMap","SOURCEDATE":1403827200000,"VAL_METHOD":"IMAGERY","VAL_DATE":1444089600000,"LINES":0,"MAX_VOLT":-999999,"MIN_VOLT":-999999,"MAX_INFER":"N","MIN_INFER":"N","pnode_id":33092307,"pnode_name":"ROCK FALLS","pnode_subtype":"AGGREGATE","match_score":73.6842105263158,"pjm_zone":"FE-ATSI"}},{"type":"Feature","id":7733,"geometry":{"type":"Point","coordinates":[-83.0079787039266,39.0217421346864]},"properties":{"OBJECTID":7733,"ID":"152433","NAME":"DON MARQUIS","CITY":"PIKETON","STATE":"OH","ZIP":"45661","TYPE":"SUBSTATION","STATUS":"IN SERVICE","COUNTY":"PIKE","COUNTYFIPS":"39131","COUNTRY":"USA","LATITUDE":39.02174213500007,"LONGITUDE":-83.00797870399998,"NAICS_CODE":"221121","NAICS_DESC":"ELECTRIC BULK POWER TRANSMISSION AND CONTROL","SOURCE":"OpenStreetMap","SOURCEDATE":1403654400000,"VAL_METHOD":"IMAGERY","VAL_DATE":1443657600000,"LINES":7,"MAX_VOLT":345,"MIN_VOLT":138,"MAX_INFER":"N","MIN_INFER":"Y","pnode_id":34509203,"pnode_name":"MARQUIS","pnode_subtype":"EHV","match_score":100.0,"pjm_zone":"AEP"}},{"type":"Feature","id":7734,"geometry":{"type":"Point","coordinates":[-83.0107548026834,39.0223367228716]},"properties":{"OBJECTID":7734,"ID":"152434","NAME":"DON MARQUIS 765 KV","CITY":"PIKETON","STATE":"OH","ZIP":"45661","TYPE":"SUBSTATION","STATUS":"IN SERVICE","COUNTY":"PIKE","COUNTYFIPS":"39131","COUNTRY":"USA","LATITUDE":39.02233672300008,"LONGITUDE":-83.01075480299994,"NAICS_CODE":"221121","NAICS_DESC":"ELECTRIC BULK POWER TRANSMISSION AND CONTROL","SOURCE":"OpenStreetMap","SOURCEDATE":1403654400000,"VAL_METHOD":"IMAGERY","VAL_DATE":1444176000000,"LINES":7,"MAX_VOLT":765,"MIN_VOLT":138,"MAX_INFER":"N","MIN_INFER":"Y","pnode_id":34509203,"pnode_name":"MARQUIS","pnode_subtype":"EHV","match_score":100.0,"pjm_zone":"AEP"}},{"type":"Feature","id":7735,"geometry":{"type":"Point","coordinates":[-82.9002489522493,39.8713077080746]},"properties":{"OBJECTID":7735,"ID":"152435","NAME":"BIXBY","CITY":"GROVEPORT","STATE":"OH","ZIP":"43125","TYPE":"SUBSTATION","STATUS":"IN SERVICE","COUNTY":"FRANKLIN","COUNTYFIPS":"39049","COUNTRY":"USA","LATITUDE":39.871307708000074,"LONGITUDE":-82.90024895199997,"NAICS_CODE":"221121","NAICS_DESC":"ELECTRIC BULK POWER TRANSMISSION AND CONTROL","SOURCE":"OpenStreetMap","SOURCEDATE":1403654400000,"VAL_METHOD":"IMAGERY","VAL_DATE":1444176000000,"LINES":11,"MAX_VOLT":345,"MIN_VOLT":138,"MAX_INFER":"N","MIN_INFER":"Y","pnode_id":2156112375,"pnode_name":"BIXBY   138 KV  SKID","pnode_subtype":"LOAD","match_score":100.0,"pjm_zone":"AEP"}},{"type":"Feature","id":7736,"geometry":{"type":"Point","coordinates":[-82.9148175285915,41.5137156728838]},"properties":{"OBJECTID":7736,"ID":"152436","NAME":"LAKEVIEW","CITY":"PORT CLINTON","STATE":"OH","ZIP":"43452","TYPE":"SUBSTATION","STATUS":"IN SERVICE","COUNTY":"OTTAWA","COUNTYFIPS":"39123","COUNTRY":"USA","LATITUDE":41.513715673000036,"LONGITUDE":-82.91481752899995,"NAICS_CODE":"221121","NAICS_DESC":"ELECTRIC BULK POWER TRANSMISSION AND CONTROL","SOURCE":"OpenStreetMap","SOURCEDATE":1403654400000,"VAL_METHOD":"IMAGERY","VAL_DATE":1444176000000,"LINES":3,"MAX_VOLT":138,"MIN_VOLT":138,"MAX_INFER":"Y","MIN_INFER":"Y","pnode_id":1183225618,"pnode_name":"LAKVEW  138 KV  M8","pnode_subtype":"LOAD","match_score":90.71428571428571,"pjm_zone":"FE-ATSI"}},{"type":"Feature","id":7737,"geometry":{"type":"Point","coordinates":[-82.9715118680556,39.9223388478341]},"properties":{"OBJECTID":7737,"ID":"152437","NAME":"MARION","CITY":"COLUMBUS","STATE":"OH","ZIP":"43207","TYPE":"SUBSTATION","STATUS":"IN SERVICE","COUNTY":"FRANKLIN","COUNTYFIPS":"39049","COUNTRY":"USA","LATITUDE":39.92233884800004,"LONGITUDE":-82.97151186799994,"NAICS_CODE":"221121","NAICS_DESC":"ELECTRIC BULK POWER TRANSMISSION AND CONTROL","SOURCE":"OpenStreetMap","SOURCEDATE":1403654400000,"VAL_METHOD":"IMAGERY","VAL_DATE":1444176000000,"LINES":8,"MAX_VOLT":138,"MIN_VOLT":138,"MAX_INFER":"Y","MIN_INFER":"Y","pnode_id":1082063,"pnode_name":"MARION","pnode_subtype":"AGGREGATE","match_score":100.0,"pjm_zone":"AEP"}},{"type":"Feature","id":7740,"geometry":{"type":"Point","coordinates":[-82.8313462529525,39.9883766700218]},"properties":{"OBJECTID":7740,"ID":"152440","NAME":"LUCENT","CITY":"COLUMBUS","STATE":"OH","ZIP":"43213","TYPE":"SUBSTATION","STATUS":"IN SERVICE","COUNTY":"FRANKLIN","COUNTYFIPS":"39049","COUNTRY":"USA","LATITUDE":39.98837667000004,"LONGITUDE":-82.83134625299994,"NAICS_CODE":"221121","NAICS_DESC":"ELECTRIC BULK POWER TRANSMISSION AND CONTROL","SOURCE":"OpenStreetMap","SOURCEDATE":1403568000000,"VAL_METHOD":"IMAGERY","VAL_DATE":1444089600000,"LINES":1,"MAX_VOLT":138,"MIN_VOLT":138,"MAX_INFER":"Y","MIN_INFER":"Y","pnode_id":32411859,"pnode_name":"LUCENT  138 KV  TA","pnode_subtype":"LOAD","match_score":100.0,"pjm_zone":"AEP"}},{"type":"Feature","id":7759,"geometry":{"type":"Point","coordinates":[-83.089383195947,40.2153259140546]},"properties":{"OBJECTID":7759,"ID":"152464","NAME":"HYATT","CITY":"POWELL","STATE":"OH","ZIP":"43065","TYPE":"SUBSTATION","STATUS":"IN SERVICE","COUNTY":"DELAWARE","COUNTYFIPS":"39041","COUNTRY":"USA","LATITUDE":40.21532591400006,"LONGITUDE":-83.08938319599997,"NAICS_CODE":"221121","NAICS_DESC":"ELECTRIC BULK POWER TRANSMISSION AND CONTROL","SOURCE":"OpenStreetMap","SOURCEDATE":1403568000000,"VAL_METHOD":"IMAGERY","VAL_DATE":1444089600000,"LINES":4,"MAX_VOLT":345,"MIN_VOLT":345,"MAX_INFER":"Y","MIN_INFER":"Y","pnode_id":2156113717,"pnode_name":"HYATTCS 138 KV  T8","pnode_subtype":"LOAD","match_score":83.33333333333333,"pjm_zone":"AEP"}},{"type":"Feature","id":7760,"geometry":{"type":"Point","coordinates":[-83.0921820822676,40.2112991520774]},"properties":{"OBJECTID":7760,"ID":"152465","NAME":"HYATT","CITY":"POWELL","STATE":"OH","ZIP":"43065","TYPE":"SUBSTATION","STATUS":"IN SERVICE","COUNTY":"DELAWARE","COUNTYFIPS":"39041","COUNTRY":"USA","LATITUDE":40.21129915200004,"LONGITUDE":-83.09218208199997,"NAICS_CODE":"221121","NAICS_DESC":"ELECTRIC BULK POWER TRANSMISSION AND CONTROL","SOURCE":"OpenStreetMap","SOURCEDATE":1403654400000,"VAL_METHOD":"IMAGERY","VAL_DATE":1444176000000,"LINES":13,"MAX_VOLT":345,"MIN_VOLT":138,"MAX_INFER":"Y","MIN_INFER":"Y","pnode_id":2156113717,"pnode_name":"HYATTCS 138 KV  T8","pnode_subtype":"LOAD","match_score":83.33333333333333,"pjm_zone":"AEP"}},{"type":"Feature","id":7761,"geometry":{"type":"Point","coordinates":[-83.1940647653376,40.0619311551828]},"properties":{"OBJECTID":7761,"ID":"152466","NAME":"HAYDEN","CITY":"HILLIARD","STATE":"OH","ZIP":"43026","TYPE":"SUBSTATION","STATUS":"IN SERVICE","COUNTY":"FRANKLIN","COUNTYFIPS":"39049","COUNTRY":"USA","LATITUDE":40.061931155000025,"LONGITUDE":-83.19406476499995,"NAICS_CODE":"221121","NAICS_DESC":"ELECTRIC BULK POWER TRANSMISSION AND CONTROL","SOURCE":"OpenStreetMap","SOURCEDATE":1403654400000,"VAL_METHOD":"IMAGERY","VAL_DATE":1444176000000,"LINES":4,"MAX_VOLT":345,"MIN_VOLT":345,"MAX_INFER":"N","MIN_INFER":"N","pnode_id":2156111262,"pnode_name":"HAYDEN  138 KV  T4","pnode_subtype":"LOAD","match_score":100.0,"pjm_zone":"AEP"}},{"type":"Feature","id":7762,"geometry":{"type":"Point","coordinates":[-83.1762904026819,39.560265937808]},"properties":{"OBJECTID":7762,"ID":"152467","NAME":"ATLANTA","CITY":"NEW HOLLAND","STATE":"OH","ZIP":"43145","TYPE":"SUBSTATION","STATUS":"IN SERVICE","COUNTY":"PICKAWAY","COUNTYFIPS":"39129","COUNTRY":"USA","LATITUDE":39.56026593800004,"LONGITUDE":-83.17629040299994,"NAICS_CODE":"221121","NAICS_DESC":"ELECTRIC BULK POWER TRANSMISSION AND CONTROL","SOURCE":"OpenStreetMap","SOURCEDATE":1403654400000,"VAL_METHOD":"IMAGERY","VAL_DATE":1443744000000,"LINES":3,"MAX_VOLT":345,"MIN_VOLT":69,"MAX_INFER":"N","MIN_INFER":"Y","pnode_id":32413279,"pnode_name":"ATLNTA  69 KV   A","pnode_subtype":"LOAD","match_score":92.3076923076923,"pjm_zone":"DAY"}},{"type":"Feature","id":7764,"geometry":{"type":"Point","coordinates":[-83.1775650788324,39.7123372868884]},"properties":{"OBJECTID":7764,"ID":"152469","NAME":"ADKINS","CITY":"MT STERLING","STATE":"OH","ZIP":"43143","TYPE":"SUBSTATION","STATUS":"IN SERVICE","COUNTY":"PICKAWAY","COUNTYFIPS":"39129","COUNTRY":"USA","LATITUDE":39.712337287000025,"LONGITUDE":-83.17756507899998,"NAICS_CODE":"221121","NAICS_DESC":"ELECTRIC BULK POWER TRANSMISSION AND CONTROL","SOURCE":"OpenStreetMap","SOURCEDATE":1403654400000,"VAL_METHOD":"IMAGERY","VAL_DATE":1443744000000,"LINES":3,"MAX_VOLT":345,"MIN_VOLT":345,"MAX_INFER":"Y","MIN_INFER":"Y","pnode_id":32418701,"pnode_name":"ADKINS  345 KV  GT1","pnode_subtype":"GEN","match_score":100.0,"pjm_zone":"DAY"}},{"type":"Feature","id":7769,"geometry":{"type":"Point","coordinates":[-80.924247893203,40.7301341666936]},"properties":{"OBJECTID":7769,"ID":"152712","NAME":"HAGAN","CITY":"KENSINGTON","STATE":"OH","ZIP":"44427","TYPE":"SUBSTATION","STATUS":"IN SERVICE","COUNTY":"COLUMBIANA","COUNTYFIPS":"39029","COUNTRY":"USA","LATITUDE":40.730134167000074,"LONGITUDE":-80.92424789299997,"NAICS_CODE":"221121","NAICS_DESC":"ELECTRIC BULK POWER TRANSMISSION AND CONTROL","SOURCE":"OpenStreetMap","SOURCEDATE":1470268800000,"VAL_METHOD":"IMAGERY/OTHER","VAL_DATE":1494374400000,"LINES":3,"MAX_VOLT":138,"MIN_VOLT":138,"MAX_INFER":"Y","MIN_INFER":"Y","pnode_id":1107284026,"pnode_name":"HAGAN   138 KV  M3 MID","pnode_subtype":"LOAD","match_score":100.0,"pjm_zone":"FE-ATSI"}},{"type":"Feature","id":7773,"geometry":{"type":"Point","coordinates":[-82.3312910101256,39.0851442407984]},"properties":{"OBJECTID":7773,"ID":"152730","NAME":"FLATLICK","CITY":"WILKESVILLE","STATE":"OH","ZIP":"45695","TYPE":"SUBSTATION","STATUS":"IN SERVICE","COUNTY":"VINTON","COUNTYFIPS":"39163","COUNTRY":"USA","LATITUDE":39.08514424100008,"LONGITUDE":-82.33129100999997,"NAICS_CODE":"221121","NAICS_DESC":"ELECTRIC BULK POWER TRANSMISSION AND CONTROL","SOURCE":"OpenStreetMap, http://www.pjm.com/pub/account/trans-fac/aepsct.xls","SOURCEDATE":1403654400000,"VAL_METHOD":"IMAGERY","VAL_DATE":1437091200000,"LINES":3,"MAX_VOLT":765,"MIN_VOLT":765,"MAX_INFER":"Y","MIN_INFER":"Y","pnode_id":35084669,"pnode_name":"FLATLICK","pnode_subtype":"EHV","match_score":100.0,"pjm_zone":"AEP"}},{"type":"Feature","id":7780,"geometry":{"type":"Point","coordinates":[-82.370860954873,41.4014566772919]},"properties":{"OBJECTID":7780,"ID":"152763","NAME":"AXTEL","CITY":"VERMILION","STATE":"OH","ZIP":"44089","TYPE":"SUBSTATION","STATUS":"IN SERVICE","COUNTY":"ERIE","COUNTYFIPS":"39043","COUNTRY":"USA","LATITUDE":41.401456677000056,"LONGITUDE":-82.37086095499996,"NAICS_CODE":"221121","NAICS_DESC":"ELECTRIC BULK POWER TRANSMISSION AND CONTROL","SOURCE":"OpenStreetMap","SOURCEDATE":1403827200000,"VAL_METHOD":"IMAGERY","VAL_DATE":1444089600000,"LINES":2,"MAX_VOLT":69,"MIN_VOLT":69,"MAX_INFER":"Y","MIN_INFER":"Y","pnode_id":1218908243,"pnode_name":"AXTEL   69 KV   AXTEL2","pnode_subtype":"LOAD","match_score":100.0,"pjm_zone":"FE-ATSI"}},{"type":"Feature","id":7787,"geometry":{"type":"Point","coordinates":[-81.0365123790621,40.8077080470221]},"properties":{"OBJECTID":7787,"ID":"152845","NAME":"KNOX","CITY":"MINERVA","STATE":"OH","ZIP":"44657","TYPE":"SUBSTATION","STATUS":"IN SERVICE","COUNTY":"COLUMBIANA","COUNTYFIPS":"39029","COUNTRY":"USA","LATITUDE":40.80770804700006,"LONGITUDE":-81.03651237899999,"NAICS_CODE":"221121","NAICS_DESC":"ELECTRIC BULK POWER TRANSMISSION AND CONTROL","SOURCE":"OpenStreetMap","SOURCEDATE":1403827200000,"VAL_METHOD":"IMAGERY","VAL_DATE":1444089600000,"LINES":4,"MAX_VOLT":138,"MIN_VOLT":138,"MAX_INFER":"Y","MIN_INFER":"Y","pnode_id":32415045,"pnode_name":"KNOX    69 KV   LOAD","pnode_subtype":"LOAD","match_score":100.0,"pjm_zone":"FE-ATSI"}},{"type":"Feature","id":7791,"geometry":{"type":"Point","coordinates":[-81.0030857385566,41.2352853307639]},"properties":{"OBJECTID":7791,"ID":"152849","NAME":"WINDHAM","CITY":"WINDHAM","STATE":"OH","ZIP":"44288","TYPE":"SUBSTATION","STATUS":"IN SERVICE","COUNTY":"PORTAGE","COUNTYFIPS":"39133","COUNTRY":"USA","LATITUDE":41.23528533100006,"LONGITUDE":-81.00308573899997,"NAICS_CODE":"221121","NAICS_DESC":"ELECTRIC BULK POWER TRANSMISSION AND CONTROL","SOURCE":"OpenStreetMap","SOURCEDATE":1403827200000,"VAL_METHOD":"IMAGERY","VAL_DATE":1444176000000,"LINES":1,"MAX_VOLT":-999999,"MIN_VOLT":-999999,"MAX_INFER":"N","MIN_INFER":"N","pnode_id":2041966897,"pnode_name":"WINDHAM 69 KV   T1","pnode_subtype":"LOAD","match_score":100.0,"pjm_zone":"FE-ATSI"}},{"type":"Feature","id":7792,"geometry":{"type":"Point","coordinates":[-81.0183043017024,40.6193005192066]},"properties":{"OBJECTID":7792,"ID":"152855","NAME":"WASHINGTON","CITY":"CARROLLTON","STATE":"OH","ZIP":"44615","TYPE":"SUBSTATION","STATUS":"IN SERVICE","COUNTY":"CARROLL","COUNTYFIPS":"39019","COUNTRY":"USA","LATITUDE":40.619300519000035,"LONGITUDE":-81.01830430199999,"NAICS_CODE":"221121","NAICS_DESC":"ELECTRIC BULK POWER TRANSMISSION AND CONTROL","SOURCE":"OpenStreetMap","SOURCEDATE":1470268800000,"VAL_METHOD":"IMAGERY","VAL_DATE":1494374400000,"LINES":1,"MAX_VOLT":138,"MIN_VOLT":138,"MAX_INFER":"Y","MIN_INFER":"Y","pnode_id":32661109,"pnode_name":"WATSONTOWN","pnode_subtype":"AGGREGATE","match_score":70.0,"pjm_zone":"AEP"}},{"type":"Feature","id":7794,"geometry":{"type":"Point","coordinates":[-81.0604994686631,36.9484323962241]},"properties":{"OBJECTID":7794,"ID":"152866","NAME":"WYTHE","CITY":"WYTHEVILLE","STATE":"VA","ZIP":"24382","TYPE":"SUBSTATION","STATUS":"IN SERVICE","COUNTY":"WYTHE","COUNTYFIPS":"51197","COUNTRY":"USA","LATITUDE":36.948432396000044,"LONGITUDE":-81.06049946899998,"NAICS_CODE":"221121","NAICS_DESC":"ELECTRIC BULK POWER TRANSMISSION AND CONTROL","SOURCE":"IMAGERY, OpenStreetMap","SOURCEDATE":1410480000000,"VAL_METHOD":"IMAGERY","VAL_DATE":1410480000000,"LINES":7,"MAX_VOLT":138,"MIN_VOLT":69,"MAX_INFER":"Y","MIN_INFER":"N","pnode_id":32413111,"pnode_name":"WYTHE   69 KV   BLANDAP","pnode_subtype":"LOAD","match_score":100.0,"pjm_zone":"AEP"}},{"type":"Feature","id":7796,"geometry":{"type":"Point","coordinates":[-82.1200089998289,38.9412880003113]},"properties":{"OBJECTID":7796,"ID":"152869","NAME":"GAVIN","CITY":"CHESHIRE","STATE":"OH","ZIP":"45620","TYPE":"SUBSTATION","STATUS":"IN SERVICE","COUNTY":"GALLIA","COUNTYFIPS":"39053","COUNTRY":"USA","LATITUDE":38.94128800000004,"LONGITUDE":-82.12000899999998,"NAICS_CODE":"221121","NAICS_DESC":"ELECTRIC BULK POWER TRANSMISSION AND CONTROL","SOURCE":"http://wvgis.wvu.edu/data/data.php, http://www.pjm.com/pub/account/trans-fac/aepsct.xls","SOURCEDATE":1396828800000,"VAL_METHOD":"IMAGERY","VAL_DATE":1444608000000,"LINES":12,"MAX_VOLT":765,"MIN_VOLT":138,"MAX_INFER":"Y","MIN_INFER":"Y","pnode_id":34509191,"pnode_name":"GAVIN","pnode_subtype":"EHV","match_score":100.0,"pjm_zone":"AEP"}},{"type":"Feature","id":7797,"geometry":{"type":"Point","coordinates":[-82.080227339237,38.414646577852]},"properties":{"OBJECTID":7797,"ID":"152870","NAME":"CULLODEN","CITY":"CULLODEN","STATE":"WV","ZIP":"25510","TYPE":"SUBSTATION","STATUS":"IN SERVICE","COUNTY":"CABELL","COUNTYFIPS":"54011","COUNTRY":"USA","LATITUDE":38.41464657800003,"LONGITUDE":-82.08022733899998,"NAICS_CODE":"221121","NAICS_DESC":"ELECTRIC BULK POWER TRANSMISSION AND CONTROL","SOURCE":"IMAGERY, OpenStreetMap, http://www.pjm.com/pub/account/trans-fac/aepsct.xls","SOURCEDATE":1396828800000,"VAL_METHOD":"IMAGERY","VAL_DATE":1444608000000,"LINES":4,"MAX_VOLT":765,"MIN_VOLT":765,"MAX_INFER":"N","MIN_INFER":"N","pnode_id":34509187,"pnode_name":"CULLODEN","pnode_subtype":"EHV","match_score":100.0,"pjm_zone":"AEP"}},{"type":"Feature","id":7805,"geometry":{"type":"Point","coordinates":[-82.1225713911763,41.0309272461596]},"properties":{"OBJECTID":7805,"ID":"152898","NAME":"HOMER","CITY":"HOMERVILLE","STATE":"OH","ZIP":"44235","TYPE":"SUBSTATION","STATUS":"IN SERVICE","COUNTY":"MEDINA","COUNTYFIPS":"39103","COUNTRY":"USA","LATITUDE":41.03092724600003,"LONGITUDE":-82.12257139099995,"NAICS_CODE":"221121","NAICS_DESC":"ELECTRIC BULK POWER TRANSMISSION AND CONTROL","SOURCE":"OpenStreetMap","SOURCEDATE":1403827200000,"VAL_METHOD":"IMAGERY","VAL_DATE":1444089600000,"LINES":0,"MAX_VOLT":-999999,"MIN_VOLT":-999999,"MAX_INFER":"N","MIN_INFER":"N","pnode_id":1348257100,"pnode_name":"WELLINGT69 KV   HOMER LD","pnode_subtype":"LOAD","match_score":100.0,"pjm_zone":"FE-ATSI"}},{"type":"Feature","id":7809,"geometry":{"type":"Point","coordinates":[-81.6829524812149,36.9207387650525]},"properties":{"OBJECTID":7809,"ID":"153211","NAME":"BROADFORD (138 KV)","CITY":"SALTVILLE","STATE":"VA","ZIP":"24370","TYPE":"SUBSTATION","STATUS":"IN SERVICE","COUNTY":"SMYTH","COUNTYFIPS":"51173","COUNTRY":"USA","LATITUDE":36.92073876500007,"LONGITUDE":-81.68295248099997,"NAICS_CODE":"221121","NAICS_DESC":"ELECTRIC BULK POWER TRANSMISSION AND CONTROL","SOURCE":"IMAGERY, OpenStreetMap, https://aeptransmission.com/virginia/Tazewell-Bearwallow/docs/VOLUME%201%20(Exhibits%206%20through%2013).pdf","SOURCEDATE":1403654400000,"VAL_METHOD":"IMAGERY","VAL_DATE":1549411200000,"LINES":6,"MAX_VOLT":138,"MIN_VOLT":138,"MAX_INFER":"Y","MIN_INFER":"Y","pnode_id":34509181,"pnode_name":"BROADFORD","pnode_subtype":"EHV","match_score":100.0,"pjm_zone":"AEP"}},{"type":"Feature","id":7810,"geometry":{"type":"Point","coordinates":[-85.8179181329605,40.78792608431]},"properties":{"OBJECTID":7810,"ID":"153274","NAME":"WABASH","CITY":"WABASH","STATE":"IN","ZIP":"46992","TYPE":"SUBSTATION","STATUS":"IN SERVICE","COUNTY":"WABASH","COUNTYFIPS":"18169","COUNTRY":"USA","LATITUDE":40.78792608400005,"LONGITUDE":-85.81791813299998,"NAICS_CODE":"221121","NAICS_DESC":"ELECTRIC BULK POWER TRANSMISSION AND CONTROL","SOURCE":"IMAGERY, OpenStreetMap","SOURCEDATE":1430438400000,"VAL_METHOD":"IMAGERY","VAL_DATE":1435104000000,"LINES":4,"MAX_VOLT":138,"MIN_VOLT":138,"MAX_INFER":"Y","MIN_INFER":"Y","pnode_id":2156110154,"pnode_name":"WBASHAN 69 KV   T1","pnode_subtype":"LOAD","match_score":76.92307692307692,"pjm_zone":"AEP"}},{"type":"Feature","id":7812,"geometry":{"type":"Point","coordinates":[-85.7130413542688,40.5611613222955]},"properties":{"OBJECTID":7812,"ID":"153278","NAME":"GRANT","CITY":"MARION","STATE":"IN","ZIP":"46952","TYPE":"SUBSTATION","STATUS":"IN SERVICE","COUNTY":"GRANT","COUNTYFIPS":"18053","COUNTRY":"USA","LATITUDE":40.56116132200003,"LONGITUDE":-85.71304135399998,"NAICS_CODE":"221121","NAICS_DESC":"ELECTRIC BULK POWER TRANSMISSION AND CONTROL","SOURCE":"IMAGERY, OpenStreetMap","SOURCEDATE":1430870400000,"VAL_METHOD":"IMAGERY","VAL_DATE":1435104000000,"LINES":6,"MAX_VOLT":138,"MIN_VOLT":138,"MAX_INFER":"Y","MIN_INFER":"Y","pnode_id":32411415,"pnode_name":"GRANT   138 KV  T1","pnode_subtype":"LOAD","match_score":100.0,"pjm_zone":"AEP"}},{"type":"Feature","id":7817,"geometry":{"type":"Point","coordinates":[-86.3604513440776,41.5234788611839]},"properties":{"OBJECTID":7817,"ID":"153303","NAME":"DUMONT","CITY":"NORTH LIBERTY","STATE":"IN","ZIP":"46554","TYPE":"SUBSTATION","STATUS":"IN SERVICE","COUNTY":"ST. JOSEPH","COUNTYFIPS":"18141","COUNTRY":"USA","LATITUDE":41.52347886100006,"LONGITUDE":-86.36045134399996,"NAICS_CODE":"221121","NAICS_DESC":"ELECTRIC BULK POWER TRANSMISSION AND CONTROL","SOURCE":"IMAGERY, OpenStreetMap","SOURCEDATE":1429228800000,"VAL_METHOD":"IMAGERY","VAL_DATE":1435104000000,"LINES":9,"MAX_VOLT":765,"MIN_VOLT":345,"MAX_INFER":"Y","MIN_INFER":"N","pnode_id":34509189,"pnode_name":"DUMONT","pnode_subtype":"EHV","match_score":100.0,"pjm_zone":"AEP"}},{"type":"Feature","id":7827,"geometry":{"type":"Point","coordinates":[-88.347683203688,41.3495135937241]},"properties":{"OBJECTID":7827,"ID":"153372","NAME":"COLLINS","CITY":"MORRIS","STATE":"IL","ZIP":"60450","TYPE":"SUBSTATION","STATUS":"IN SERVICE","COUNTY":"GRUNDY","COUNTYFIPS":"17063","COUNTRY":"USA","LATITUDE":41.34951359400003,"LONGITUDE":-88.34768320399996,"NAICS_CODE":"221121","NAICS_DESC":"ELECTRIC BULK POWER TRANSMISSION AND CONTROL","SOURCE":"OpenStreetMap","SOURCEDATE":1427760000000,"VAL_METHOD":"IMAGERY","VAL_DATE":1449619200000,"LINES":3,"MAX_VOLT":345,"MIN_VOLT":345,"MAX_INFER":"Y","MIN_INFER":"Y","pnode_id":33108563,"pnode_name":"23 COLLINS","pnode_subtype":"EHV","match_score":82.35294117647058,"pjm_zone":"COMED"}},{"type":"Feature","id":7840,"geometry":{"type":"Point","coordinates":[-83.4304579999138,40.3327489999833]},"properties":{"OBJECTID":7840,"ID":"153605","NAME":"MARYSVILLE","CITY":"MARYSVILLE","STATE":"OH","ZIP":"43040","TYPE":"SUBSTATION","STATUS":"IN SERVICE","COUNTY":"UNION","COUNTYFIPS":"39159","COUNTRY":"USA","LATITUDE":40.332749000000035,"LONGITUDE":-83.43045799999999,"NAICS_CODE":"221121","NAICS_DESC":"ELECTRIC BULK POWER TRANSMISSION AND CONTROL","SOURCE":"OpenStreetMap, http://www.pjm.com/pub/account/trans-fac/aepsct.xls","SOURCEDATE":1403654400000,"VAL_METHOD":"IMAGERY","VAL_DATE":1437091200000,"LINES":7,"MAX_VOLT":765,"MIN_VOLT":345,"MAX_INFER":"N","MIN_INFER":"N","pnode_id":34509205,"pnode_name":"MARYSVILLE","pnode_subtype":"EHV","match_score":100.0,"pjm_zone":"AEP"}},{"type":"Feature","id":7844,"geometry":{"type":"Point","coordinates":[-83.3528140317425,39.325928978793]},"properties":{"OBJECTID":7844,"ID":"153611","NAME":"BUCKSKIN","CITY":"GREENFIELD","STATE":"OH","ZIP":"45123","TYPE":"SUBSTATION","STATUS":"IN SERVICE","COUNTY":"ROSS","COUNTYFIPS":"39141","COUNTRY":"USA","LATITUDE":39.325928979000025,"LONGITUDE":-83.35281403199997,"NAICS_CODE":"221121","NAICS_DESC":"ELECTRIC BULK POWER TRANSMISSION AND CONTROL","SOURCE":"IMAGERY, https://aeptransmission.com/ohio/Liberty-Buckskin/docs/Liberty-Buckskin_FactSheet_V4.pdf#view=Fit","SOURCEDATE":1477958400000,"VAL_METHOD":"IMAGERY","VAL_DATE":1537747200000,"LINES":3,"MAX_VOLT":69,"MIN_VOLT":69,"MAX_INFER":"Y","MIN_INFER":"Y","pnode_id":35079889,"pnode_name":"BUCK-CIN","pnode_subtype":"AGGREGATE","match_score":75.0,"pjm_zone":"AEP"}},{"type":"Feature","id":7846,"geometry":{"type":"Point","coordinates":[-83.7083448252986,40.0610197997842]},"properties":{"OBJECTID":7846,"ID":"153613","NAME":"GIVENS PIONEER COOP","CITY":"URBANA","STATE":"OH","ZIP":"43078","TYPE":"SUBSTATION","STATUS":"IN SERVICE","COUNTY":"CHAMPAIGN","COUNTYFIPS":"39021","COUNTRY":"USA","LATITUDE":40.061019800000054,"LONGITUDE":-83.70834482499998,"NAICS_CODE":"221121","NAICS_DESC":"ELECTRIC BULK POWER TRANSMISSION AND CONTROL","SOURCE":"IMAGERY, https://www.pjm.com/-/media/committees-groups/committees/srrtep-w/20091021/20091021-srrtep-west.ashx","SOURCEDATE":1478044800000,"VAL_METHOD":"IMAGERY","VAL_DATE":1538438400000,"LINES":1,"MAX_VOLT":138,"MIN_VOLT":138,"MAX_INFER":"Y","MIN_INFER":"Y","pnode_id":123901011,"pnode_name":"PIONEER 69 KV   LD1","pnode_subtype":"LOAD","match_score":100.0,"pjm_zone":"DAY"}},{"type":"Feature","id":7892,"geometry":{"type":"Point","coordinates":[-83.6593577605794,41.0662384378059]},"properties":{"OBJECTID":7892,"ID":"153661","NAME":"WEST MELROSE","CITY":"FINDLAY","STATE":"OH","ZIP":"45840","TYPE":"SUBSTATION","STATUS":"IN SERVICE","COUNTY":"HANCOCK","COUNTYFIPS":"39063","COUNTRY":"USA","LATITUDE":41.06623843800003,"LONGITUDE":-83.65935776099997,"NAICS_CODE":"221121","NAICS_DESC":"ELECTRIC BULK POWER TRANSMISSION AND CONTROL","SOURCE":"OpenStreetMap","SOURCEDATE":1403568000000,"VAL_METHOD":"IMAGERY","VAL_DATE":1444003200000,"LINES":0,"MAX_VOLT":-999999,"MIN_VOLT":-999999,"MAX_INFER":"N","MIN_INFER":"N","pnode_id":32411953,"pnode_name":"MELROSE 69 KV   T1","pnode_subtype":"LOAD","match_score":100.0,"pjm_zone":"AEP"}},{"type":"Feature","id":7893,"geometry":{"type":"Point","coordinates":[-83.6176145719708,41.061795970333]},"properties":{"OBJECTID":7893,"ID":"153662","NAME":"CRESTWOOD","CITY":"FINDLAY","STATE":"OH","ZIP":"45840","TYPE":"SUBSTATION","STATUS":"IN SERVICE","COUNTY":"HANCOCK","COUNTYFIPS":"39063","COUNTRY":"USA","LATITUDE":41.06179597000005,"LONGITUDE":-83.61761457199998,"NAICS_CODE":"221121","NAICS_DESC":"ELECTRIC BULK POWER TRANSMISSION AND CONTROL","SOURCE":"OpenStreetMap","SOURCEDATE":1403568000000,"VAL_METHOD":"IMAGERY","VAL_DATE":1444003200000,"LINES":0,"MAX_VOLT":-999999,"MIN_VOLT":-999999,"MAX_INFER":"N","MIN_INFER":"N","pnode_id":51289,"pnode_name":"WESTWOOD","pnode_subtype":"AGGREGATE","match_score":82.35294117647058,"pjm_zone":"AEP"}},{"type":"Feature","id":7895,"geometry":{"type":"Point","coordinates":[-83.5860651112701,41.0590271050299]},"properties":{"OBJECTID":7895,"ID":"153664","NAME":"MARION","CITY":"FINDLAY","STATE":"OH","ZIP":"45840","TYPE":"SUBSTATION","STATUS":"IN SERVICE","COUNTY":"HANCOCK","COUNTYFIPS":"39063","COUNTRY":"USA","LATITUDE":41.05902710500004,"LONGITUDE":-83.58606511099998,"NAICS_CODE":"221121","NAICS_DESC":"ELECTRIC BULK POWER TRANSMISSION AND CONTROL","SOURCE":"OpenStreetMap","SOURCEDATE":1403568000000,"VAL_METHOD":"IMAGERY","VAL_DATE":1444003200000,"LINES":0,"MAX_VOLT":-999999,"MIN_VOLT":-999999,"MAX_INFER":"N","MIN_INFER":"N","pnode_id":1082063,"pnode_name":"MARION","pnode_subtype":"AGGREGATE","match_score":100.0,"pjm_zone":"AEP"}},{"type":"Feature","id":7897,"geometry":{"type":"Point","coordinates":[-83.4781959572304,38.6938617907589]},"properties":{"OBJECTID":7897,"ID":"153666","NAME":"KILLEN","CITY":"STOUT","STATE":"OH","ZIP":"45684","TYPE":"SUBSTATION","STATUS":"IN SERVICE","COUNTY":"ADAMS","COUNTYFIPS":"39001","COUNTRY":"USA","LATITUDE":38.693861791000074,"LONGITUDE":-83.47819595699997,"NAICS_CODE":"221121","NAICS_DESC":"ELECTRIC BULK POWER TRANSMISSION AND CONTROL","SOURCE":"OpenStreetMap","SOURCEDATE":1403654400000,"VAL_METHOD":"IMAGERY","VAL_DATE":1444176000000,"LINES":3,"MAX_VOLT":345,"MIN_VOLT":345,"MAX_INFER":"Y","MIN_INFER":"Y","pnode_id":32418727,"pnode_name":"KILLEN  345 KV  KI2","pnode_subtype":"GEN","match_score":100.0,"pjm_zone":"AEP"}},{"type":"Feature","id":7900,"geometry":{"type":"Point","coordinates":[-83.4345828732556,41.1515668262701]},"properties":{"OBJECTID":7900,"ID":"153669","NAME":"FOSTORIA","CITY":"FOSTORIA","STATE":"OH","ZIP":"44830","TYPE":"SUBSTATION","STATUS":"IN SERVICE","COUNTY":"HANCOCK","COUNTYFIPS":"39063","COUNTRY":"USA","LATITUDE":41.15156682600008,"LONGITUDE":-83.43458287299995,"NAICS_CODE":"221121","NAICS_DESC":"ELECTRIC BULK POWER TRANSMISSION AND CONTROL","SOURCE":"OpenStreetMap","SOURCEDATE":1403654400000,"VAL_METHOD":"IMAGERY","VAL_DATE":1444176000000,"LINES":7,"MAX_VOLT":138,"MIN_VOLT":138,"MAX_INFER":"Y","MIN_INFER":"Y","pnode_id":2156113676,"pnode_name":"JEANETTE69 KV   FOSTORIA","pnode_subtype":"LOAD","match_score":100.0,"pjm_zone":"AEP"}},{"type":"Feature","id":7902,"geometry":{"type":"Point","coordinates":[-83.7198873224017,41.5228797698229]},"properties":{"OBJECTID":7902,"ID":"153671","NAME":"WATERVILLE","CITY":"WATERVILLE","STATE":"OH","ZIP":"43566","TYPE":"SUBSTATION","STATUS":"IN SERVICE","COUNTY":"LUCAS","COUNTYFIPS":"39095","COUNTRY":"USA","LATITUDE":41.52287977000003,"LONGITUDE":-83.71988732199998,"NAICS_CODE":"221121","NAICS_DESC":"ELECTRIC BULK POWER TRANSMISSION AND CONTROL","SOURCE":"OpenStreetMap","SOURCEDATE":1403654400000,"VAL_METHOD":"IMAGERY","VAL_DATE":1444176000000,"LINES":2,"MAX_VOLT":138,"MIN_VOLT":138,"MAX_INFER":"Y","MIN_INFER":"Y","pnode_id":56783061,"pnode_name":"NAPERVILLE","pnode_subtype":"AGGREGATE","match_score":80.0,"pjm_zone":"FE-ATSI"}},{"type":"Feature","id":7903,"geometry":{"type":"Point","coordinates":[-83.6497865471971,41.311672815961]},"properties":{"OBJECTID":7903,"ID":"153672","NAME":"PORTAGE","CITY":"PORTAGE","STATE":"OH","ZIP":"43451","TYPE":"SUBSTATION","STATUS":"IN SERVICE","COUNTY":"WOOD","COUNTYFIPS":"39173","COUNTRY":"USA","LATITUDE":41.311672816000055,"LONGITUDE":-83.64978654699996,"NAICS_CODE":"221121","NAICS_DESC":"ELECTRIC BULK POWER TRANSMISSION AND CONTROL","SOURCE":"OpenStreetMap","SOURCEDATE":1470268800000,"VAL_METHOD":"IMAGERY","VAL_DATE":1494374400000,"LINES":0,"MAX_VOLT":-999999,"MIN_VOLT":-999999,"MAX_INFER":"N","MIN_INFER":"N","pnode_id":34509211,"pnode_name":"ORANGE","pnode_subtype":"EHV","match_score":76.92307692307692,"pjm_zone":"AEP"}},{"type":"Feature","id":7923,"geometry":{"type":"Point","coordinates":[-81.3086396919354,39.3447649519724]},"properties":{"OBJECTID":7923,"ID":"153839","NAME":"BELMONT","CITY":"SAINT MARYS","STATE":"WV","ZIP":"26170","TYPE":"SUBSTATION","STATUS":"IN SERVICE","COUNTY":"PLEASANTS","COUNTYFIPS":"54073","COUNTRY":"USA","LATITUDE":39.34476495200005,"LONGITUDE":-81.30863969199999,"NAICS_CODE":"221121","NAICS_DESC":"ELECTRIC BULK POWER TRANSMISSION AND CONTROL","SOURCE":"IMAGERY, OpenStreetMap, http://www.pjm.com/markets-and-operations/transmission-service/transmission-facilities.aspx","SOURCEDATE":1396828800000,"VAL_METHOD":"IMAGERY","VAL_DATE":1443744000000,"LINES":8,"MAX_VOLT":765,"MIN_VOLT":500,"MAX_INFER":"N","MIN_INFER":"Y","pnode_id":5022432,"pnode_name":"BELMONT","pnode_subtype":"EHV","match_score":100.0,"pjm_zone":"APS"}},{"type":"Feature","id":7930,"geometry":{"type":"Point","coordinates":[-81.3496122176584,41.1498919917604]},"properties":{"OBJECTID":7930,"ID":"153846","NAME":"EAST KENT","CITY":"KENT","STATE":"OH","ZIP":"44240","TYPE":"SUBSTATION","STATUS":"IN SERVICE","COUNTY":"PORTAGE","COUNTYFIPS":"39133","COUNTRY":"USA","LATITUDE":41.14989199200005,"LONGITUDE":-81.34961221799995,"NAICS_CODE":"221121","NAICS_DESC":"ELECTRIC BULK POWER TRANSMISSION AND CONTROL","SOURCE":"OpenStreetMap","SOURCEDATE":1403568000000,"VAL_METHOD":"IMAGERY","VAL_DATE":1444003200000,"LINES":0,"MAX_VOLT":-999999,"MIN_VOLT":-999999,"MAX_INFER":"N","MIN_INFER":"N","pnode_id":1071887,"pnode_name":"KENT CT1","pnode_subtype":"AGGREGATE","match_score":70.58823529411764,"pjm_zone":"FE-ATSI"}},{"type":"Feature","id":7931,"geometry":{"type":"Point","coordinates":[-81.3263434011956,41.1523075479403]},"properties":{"OBJECTID":7931,"ID":"153847","NAME":"BRADY","CITY":"KENT","STATE":"OH","ZIP":"44240","TYPE":"SUBSTATION","STATUS":"IN SERVICE","COUNTY":"PORTAGE","COUNTYFIPS":"39133","COUNTRY":"USA","LATITUDE":41.15230754800007,"LONGITUDE":-81.32634340099997,"NAICS_CODE":"221121","NAICS_DESC":"ELECTRIC BULK POWER TRANSMISSION AND CONTROL","SOURCE":"OpenStreetMap","SOURCEDATE":1403568000000,"VAL_METHOD":"IMAGERY","VAL_DATE":1444003200000,"LINES":1,"MAX_VOLT":-999999,"MIN_VOLT":-999999,"MAX_INFER":"N","MIN_INFER":"N","pnode_id":32410707,"pnode_name":"BRADLEY 46 KV   T1","pnode_subtype":"LOAD","match_score":83.33333333333333,"pjm_zone":"FE-ATSI"}},{"type":"Feature","id":7932,"geometry":{"type":"Point","coordinates":[-81.2477703378653,41.1544674517467]},"properties":{"OBJECTID":7932,"ID":"153848","NAME":"RAVENNA","CITY":"RAVENNA","STATE":"OH","ZIP":"44266","TYPE":"SUBSTATION","STATUS":"IN SERVICE","COUNTY":"PORTAGE","COUNTYFIPS":"39133","COUNTRY":"USA","LATITUDE":41.15446745200006,"LONGITUDE":-81.24777033799995,"NAICS_CODE":"221121","NAICS_DESC":"ELECTRIC BULK POWER TRANSMISSION AND CONTROL","SOURCE":"OpenStreetMap","SOURCEDATE":1403568000000,"VAL_METHOD":"IMAGERY","VAL_DATE":1444003200000,"LINES":0,"MAX_VOLT":-999999,"MIN_VOLT":-999999,"MAX_INFER":"N","MIN_INFER":"N","pnode_id":2156117217,"pnode_name":"RAVENNA 69 KV   STREETLD","pnode_subtype":"LOAD","match_score":100.0,"pjm_zone":"FE-ATSI"}},{"type":"Feature","id":7934,"geometry":{"type":"Point","coordinates":[-81.349953593636,41.3055092718039]},"properties":{"OBJECTID":7934,"ID":"153850","NAME":"AURORA","CITY":"AURORA","STATE":"OH","ZIP":"44202","TYPE":"SUBSTATION","STATUS":"IN SERVICE","COUNTY":"PORTAGE","COUNTYFIPS":"39133","COUNTRY":"USA","LATITUDE":41.30550927200005,"LONGITUDE":-81.34995359399994,"NAICS_CODE":"221121","NAICS_DESC":"ELECTRIC BULK POWER TRANSMISSION AND CONTROL","SOURCE":"OpenStreetMap","SOURCEDATE":1403827200000,"VAL_METHOD":"IMAGERY","VAL_DATE":1444089600000,"LINES":2,"MAX_VOLT":-999999,"MIN_VOLT":-999999,"MAX_INFER":"N","MIN_INFER":"N","pnode_id":33138753,"pnode_name":"AURORA CT1","pnode_subtype":"AGGREGATE","match_score":75.0,"pjm_zone":"FE-ATSI"}},{"type":"Feature","id":7935,"geometry":{"type":"Point","coordinates":[-81.3332042608219,41.1172456750635]},"properties":{"OBJECTID":7935,"ID":"153851","NAME":"BRIMFIELD","CITY":"KENT","STATE":"OH","ZIP":"44240","TYPE":"SUBSTATION","STATUS":"IN SERVICE","COUNTY":"PORTAGE","COUNTYFIPS":"39133","COUNTRY":"USA","LATITUDE":41.11724567500005,"LONGITUDE":-81.33320426099993,"NAICS_CODE":"221121","NAICS_DESC":"ELECTRIC BULK POWER TRANSMISSION AND CONTROL","SOURCE":"OpenStreetMap","SOURCEDATE":1403827200000,"VAL_METHOD":"IMAGERY","VAL_DATE":1444089600000,"LINES":1,"MAX_VOLT":-999999,"MIN_VOLT":-999999,"MAX_INFER":"N","MIN_INFER":"N","pnode_id":2156117260,"pnode_name":"BRIMFLD 69 KV   TR1LD","pnode_subtype":"LOAD","match_score":87.5,"pjm_zone":"FE-ATSI"}},{"type":"Feature","id":7940,"geometry":{"type":"Point","coordinates":[-81.3785399101681,41.150429829067]},"properties":{"OBJECTID":7940,"ID":"153856","NAME":"KENT","CITY":"KENT","STATE":"OH","ZIP":"44240","TYPE":"SUBSTATION","STATUS":"IN SERVICE","COUNTY":"PORTAGE","COUNTYFIPS":"39133","COUNTRY":"USA","LATITUDE":41.150429829000075,"LONGITUDE":-81.37853990999997,"NAICS_CODE":"221121","NAICS_DESC":"ELECTRIC BULK POWER TRANSMISSION AND CONTROL","SOURCE":"OpenStreetMap","SOURCEDATE":1403827200000,"VAL_METHOD":"IMAGERY","VAL_DATE":1444089600000,"LINES":0,"MAX_VOLT":-999999,"MIN_VOLT":-999999,"MAX_INFER":"N","MIN_INFER":"N","pnode_id":2156109934,"pnode_name":"KENT2   69 KV   T6","pnode_subtype":"LOAD","match_score":88.88888888888889,"pjm_zone":"FE-ATSI"}},{"type":"Feature","id":7941,"geometry":{"type":"Point","coordinates":[-81.2360109272655,41.2844837582212]},"properties":{"OBJECTID":7941,"ID":"153857","NAME":"MANTUA","CITY":"MANTUA","STATE":"OH","ZIP":"44255","TYPE":"SUBSTATION","STATUS":"IN SERVICE","COUNTY":"PORTAGE","COUNTYFIPS":"39133","COUNTRY":"USA","LATITUDE":41.28448375800008,"LONGITUDE":-81.23601092699994,"NAICS_CODE":"221121","NAICS_DESC":"ELECTRIC BULK POWER TRANSMISSION AND CONTROL","SOURCE":"OpenStreetMap","SOURCEDATE":1403827200000,"VAL_METHOD":"IMAGERY","VAL_DATE":1444089600000,"LINES":1,"MAX_VOLT":-999999,"MIN_VOLT":-999999,"MAX_INFER":"N","MIN_INFER":"N","pnode_id":51239,"pnode_name":"MANITOU","pnode_subtype":"AGGREGATE","match_score":76.92307692307692,"pjm_zone":"FE-ATSI"}},{"type":"Feature","id":7944,"geometry":{"type":"Point","coordinates":[-81.245346290665,41.1293343478347]},"properties":{"OBJECTID":7944,"ID":"153860","NAME":"PROSPECT","CITY":"RAVENNA","STATE":"OH","ZIP":"44266","TYPE":"SUBSTATION","STATUS":"IN SERVICE","COUNTY":"PORTAGE","COUNTYFIPS":"39133","COUNTRY":"USA","LATITUDE":41.12933434800004,"LONGITUDE":-81.24534629099998,"NAICS_CODE":"221121","NAICS_DESC":"ELECTRIC BULK POWER TRANSMISSION AND CONTROL","SOURCE":"OpenStreetMap","SOURCEDATE":1403827200000,"VAL_METHOD":"IMAGERY","VAL_DATE":1444089600000,"LINES":0,"MAX_VOLT":-999999,"MIN_VOLT":-999999,"MAX_INFER":"N","MIN_INFER":"N","pnode_id":2156118182,"pnode_name":"WRAVENNA69 KV   PROSPECT","pnode_subtype":"LOAD","match_score":100.0,"pjm_zone":"FE-ATSI"}},{"type":"Feature","id":7948,"geometry":{"type":"Point","coordinates":[-81.329615981742,40.7732349162511]},"properties":{"OBJECTID":7948,"ID":"153864","NAME":"SOUTH EAST CANTON","CITY":"CANTON","STATE":"OH","ZIP":"44707","TYPE":"SUBSTATION","STATUS":"IN SERVICE","COUNTY":"STARK","COUNTYFIPS":"39151","COUNTRY":"USA","LATITUDE":40.773234916000035,"LONGITUDE":-81.32961598199995,"NAICS_CODE":"221121","NAICS_DESC":"ELECTRIC BULK POWER TRANSMISSION AND CONTROL","SOURCE":"OpenStreetMap","SOURCEDATE":1403654400000,"VAL_METHOD":"IMAGERY","VAL_DATE":1444176000000,"LINES":10,"MAX_VOLT":345,"MIN_VOLT":138,"MAX_INFER":"Y","MIN_INFER":"Y","pnode_id":34509215,"pnode_name":"SOUTH CANTON","pnode_subtype":"EHV","match_score":82.75862068965517,"pjm_zone":"FE-ATSI"}},{"type":"Feature","id":7950,"geometry":{"type":"Point","coordinates":[-81.3548104349326,41.4304236557921]},"properties":{"OBJECTID":7950,"ID":"153866","NAME":"NORWAY","CITY":"SOUTH RUSSELL","STATE":"OH","ZIP":"44022","TYPE":"SUBSTATION","STATUS":"IN SERVICE","COUNTY":"GEAUGA","COUNTYFIPS":"39055","COUNTRY":"USA","LATITUDE":41.43042365600007,"LONGITUDE":-81.35481043499999,"NAICS_CODE":"221121","NAICS_DESC":"ELECTRIC BULK POWER TRANSMISSION AND CONTROL","SOURCE":"OpenStreetMap","SOURCEDATE":1403654400000,"VAL_METHOD":"IMAGERY","VAL_DATE":1444176000000,"LINES":2,"MAX_VOLT":138,"MIN_VOLT":138,"MAX_INFER":"Y","MIN_INFER":"Y","pnode_id":98370343,"pnode_name":"NORWAY  138 KV  TR71","pnode_subtype":"LOAD","match_score":100.0,"pjm_zone":"FE-ATSI"}},{"type":"Feature","id":7951,"geometry":{"type":"Point","coordinates":[-81.3044075525621,41.1412386558942]},"properties":{"OBJECTID":7951,"ID":"153867","NAME":"WEST RAVENNA","CITY":"KENT","STATE":"OH","ZIP":"44240","TYPE":"SUBSTATION","STATUS":"IN SERVICE","COUNTY":"PORTAGE","COUNTYFIPS":"39133","COUNTRY":"USA","LATITUDE":41.14123865600004,"LONGITUDE":-81.30440755299998,"NAICS_CODE":"221121","NAICS_DESC":"ELECTRIC BULK POWER TRANSMISSION AND CONTROL","SOURCE":"OpenStreetMap","SOURCEDATE":1403654400000,"VAL_METHOD":"IMAGERY","VAL_DATE":1444176000000,"LINES":4,"MAX_VOLT":138,"MIN_VOLT":138,"MAX_INFER":"Y","MIN_INFER":"Y","pnode_id":2156117217,"pnode_name":"RAVENNA 69 KV   STREETLD","pnode_subtype":"LOAD","match_score":100.0,"pjm_zone":"FE-ATSI"}},{"type":"Feature","id":7952,"geometry":{"type":"Point","coordinates":[-81.4025319333167,41.3865841827637]},"properties":{"OBJECTID":7952,"ID":"153868","NAME":"MAXWELL","CITY":"SOLON","STATE":"OH","ZIP":"44139","TYPE":"SUBSTATION","STATUS":"IN SERVICE","COUNTY":"CUYAHOGA","COUNTYFIPS":"39035","COUNTRY":"USA","LATITUDE":41.386584183000025,"LONGITUDE":-81.40253193299998,"NAICS_CODE":"221121","NAICS_DESC":"ELECTRIC BULK POWER TRANSMISSION AND CONTROL","SOURCE":"OpenStreetMap","SOURCEDATE":1403654400000,"VAL_METHOD":"IMAGERY","VAL_DATE":1444176000000,"LINES":2,"MAX_VOLT":138,"MIN_VOLT":138,"MAX_INFER":"Y","MIN_INFER":"Y","pnode_id":98370337,"pnode_name":"MAXWELL 138 KV  TR71","pnode_subtype":"LOAD","match_score":100.0,"pjm_zone":"FE-ATSI"}},{"type":"Feature","id":7953,"geometry":{"type":"Point","coordinates":[-81.3296793039864,41.5228249002864]},"properties":{"OBJECTID":7953,"ID":"153869","NAME":"NELSON","CITY":"CHESTERLAND","STATE":"OH","ZIP":"44026","TYPE":"SUBSTATION","STATUS":"IN SERVICE","COUNTY":"GEAUGA","COUNTYFIPS":"39055","COUNTRY":"USA","LATITUDE":41.522824900000046,"LONGITUDE":-81.32967930399997,"NAICS_CODE":"221121","NAICS_DESC":"ELECTRIC BULK POWER TRANSMISSION AND CONTROL","SOURCE":"OpenStreetMap","SOURCEDATE":1403654400000,"VAL_METHOD":"IMAGERY","VAL_DATE":1444176000000,"LINES":12,"MAX_VOLT":138,"MIN_VOLT":138,"MAX_INFER":"Y","MIN_INFER":"Y","pnode_id":1270652100,"pnode_name":"NELSON CC1","pnode_subtype":"AGGREGATE","match_score":75.0,"pjm_zone":"FE-ATSI"}},{"type":"Feature","id":7957,"geometry":{"type":"Point","coordinates":[-81.3477685216575,41.340965586073]},"properties":{"OBJECTID":7957,"ID":"153873","NAME":"TREAT","CITY":"AURORA","STATE":"OH","ZIP":"44202","TYPE":"SUBSTATION","STATUS":"IN SERVICE","COUNTY":"PORTAGE","COUNTYFIPS":"39133","COUNTRY":"USA","LATITUDE":41.34096558600004,"LONGITUDE":-81.34776852199997,"NAICS_CODE":"221121","NAICS_DESC":"ELECTRIC BULK POWER TRANSMISSION AND CONTROL","SOURCE":"OpenStreetMap","SOURCEDATE":1403827200000,"VAL_METHOD":"IMAGERY","VAL_DATE":1444176000000,"LINES":0,"MAX_VOLT":-999999,"MIN_VOLT":-999999,"MAX_INFER":"N","MIN_INFER":"N","pnode_id":40243685,"pnode_name":"TREATY  69 KV   BK-3","pnode_subtype":"LOAD","match_score":90.9090909090909,"pjm_zone":"FE-ATSI"}},{"type":"Feature","id":7960,"geometry":{"type":"Point","coordinates":[-81.2269705023333,41.11965136972]},"properties":{"OBJECTID":7960,"ID":"153876","NAME":"HANNA","CITY":"RAVENNA","STATE":"OH","ZIP":"44266","TYPE":"SUBSTATION","STATUS":"IN SERVICE","COUNTY":"PORTAGE","COUNTYFIPS":"39133","COUNTRY":"USA","LATITUDE":41.11965137000004,"LONGITUDE":-81.22697050199997,"NAICS_CODE":"221121","NAICS_DESC":"ELECTRIC BULK POWER TRANSMISSION AND CONTROL","SOURCE":"OpenStreetMap","SOURCEDATE":1403654400000,"VAL_METHOD":"IMAGERY","VAL_DATE":1444176000000,"LINES":12,"MAX_VOLT":345,"MIN_VOLT":138,"MAX_INFER":"Y","MIN_INFER":"Y","pnode_id":48934057,"pnode_name":"HANNA II138 KV  HANNA II","pnode_subtype":"LOAD","match_score":100.0,"pjm_zone":"FE-ATSI"}},{"type":"Feature","id":7961,"geometry":{"type":"Point","coordinates":[-81.3574461674347,40.6603725239473]},"properties":{"OBJECTID":7961,"ID":"153877","NAME":"EAST SPARTA","CITY":"EAST SPARTA","STATE":"OH","ZIP":"44626","TYPE":"SUBSTATION","STATUS":"IN SERVICE","COUNTY":"STARK","COUNTYFIPS":"39151","COUNTRY":"USA","LATITUDE":40.660372524000024,"LONGITUDE":-81.35744616699998,"NAICS_CODE":"221121","NAICS_DESC":"ELECTRIC BULK POWER TRANSMISSION AND CONTROL","SOURCE":"OpenStreetMap","SOURCEDATE":1470268800000,"VAL_METHOD":"IMAGERY","VAL_DATE":1494374400000,"LINES":1,"MAX_VOLT":-999999,"MIN_VOLT":-999999,"MAX_INFER":"N","MIN_INFER":"N","pnode_id":2156112946,"pnode_name":"ESPARTA 69 KV   T3","pnode_subtype":"LOAD","match_score":77.77777777777777,"pjm_zone":"AEP"}},{"type":"Feature","id":7981,"geometry":{"type":"Point","coordinates":[-83.9683283636149,39.8362666068818]},"properties":{"OBJECTID":7981,"ID":"153897","NAME":"ENON","CITY":"FAIRBORN","STATE":"OH","ZIP":"45324","TYPE":"SUBSTATION","STATUS":"IN SERVICE","COUNTY":"GREENE","COUNTYFIPS":"39057","COUNTRY":"USA","LATITUDE":39.83626660700003,"LONGITUDE":-83.96832836399994,"NAICS_CODE":"221121","NAICS_DESC":"ELECTRIC BULK POWER TRANSMISSION AND CONTROL","SOURCE":"OpenStreetMap","SOURCEDATE":1403568000000,"VAL_METHOD":"IMAGERY","VAL_DATE":1444089600000,"LINES":2,"MAX_VOLT":69,"MIN_VOLT":69,"MAX_INFER":"Y","MIN_INFER":"Y","pnode_id":119117897,"pnode_name":"KENTON  69 KV   BK1","pnode_subtype":"LOAD","match_score":85.0,"pjm_zone":"FE-ATSI"}},{"type":"Feature","id":7984,"geometry":{"type":"Point","coordinates":[-84.1697950792833,39.941836617715]},"properties":{"OBJECTID":7984,"ID":"153900","NAME":"MIAMI","CITY":"TIPP CITY","STATE":"OH","ZIP":"45371","TYPE":"SUBSTATION","STATUS":"IN SERVICE","COUNTY":"MIAMI","COUNTYFIPS":"39109","COUNTRY":"USA","LATITUDE":39.941836618000025,"LONGITUDE":-84.16979507899998,"NAICS_CODE":"221121","NAICS_DESC":"ELECTRIC BULK POWER TRANSMISSION AND CONTROL","SOURCE":"OpenStreetMap","SOURCEDATE":1403654400000,"VAL_METHOD":"IMAGERY","VAL_DATE":1444176000000,"LINES":9,"MAX_VOLT":345,"MIN_VOLT":138,"MAX_INFER":"N","MIN_INFER":"Y","pnode_id":32413293,"pnode_name":"MIAMI   138 KV  LOADM","pnode_subtype":"LOAD","match_score":100.0,"pjm_zone":"DAY"}},{"type":"Feature","id":7985,"geometry":{"type":"Point","coordinates":[-84.0015327034269,39.7085412102644]},"properties":{"OBJECTID":7985,"ID":"153901","NAME":"GREENE","CITY":"XENIA","STATE":"OH","ZIP":"45385","TYPE":"SUBSTATION","STATUS":"IN SERVICE","COUNTY":"GREENE","COUNTYFIPS":"39057","COUNTRY":"USA","LATITUDE":39.70854121000008,"LONGITUDE":-84.00153270299995,"NAICS_CODE":"221121","NAICS_DESC":"ELECTRIC BULK POWER TRANSMISSION AND CONTROL","SOURCE":"OpenStreetMap","SOURCEDATE":1403654400000,"VAL_METHOD":"IMAGERY","VAL_DATE":1443744000000,"LINES":10,"MAX_VOLT":345,"MIN_VOLT":69,"MAX_INFER":"N","MIN_INFER":"Y","pnode_id":2156109503,"pnode_name":"GREENECC","pnode_subtype":"EHV","match_score":85.71428571428572,"pjm_zone":"DAY"}},{"type":"Feature","id":7986,"geometry":{"type":"Point","coordinates":[-84.1831532961544,40.6777240712178]},"properties":{"OBJECTID":7986,"ID":"153902","NAME":"SOUTHWEST LIMA","CITY":"LIMA","STATE":"OH","ZIP":"45806","TYPE":"SUBSTATION","STATUS":"IN SERVICE","COUNTY":"ALLEN","COUNTYFIPS":"39003","COUNTRY":"USA","LATITUDE":40.67772407100006,"LONGITUDE":-84.18315329599994,"NAICS_CODE":"221121","NAICS_DESC":"ELECTRIC BULK POWER TRANSMISSION AND CONTROL","SOURCE":"OpenStreetMap","SOURCEDATE":1403654400000,"VAL_METHOD":"IMAGERY","VAL_DATE":1444176000000,"LINES":6,"MAX_VOLT":345,"MIN_VOLT":138,"MAX_INFER":"Y","MIN_INFER":"Y","pnode_id":34509949,"pnode_name":"SOUTHWEST","pnode_subtype":"AGGREGATE","match_score":78.26086956521739,"pjm_zone":"AEP"}},{"type":"Feature","id":7987,"geometry":{"type":"Point","coordinates":[-84.0861640742036,40.2886433459625]},"properties":{"OBJECTID":7987,"ID":"153903","NAME":"SHELBY","CITY":"SIDNEY","STATE":"OH","ZIP":"45365","TYPE":"SUBSTATION","STATUS":"IN SERVICE","COUNTY":"SHELBY","COUNTYFIPS":"39149","COUNTRY":"USA","LATITUDE":40.28864334600007,"LONGITUDE":-84.08616407399995,"NAICS_CODE":"221121","NAICS_DESC":"ELECTRIC BULK POWER TRANSMISSION AND CONTROL","SOURCE":"OpenStreetMap","SOURCEDATE":1403654400000,"VAL_METHOD":"IMAGERY","VAL_DATE":1444176000000,"LINES":5,"MAX_VOLT":345,"MIN_VOLT":138,"MAX_INFER":"N","MIN_INFER":"Y","pnode_id":32413301,"pnode_name":"SHELBY  138 KV  LOAD","pnode_subtype":"LOAD","match_score":100.0,"pjm_zone":"DAY"}},{"type":"Feature","id":7989,"geometry":{"type":"Point","coordinates":[-84.1520244464327,40.6940310122207]},"properties":{"OBJECTID":7989,"ID":"153905","NAME":"SHAWNEE ROAD","CITY":"LIMA","STATE":"OH","ZIP":"45806","TYPE":"SUBSTATION","STATUS":"IN SERVICE","COUNTY":"ALLEN","COUNTYFIPS":"39003","COUNTRY":"USA","LATITUDE":40.69403101200004,"LONGITUDE":-84.15202444599998,"NAICS_CODE":"221121","NAICS_DESC":"ELECTRIC BULK POWER TRANSMISSION AND CONTROL","SOURCE":"OpenStreetMap","SOURCEDATE":1403654400000,"VAL_METHOD":"IMAGERY","VAL_DATE":1444176000000,"LINES":2,"MAX_VOLT":138,"MIN_VOLT":138,"MAX_INFER":"Y","MIN_INFER":"Y","pnode_id":51257,"pnode_name":"SHAWNEE CT","pnode_subtype":"AGGREGATE","match_score":72.72727272727273,"pjm_zone":"AEP"}},{"type":"Feature","id":7994,"geometry":{"type":"Point","coordinates":[-84.0128554016446,40.7452646402168]},"properties":{"OBJECTID":7994,"ID":"153910","NAME":"THAYER ROAD","CITY":"LIMA","STATE":"OH","ZIP":"45801","TYPE":"SUBSTATION","STATUS":"IN SERVICE","COUNTY":"ALLEN","COUNTYFIPS":"39003","COUNTRY":"USA","LATITUDE":40.74526464000007,"LONGITUDE":-84.01285540199996,"NAICS_CODE":"221121","NAICS_DESC":"ELECTRIC BULK POWER TRANSMISSION AND CONTROL","SOURCE":"OpenStreetMap","SOURCEDATE":1403654400000,"VAL_METHOD":"IMAGERY","VAL_DATE":1444176000000,"LINES":2,"MAX_VOLT":138,"MIN_VOLT":138,"MAX_INFER":"Y","MIN_INFER":"Y","pnode_id":32412825,"pnode_name":"THAYER  138 KV  T1","pnode_subtype":"LOAD","match_score":100.0,"pjm_zone":"AEP"}},{"type":"Feature","id":7995,"geometry":{"type":"Point","coordinates":[-84.0163244176925,40.8756666590068]},"properties":{"OBJECTID":7995,"ID":"153911","NAME":"ROCKPORT","CITY":"COLUMBUS GROVE","STATE":"OH","ZIP":"45830","TYPE":"SUBSTATION","STATUS":"IN SERVICE","COUNTY":"ALLEN","COUNTYFIPS":"39003","COUNTRY":"USA","LATITUDE":40.875666659000046,"LONGITUDE":-84.01632441799995,"NAICS_CODE":"221121","NAICS_DESC":"ELECTRIC BULK POWER TRANSMISSION AND CONTROL","SOURCE":"OpenStreetMap","SOURCEDATE":1403654400000,"VAL_METHOD":"IMAGERY","VAL_DATE":1444176000000,"LINES":3,"MAX_VOLT":138,"MIN_VOLT":138,"MAX_INFER":"Y","MIN_INFER":"Y","pnode_id":34509213,"pnode_name":"ROCKPORT","pnode_subtype":"EHV","match_score":100.0,"pjm_zone":"AEP"}},{"type":"Feature","id":7996,"geometry":{"type":"Point","coordinates":[-84.0132651115676,40.8757084277728]},"properties":{"OBJECTID":7996,"ID":"153912","NAME":"ROCKPORT","CITY":"COLUMBUS GROVE","STATE":"OH","ZIP":"45830","TYPE":"SUBSTATION","STATUS":"IN SERVICE","COUNTY":"ALLEN","COUNTYFIPS":"39003","COUNTRY":"USA","LATITUDE":40.87570842800005,"LONGITUDE":-84.01326511199994,"NAICS_CODE":"221121","NAICS_DESC":"ELECTRIC BULK POWER TRANSMISSION AND CONTROL","SOURCE":"OpenStreetMap","SOURCEDATE":1403654400000,"VAL_METHOD":"IMAGERY","VAL_DATE":1444176000000,"LINES":1,"MAX_VOLT":138,"MIN_VOLT":138,"MAX_INFER":"Y","MIN_INFER":"Y","pnode_id":34509213,"pnode_name":"ROCKPORT","pnode_subtype":"EHV","match_score":100.0,"pjm_zone":"AEP"}},{"type":"Feature","id":8000,"geometry":{"type":"Point","coordinates":[-84.0828432658046,40.7803758122378]},"properties":{"OBJECTID":8000,"ID":"153916","NAME":"FORD LIMA","CITY":"WOOSTER","STATE":"OH","ZIP":"44691","TYPE":"SUBSTATION","STATUS":"IN SERVICE","COUNTY":"ALLEN","COUNTYFIPS":"39003","COUNTRY":"USA","LATITUDE":40.780375812000045,"LONGITUDE":-84.08284326599994,"NAICS_CODE":"221121","NAICS_DESC":"ELECTRIC BULK POWER TRANSMISSION AND CONTROL","SOURCE":"OpenStreetMap","SOURCEDATE":1403654400000,"VAL_METHOD":"IMAGERY","VAL_DATE":1444176000000,"LINES":2,"MAX_VOLT":138,"MIN_VOLT":138,"MAX_INFER":"Y","MIN_INFER":"Y","pnode_id":32411297,"pnode_name":"FORD    138 KV  T3","pnode_subtype":"LOAD","match_score":100.0,"pjm_zone":"AEP"}},{"type":"Feature","id":8016,"geometry":{"type":"Point","coordinates":[-84.5931085643181,41.016227184671]},"properties":{"OBJECTID":8016,"ID":"153932","NAME":"HAVILAND","CITY":"HAVILAND","STATE":"OH","ZIP":"45851","TYPE":"SUBSTATION","STATUS":"IN SERVICE","COUNTY":"PAULDING","COUNTYFIPS":"39125","COUNTRY":"USA","LATITUDE":41.01622718500005,"LONGITUDE":-84.59310856399998,"NAICS_CODE":"221121","NAICS_DESC":"ELECTRIC BULK POWER TRANSMISSION AND CONTROL","SOURCE":"OpenStreetMap","SOURCEDATE":1403654400000,"VAL_METHOD":"IMAGERY","VAL_DATE":1444176000000,"LINES":5,"MAX_VOLT":138,"MIN_VOLT":138,"MAX_INFER":"Y","MIN_INFER":"Y","pnode_id":51280,"pnode_name":"VINELAND","pnode_subtype":"AGGREGATE","match_score":75.0,"pjm_zone":"AEP"}},{"type":"Feature","id":8017,"geometry":{"type":"Point","coordinates":[-81.8294378907671,38.4737105071772]},"properties":{"OBJECTID":8017,"ID":"153933","NAME":"JOHN AMOS","CITY":"WINFIELD","STATE":"WV","ZIP":"25213","TYPE":"SUBSTATION","STATUS":"IN SERVICE","COUNTY":"PUTNAM","COUNTYFIPS":"54079","COUNTRY":"USA","LATITUDE":38.47371050700008,"LONGITUDE":-81.82943789099994,"NAICS_CODE":"221121","NAICS_DESC":"ELECTRIC BULK POWER TRANSMISSION AND CONTROL","SOURCE":"Internet/Other, https://www.firstenergycorp.com/content/dam/corporate/generationmap/files/Pleasants%20Facts.pdf","SOURCEDATE":1396828800000,"VAL_METHOD":"IMAGERY","VAL_DATE":1443744000000,"LINES":5,"MAX_VOLT":765,"MIN_VOLT":765,"MAX_INFER":"Y","MIN_INFER":"Y","pnode_id":32410519,"pnode_name":"AMOS    34 KV   T5","pnode_subtype":"LOAD","match_score":100.0,"pjm_zone":"AEP"}},{"type":"Feature","id":8025,"geometry":{"type":"Point","coordinates":[-81.8415150525509,37.9057705767488]},"properties":{"OBJECTID":8025,"ID":"153955","NAME":"SHARPLES","CITY":"YOLYN","STATE":"WV","ZIP":"25654","TYPE":"SUBSTATION","STATUS":"IN SERVICE","COUNTY":"LOGAN","COUNTYFIPS":"54045","COUNTRY":"USA","LATITUDE":37.905770577000055,"LONGITUDE":-81.84151505299997,"NAICS_CODE":"221121","NAICS_DESC":"ELECTRIC BULK POWER TRANSMISSION AND CONTROL","SOURCE":"IMAGERY, https://www.aeptransmission.com/westvirginia/BlairDanville/docs/Blair-Danville_Factsheet_V6.pdf","SOURCEDATE":1482192000000,"VAL_METHOD":"IMAGERY","VAL_DATE":1550448000000,"LINES":2,"MAX_VOLT":-999999,"MIN_VOLT":-999999,"MAX_INFER":"N","MIN_INFER":"N","pnode_id":98370239,"pnode_name":"SHALERS 138 KV  TR1","pnode_subtype":"LOAD","match_score":80.0,"pjm_zone":"AEP"}},{"type":"Feature","id":8028,"geometry":{"type":"Point","coordinates":[-81.8629444310272,37.6154718882751]},"properties":{"OBJECTID":8028,"ID":"153958","NAME":"GILBERT","CITY":"GILBERT","STATE":"WV","ZIP":"25621","TYPE":"SUBSTATION","STATUS":"IN SERVICE","COUNTY":"MINGO","COUNTYFIPS":"54059","COUNTRY":"USA","LATITUDE":37.61547188800006,"LONGITUDE":-81.86294443099996,"NAICS_CODE":"221121","NAICS_DESC":"ELECTRIC BULK POWER TRANSMISSION AND CONTROL","SOURCE":"OpenStreetMap, https://aeptransmission.com/virginia/Tazewell-Bearwallow/docs/VOLUME%201%20(Exhibits%206%20through%2013).pdf","SOURCEDATE":1470268800000,"VAL_METHOD":"IMAGERY","VAL_DATE":1549411200000,"LINES":2,"MAX_VOLT":46,"MIN_VOLT":46,"MAX_INFER":"N","MIN_INFER":"N","pnode_id":113745,"pnode_name":"GILBERTCC","pnode_subtype":"AGGREGATE","match_score":87.5,"pjm_zone":"AEP"}},{"type":"Feature","id":8033,"geometry":{"type":"Point","coordinates":[-81.8921205984428,40.7107228708013]},"properties":{"OBJECTID":8033,"ID":"153968","NAME":"MORELAND","CITY":"WOOSTER","STATE":"OH","ZIP":"44691","TYPE":"SUBSTATION","STATUS":"IN SERVICE","COUNTY":"WAYNE","COUNTYFIPS":"39169","COUNTRY":"USA","LATITUDE":40.71072287100003,"LONGITUDE":-81.89212059799996,"NAICS_CODE":"221121","NAICS_DESC":"ELECTRIC BULK POWER TRANSMISSION AND CONTROL","SOURCE":"OpenStreetMap","SOURCEDATE":1470268800000,"VAL_METHOD":"IMAGERY","VAL_DATE":1494374400000,"LINES":0,"MAX_VOLT":-999999,"MIN_VOLT":-999999,"MAX_INFER":"N","MIN_INFER":"N","pnode_id":48933999,"pnode_name":"MORELAND138 KV  MORELAND","pnode_subtype":"LOAD","match_score":100.0,"pjm_zone":"AEP"}},{"type":"Feature","id":8034,"geometry":{"type":"Point","coordinates":[-81.8590740575919,41.1346157031029]},"properties":{"OBJECTID":8034,"ID":"153969","NAME":"MEDINA","CITY":"MEDINA","STATE":"OH","ZIP":"44256","TYPE":"SUBSTATION","STATUS":"IN SERVICE","COUNTY":"MEDINA","COUNTYFIPS":"39103","COUNTRY":"USA","LATITUDE":41.134615703000065,"LONGITUDE":-81.85907405799998,"NAICS_CODE":"221121","NAICS_DESC":"ELECTRIC BULK POWER TRANSMISSION AND CONTROL","SOURCE":"OpenStreetMap","SOURCEDATE":1403568000000,"VAL_METHOD":"IMAGERY","VAL_DATE":1444003200000,"LINES":0,"MAX_VOLT":-999999,"MIN_VOLT":-999999,"MAX_INFER":"N","MIN_INFER":"N","pnode_id":1348256560,"pnode_name":"MEDINA  69 KV   T3 LD","pnode_subtype":"LOAD","match_score":100.0,"pjm_zone":"FE-ATSI"}},{"type":"Feature","id":8035,"geometry":{"type":"Point","coordinates":[-81.9112576236377,41.0149843469592]},"properties":{"OBJECTID":8035,"ID":"153970","NAME":"ACME HILL","CITY":"SEVILLE","STATE":"OH","ZIP":"44273","TYPE":"SUBSTATION","STATUS":"IN SERVICE","COUNTY":"MEDINA","COUNTYFIPS":"39103","COUNTRY":"USA","LATITUDE":41.01498434700005,"LONGITUDE":-81.91125762399997,"NAICS_CODE":"221121","NAICS_DESC":"ELECTRIC BULK POWER TRANSMISSION AND CONTROL","SOURCE":"OpenStreetMap","SOURCEDATE":1403827200000,"VAL_METHOD":"IMAGERY","VAL_DATE":1444089600000,"LINES":0,"MAX_VOLT":-999999,"MIN_VOLT":-999999,"MAX_INFER":"N","MIN_INFER":"N","pnode_id":32414785,"pnode_name":"ACME    69 KV   A","pnode_subtype":"LOAD","match_score":100.0,"pjm_zone":"FE-ATSI"}},{"type":"Feature","id":8036,"geometry":{"type":"Point","coordinates":[-81.8599342609518,41.2372257010724]},"properties":{"OBJECTID":8036,"ID":"153971","NAME":"BRUNSWICK","CITY":"BRUNSWICK","STATE":"OH","ZIP":"44212","TYPE":"SUBSTATION","STATUS":"IN SERVICE","COUNTY":"MEDINA","COUNTYFIPS":"39103","COUNTRY":"USA","LATITUDE":41.23722570100006,"LONGITUDE":-81.85993426099998,"NAICS_CODE":"221121","NAICS_DESC":"ELECTRIC BULK POWER TRANSMISSION AND CONTROL","SOURCE":"OpenStreetMap","SOURCEDATE":1403827200000,"VAL_METHOD":"IMAGERY","VAL_DATE":1444089600000,"LINES":1,"MAX_VOLT":-999999,"MIN_VOLT":-999999,"MAX_INFER":"N","MIN_INFER":"N","pnode_id":51206,"pnode_name":"BRUNSWICK","pnode_subtype":"AGGREGATE","match_score":100.0,"pjm_zone":"FE-ATSI"}},{"type":"Feature","id":8038,"geometry":{"type":"Point","coordinates":[-81.882743028598,41.1693903993269]},"properties":{"OBJECTID":8038,"ID":"153973","NAME":"NORTH MEDINA","CITY":"MEDINA","STATE":"OH","ZIP":"44256","TYPE":"SUBSTATION","STATUS":"IN SERVICE","COUNTY":"MEDINA","COUNTYFIPS":"39103","COUNTRY":"USA","LATITUDE":41.169390399000065,"LONGITUDE":-81.88274302899998,"NAICS_CODE":"221121","NAICS_DESC":"ELECTRIC BULK POWER TRANSMISSION AND CONTROL","SOURCE":"OpenStreetMap","SOURCEDATE":1403827200000,"VAL_METHOD":"IMAGERY","VAL_DATE":1444089600000,"LINES":4,"MAX_VOLT":345,"MIN_VOLT":345,"MAX_INFER":"N","MIN_INFER":"N","pnode_id":1348256560,"pnode_name":"MEDINA  69 KV   T3 LD","pnode_subtype":"LOAD","match_score":100.0,"pjm_zone":"FE-ATSI"}},{"type":"Feature","id":8039,"geometry":{"type":"Point","coordinates":[-81.7903026084463,40.9658771733388]},"properties":{"OBJECTID":8039,"ID":"153974","NAME":"RITTMAN","CITY":"RITTMAN","STATE":"OH","ZIP":"44270","TYPE":"SUBSTATION","STATUS":"IN SERVICE","COUNTY":"WAYNE","COUNTYFIPS":"39169","COUNTRY":"USA","LATITUDE":40.96587717300008,"LONGITUDE":-81.79030260799999,"NAICS_CODE":"221121","NAICS_DESC":"ELECTRIC BULK POWER TRANSMISSION AND CONTROL","SOURCE":"OpenStreetMap","SOURCEDATE":1403827200000,"VAL_METHOD":"IMAGERY","VAL_DATE":1444089600000,"LINES":0,"MAX_VOLT":-999999,"MIN_VOLT":-999999,"MAX_INFER":"N","MIN_INFER":"N","pnode_id":1869182866,"pnode_name":"RITTMAN 69 KV   T1","pnode_subtype":"LOAD","match_score":100.0,"pjm_zone":"FE-ATSI"}},{"type":"Feature","id":8040,"geometry":{"type":"Point","coordinates":[-81.866024610406,41.1199892213214]},"properties":{"OBJECTID":8040,"ID":"153975","NAME":"RYAN","CITY":"MEDINA","STATE":"OH","ZIP":"44256","TYPE":"SUBSTATION","STATUS":"IN SERVICE","COUNTY":"MEDINA","COUNTYFIPS":"39103","COUNTRY":"USA","LATITUDE":41.119989221000026,"LONGITUDE":-81.86602460999995,"NAICS_CODE":"221121","NAICS_DESC":"ELECTRIC BULK POWER TRANSMISSION AND CONTROL","SOURCE":"OpenStreetMap","SOURCEDATE":1403827200000,"VAL_METHOD":"IMAGERY","VAL_DATE":1444089600000,"LINES":0,"MAX_VOLT":-999999,"MIN_VOLT":-999999,"MAX_INFER":"N","MIN_INFER":"N","pnode_id":98370233,"pnode_name":"RYAN    138 KV  TR1","pnode_subtype":"LOAD","match_score":100.0,"pjm_zone":"FE-ATSI"}},{"type":"Feature","id":8041,"geometry":{"type":"Point","coordinates":[-81.8856486087232,41.0253473100843]},"properties":{"OBJECTID":8041,"ID":"153976","NAME":"SEVILLE","CITY":"SEVILLE","STATE":"OH","ZIP":"44273","TYPE":"SUBSTATION","STATUS":"IN SERVICE","COUNTY":"MEDINA","COUNTYFIPS":"39103","COUNTRY":"USA","LATITUDE":41.02534731000003,"LONGITUDE":-81.88564860899999,"NAICS_CODE":"221121","NAICS_DESC":"ELECTRIC BULK POWER TRANSMISSION AND CONTROL","SOURCE":"OpenStreetMap","SOURCEDATE":1403827200000,"VAL_METHOD":"IMAGERY","VAL_DATE":1444089600000,"LINES":0,"MAX_VOLT":-999999,"MIN_VOLT":-999999,"MAX_INFER":"N","MIN_INFER":"N","pnode_id":32415207,"pnode_name":"SEVILL  69 KV   A","pnode_subtype":"LOAD","match_score":92.3076923076923,"pjm_zone":"FE-ATSI"}},{"type":"Feature","id":8043,"geometry":{"type":"Point","coordinates":[-81.8444802565565,40.7446494162703]},"properties":{"OBJECTID":8043,"ID":"153978","NAME":"APPLE CREEK","CITY":"APPLE CREEK","STATE":"OH","ZIP":"44606","TYPE":"SUBSTATION","STATUS":"IN SERVICE","COUNTY":"WAYNE","COUNTYFIPS":"39169","COUNTRY":"USA","LATITUDE":40.74464941600007,"LONGITUDE":-81.84448025699999,"NAICS_CODE":"221121","NAICS_DESC":"ELECTRIC BULK POWER TRANSMISSION AND CONTROL","SOURCE":"OpenStreetMap","SOURCEDATE":1403654400000,"VAL_METHOD":"IMAGERY","VAL_DATE":1444176000000,"LINES":2,"MAX_VOLT":138,"MIN_VOLT":138,"MAX_INFER":"Y","MIN_INFER":"Y","pnode_id":52454,"pnode_name":"HOPECREEK","pnode_subtype":"EHV","match_score":70.0,"pjm_zone":"AEP"}},{"type":"Feature","id":8045,"geometry":{"type":"Point","coordinates":[-81.9412463100413,40.7781776171459]},"properties":{"OBJECTID":8045,"ID":"153980","NAME":"WOOSTER","CITY":"WOOSTER","STATE":"OH","ZIP":"44691","TYPE":"SUBSTATION","STATUS":"IN SERVICE","COUNTY":"WAYNE","COUNTYFIPS":"39169","COUNTRY":"USA","LATITUDE":40.77817761700004,"LONGITUDE":-81.94124630999994,"NAICS_CODE":"221121","NAICS_DESC":"ELECTRIC BULK POWER TRANSMISSION AND CONTROL","SOURCE":"OpenStreetMap","SOURCEDATE":1403654400000,"VAL_METHOD":"IMAGERY","VAL_DATE":1444176000000,"LINES":2,"MAX_VOLT":138,"MIN_VOLT":138,"MAX_INFER":"Y","MIN_INFER":"Y","pnode_id":32413087,"pnode_name":"WOOSTER 138 KV  T2","pnode_subtype":"LOAD","match_score":100.0,"pjm_zone":"AEP"}},{"type":"Feature","id":8046,"geometry":{"type":"Point","coordinates":[-81.8978728049561,40.8277210178799]},"properties":{"OBJECTID":8046,"ID":"153981","NAME":"EAST WOOSTER","CITY":"WOOSTER","STATE":"OH","ZIP":"44691","TYPE":"SUBSTATION","STATUS":"IN SERVICE","COUNTY":"WAYNE","COUNTYFIPS":"39169","COUNTRY":"USA","LATITUDE":40.827721018000034,"LONGITUDE":-81.89787280499996,"NAICS_CODE":"221121","NAICS_DESC":"ELECTRIC BULK POWER TRANSMISSION AND CONTROL","SOURCE":"OpenStreetMap, https://aeptransmission.com/ohio/NorthWooster1/docs/NorthWooster_FactSheet_V5.pdf","SOURCEDATE":1403654400000,"VAL_METHOD":"IMAGERY","VAL_DATE":1537488000000,"LINES":4,"MAX_VOLT":138,"MIN_VOLT":138,"MAX_INFER":"Y","MIN_INFER":"Y","pnode_id":32413087,"pnode_name":"WOOSTER 138 KV  T2","pnode_subtype":"LOAD","match_score":100.0,"pjm_zone":"AEP"}},{"type":"Feature","id":8048,"geometry":{"type":"Point","coordinates":[-81.8790490447586,41.1402508599877]},"properties":{"OBJECTID":8048,"ID":"153983","NAME":"WEST MEDINA","CITY":"MEDINA","STATE":"OH","ZIP":"44256","TYPE":"SUBSTATION","STATUS":"IN SERVICE","COUNTY":"MEDINA","COUNTYFIPS":"39103","COUNTRY":"USA","LATITUDE":41.14025086000004,"LONGITUDE":-81.87904904499999,"NAICS_CODE":"221121","NAICS_DESC":"ELECTRIC BULK POWER TRANSMISSION AND CONTROL","SOURCE":"OpenStreetMap","SOURCEDATE":1403827200000,"VAL_METHOD":"IMAGERY","VAL_DATE":1444176000000,"LINES":1,"MAX_VOLT":-999999,"MIN_VOLT":-999999,"MAX_INFER":"N","MIN_INFER":"N","pnode_id":1348256560,"pnode_name":"MEDINA  69 KV   T3 LD","pnode_subtype":"LOAD","match_score":100.0,"pjm_zone":"FE-ATSI"}},{"type":"Feature","id":8050,"geometry":{"type":"Point","coordinates":[-81.9037184353606,39.865153296668]},"properties":{"OBJECTID":8050,"ID":"153985","NAME":"PHILO","CITY":"PHILO","STATE":"OH","ZIP":"43771","TYPE":"SUBSTATION","STATUS":"IN SERVICE","COUNTY":"MUSKINGUM","COUNTYFIPS":"39119","COUNTRY":"USA","LATITUDE":39.86515329700006,"LONGITUDE":-81.90371843499997,"NAICS_CODE":"221121","NAICS_DESC":"ELECTRIC BULK POWER TRANSMISSION AND CONTROL","SOURCE":"OpenStreetMap","SOURCEDATE":1405296000000,"VAL_METHOD":"IMAGERY","VAL_DATE":1444176000000,"LINES":12,"MAX_VOLT":138,"MIN_VOLT":138,"MAX_INFER":"Y","MIN_INFER":"Y","pnode_id":1388603361,"pnode_name":"PHILO   138 KV  WPHILO","pnode_subtype":"LOAD","match_score":100.0,"pjm_zone":"AEP"}},{"type":"Feature","id":8054,"geometry":{"type":"Point","coordinates":[-81.8557480614221,41.3961852948665]},"properties":{"OBJECTID":8054,"ID":"153989","NAME":"IX CENTER","CITY":"BROOKPARK","STATE":"OH","ZIP":"44142","TYPE":"SUBSTATION","STATUS":"IN SERVICE","COUNTY":"CUYAHOGA","COUNTYFIPS":"39035","COUNTRY":"USA","LATITUDE":41.396185295000066,"LONGITUDE":-81.85574806099999,"NAICS_CODE":"221121","NAICS_DESC":"ELECTRIC BULK POWER TRANSMISSION AND CONTROL","SOURCE":"OpenStreetMap","SOURCEDATE":1403654400000,"VAL_METHOD":"IMAGERY","VAL_DATE":1444176000000,"LINES":2,"MAX_VOLT":138,"MIN_VOLT":138,"MAX_INFER":"Y","MIN_INFER":"Y","pnode_id":1356178177,"pnode_name":"CENTERPT","pnode_subtype":"EHV","match_score":70.58823529411764,"pjm_zone":"FE-ATSI"}},{"type":"Feature","id":8057,"geometry":{"type":"Point","coordinates":[-81.8269416845949,38.4687743009128]},"properties":{"OBJECTID":8057,"ID":"153992","NAME":"AMOS","CITY":"WINFIELD","STATE":"WV","ZIP":"25213","TYPE":"SUBSTATION","STATUS":"IN SERVICE","COUNTY":"PUTNAM","COUNTYFIPS":"54079","COUNTRY":"USA","LATITUDE":38.46877430100005,"LONGITUDE":-81.82694168499995,"NAICS_CODE":"221121","NAICS_DESC":"ELECTRIC BULK POWER TRANSMISSION AND CONTROL","SOURCE":"IMAGERY, OpenStreetMap","SOURCEDATE":1396828800000,"VAL_METHOD":"IMAGERY","VAL_DATE":1443744000000,"LINES":12,"MAX_VOLT":345,"MIN_VOLT":69,"MAX_INFER":"N","MIN_INFER":"Y","pnode_id":34509175,"pnode_name":"AMOS","pnode_subtype":"EHV","match_score":100.0,"pjm_zone":"AEP"}},{"type":"Feature","id":8067,"geometry":{"type":"Point","coordinates":[-81.7558519666704,41.4235475977179]},"properties":{"OBJECTID":8067,"ID":"154004","NAME":"FOX","CITY":"BROOKLYN","STATE":"OH","ZIP":"44144","TYPE":"SUBSTATION","STATUS":"IN SERVICE","COUNTY":"CUYAHOGA","COUNTYFIPS":"39035","COUNTRY":"USA","LATITUDE":41.42354759800003,"LONGITUDE":-81.75585196699996,"NAICS_CODE":"221121","NAICS_DESC":"ELECTRIC BULK POWER TRANSMISSION AND CONTROL","SOURCE":"OpenStreetMap","SOURCEDATE":1403568000000,"VAL_METHOD":"IMAGERY","VAL_DATE":1444003200000,"LINES":10,"MAX_VOLT":345,"MIN_VOLT":138,"MAX_INFER":"N","MIN_INFER":"Y","pnode_id":35010369,"pnode_name":"OX","pnode_subtype":"EHV","match_score":80.0,"pjm_zone":"FE-ATSI"}},{"type":"Feature","id":8068,"geometry":{"type":"Point","coordinates":[-81.6990453027615,40.8244124467201]},"properties":{"OBJECTID":8068,"ID":"154005","NAME":"DALTON","CITY":"DALTON","STATE":"OH","ZIP":"44618","TYPE":"SUBSTATION","STATUS":"IN SERVICE","COUNTY":"WAYNE","COUNTYFIPS":"39169","COUNTRY":"USA","LATITUDE":40.82441244700004,"LONGITUDE":-81.69904530299993,"NAICS_CODE":"221121","NAICS_DESC":"ELECTRIC BULK POWER TRANSMISSION AND CONTROL","SOURCE":"OpenStreetMap","SOURCEDATE":1403827200000,"VAL_METHOD":"IMAGERY","VAL_DATE":1444089600000,"LINES":0,"MAX_VOLT":-999999,"MIN_VOLT":-999999,"MAX_INFER":"N","MIN_INFER":"N","pnode_id":1123174783,"pnode_name":"DALESTN 69 KV   LD_1820","pnode_subtype":"LOAD","match_score":76.92307692307692,"pjm_zone":"FE-ATSI"}},{"type":"Feature","id":8069,"geometry":{"type":"Point","coordinates":[-81.7734617992885,41.2262531319771]},"properties":{"OBJECTID":8069,"ID":"154006","NAME":"STONEY","CITY":"HINCKLEY","STATE":"OH","ZIP":"44233","TYPE":"SUBSTATION","STATUS":"IN SERVICE","COUNTY":"MEDINA","COUNTYFIPS":"39103","COUNTRY":"USA","LATITUDE":41.22625313200007,"LONGITUDE":-81.77346179899996,"NAICS_CODE":"221121","NAICS_DESC":"ELECTRIC BULK POWER TRANSMISSION AND CONTROL","SOURCE":"OpenStreetMap","SOURCEDATE":1403827200000,"VAL_METHOD":"IMAGERY","VAL_DATE":1444176000000,"LINES":0,"MAX_VOLT":-999999,"MIN_VOLT":-999999,"MAX_INFER":"N","MIN_INFER":"N","pnode_id":98370245,"pnode_name":"STONEY  138 KV  TR1","pnode_subtype":"LOAD","match_score":100.0,"pjm_zone":"FE-ATSI"}},{"type":"Feature","id":8070,"geometry":{"type":"Point","coordinates":[-81.697595154195,41.010952865734]},"properties":{"OBJECTID":8070,"ID":"154007","NAME":"STAR","CITY":"WADSWORTH","STATE":"OH","ZIP":"44281","TYPE":"SUBSTATION","STATUS":"IN SERVICE","COUNTY":"MEDINA","COUNTYFIPS":"39103","COUNTRY":"USA","LATITUDE":41.010952866000025,"LONGITUDE":-81.69759515399994,"NAICS_CODE":"221121","NAICS_DESC":"ELECTRIC BULK POWER TRANSMISSION AND CONTROL","SOURCE":"OpenStreetMap","SOURCEDATE":1403654400000,"VAL_METHOD":"IMAGERY","VAL_DATE":1444176000000,"LINES":11,"MAX_VOLT":345,"MIN_VOLT":138,"MAX_INFER":"N","MIN_INFER":"Y","pnode_id":57967549,"pnode_name":"WESTAR  138 KV  LOAD1","pnode_subtype":"LOAD","match_score":80.0,"pjm_zone":"FE-ATSI"}},{"type":"Feature","id":8071,"geometry":{"type":"Point","coordinates":[-81.6826775590087,39.5884028578545]},"properties":{"OBJECTID":8071,"ID":"154008","NAME":"MUSKINGUM RIVER","CITY":"WATERFORD","STATE":"OH","ZIP":"45786","TYPE":"SUBSTATION","STATUS":"IN SERVICE","COUNTY":"WASHINGTON","COUNTYFIPS":"39167","COUNTRY":"USA","LATITUDE":39.58840285800005,"LONGITUDE":-81.68267755899996,"NAICS_CODE":"221121","NAICS_DESC":"ELECTRIC BULK POWER TRANSMISSION AND CONTROL","SOURCE":"OpenStreetMap","SOURCEDATE":1403654400000,"VAL_METHOD":"IMAGERY","VAL_DATE":1444176000000,"LINES":10,"MAX_VOLT":345,"MIN_VOLT":138,"MAX_INFER":"N","MIN_INFER":"Y","pnode_id":35079823,"pnode_name":"MUSKINGUMRIV 1","pnode_subtype":"AGGREGATE","match_score":82.75862068965517,"pjm_zone":"AEP"}},{"type":"Feature","id":8073,"geometry":{"type":"Point","coordinates":[-81.7369727813182,41.1579787039683]},"properties":{"OBJECTID":8073,"ID":"154010","NAME":"GRANGER","CITY":"MEDINA","STATE":"OH","ZIP":"44256","TYPE":"SUBSTATION","STATUS":"IN SERVICE","COUNTY":"MEDINA","COUNTYFIPS":"39103","COUNTRY":"USA","LATITUDE":41.15797870400007,"LONGITUDE":-81.73697278099996,"NAICS_CODE":"221121","NAICS_DESC":"ELECTRIC BULK POWER TRANSMISSION AND CONTROL","SOURCE":"OpenStreetMap","SOURCEDATE":1403654400000,"VAL_METHOD":"IMAGERY","VAL_DATE":1444176000000,"LINES":0,"MAX_VOLT":-999999,"MIN_VOLT":-999999,"MAX_INFER":"N","MIN_INFER":"N","pnode_id":32411413,"pnode_name":"GRANGER 138 KV  T1","pnode_subtype":"LOAD","match_score":100.0,"pjm_zone":"FE-ATSI"}},{"type":"Feature","id":8074,"geometry":{"type":"Point","coordinates":[-81.7057396291071,40.5908735456668]},"properties":{"OBJECTID":8074,"ID":"154011","NAME":"TRAIL","CITY":"DUNDEE","STATE":"OH","ZIP":"44624","TYPE":"SUBSTATION","STATUS":"IN SERVICE","COUNTY":"HOLMES","COUNTYFIPS":"39075","COUNTRY":"USA","LATITUDE":40.59087354600007,"LONGITUDE":-81.70573962899994,"NAICS_CODE":"221121","NAICS_DESC":"ELECTRIC BULK POWER TRANSMISSION AND CONTROL","SOURCE":"OpenStreetMap","SOURCEDATE":1470268800000,"VAL_METHOD":"IMAGERY","VAL_DATE":1494374400000,"LINES":0,"MAX_VOLT":-999999,"MIN_VOLT":-999999,"MAX_INFER":"N","MIN_INFER":"N","pnode_id":2156111870,"pnode_name":"SHIEHILL69 KV   TRAIL","pnode_subtype":"LOAD","match_score":100.0,"pjm_zone":"AEP"}},{"type":"Feature","id":8075,"geometry":{"type":"Point","coordinates":[-81.7658623205811,40.8500755461623]},"properties":{"OBJECTID":8075,"ID":"154012","NAME":"AMPOR","CITY":"ORRVILLE","STATE":"OH","ZIP":"44667","TYPE":"SUBSTATION","STATUS":"IN SERVICE","COUNTY":"WAYNE","COUNTYFIPS":"39169","COUNTRY":"USA","LATITUDE":40.85007554600003,"LONGITUDE":-81.76586232099999,"NAICS_CODE":"221121","NAICS_DESC":"ELECTRIC BULK POWER TRANSMISSION AND CONTROL","SOURCE":"IMAGERY, OpenStreetMap","SOURCEDATE":1444003200000,"VAL_METHOD":"IMAGERY","VAL_DATE":1444003200000,"LINES":2,"MAX_VOLT":138,"MIN_VOLT":138,"MAX_INFER":"Y","MIN_INFER":"Y","pnode_id":32413159,"pnode_name":"AMPOR   138 KV  LOAD","pnode_subtype":"LOAD","match_score":100.0,"pjm_zone":"FE-ATSI"}},{"type":"Feature","id":8090,"geometry":{"type":"Point","coordinates":[-81.6297228701398,41.2433460441726]},"properties":{"OBJECTID":8090,"ID":"154047","NAME":"BRUSH","CITY":"RICHFIELD","STATE":"OH","ZIP":"44286","TYPE":"SUBSTATION","STATUS":"IN SERVICE","COUNTY":"SUMMIT","COUNTYFIPS":"39153","COUNTRY":"USA","LATITUDE":41.24334604400008,"LONGITUDE":-81.62972286999997,"NAICS_CODE":"221121","NAICS_DESC":"ELECTRIC BULK POWER TRANSMISSION AND CONTROL","SOURCE":"OpenStreetMap","SOURCEDATE":1403827200000,"VAL_METHOD":"IMAGERY","VAL_DATE":1444089600000,"LINES":1,"MAX_VOLT":138,"MIN_VOLT":138,"MAX_INFER":"Y","MIN_INFER":"Y","pnode_id":93353487,"pnode_name":"02BRUSH 138 KV  TR1","pnode_subtype":"LOAD","match_score":88.33333333333333,"pjm_zone":"FE-ATSI"}},{"type":"Feature","id":8094,"geometry":{"type":"Point","coordinates":[-81.5990699361775,41.0476389100105]},"properties":{"OBJECTID":8094,"ID":"154051","NAME":"TUSC","CITY":"NORTON","STATE":"OH","ZIP":"44203","TYPE":"SUBSTATION","STATUS":"IN SERVICE","COUNTY":"SUMMIT","COUNTYFIPS":"39153","COUNTRY":"USA","LATITUDE":41.047638910000046,"LONGITUDE":-81.59906993599998,"NAICS_CODE":"221121","NAICS_DESC":"ELECTRIC BULK POWER TRANSMISSION AND CONTROL","SOURCE":"OpenStreetMap","SOURCEDATE":1403654400000,"VAL_METHOD":"IMAGERY","VAL_DATE":1444176000000,"LINES":2,"MAX_VOLT":138,"MIN_VOLT":138,"MAX_INFER":"Y","MIN_INFER":"Y","pnode_id":98370257,"pnode_name":"TUSC    138 KV  TR2","pnode_subtype":"LOAD","match_score":100.0,"pjm_zone":"FE-ATSI"}},{"type":"Feature","id":8098,"geometry":{"type":"Point","coordinates":[-81.6265075814473,41.1778535323217]},"properties":{"OBJECTID":8098,"ID":"154067","NAME":"BATH","CITY":"AKRON","STATE":"OH","ZIP":"44333","TYPE":"SUBSTATION","STATUS":"IN SERVICE","COUNTY":"SUMMIT","COUNTYFIPS":"39153","COUNTRY":"USA","LATITUDE":41.17785353200003,"LONGITUDE":-81.62650758099994,"NAICS_CODE":"221121","NAICS_DESC":"ELECTRIC BULK POWER TRANSMISSION AND CONTROL","SOURCE":"OpenStreetMap","SOURCEDATE":1470268800000,"VAL_METHOD":"IMAGERY","VAL_DATE":1494374400000,"LINES":0,"MAX_VOLT":-999999,"MIN_VOLT":-999999,"MAX_INFER":"N","MIN_INFER":"N","pnode_id":1107283898,"pnode_name":"BATHFE  138 KV  TR1","pnode_subtype":"LOAD","match_score":80.0,"pjm_zone":"FE-ATSI"}},{"type":"Feature","id":8099,"geometry":{"type":"Point","coordinates":[-86.831745919054,39.972139477001]},"properties":{"OBJECTID":8099,"ID":"154110","NAME":"NUCOR","CITY":"CRAWFORDSVILLE","STATE":"IN","ZIP":"47933","TYPE":"SUBSTATION","STATUS":"IN SERVICE","COUNTY":"MONTGOMERY","COUNTYFIPS":"18107","COUNTRY":"USA","LATITUDE":39.97213947700004,"LONGITUDE":-86.83174591899996,"NAICS_CODE":"221121","NAICS_DESC":"ELECTRIC BULK POWER TRANSMISSION AND CONTROL","SOURCE":"IMAGERY, OpenStreetMap","SOURCEDATE":1431907200000,"VAL_METHOD":"IMAGERY","VAL_DATE":1547596800000,"LINES":2,"MAX_VOLT":345,"MIN_VOLT":345,"MAX_INFER":"N","MIN_INFER":"N","pnode_id":2156115392,"pnode_name":"SAPPHISW138 KV  NUCOR","pnode_subtype":"LOAD","match_score":100.0,"pjm_zone":"AEP"}},{"type":"Feature","id":8102,"geometry":{"type":"Point","coordinates":[-80.7483401230501,38.0057932873272]},"properties":{"OBJECTID":8102,"ID":"154145","NAME":"MCROSS","CITY":"CHARMCO","STATE":"WV","ZIP":"25958","TYPE":"SUBSTATION","STATUS":"IN SERVICE","COUNTY":"GREENBRIER","COUNTYFIPS":"54025","COUNTRY":"USA","LATITUDE":38.005793287000074,"LONGITUDE":-80.74834012299993,"NAICS_CODE":"221121","NAICS_DESC":"ELECTRIC BULK POWER TRANSMISSION AND CONTROL","SOURCE":"IMAGERY, https://www.aeptransmission.com/westvirginia/Meadowbridge/docs/MeadowBridge_Factsheet_V5.pdf","SOURCEDATE":1481155200000,"VAL_METHOD":"IMAGERY","VAL_DATE":1588291200000,"LINES":2,"MAX_VOLT":69,"MIN_VOLT":69,"MAX_INFER":"Y","MIN_INFER":"Y","pnode_id":32411933,"pnode_name":"MCROSS  69 KV   T1","pnode_subtype":"LOAD","match_score":100.0,"pjm_zone":"AEP"}},{"type":"Feature","id":8108,"geometry":{"type":"Point","coordinates":[-80.8231702542395,36.8791621951811]},"properties":{"OBJECTID":8108,"ID":"154233","NAME":"JACKSONS FERRY","CITY":"MAX MEADOWS","STATE":"VA","ZIP":"24360","TYPE":"SUBSTATION","STATUS":"IN SERVICE","COUNTY":"WYTHE","COUNTYFIPS":"51197","COUNTRY":"USA","LATITUDE":36.87916219500005,"LONGITUDE":-80.82317025399999,"NAICS_CODE":"221121","NAICS_DESC":"ELECTRIC BULK POWER TRANSMISSION AND CONTROL","SOURCE":"IMAGERY, OpenStreetMap","SOURCEDATE":1404172800000,"VAL_METHOD":"IMAGERY","VAL_DATE":1404172800000,"LINES":7,"MAX_VOLT":765,"MIN_VOLT":138,"MAX_INFER":"N","MIN_INFER":"Y","pnode_id":34509195,"pnode_name":"JACKSONS FERRY","pnode_subtype":"EHV","match_score":100.0,"pjm_zone":"AEP"}},{"type":"Feature","id":8109,"geometry":{"type":"Point","coordinates":[-80.8257177236717,36.8770329630799]},"properties":{"OBJECTID":8109,"ID":"154234","NAME":"JACKSONS FERRY","CITY":"MAX MEADOWS","STATE":"VA","ZIP":"24360","TYPE":"SUBSTATION","STATUS":"IN SERVICE","COUNTY":"WYTHE","COUNTYFIPS":"51197","COUNTRY":"USA","LATITUDE":36.87703296300003,"LONGITUDE":-80.82571772399996,"NAICS_CODE":"221121","NAICS_DESC":"ELECTRIC BULK POWER TRANSMISSION AND CONTROL","SOURCE":"IMAGERY, OpenStreetMap","SOURCEDATE":1404172800000,"VAL_METHOD":"IMAGERY","VAL_DATE":1404172800000,"LINES":6,"MAX_VOLT":138,"MIN_VOLT":138,"MAX_INFER":"Y","MIN_INFER":"Y","pnode_id":34509195,"pnode_name":"JACKSONS FERRY","pnode_subtype":"EHV","match_score":100.0,"pjm_zone":"AEP"}},{"type":"Feature","id":8110,"geometry":{"type":"Point","coordinates":[-80.7981455772477,37.3721004417346]},"properties":{"OBJECTID":8110,"ID":"154239","NAME":"PETERS MOUNTAIN","CITY":"NARROWS","STATE":"VA","ZIP":"24124","TYPE":"SUBSTATION","STATUS":"IN SERVICE","COUNTY":"GILES","COUNTYFIPS":"51071","COUNTRY":"USA","LATITUDE":37.37210044200003,"LONGITUDE":-80.79814557699996,"NAICS_CODE":"221121","NAICS_DESC":"ELECTRIC BULK POWER TRANSMISSION AND CONTROL","SOURCE":"IMAGERY, OpenStreetMap","SOURCEDATE":1410825600000,"VAL_METHOD":"IMAGERY","VAL_DATE":1410825600000,"LINES":1,"MAX_VOLT":138,"MIN_VOLT":138,"MAX_INFER":"Y","MIN_INFER":"Y","pnode_id":34509207,"pnode_name":"MOUNTAINEER","pnode_subtype":"EHV","match_score":84.61538461538461,"pjm_zone":"AEP"}},{"type":"Feature","id":8125,"geometry":{"type":"Point","coordinates":[-82.6078116533718,41.2520658071154]},"properties":{"OBJECTID":8125,"ID":"154277","NAME":"ADAMS","CITY":"NORWALK","STATE":"OH","ZIP":"44857","TYPE":"SUBSTATION","STATUS":"IN SERVICE","COUNTY":"HURON","COUNTYFIPS":"39077","COUNTRY":"USA","LATITUDE":41.252065807000065,"LONGITUDE":-82.60781165299994,"NAICS_CODE":"221121","NAICS_DESC":"ELECTRIC BULK POWER TRANSMISSION AND CONTROL","SOURCE":"OpenStreetMap","SOURCEDATE":1403827200000,"VAL_METHOD":"IMAGERY","VAL_DATE":1444089600000,"LINES":0,"MAX_VOLT":-999999,"MIN_VOLT":-999999,"MAX_INFER":"N","MIN_INFER":"N","pnode_id":1165472099,"pnode_name":"BROWNHIL69 KV   ADAMS","pnode_subtype":"LOAD","match_score":100.0,"pjm_zone":"FE-ATSI"}},{"type":"Feature","id":8127,"geometry":{"type":"Point","coordinates":[-82.6720498263013,41.4496217820562]},"properties":{"OBJECTID":8127,"ID":"154279","NAME":"CEDAR POINT","CITY":"SANDUSKY","STATE":"OH","ZIP":"44870","TYPE":"SUBSTATION","STATUS":"IN SERVICE","COUNTY":"ERIE","COUNTYFIPS":"39043","COUNTRY":"USA","LATITUDE":41.449621782000065,"LONGITUDE":-82.67204982599998,"NAICS_CODE":"221121","NAICS_DESC":"ELECTRIC BULK POWER TRANSMISSION AND CONTROL","SOURCE":"OpenStreetMap","SOURCEDATE":1403827200000,"VAL_METHOD":"IMAGERY","VAL_DATE":1444089600000,"LINES":0,"MAX_VOLT":-999999,"MIN_VOLT":-999999,"MAX_INFER":"N","MIN_INFER":"N","pnode_id":11855104,"pnode_name":"EAGLE POINT","pnode_subtype":"AGGREGATE","match_score":72.72727272727273,"pjm_zone":"FE-ATSI"}},{"type":"Feature","id":8128,"geometry":{"type":"Point","coordinates":[-82.6927130137055,41.4385447270707]},"properties":{"OBJECTID":8128,"ID":"154280","NAME":"COVERT","CITY":"SANDUSKY","STATE":"OH","ZIP":"44870","TYPE":"SUBSTATION","STATUS":"IN SERVICE","COUNTY":"ERIE","COUNTYFIPS":"39043","COUNTRY":"USA","LATITUDE":41.43854472700008,"LONGITUDE":-82.69271301399993,"NAICS_CODE":"221121","NAICS_DESC":"ELECTRIC BULK POWER TRANSMISSION AND CONTROL","SOURCE":"OpenStreetMap","SOURCEDATE":1403827200000,"VAL_METHOD":"IMAGERY","VAL_DATE":1444089600000,"LINES":0,"MAX_VOLT":-999999,"MIN_VOLT":-999999,"MAX_INFER":"N","MIN_INFER":"N","pnode_id":63381389,"pnode_name":"COVERT  16 KV   1STG","pnode_subtype":"GEN","match_score":100.0,"pjm_zone":"FE-ATSI"}},{"type":"Feature","id":8129,"geometry":{"type":"Point","coordinates":[-82.6124545231542,41.1156837329074]},"properties":{"OBJECTID":8129,"ID":"154281","NAME":"HANVILLE","CITY":"NORTH FAIRFIELD","STATE":"OH","ZIP":"44855","TYPE":"SUBSTATION","STATUS":"IN SERVICE","COUNTY":"HURON","COUNTYFIPS":"39077","COUNTRY":"USA","LATITUDE":41.115683733000026,"LONGITUDE":-82.61245452299994,"NAICS_CODE":"221121","NAICS_DESC":"ELECTRIC BULK POWER TRANSMISSION AND CONTROL","SOURCE":"OpenStreetMap","SOURCEDATE":1403827200000,"VAL_METHOD":"IMAGERY","VAL_DATE":1444089600000,"LINES":0,"MAX_VOLT":-999999,"MIN_VOLT":-999999,"MAX_INFER":"N","MIN_INFER":"N","pnode_id":1348257101,"pnode_name":"WELLINGT69 KV   HANVILLE","pnode_subtype":"LOAD","match_score":100.0,"pjm_zone":"FE-ATSI"}},{"type":"Feature","id":8131,"geometry":{"type":"Point","coordinates":[-82.6480505285955,39.9912413412355]},"properties":{"OBJECTID":8131,"ID":"154283","NAME":"KIRK","CITY":"PATASKALA","STATE":"OH","ZIP":"43062","TYPE":"SUBSTATION","STATUS":"IN SERVICE","COUNTY":"LICKING","COUNTYFIPS":"39089","COUNTRY":"USA","LATITUDE":39.991241341000034,"LONGITUDE":-82.64805052899999,"NAICS_CODE":"221121","NAICS_DESC":"ELECTRIC BULK POWER TRANSMISSION AND CONTROL","SOURCE":"OpenStreetMap","SOURCEDATE":1403654400000,"VAL_METHOD":"IMAGERY","VAL_DATE":1444176000000,"LINES":9,"MAX_VOLT":345,"MIN_VOLT":69,"MAX_INFER":"N","MIN_INFER":"Y","pnode_id":32411759,"pnode_name":"KIRK    138 KV  T1","pnode_subtype":"LOAD","match_score":100.0,"pjm_zone":"AEP"}},{"type":"Feature","id":8133,"geometry":{"type":"Point","coordinates":[-82.6960022984245,36.5905901911418]},"properties":{"OBJECTID":8133,"ID":"154285","NAME":"NAGEL","CITY":"CHURCH HILL","STATE":"TN","ZIP":"37642","TYPE":"SUBSTATION","STATUS":"IN SERVICE","COUNTY":"HAWKINS","COUNTYFIPS":"47073","COUNTRY":"USA","LATITUDE":36.59059019100005,"LONGITUDE":-82.69600229799994,"NAICS_CODE":"221121","NAICS_DESC":"ELECTRIC BULK POWER TRANSMISSION AND CONTROL","SOURCE":"OpenStreetMap, https://www.aeptransmission.com/tennessee/Nagel/docs/Nagel_FactSheet-Final6.pdf","SOURCEDATE":1406073600000,"VAL_METHOD":"IMAGERY","VAL_DATE":1588204800000,"LINES":8,"MAX_VOLT":500,"MIN_VOLT":138,"MAX_INFER":"N","MIN_INFER":"Y","pnode_id":35084667,"pnode_name":"NAGELAEP","pnode_subtype":"EHV","match_score":76.92307692307692,"pjm_zone":"AEP"}},{"type":"Feature","id":8134,"geometry":{"type":"Point","coordinates":[-82.5948826991541,36.3555178596933]},"properties":{"OBJECTID":8134,"ID":"154286","NAME":"MITCHELL","CITY":"JONESBOROUGH","STATE":"TN","ZIP":"37659","TYPE":"SUBSTATION","STATUS":"IN SERVICE","COUNTY":"WASHINGTON","COUNTYFIPS":"47179","COUNTRY":"USA","LATITUDE":36.35551786000008,"LONGITUDE":-82.59488269899998,"NAICS_CODE":"221121","NAICS_DESC":"ELECTRIC BULK POWER TRANSMISSION AND CONTROL","SOURCE":"OpenStreetMap","SOURCEDATE":1406073600000,"VAL_METHOD":"IMAGERY","VAL_DATE":1421884800000,"LINES":1,"MAX_VOLT":69,"MIN_VOLT":69,"MAX_INFER":"Y","MIN_INFER":"Y","pnode_id":34983445,"pnode_name":"MITCHELL 1","pnode_subtype":"AGGREGATE","match_score":88.88888888888889,"pjm_zone":"AEP"}},{"type":"Feature","id":8135,"geometry":{"type":"Point","coordinates":[-82.6353517973138,41.2432261252807]},"properties":{"OBJECTID":8135,"ID":"154287","NAME":"SAUER","CITY":"NORWALK","STATE":"OH","ZIP":"44857","TYPE":"SUBSTATION","STATUS":"IN SERVICE","COUNTY":"HURON","COUNTYFIPS":"39077","COUNTRY":"USA","LATITUDE":41.243226125000035,"LONGITUDE":-82.63535179699994,"NAICS_CODE":"221121","NAICS_DESC":"ELECTRIC BULK POWER TRANSMISSION AND CONTROL","SOURCE":"OpenStreetMap","SOURCEDATE":1403827200000,"VAL_METHOD":"IMAGERY","VAL_DATE":1444089600000,"LINES":0,"MAX_VOLT":-999999,"MIN_VOLT":-999999,"MAX_INFER":"N","MIN_INFER":"N","pnode_id":1869183608,"pnode_name":"SAUER   69 KV   T1","pnode_subtype":"LOAD","match_score":100.0,"pjm_zone":"FE-ATSI"}},{"type":"Feature","id":8136,"geometry":{"type":"Point","coordinates":[-82.6358086768741,41.3363068771276]},"properties":{"OBJECTID":8136,"ID":"154288","NAME":"AVERY","CITY":"MILAN","STATE":"OH","ZIP":"44846","TYPE":"SUBSTATION","STATUS":"IN SERVICE","COUNTY":"ERIE","COUNTYFIPS":"39043","COUNTRY":"USA","LATITUDE":41.33630687700003,"LONGITUDE":-82.63580867699994,"NAICS_CODE":"221121","NAICS_DESC":"ELECTRIC BULK POWER TRANSMISSION AND CONTROL","SOURCE":"OpenStreetMap","SOURCEDATE":1403654400000,"VAL_METHOD":"IMAGERY","VAL_DATE":1444176000000,"LINES":2,"MAX_VOLT":138,"MIN_VOLT":138,"MAX_INFER":"Y","MIN_INFER":"Y","pnode_id":32414801,"pnode_name":"AVERY   69 KV   A","pnode_subtype":"LOAD","match_score":100.0,"pjm_zone":"FE-ATSI"}},{"type":"Feature","id":8137,"geometry":{"type":"Point","coordinates":[-82.6091960910736,39.0436659890025]},"properties":{"OBJECTID":8137,"ID":"154289","NAME":"LICK","CITY":"JACKSON","STATE":"OH","ZIP":"45640","TYPE":"SUBSTATION","STATUS":"IN SERVICE","COUNTY":"JACKSON","COUNTYFIPS":"39079","COUNTRY":"USA","LATITUDE":39.04366598900003,"LONGITUDE":-82.60919609099994,"NAICS_CODE":"221121","NAICS_DESC":"ELECTRIC BULK POWER TRANSMISSION AND CONTROL","SOURCE":"OpenStreetMap","SOURCEDATE":1403654400000,"VAL_METHOD":"IMAGERY","VAL_DATE":1444176000000,"LINES":7,"MAX_VOLT":138,"MIN_VOLT":138,"MAX_INFER":"Y","MIN_INFER":"Y","pnode_id":32411815,"pnode_name":"LICK    138 KV  T1","pnode_subtype":"LOAD","match_score":100.0,"pjm_zone":"AEP"}},{"type":"Feature","id":8138,"geometry":{"type":"Point","coordinates":[-82.6347553060837,36.7223602877303]},"properties":{"OBJECTID":8138,"ID":"154294","NAME":"HILL","CITY":"FORT BLACKMORE","STATE":"VA","ZIP":"24250","TYPE":"SUBSTATION","STATUS":"IN SERVICE","COUNTY":"SCOTT","COUNTYFIPS":"51169","COUNTRY":"USA","LATITUDE":36.72236028800006,"LONGITUDE":-82.63475530599999,"NAICS_CODE":"221121","NAICS_DESC":"ELECTRIC BULK POWER TRANSMISSION AND CONTROL","SOURCE":"IMAGERY, OpenStreetMap","SOURCEDATE":1403827200000,"VAL_METHOD":"IMAGERY","VAL_DATE":1403827200000,"LINES":5,"MAX_VOLT":138,"MIN_VOLT":138,"MAX_INFER":"Y","MIN_INFER":"Y","pnode_id":32411461,"pnode_name":"HALL    138 KV  T1","pnode_subtype":"LOAD","match_score":80.0,"pjm_zone":"AEP"}},{"type":"Feature","id":8154,"geometry":{"type":"Point","coordinates":[-82.2619237479779,41.4277575953144]},"properties":{"OBJECTID":8154,"ID":"154487","NAME":"BEAVER","CITY":"LORAIN","STATE":"OH","ZIP":"44053","TYPE":"SUBSTATION","STATUS":"IN SERVICE","COUNTY":"LORAIN","COUNTYFIPS":"39093","COUNTRY":"USA","LATITUDE":41.42775759500006,"LONGITUDE":-82.26192374799996,"NAICS_CODE":"221121","NAICS_DESC":"ELECTRIC BULK POWER TRANSMISSION AND CONTROL","SOURCE":"OpenStreetMap","SOURCEDATE":1403654400000,"VAL_METHOD":"IMAGERY","VAL_DATE":1444176000000,"LINES":12,"MAX_VOLT":345,"MIN_VOLT":138,"MAX_INFER":"Y","MIN_INFER":"Y","pnode_id":98370523,"pnode_name":"BEAVER  13.2 KV WL-B","pnode_subtype":"GEN","match_score":100.0,"pjm_zone":"FE-ATSI"}},{"type":"Feature","id":8164,"geometry":{"type":"Point","coordinates":[-82.5463399133267,41.3896229390917]},"properties":{"OBJECTID":8164,"ID":"154530","NAME":"HURON","CITY":"HURON","STATE":"OH","ZIP":"44839","TYPE":"SUBSTATION","STATUS":"IN SERVICE","COUNTY":"ERIE","COUNTYFIPS":"39043","COUNTRY":"USA","LATITUDE":41.38962293900005,"LONGITUDE":-82.54633991299994,"NAICS_CODE":"221121","NAICS_DESC":"ELECTRIC BULK POWER TRANSMISSION AND CONTROL","SOURCE":"OpenStreetMap","SOURCEDATE":1403827200000,"VAL_METHOD":"IMAGERY","VAL_DATE":1444089600000,"LINES":0,"MAX_VOLT":-999999,"MIN_VOLT":-999999,"MAX_INFER":"N","MIN_INFER":"N","pnode_id":1869183640,"pnode_name":"HURON FE69 KV   T1","pnode_subtype":"LOAD","match_score":100.0,"pjm_zone":"FE-ATSI"}},{"type":"Feature","id":8180,"geometry":{"type":"Point","coordinates":[-82.077192000164,41.3698989999767]},"properties":{"OBJECTID":8180,"ID":"154591","NAME":"ABBE","CITY":"ELYRIA","STATE":"OH","ZIP":"44035","TYPE":"SUBSTATION","STATUS":"IN SERVICE","COUNTY":"LORAIN","COUNTYFIPS":"39093","COUNTRY":"USA","LATITUDE":41.36989900000003,"LONGITUDE":-82.07719199999997,"NAICS_CODE":"221121","NAICS_DESC":"ELECTRIC BULK POWER TRANSMISSION AND CONTROL","SOURCE":"OpenStreetMap","SOURCEDATE":1403827200000,"VAL_METHOD":"IMAGERY","VAL_DATE":1444089600000,"LINES":2,"MAX_VOLT":-999999,"MIN_VOLT":-999999,"MAX_INFER":"N","MIN_INFER":"N","pnode_id":1348257155,"pnode_name":"ABBE    69 KV   T1 LD","pnode_subtype":"LOAD","match_score":100.0,"pjm_zone":"FE-ATSI"}},{"type":"Feature","id":8185,"geometry":{"type":"Point","coordinates":[-82.0705137868996,36.9226449307224]},"properties":{"OBJECTID":8185,"ID":"154596","NAME":"LEBANON","CITY":"LEBANON","STATE":"VA","ZIP":"24266","TYPE":"SUBSTATION","STATUS":"IN SERVICE","COUNTY":"RUSSELL","COUNTYFIPS":"51167","COUNTRY":"USA","LATITUDE":36.922644931000036,"LONGITUDE":-82.07051378699998,"NAICS_CODE":"221121","NAICS_DESC":"ELECTRIC BULK POWER TRANSMISSION AND CONTROL","SOURCE":"IMAGERY, OpenStreetMap","SOURCEDATE":1403740800000,"VAL_METHOD":"IMAGERY","VAL_DATE":1403740800000,"LINES":2,"MAX_VOLT":138,"MIN_VOLT":138,"MAX_INFER":"Y","MIN_INFER":"Y","pnode_id":32411807,"pnode_name":"LEBANON 138 KV  T1","pnode_subtype":"LOAD","match_score":100.0,"pjm_zone":"AEP"}},{"type":"Feature","id":8187,"geometry":{"type":"Point","coordinates":[-82.0269190483195,40.0941691330674]},"properties":{"OBJECTID":8187,"ID":"154599","NAME":"DRESDEN","CITY":"DRESDEN","STATE":"OH","ZIP":"43821","TYPE":"SUBSTATION","STATUS":"IN SERVICE","COUNTY":"MUSKINGUM","COUNTYFIPS":"39119","COUNTRY":"USA","LATITUDE":40.09416913300004,"LONGITUDE":-82.02691904799997,"NAICS_CODE":"221121","NAICS_DESC":"ELECTRIC BULK POWER TRANSMISSION AND CONTROL","SOURCE":"IMAGERY, OpenStreetMap","SOURCEDATE":1444176000000,"VAL_METHOD":"IMAGERY","VAL_DATE":1444176000000,"LINES":2,"MAX_VOLT":138,"MIN_VOLT":138,"MAX_INFER":"Y","MIN_INFER":"Y","pnode_id":33884145,"pnode_name":"DRESDEN 138 KV  STM1","pnode_subtype":"GEN","match_score":100.0,"pjm_zone":"AEP"}},{"type":"Feature","id":8193,"geometry":{"type":"Point","coordinates":[-81.9296097656161,38.9617960379756]},"properties":{"OBJECTID":8193,"ID":"154879","NAME":"SPORN","CITY":"LETART","STATE":"WV","ZIP":"25253","TYPE":"SUBSTATION","STATUS":"IN SERVICE","COUNTY":"MASON","COUNTYFIPS":"54053","COUNTRY":"USA","LATITUDE":38.961796038000045,"LONGITUDE":-81.92960976599994,"NAICS_CODE":"221121","NAICS_DESC":"ELECTRIC BULK POWER TRANSMISSION AND CONTROL","SOURCE":"IMAGERY, OpenStreetMap","SOURCEDATE":1396828800000,"VAL_METHOD":"IMAGERY","VAL_DATE":1441929600000,"LINES":10,"MAX_VOLT":345,"MIN_VOLT":345,"MAX_INFER":"N","MIN_INFER":"N","pnode_id":35079833,"pnode_name":"SPORN 1","pnode_subtype":"AGGREGATE","match_score":83.33333333333334,"pjm_zone":"AEP"}},{"type":"Feature","id":8194,"geometry":{"type":"Point","coordinates":[-81.9425218737273,38.9759317701078]},"properties":{"OBJECTID":8194,"ID":"154883","NAME":"MOUNTAINTEER","CITY":"LETART","STATE":"WV","ZIP":"25253","TYPE":"SUBSTATION","STATUS":"IN SERVICE","COUNTY":"MASON","COUNTYFIPS":"54053","COUNTRY":"USA","LATITUDE":38.975931770000045,"LONGITUDE":-81.94252187399997,"NAICS_CODE":"221121","NAICS_DESC":"ELECTRIC BULK POWER TRANSMISSION AND CONTROL","SOURCE":"IMAGERY, OpenStreetMap, http://www.pjm.com/pub/account/trans-fac/aepsct.xls","SOURCEDATE":1396828800000,"VAL_METHOD":"IMAGERY","VAL_DATE":1437091200000,"LINES":5,"MAX_VOLT":765,"MIN_VOLT":765,"MAX_INFER":"Y","MIN_INFER":"Y","pnode_id":34509207,"pnode_name":"MOUNTAINEER","pnode_subtype":"EHV","match_score":95.65217391304348,"pjm_zone":"AEP"}},{"type":"Feature","id":8197,"geometry":{"type":"Point","coordinates":[-81.9969910035876,36.9147640607211]},"properties":{"OBJECTID":8197,"ID":"154913","NAME":"ELK GARDEN","CITY":"LEBANON","STATE":"VA","ZIP":"24266","TYPE":"SUBSTATION","STATUS":"IN SERVICE","COUNTY":"RUSSELL","COUNTYFIPS":"51167","COUNTRY":"USA","LATITUDE":36.91476406100003,"LONGITUDE":-81.99699100399994,"NAICS_CODE":"221121","NAICS_DESC":"ELECTRIC BULK POWER TRANSMISSION AND CONTROL","SOURCE":"IMAGERY, OpenStreetMap","SOURCEDATE":1403740800000,"VAL_METHOD":"IMAGERY","VAL_DATE":1403740800000,"LINES":1,"MAX_VOLT":138,"MIN_VOLT":138,"MAX_INFER":"Y","MIN_INFER":"Y","pnode_id":1248984093,"pnode_name":"ELK     138 KV  T2","pnode_subtype":"LOAD","match_score":100.0,"pjm_zone":"AEP"}},{"type":"Feature","id":8198,"geometry":{"type":"Point","coordinates":[-81.6775942865649,37.6579408692422]},"properties":{"OBJECTID":8198,"ID":"154971","NAME":"WYOMING","CITY":"CLEAR FORK","STATE":"WV","ZIP":"24822","TYPE":"SUBSTATION","STATUS":"IN SERVICE","COUNTY":"WYOMING","COUNTYFIPS":"54109","COUNTRY":"USA","LATITUDE":37.65794086900007,"LONGITUDE":-81.67759428699998,"NAICS_CODE":"221121","NAICS_DESC":"ELECTRIC BULK POWER TRANSMISSION AND CONTROL","SOURCE":"IMAGERY, OpenStreetMap, http://www.pjm.com/pub/account/trans-fac/aepsct.xls","SOURCEDATE":1396828800000,"VAL_METHOD":"IMAGERY","VAL_DATE":1443744000000,"LINES":8,"MAX_VOLT":765,"MIN_VOLT":138,"MAX_INFER":"N","MIN_INFER":"Y","pnode_id":34509219,"pnode_name":"WYOMING","pnode_subtype":"EHV","match_score":100.0,"pjm_zone":"AEP"}},{"type":"Feature","id":8214,"geometry":{"type":"Point","coordinates":[-81.6515854207377,41.0995268682379]},"properties":{"OBJECTID":8214,"ID":"155002","NAME":"COPLEY","CITY":"AKRON","STATE":"OH","ZIP":"44321","TYPE":"SUBSTATION","STATUS":"IN SERVICE","COUNTY":"SUMMIT","COUNTYFIPS":"39153","COUNTRY":"USA","LATITUDE":41.099526868000055,"LONGITUDE":-81.65158542099994,"NAICS_CODE":"221121","NAICS_DESC":"ELECTRIC BULK POWER TRANSMISSION AND CONTROL","SOURCE":"OpenStreetMap","SOURCEDATE":1403827200000,"VAL_METHOD":"IMAGERY","VAL_DATE":1444089600000,"LINES":0,"MAX_VOLT":-999999,"MIN_VOLT":-999999,"MAX_INFER":"N","MIN_INFER":"N","pnode_id":2156110834,"pnode_name":"COLE    138 KV  T3","pnode_subtype":"LOAD","match_score":80.0,"pjm_zone":"FE-ATSI"}},{"type":"Feature","id":8215,"geometry":{"type":"Point","coordinates":[-81.6463638149267,41.0117973910797]},"properties":{"OBJECTID":8215,"ID":"155003","NAME":"NORTON","CITY":"NORTON","STATE":"OH","ZIP":"44203","TYPE":"SUBSTATION","STATUS":"IN SERVICE","COUNTY":"SUMMIT","COUNTYFIPS":"39153","COUNTRY":"USA","LATITUDE":41.01179739100007,"LONGITUDE":-81.64636381499997,"NAICS_CODE":"221121","NAICS_DESC":"ELECTRIC BULK POWER TRANSMISSION AND CONTROL","SOURCE":"OpenStreetMap","SOURCEDATE":1403827200000,"VAL_METHOD":"IMAGERY","VAL_DATE":1444089600000,"LINES":0,"MAX_VOLT":-999999,"MIN_VOLT":-999999,"MAX_INFER":"N","MIN_INFER":"N","pnode_id":32411121,"pnode_name":"DORTON  138 KV  T1","pnode_subtype":"LOAD","match_score":83.33333333333333,"pjm_zone":"FE-ATSI"}},{"type":"Feature","id":8218,"geometry":{"type":"Point","coordinates":[-81.6572501618851,40.6551275373353]},"properties":{"OBJECTID":8218,"ID":"155006","NAME":"ALPINE","CITY":"WILMOT","STATE":"OH","ZIP":"44689","TYPE":"SUBSTATION","STATUS":"IN SERVICE","COUNTY":"HOLMES","COUNTYFIPS":"39075","COUNTRY":"USA","LATITUDE":40.655127537000055,"LONGITUDE":-81.65725016199997,"NAICS_CODE":"221121","NAICS_DESC":"ELECTRIC BULK POWER TRANSMISSION AND CONTROL","SOURCE":"OpenStreetMap","SOURCEDATE":1470268800000,"VAL_METHOD":"IMAGERY","VAL_DATE":1494374400000,"LINES":0,"MAX_VOLT":-999999,"MIN_VOLT":-999999,"MAX_INFER":"N","MIN_INFER":"N","pnode_id":2156117885,"pnode_name":"WWILMONT69 KV   ALPINE","pnode_subtype":"LOAD","match_score":100.0,"pjm_zone":"AEP"}},{"type":"Feature","id":8219,"geometry":{"type":"Point","coordinates":[-81.6627958349348,39.5254487657183]},"properties":{"OBJECTID":8219,"ID":"155007","NAME":"WATERFORD","CITY":"WATERFORD","STATE":"OH","ZIP":"45786","TYPE":"SUBSTATION","STATUS":"IN SERVICE","COUNTY":"WASHINGTON","COUNTYFIPS":"39167","COUNTRY":"USA","LATITUDE":39.52544876600007,"LONGITUDE":-81.66279583499994,"NAICS_CODE":"221121","NAICS_DESC":"ELECTRIC BULK POWER TRANSMISSION AND CONTROL","SOURCE":"OpenStreetMap","SOURCEDATE":1403654400000,"VAL_METHOD":"IMAGERY","VAL_DATE":1444176000000,"LINES":2,"MAX_VOLT":138,"MIN_VOLT":138,"MAX_INFER":"Y","MIN_INFER":"Y","pnode_id":35102845,"pnode_name":"WATERFORD CC","pnode_subtype":"AGGREGATE","match_score":85.71428571428572,"pjm_zone":"AEP"}},{"type":"Feature","id":8220,"geometry":{"type":"Point","coordinates":[-81.6796453281065,36.9216769799334]},"properties":{"OBJECTID":8220,"ID":"155015","NAME":"BROADFORD (765 KV)","CITY":"SALTVILLE","STATE":"VA","ZIP":"24370","TYPE":"SUBSTATION","STATUS":"IN SERVICE","COUNTY":"SMYTH","COUNTYFIPS":"51173","COUNTRY":"USA","LATITUDE":36.92167698000003,"LONGITUDE":-81.67964532799994,"NAICS_CODE":"221121","NAICS_DESC":"ELECTRIC BULK POWER TRANSMISSION AND CONTROL","SOURCE":"IMAGERY, OpenStreetMap, https://aeptransmission.com/virginia/Tazewell-Bearwallow/docs/VOLUME%201%20(Exhibits%206%20through%2013).pdf","SOURCEDATE":1403827200000,"VAL_METHOD":"IMAGERY","VAL_DATE":1549411200000,"LINES":4,"MAX_VOLT":765,"MIN_VOLT":138,"MAX_INFER":"N","MIN_INFER":"Y","pnode_id":34509181,"pnode_name":"BROADFORD","pnode_subtype":"EHV","match_score":100.0,"pjm_zone":"AEP"}},{"type":"Feature","id":8285,"geometry":{"type":"Point","coordinates":[-81.420412819097,38.2048324838741]},"properties":{"OBJECTID":8285,"ID":"155326","NAME":"KANAWHA RIVER","CITY":"CEDAR GROVE","STATE":"WV","ZIP":"25039","TYPE":"SUBSTATION","STATUS":"IN SERVICE","COUNTY":"KANAWHA","COUNTYFIPS":"54039","COUNTRY":"USA","LATITUDE":38.204832484000065,"LONGITUDE":-81.42041281899998,"NAICS_CODE":"221121","NAICS_DESC":"ELECTRIC BULK POWER TRANSMISSION AND CONTROL","SOURCE":"IMAGERY, OpenStreetMap","SOURCEDATE":1396828800000,"VAL_METHOD":"IMAGERY","VAL_DATE":1441929600000,"LINES":11,"MAX_VOLT":345,"MIN_VOLT":138,"MAX_INFER":"N","MIN_INFER":"Y","pnode_id":35079819,"pnode_name":"KANAWHA RIVER 1","pnode_subtype":"AGGREGATE","match_score":92.85714285714286,"pjm_zone":"AEP"}},{"type":"Feature","id":8289,"geometry":{"type":"Point","coordinates":[-84.9857513700705,36.7820101178762]},"properties":{"OBJECTID":8289,"ID":"155462","NAME":"WAYNE","CITY":"MONTICELLO","STATE":"KY","ZIP":"42633","TYPE":"SUBSTATION","STATUS":"IN SERVICE","COUNTY":"WAYNE","COUNTYFIPS":"21231","COUNTRY":"USA","LATITUDE":36.78201011800007,"LONGITUDE":-84.98575136999995,"NAICS_CODE":"221121","NAICS_DESC":"ELECTRIC BULK POWER TRANSMISSION AND CONTROL","SOURCE":"IMAGERY, http://www.oatioasis.com/TVA/TVAdocs/TVA_Transmission_Map_2011_r2.pdf","SOURCEDATE":1397606400000,"VAL_METHOD":"IMAGERY","VAL_DATE":1443571200000,"LINES":4,"MAX_VOLT":161,"MIN_VOLT":69,"MAX_INFER":"Y","MIN_INFER":"Y","pnode_id":2156113466,"pnode_name":"PAYNE   69 KV   PT1","pnode_subtype":"LOAD","match_score":80.0,"pjm_zone":"EKPC"}},{"type":"Feature","id":8317,"geometry":{"type":"Point","coordinates":[-84.2249311121223,38.8656499588311]},"properties":{"OBJECTID":8317,"ID":"155518","NAME":"ZIMMER","CITY":"MOSCOW","STATE":"OH","ZIP":"45153","TYPE":"SUBSTATION","STATUS":"IN SERVICE","COUNTY":"CLERMONT","COUNTYFIPS":"39025","COUNTRY":"USA","LATITUDE":38.86564995900005,"LONGITUDE":-84.22493111199998,"NAICS_CODE":"221121","NAICS_DESC":"ELECTRIC BULK POWER TRANSMISSION AND CONTROL","SOURCE":"OpenStreetMap","SOURCEDATE":1403654400000,"VAL_METHOD":"IMAGERY","VAL_DATE":1443657600000,"LINES":5,"MAX_VOLT":345,"MIN_VOLT":345,"MAX_INFER":"Y","MIN_INFER":"Y","pnode_id":35079859,"pnode_name":"ZIMMER","pnode_subtype":"AGGREGATE","match_score":100.0,"pjm_zone":"DEOK"}},{"type":"Feature","id":8318,"geometry":{"type":"Point","coordinates":[-84.2903070516648,38.9905799202928]},"properties":{"OBJECTID":8318,"ID":"155519","NAME":"PIERCE","CITY":"NEW RICHMOND","STATE":"OH","ZIP":"45157","TYPE":"SUBSTATION","STATUS":"IN SERVICE","COUNTY":"CLERMONT","COUNTYFIPS":"39025","COUNTRY":"USA","LATITUDE":38.99057992000007,"LONGITUDE":-84.29030705199995,"NAICS_CODE":"221121","NAICS_DESC":"ELECTRIC BULK POWER TRANSMISSION AND CONTROL","SOURCE":"OpenStreetMap","SOURCEDATE":1403654400000,"VAL_METHOD":"IMAGERY","VAL_DATE":1443657600000,"LINES":11,"MAX_VOLT":345,"MIN_VOLT":138,"MAX_INFER":"Y","MIN_INFER":"Y","pnode_id":32419249,"pnode_name":"PIERCE  23 KV   BK6_D","pnode_subtype":"GEN","match_score":100.0,"pjm_zone":"DEOK"}},{"type":"Feature","id":8319,"geometry":{"type":"Point","coordinates":[-84.2493764853504,39.3058944282344]},"properties":{"OBJECTID":8319,"ID":"155520","NAME":"FOSTER","CITY":"MAINEVILLE","STATE":"OH","ZIP":"45039","TYPE":"SUBSTATION","STATUS":"IN SERVICE","COUNTY":"WARREN","COUNTYFIPS":"39165","COUNTRY":"USA","LATITUDE":39.305894428000045,"LONGITUDE":-84.24937648499997,"NAICS_CODE":"221121","NAICS_DESC":"ELECTRIC BULK POWER TRANSMISSION AND CONTROL","SOURCE":"OpenStreetMap","SOURCEDATE":1403654400000,"VAL_METHOD":"IMAGERY","VAL_DATE":1444176000000,"LINES":11,"MAX_VOLT":345,"MIN_VOLT":69,"MAX_INFER":"N","MIN_INFER":"Y","pnode_id":32413087,"pnode_name":"WOOSTER 138 KV  T2","pnode_subtype":"LOAD","match_score":76.92307692307692,"pjm_zone":"DEOK"}},{"type":"Feature","id":8320,"geometry":{"type":"Point","coordinates":[-84.2921744856471,38.9901948899625]},"properties":{"OBJECTID":8320,"ID":"155521","NAME":"PIERCE","CITY":"NEW RICHMOND","STATE":"OH","ZIP":"45157","TYPE":"SUBSTATION","STATUS":"IN SERVICE","COUNTY":"CLERMONT","COUNTYFIPS":"39025","COUNTRY":"USA","LATITUDE":38.990194890000055,"LONGITUDE":-84.29217448599996,"NAICS_CODE":"221121","NAICS_DESC":"ELECTRIC BULK POWER TRANSMISSION AND CONTROL","SOURCE":"IMAGERY, OpenStreetMap","SOURCEDATE":1452556800000,"VAL_METHOD":"IMAGERY","VAL_DATE":1452556800000,"LINES":2,"MAX_VOLT":138,"MIN_VOLT":138,"MAX_INFER":"Y","MIN_INFER":"Y","pnode_id":32419249,"pnode_name":"PIERCE  23 KV   BK6_D","pnode_subtype":"GEN","match_score":100.0,"pjm_zone":"DEOK"}},{"type":"Feature","id":8351,"geometry":{"type":"Point","coordinates":[-77.6799258762196,39.891090674259]},"properties":{"OBJECTID":8351,"ID":"155777","NAME":"TEXAS EASTERN","CITY":"GUILFORD TWP","STATE":"PA","ZIP":"17202","TYPE":"SUBSTATION","STATUS":"IN SERVICE","COUNTY":"FRANKLIN","COUNTYFIPS":"42055","COUNTRY":"USA","LATITUDE":39.891090674000054,"LONGITUDE":-77.67992587599997,"NAICS_CODE":"221121","NAICS_DESC":"ELECTRIC BULK POWER TRANSMISSION AND CONTROL","SOURCE":"IMAGERY, http://www.pjm.com/","SOURCEDATE":1521676800000,"VAL_METHOD":"IMAGERY","VAL_DATE":1521676800000,"LINES":1,"MAX_VOLT":138,"MIN_VOLT":138,"MAX_INFER":"Y","MIN_INFER":"Y","pnode_id":48934089,"pnode_name":"TEXAS E 69 KV   TEXAS E","pnode_subtype":"LOAD","match_score":83.33333333333333,"pjm_zone":"APS"}},{"type":"Feature","id":8441,"geometry":{"type":"Point","coordinates":[-74.1742344378288,40.6692017613372]},"properties":{"OBJECTID":8441,"ID":"156249","NAME":"NORTH AVENUE","CITY":"ELIZABETH","STATE":"NJ","ZIP":"07201","TYPE":"SUBSTATION","STATUS":"IN SERVICE","COUNTY":"UNION","COUNTYFIPS":"34039","COUNTRY":"USA","LATITUDE":40.66920176100007,"LONGITUDE":-74.17423443799998,"NAICS_CODE":"221121","NAICS_DESC":"ELECTRIC BULK POWER TRANSMISSION AND CONTROL","SOURCE":"IMAGERY, https://www.burnsmcd.com/projects/bergen-linden-corridor-project","SOURCEDATE":1524700800000,"VAL_METHOD":"IMAGERY","VAL_DATE":1524700800000,"LINES":2,"MAX_VOLT":345,"MIN_VOLT":345,"MAX_INFER":"N","MIN_INFER":"N","pnode_id":35010349,"pnode_name":"NORTH ANNA","pnode_subtype":"EHV","match_score":72.72727272727273,"pjm_zone":"PSEG"}},{"type":"Feature","id":8450,"geometry":{"type":"Point","coordinates":[-84.3865105208298,40.3986298490649]},"properties":{"OBJECTID":8450,"ID":"156346","NAME":"HMV MINSTER ENERGY STORAGE SYSTEM","CITY":"MINSTER","STATE":"OH","ZIP":"45865","TYPE":"SUBSTATION","STATUS":"IN SERVICE","COUNTY":"AUGLAIZE","COUNTYFIPS":"39011","COUNTRY":"USA","LATITUDE":40.39862984900003,"LONGITUDE":-84.38651052099993,"NAICS_CODE":"221121","NAICS_DESC":"ELECTRIC BULK POWER TRANSMISSION AND CONTROL","SOURCE":"IMAGERY, EIA 860","SOURCEDATE":1506988800000,"VAL_METHOD":"IMAGERY","VAL_DATE":1622505600000,"LINES":0,"MAX_VOLT":-999999,"MIN_VOLT":-999999,"MAX_INFER":"N","MIN_INFER":"N","pnode_id":40243615,"pnode_name":"MINSTER 69 KV   LOAD","pnode_subtype":"LOAD","match_score":100.0,"pjm_zone":"DAY"}},{"type":"Feature","id":8676,"geometry":{"type":"Point","coordinates":[-76.1370172195589,36.4759170323362]},"properties":{"OBJECTID":8676,"ID":"157233","NAME":"SUMMIT FARMS SOLAR","CITY":"MOYOCK","STATE":"NC","ZIP":"27958","TYPE":"SUBSTATION","STATUS":"IN SERVICE","COUNTY":"CURRITUCK","COUNTYFIPS":"37053","COUNTRY":"USA","LATITUDE":36.47591703200004,"LONGITUDE":-76.13701721999996,"NAICS_CODE":"221121","NAICS_DESC":"ELECTRIC BULK POWER TRANSMISSION AND CONTROL","SOURCE":"IMAGERY, EIA 860","SOURCEDATE":1506556800000,"VAL_METHOD":"IMAGERY","VAL_DATE":1622505600000,"LINES":2,"MAX_VOLT":230,"MIN_VOLT":230,"MAX_INFER":"Y","MIN_INFER":"Y","pnode_id":1374942745,"pnode_name":"SUMMIT FARMS SOLAR","pnode_subtype":"AGGREGATE","match_score":100.0,"pjm_zone":"DOM"}},{"type":"Feature","id":8678,"geometry":{"type":"Point","coordinates":[-84.0336170776416,41.0012649393278]},"properties":{"OBJECTID":8678,"ID":"157238","NAME":"WHIRLPOOL CORPORATION - OTTAWA WIND FARM","CITY":"OTTAWA","STATE":"OH","ZIP":"45875","TYPE":"SUBSTATION","STATUS":"IN SERVICE","COUNTY":"PUTNAM","COUNTYFIPS":"39137","COUNTRY":"USA","LATITUDE":41.001264939000066,"LONGITUDE":-84.03361707799996,"NAICS_CODE":"221121","NAICS_DESC":"ELECTRIC BULK POWER TRANSMISSION AND CONTROL","SOURCE":"IMAGERY, EIA 860","SOURCEDATE":1506988800000,"VAL_METHOD":"IMAGERY","VAL_DATE":1622505600000,"LINES":0,"MAX_VOLT":-999999,"MIN_VOLT":-999999,"MAX_INFER":"N","MIN_INFER":"N","pnode_id":1666104471,"pnode_name":"OTTAWA  69 KV   T1","pnode_subtype":"LOAD","match_score":100.0,"pjm_zone":"AEP"}},{"type":"Feature","id":8753,"geometry":{"type":"Point","coordinates":[-83.0802047861939,40.3064568332923]},"properties":{"OBJECTID":8753,"ID":"157415","NAME":"LINCOLN","CITY":"DELAWARE","STATE":"OH","ZIP":"43015","TYPE":"SUBSTATION","STATUS":"IN SERVICE","COUNTY":"DELAWARE","COUNTYFIPS":"39041","COUNTRY":"USA","LATITUDE":40.30645683300003,"LONGITUDE":-83.08020478599997,"NAICS_CODE":"221121","NAICS_DESC":"ELECTRIC BULK POWER TRANSMISSION AND CONTROL","SOURCE":"OpenStreetMap, https://aeptransmission.com/ohio/Lincoln-Berrywood/docs/Lincoln-Berrywood_FactSheet_V3.pdf","SOURCEDATE":1507507200000,"VAL_METHOD":"IMAGERY","VAL_DATE":1537833600000,"LINES":2,"MAX_VOLT":69,"MIN_VOLT":69,"MAX_INFER":"Y","MIN_INFER":"Y","pnode_id":123901281,"pnode_name":"LNCOLN2 69 KV   BK3","pnode_subtype":"LOAD","match_score":90.71428571428571,"pjm_zone":"FE-ATSI"}},{"type":"Feature","id":8768,"geometry":{"type":"Point","coordinates":[-84.3356160623695,41.3038680193163]},"properties":{"OBJECTID":8768,"ID":"157431","NAME":"RICHLAND","CITY":"DEFIANCE","STATE":"OH","ZIP":"43512","TYPE":"SUBSTATION","STATUS":"IN SERVICE","COUNTY":"DEFIANCE","COUNTYFIPS":"39039","COUNTRY":"USA","LATITUDE":41.30386801900005,"LONGITUDE":-84.33561606199999,"NAICS_CODE":"221121","NAICS_DESC":"ELECTRIC BULK POWER TRANSMISSION AND CONTROL","SOURCE":"OpenStreetMap, EIA 860","SOURCEDATE":1507507200000,"VAL_METHOD":"IMAGERY","VAL_DATE":1622505600000,"LINES":1,"MAX_VOLT":138,"MIN_VOLT":138,"MAX_INFER":"Y","MIN_INFER":"Y","pnode_id":44460895,"pnode_name":"RICHLND 138 KV  RP81","pnode_subtype":"GEN","match_score":98.33333333333333,"pjm_zone":"FE-ATSI"}},{"type":"Feature","id":8829,"geometry":{"type":"Point","coordinates":[-77.5314644128925,39.0755088702859]},"properties":{"OBJECTID":8829,"ID":"157646","NAME":"GOOSE CREEK","CITY":"LEESBURG","STATE":"VA","ZIP":"20175","TYPE":"SUBSTATION","STATUS":"IN SERVICE","COUNTY":"LOUDOUN","COUNTYFIPS":"51107","COUNTRY":"USA","LATITUDE":39.07550887000008,"LONGITUDE":-77.53146441299998,"NAICS_CODE":"221121","NAICS_DESC":"ELECTRIC BULK POWER TRANSMISSION AND CONTROL","SOURCE":"OpenStreetMap","SOURCEDATE":1507507200000,"VAL_METHOD":"IMAGERY","VAL_DATE":1551398400000,"LINES":3,"MAX_VOLT":500,"MIN_VOLT":500,"MAX_INFER":"N","MIN_INFER":"N","pnode_id":292887,"pnode_name":"OYSTER CREEK 1","pnode_subtype":"AGGREGATE","match_score":72.0,"pjm_zone":"DOM"}},{"type":"Feature","id":8836,"geometry":{"type":"Point","coordinates":[-81.1218750072261,40.7167737698033]},"properties":{"OBJECTID":8836,"ID":"157671","NAME":"MINERVA","CITY":"MINERVA","STATE":"OH","ZIP":"44657","TYPE":"SUBSTATION","STATUS":"IN SERVICE","COUNTY":"CARROLL","COUNTYFIPS":"39019","COUNTRY":"USA","LATITUDE":40.71677377000003,"LONGITUDE":-81.12187500699997,"NAICS_CODE":"221121","NAICS_DESC":"ELECTRIC BULK POWER TRANSMISSION AND CONTROL","SOURCE":"OpenStreetMap, https://aeptransmission.com/ohio/Malvern-Minerva/","SOURCEDATE":1507507200000,"VAL_METHOD":"IMAGERY","VAL_DATE":1537401600000,"LINES":0,"MAX_VOLT":-999999,"MIN_VOLT":-999999,"MAX_INFER":"N","MIN_INFER":"N","pnode_id":2156112868,"pnode_name":"MINERVA 69 KV   T1","pnode_subtype":"LOAD","match_score":100.0,"pjm_zone":"AEP"}},{"type":"Feature","id":8845,"geometry":{"type":"Point","coordinates":[-81.9388167956941,40.859386164243]},"properties":{"OBJECTID":8845,"ID":"157688","NAME":"MADISONBURG","CITY":"WOOSTER","STATE":"OH","ZIP":"44691","TYPE":"SUBSTATION","STATUS":"IN SERVICE","COUNTY":"WAYNE","COUNTYFIPS":"39169","COUNTRY":"USA","LATITUDE":40.85938616400006,"LONGITUDE":-81.93881679599997,"NAICS_CODE":"221121","NAICS_DESC":"ELECTRIC BULK POWER TRANSMISSION AND CONTROL","SOURCE":"OpenStreetMap, https://aeptransmission.com/ohio/NorthWooster1/docs/NorthWooster_FactSheet_V5.pdf","SOURCEDATE":1507507200000,"VAL_METHOD":"IMAGERY","VAL_DATE":1537488000000,"LINES":0,"MAX_VOLT":-999999,"MIN_VOLT":-999999,"MAX_INFER":"N","MIN_INFER":"N","pnode_id":130204739,"pnode_name":"MADISON","pnode_subtype":"AGGREGATE","match_score":77.77777777777779,"pjm_zone":"FE-ATSI"}},{"type":"Feature","id":8850,"geometry":{"type":"Point","coordinates":[-77.5645470318818,38.8941318908492]},"properties":{"OBJECTID":8850,"ID":"157733","NAME":"LOUDON","CITY":"ALDIE","STATE":"VA","ZIP":"20105","TYPE":"SUBSTATION","STATUS":"IN SERVICE","COUNTY":"LOUDOUN","COUNTYFIPS":"51107","COUNTRY":"USA","LATITUDE":38.89413189100003,"LONGITUDE":-77.56454703199995,"NAICS_CODE":"221121","NAICS_DESC":"ELECTRIC BULK POWER TRANSMISSION AND CONTROL","SOURCE":"IMAGERY","SOURCEDATE":1511827200000,"VAL_METHOD":"IMAGERY","VAL_DATE":1551916800000,"LINES":5,"MAX_VOLT":500,"MIN_VOLT":500,"MAX_INFER":"Y","MIN_INFER":"Y","pnode_id":2156113574,"pnode_name":"IRNTRNGL138 KV  LOUDON","pnode_subtype":"LOAD","match_score":100.0,"pjm_zone":"DOM"}},{"type":"Feature","id":8856,"geometry":{"type":"Point","coordinates":[-85.4653137730206,41.1052830456812]},"properties":{"OBJECTID":8856,"ID":"157765","NAME":"RABER","CITY":"COLUMBIA CITY","STATE":"IN","ZIP":"46725","TYPE":"SUBSTATION","STATUS":"IN SERVICE","COUNTY":"WHITLEY","COUNTYFIPS":"18183","COUNTRY":"USA","LATITUDE":41.10528304600007,"LONGITUDE":-85.46531377299993,"NAICS_CODE":"221121","NAICS_DESC":"ELECTRIC BULK POWER TRANSMISSION AND CONTROL","SOURCE":"IMAGERY, https://www.pjm.com/-/media/committees-groups/committees/srrtep-w/20170124/20170124-reliability-analysis-update.ashx","SOURCEDATE":1519171200000,"VAL_METHOD":"IMAGERY","VAL_DATE":1550620800000,"LINES":2,"MAX_VOLT":138,"MIN_VOLT":138,"MAX_INFER":"Y","MIN_INFER":"Y","pnode_id":40243261,"pnode_name":"RABER   138 KV  T1 LOAD","pnode_subtype":"LOAD","match_score":100.0,"pjm_zone":"AEP"}},{"type":"Feature","id":8919,"geometry":{"type":"Point","coordinates":[-74.4508668952768,40.7855518662534]},"properties":{"OBJECTID":8919,"ID":"158408","NAME":"JCPL","CITY":"MORRISTOWN","STATE":"NJ","ZIP":"07960","TYPE":"SUBSTATION","STATUS":"IN SERVICE","COUNTY":"MORRIS","COUNTYFIPS":"34027","COUNTRY":"USA","LATITUDE":40.78555186600005,"LONGITUDE":-74.45086689499993,"NAICS_CODE":"221121","NAICS_DESC":"ELECTRIC BULK POWER TRANSMISSION AND CONTROL","SOURCE":"OpenStreetMap","SOURCEDATE":1507507200000,"VAL_METHOD":"IMAGERY","VAL_DATE":1528070400000,"LINES":0,"MAX_VOLT":-999999,"MIN_VOLT":-999999,"MAX_INFER":"N","MIN_INFER":"N","pnode_id":51295,"pnode_name":"JCPL","pnode_subtype":"ZONE","match_score":100.0,"pjm_zone":"JCPL"}},{"type":"Feature","id":8924,"geometry":{"type":"Point","coordinates":[-85.2229117173903,41.2786430953229]},"properties":{"OBJECTID":8924,"ID":"158423","NAME":"LAOTTO","CITY":"LAOTTO","STATE":"IN","ZIP":"46763","TYPE":"SUBSTATION","STATUS":"IN SERVICE","COUNTY":"NOBLE","COUNTYFIPS":"18113","COUNTRY":"USA","LATITUDE":41.278643095000064,"LONGITUDE":-85.22291171699999,"NAICS_CODE":"221121","NAICS_DESC":"ELECTRIC BULK POWER TRANSMISSION AND CONTROL","SOURCE":"OpenStreetMap, https://www.pjm.com/-/media/committees-groups/committees/srrtep-w/20170124/20170124-reliability-analysis-update.ashx","SOURCEDATE":1507507200000,"VAL_METHOD":"IMAGERY","VAL_DATE":1550620800000,"LINES":1,"MAX_VOLT":138,"MIN_VOLT":138,"MAX_INFER":"Y","MIN_INFER":"Y","pnode_id":32411791,"pnode_name":"LAOTTO  138 KV  T1","pnode_subtype":"LOAD","match_score":100.0,"pjm_zone":"AEP"}},{"type":"Feature","id":8950,"geometry":{"type":"Point","coordinates":[-83.118527421966,39.8991743481318]},"properties":{"OBJECTID":8950,"ID":"158900","NAME":"BOLTON","CITY":"COLUMBUS","STATE":"OH","ZIP":"43123","TYPE":"SUBSTATION","STATUS":"IN SERVICE","COUNTY":"FRANKLIN","COUNTYFIPS":"39049","COUNTRY":"USA","LATITUDE":39.89917434800003,"LONGITUDE":-83.11852742199994,"NAICS_CODE":"221121","NAICS_DESC":"ELECTRIC BULK POWER TRANSMISSION AND CONTROL","SOURCE":"IMAGERY, https://aeptransmission.com/ohio/Bolton/","SOURCEDATE":1537833600000,"VAL_METHOD":"IMAGERY","VAL_DATE":1537833600000,"LINES":0,"MAX_VOLT":-999999,"MIN_VOLT":-999999,"MAX_INFER":"N","MIN_INFER":"N","pnode_id":1379257896,"pnode_name":"BOLTON  138 KV  T1","pnode_subtype":"LOAD","match_score":100.0,"pjm_zone":"AEP"}},{"type":"Feature","id":8951,"geometry":{"type":"Point","coordinates":[-83.0425864736221,39.9389642759302]},"properties":{"OBJECTID":8951,"ID":"158901","NAME":"REAVER","CITY":"COLUMBUS","STATE":"OH","ZIP":"43223","TYPE":"SUBSTATION","STATUS":"PROPOSED","COUNTY":"FRANKLIN","COUNTYFIPS":"39049","COUNTRY":"USA","LATITUDE":39.938964276000036,"LONGITUDE":-83.04258647399996,"NAICS_CODE":"221121","NAICS_DESC":"ELECTRIC BULK POWER TRANSMISSION AND CONTROL","SOURCE":"IMAGERY, https://aeptransmission.com/ohio/Reaver/","SOURCEDATE":1537833600000,"VAL_METHOD":"IMAGERY","VAL_DATE":1537833600000,"LINES":0,"MAX_VOLT":-999999,"MIN_VOLT":-999999,"MAX_INFER":"N","MIN_INFER":"N","pnode_id":2156108972,"pnode_name":"REAVER  138 KV  T4","pnode_subtype":"LOAD","match_score":100.0,"pjm_zone":"AEP"}},{"type":"Feature","id":8960,"geometry":{"type":"Point","coordinates":[-82.9872682875963,40.2654251077705]},"properties":{"OBJECTID":8960,"ID":"158910","NAME":"BERRYWOOD","CITY":"DELAWARE","STATE":"OH","ZIP":"43015","TYPE":"SUBSTATION","STATUS":"IN SERVICE","COUNTY":"DELAWARE","COUNTYFIPS":"39041","COUNTRY":"USA","LATITUDE":40.265425108000045,"LONGITUDE":-82.98726828799994,"NAICS_CODE":"221121","NAICS_DESC":"ELECTRIC BULK POWER TRANSMISSION AND CONTROL","SOURCE":"IMAGERY, https://aeptransmission.com/ohio/Lincoln-Berrywood/docs/Lincoln-Berrywood_FactSheet_V3.pdf","SOURCEDATE":1537833600000,"VAL_METHOD":"IMAGERY","VAL_DATE":1537833600000,"LINES":3,"MAX_VOLT":138,"MIN_VOLT":69,"MAX_INFER":"Y","MIN_INFER":"Y","pnode_id":40243243,"pnode_name":"KEYWOOD 138 KV  T1 LOAD","pnode_subtype":"LOAD","match_score":80.0,"pjm_zone":"AEP"}},{"type":"Feature","id":8969,"geometry":{"type":"Point","coordinates":[-83.2748403037084,40.724273911677]},"properties":{"OBJECTID":8969,"ID":"158919","NAME":"HARPSTER","CITY":"HARPSTER","STATE":"OH","ZIP":"43323","TYPE":"SUBSTATION","STATUS":"IN SERVICE","COUNTY":"WYANDOT","COUNTYFIPS":"39175","COUNTRY":"USA","LATITUDE":40.72427391200006,"LONGITUDE":-83.27484030399995,"NAICS_CODE":"221121","NAICS_DESC":"ELECTRIC BULK POWER TRANSMISSION AND CONTROL","SOURCE":"IMAGERY, https://aeptransmission.com/ohio/Harpster-Waldo/docs/Harpster-Waldo_FactSheet_V6.pdf","SOURCEDATE":1537920000000,"VAL_METHOD":"IMAGERY","VAL_DATE":1537920000000,"LINES":2,"MAX_VOLT":-999999,"MIN_VOLT":-999999,"MAX_INFER":"N","MIN_INFER":"N","pnode_id":1218905961,"pnode_name":"UPPERSAN69 KV   HARPSTER","pnode_subtype":"LOAD","match_score":100.0,"pjm_zone":"AEP"}},{"type":"Feature","id":9028,"geometry":{"type":"Point","coordinates":[-88.4742323775983,41.6878254282894]},"properties":{"OBJECTID":9028,"ID":"160155","NAME":"PLANO (138 KV)","CITY":"PLANO","STATE":"IL","ZIP":"60545","TYPE":"SUBSTATION","STATUS":"IN SERVICE","COUNTY":"KENDALL","COUNTYFIPS":"17093","COUNTRY":"USA","LATITUDE":41.68782542800005,"LONGITUDE":-88.47423237799995,"NAICS_CODE":"221121","NAICS_DESC":"ELECTRIC BULK POWER TRANSMISSION AND CONTROL","SOURCE":"OpenStreetMap, http://www.pjm.com/~/media/documents/reports/2012-rtep/2012-rtep-book-5.ashx","SOURCEDATE":1547596800000,"VAL_METHOD":"IMAGERY","VAL_DATE":1547596800000,"LINES":5,"MAX_VOLT":138,"MIN_VOLT":138,"MAX_INFER":"Y","MIN_INFER":"Y","pnode_id":32411807,"pnode_name":"LEBANON 138 KV  T1","pnode_subtype":"LOAD","match_score":70.96774193548387,"pjm_zone":"COMED"}},{"type":"Feature","id":9115,"geometry":{"type":"Point","coordinates":[-81.9835342029022,37.15704533007]},"properties":{"OBJECTID":9115,"ID":"160540","NAME":"PERMAC","CITY":"OAKWOOD","STATE":"VA","ZIP":"24631","TYPE":"SUBSTATION","STATUS":"IN SERVICE","COUNTY":"BUCHANAN","COUNTYFIPS":"51027","COUNTRY":"USA","LATITUDE":37.157045330000074,"LONGITUDE":-81.98353420299998,"NAICS_CODE":"221121","NAICS_DESC":"ELECTRIC BULK POWER TRANSMISSION AND CONTROL","SOURCE":"IMAGERY, https://aeptransmission.com/virginia/Tazewell-Bearwallow/docs/VOLUME%201%20(Exhibits%206%20through%2013).pdf","SOURCEDATE":1549324800000,"VAL_METHOD":"IMAGERY","VAL_DATE":1549411200000,"LINES":1,"MAX_VOLT":69,"MIN_VOLT":69,"MAX_INFER":"N","MIN_INFER":"N","pnode_id":2156115860,"pnode_name":"PERMAC  69 KV   CNXGAS","pnode_subtype":"LOAD","match_score":100.0,"pjm_zone":"AEP"}},{"type":"Feature","id":9120,"geometry":{"type":"Point","coordinates":[-81.8121401697096,37.7854958323203]},"properties":{"OBJECTID":9120,"ID":"160552","NAME":"BECCO","CITY":"AMHERSTDALE","STATE":"WV","ZIP":"25607","TYPE":"SUBSTATION","STATUS":"IN SERVICE","COUNTY":"LOGAN","COUNTYFIPS":"54045","COUNTRY":"USA","LATITUDE":37.78549583200004,"LONGITUDE":-81.81214016999996,"NAICS_CODE":"221121","NAICS_DESC":"ELECTRIC BULK POWER TRANSMISSION AND CONTROL","SOURCE":"IMAGERY, https://www.aeptransmission.com/westvirginia/Becco-Kopperston/docs/Becco-Kopperston_FactSheet_V10.pdf","SOURCEDATE":1550188800000,"VAL_METHOD":"IMAGERY","VAL_DATE":1550188800000,"LINES":0,"MAX_VOLT":-999999,"MIN_VOLT":-999999,"MAX_INFER":"N","MIN_INFER":"N","pnode_id":1137350094,"pnode_name":"BRESCO","pnode_subtype":"AGGREGATE","match_score":72.72727272727273,"pjm_zone":"AEP"}},{"type":"Feature","id":9122,"geometry":{"type":"Point","coordinates":[-82.1215853742693,37.2251664279449]},"properties":{"OBJECTID":9122,"ID":"160555","NAME":"TURKEY PEN","CITY":"VANSANT","STATE":"VA","ZIP":"24656","TYPE":"SUBSTATION","STATUS":"IN SERVICE","COUNTY":"BUCHANAN","COUNTYFIPS":"51027","COUNTRY":"USA","LATITUDE":37.22516642800008,"LONGITUDE":-82.12158537399995,"NAICS_CODE":"221121","NAICS_DESC":"ELECTRIC BULK POWER TRANSMISSION AND CONTROL","SOURCE":"IMAGERY, https://aeptransmission.com/virginia/Tazewell-Bearwallow/docs/VOLUME%201%20(Exhibits%206%20through%2013).pdf","SOURCEDATE":1549411200000,"VAL_METHOD":"IMAGERY","VAL_DATE":1549411200000,"LINES":1,"MAX_VOLT":69,"MIN_VOLT":69,"MAX_INFER":"N","MIN_INFER":"N","pnode_id":1218905972,"pnode_name":"DISMALRV69 KV   TURKEY","pnode_subtype":"LOAD","match_score":80.0,"pjm_zone":"AEP"}},{"type":"Feature","id":9127,"geometry":{"type":"Point","coordinates":[-81.9747825450114,37.1708581010936]},"properties":{"OBJECTID":9127,"ID":"160560","NAME":"MARVIN","CITY":"OAKWOOD","STATE":"VA","ZIP":"24631","TYPE":"SUBSTATION","STATUS":"IN SERVICE","COUNTY":"BUCHANAN","COUNTYFIPS":"51027","COUNTRY":"USA","LATITUDE":37.17085810100008,"LONGITUDE":-81.97478254499998,"NAICS_CODE":"221121","NAICS_DESC":"ELECTRIC BULK POWER TRANSMISSION AND CONTROL","SOURCE":"IMAGERY, https://aeptransmission.com/virginia/Tazewell-Bearwallow/docs/VOLUME%201%20(Exhibits%206%20through%2013).pdf","SOURCEDATE":1549324800000,"VAL_METHOD":"IMAGERY","VAL_DATE":1549411200000,"LINES":1,"MAX_VOLT":69,"MIN_VOLT":69,"MAX_INFER":"N","MIN_INFER":"N","pnode_id":2156116031,"pnode_name":"MARVIN  69 KV   CNXGAS","pnode_subtype":"LOAD","match_score":100.0,"pjm_zone":"AEP"}},{"type":"Feature","id":9133,"geometry":{"type":"Point","coordinates":[-85.7747066273587,40.2711936220331]},"properties":{"OBJECTID":9133,"ID":"160568","NAME":"MULLIN","CITY":"ALEXANDRIA","STATE":"IN","ZIP":"46001","TYPE":"SUBSTATION","STATUS":"IN SERVICE","COUNTY":"MADISON","COUNTYFIPS":"18095","COUNTRY":"USA","LATITUDE":40.271193622000055,"LONGITUDE":-85.77470662699994,"NAICS_CODE":"221121","NAICS_DESC":"ELECTRIC BULK POWER TRANSMISSION AND CONTROL","SOURCE":"IMAGERY, https://aeptransmission.com/indiana/Alexandria/docs/Alexandria_fact-sheet_V2.pdf","SOURCEDATE":1550534400000,"VAL_METHOD":"IMAGERY","VAL_DATE":1550534400000,"LINES":2,"MAX_VOLT":138,"MIN_VOLT":138,"MAX_INFER":"Y","MIN_INFER":"Y","pnode_id":32412059,"pnode_name":"MULLIN  138 KV  T1","pnode_subtype":"LOAD","match_score":100.0,"pjm_zone":"AEP"}},{"type":"Feature","id":9135,"geometry":{"type":"Point","coordinates":[-81.8252837161773,37.6832887802188]},"properties":{"OBJECTID":9135,"ID":"160571","NAME":"ELK CREEK","CITY":"MAN","STATE":"WV","ZIP":"25635","TYPE":"SUBSTATION","STATUS":"IN SERVICE","COUNTY":"LOGAN","COUNTYFIPS":"54045","COUNTRY":"USA","LATITUDE":37.683288780000055,"LONGITUDE":-81.82528371599994,"NAICS_CODE":"221121","NAICS_DESC":"ELECTRIC BULK POWER TRANSMISSION AND CONTROL","SOURCE":"IMAGERY, https://aeptransmission.com/virginia/Tazewell-Bearwallow/docs/VOLUME%201%20(Exhibits%206%20through%2013).pdf","SOURCEDATE":1549411200000,"VAL_METHOD":"IMAGERY","VAL_DATE":1549411200000,"LINES":1,"MAX_VOLT":46,"MIN_VOLT":46,"MAX_INFER":"N","MIN_INFER":"N","pnode_id":1248984093,"pnode_name":"ELK     138 KV  T2","pnode_subtype":"LOAD","match_score":100.0,"pjm_zone":"AEP"}},{"type":"Feature","id":9139,"geometry":{"type":"Point","coordinates":[-82.2667798823004,37.6259795753228]},"properties":{"OBJECTID":9139,"ID":"160576","NAME":"BELFRY","CITY":"BELFRY","STATE":"KY","ZIP":"41514","TYPE":"SUBSTATION","STATUS":"IN SERVICE","COUNTY":"PIKE","COUNTYFIPS":"21195","COUNTRY":"USA","LATITUDE":37.62597957500003,"LONGITUDE":-82.26677988199998,"NAICS_CODE":"221121","NAICS_DESC":"ELECTRIC BULK POWER TRANSMISSION AND CONTROL","SOURCE":"IMAGERY, https://aeptransmission.com/virginia/Tazewell-Bearwallow/docs/VOLUME%201%20(Exhibits%206%20through%2013).pdf","SOURCEDATE":1549411200000,"VAL_METHOD":"IMAGERY","VAL_DATE":1549411200000,"LINES":1,"MAX_VOLT":46,"MIN_VOLT":46,"MAX_INFER":"N","MIN_INFER":"N","pnode_id":1132285222,"pnode_name":"PELFREY 69 KV   LD_183","pnode_subtype":"LOAD","match_score":76.92307692307692,"pjm_zone":"AEP"}},{"type":"Feature","id":9140,"geometry":{"type":"Point","coordinates":[-80.6845995970251,39.9340663207699]},"properties":{"OBJECTID":9140,"ID":"160581","NAME":"WAYMAN","CITY":"MOUNDSVILLE","STATE":"WV","ZIP":"26041","TYPE":"SUBSTATION","STATUS":"IN SERVICE","COUNTY":"MARSHALL","COUNTYFIPS":"54051","COUNTRY":"USA","LATITUDE":39.934066321000046,"LONGITUDE":-80.68459959699999,"NAICS_CODE":"221121","NAICS_DESC":"ELECTRIC BULK POWER TRANSMISSION AND CONTROL","SOURCE":"IMAGERY, https://www.pjm.com/-/media/committees-groups/committees/srrtep-w/20170421/20170421-reliability-analysis-update.ashx","SOURCEDATE":1550102400000,"VAL_METHOD":"IMAGERY","VAL_DATE":1550102400000,"LINES":3,"MAX_VOLT":138,"MIN_VOLT":138,"MAX_INFER":"N","MIN_INFER":"N","pnode_id":1067161806,"pnode_name":"WAYMAN  138 KV  XT1","pnode_subtype":"LOAD","match_score":100.0,"pjm_zone":"AEP"}},{"type":"Feature","id":9161,"geometry":{"type":"Point","coordinates":[-81.7132460010286,38.1738622686808]},"properties":{"OBJECTID":9161,"ID":"160610","NAME":"BOONE","CITY":"ASHFORD","STATE":"WV","ZIP":"25009","TYPE":"SUBSTATION","STATUS":"IN SERVICE","COUNTY":"BOONE","COUNTYFIPS":"54005","COUNTRY":"USA","LATITUDE":38.17386226900004,"LONGITUDE":-81.71324600099996,"NAICS_CODE":"221121","NAICS_DESC":"ELECTRIC BULK POWER TRANSMISSION AND CONTROL","SOURCE":"IMAGERY, https://www.aeptransmission.com/westvirginia/Boone/CabinCreek/docs/Boone-CabinCreek_FactSheet.v2.pdf","SOURCEDATE":1550448000000,"VAL_METHOD":"IMAGERY","VAL_DATE":1550448000000,"LINES":0,"MAX_VOLT":-999999,"MIN_VOLT":-999999,"MAX_INFER":"N","MIN_INFER":"N","pnode_id":2156109556,"pnode_name":"FIELDCRE138 KV  BOONE","pnode_subtype":"LOAD","match_score":100.0,"pjm_zone":"AEP"}},{"type":"Feature","id":9163,"geometry":{"type":"Point","coordinates":[-81.3722370669283,38.266579805188]},"properties":{"OBJECTID":9163,"ID":"160612","NAME":"KELLY CREEK","CITY":"BLOUNT","STATE":"WV","ZIP":"25025","TYPE":"SUBSTATION","STATUS":"IN SERVICE","COUNTY":"KANAWHA","COUNTYFIPS":"54039","COUNTRY":"USA","LATITUDE":38.26657980500005,"LONGITUDE":-81.37223706699996,"NAICS_CODE":"221121","NAICS_DESC":"ELECTRIC BULK POWER TRANSMISSION AND CONTROL","SOURCE":"IMAGERY, https://www.aeptransmission.com/westvirginia/CabinCreek/docs/CabinCreek-Clendenin_FactSheet_V8.pdf","SOURCEDATE":1550448000000,"VAL_METHOD":"IMAGERY","VAL_DATE":1550448000000,"LINES":1,"MAX_VOLT":69,"MIN_VOLT":69,"MAX_INFER":"N","MIN_INFER":"N","pnode_id":93353807,"pnode_name":"KELLY   138 KV  TR71","pnode_subtype":"LOAD","match_score":100.0,"pjm_zone":"AEP"}},{"type":"Feature","id":9164,"geometry":{"type":"Point","coordinates":[-84.8818628091582,41.4238258478856]},"properties":{"OBJECTID":9164,"ID":"160613","NAME":"BUTLER","CITY":"BUTLER","STATE":"IN","ZIP":"46721","TYPE":"SUBSTATION","STATUS":"IN SERVICE","COUNTY":"DEKALB","COUNTYFIPS":"18033","COUNTRY":"USA","LATITUDE":41.423825848000035,"LONGITUDE":-84.88186280899998,"NAICS_CODE":"221121","NAICS_DESC":"ELECTRIC BULK POWER TRANSMISSION AND CONTROL","SOURCE":"IMAGERY, https://aeptransmission.com/indiana/AuburnButler/docs/Auburn-Butler_FactSheet-v3.pdf","SOURCEDATE":1550534400000,"VAL_METHOD":"IMAGERY","VAL_DATE":1550534400000,"LINES":2,"MAX_VOLT":138,"MIN_VOLT":138,"MAX_INFER":"Y","MIN_INFER":"Y","pnode_id":32412497,"pnode_name":"SBUTLER 345 KV  T1","pnode_subtype":"LOAD","match_score":92.3076923076923,"pjm_zone":"AEP"}},{"type":"Feature","id":9167,"geometry":{"type":"Point","coordinates":[-85.6895183038008,40.2476391308141]},"properties":{"OBJECTID":9167,"ID":"160616","NAME":"ALADDIN","CITY":"ALEXANDRIA","STATE":"IN","ZIP":"46001","TYPE":"SUBSTATION","STATUS":"IN SERVICE","COUNTY":"MADISON","COUNTYFIPS":"18095","COUNTRY":"USA","LATITUDE":40.24763913100003,"LONGITUDE":-85.68951830399999,"NAICS_CODE":"221121","NAICS_DESC":"ELECTRIC BULK POWER TRANSMISSION AND CONTROL","SOURCE":"IMAGERY, https://aeptransmission.com/indiana/Alexandria/docs/Alexandria_fact-sheet_V2.pdf","SOURCEDATE":1550534400000,"VAL_METHOD":"IMAGERY","VAL_DATE":1550534400000,"LINES":2,"MAX_VOLT":138,"MIN_VOLT":138,"MAX_INFER":"Y","MIN_INFER":"Y","pnode_id":1388602893,"pnode_name":"ALADDIN 138 KV  T2","pnode_subtype":"LOAD","match_score":100.0,"pjm_zone":"AEP"}},{"type":"Feature","id":9174,"geometry":{"type":"Point","coordinates":[-81.3895601860538,38.5994799893487]},"properties":{"OBJECTID":9174,"ID":"160621","NAME":"WALTON","CITY":"WALTON","STATE":"WV","ZIP":"25286","TYPE":"SUBSTATION","STATUS":"IN SERVICE","COUNTY":"ROANE","COUNTYFIPS":"54087","COUNTRY":"USA","LATITUDE":38.59947998900003,"LONGITUDE":-81.38956018599998,"NAICS_CODE":"221121","NAICS_DESC":"ELECTRIC BULK POWER TRANSMISSION AND CONTROL","SOURCE":"IMAGERY, https://www.aeptransmission.com/westvirginia/Walton/docs/Clendenin-Walton_FactSheet.pdf","SOURCEDATE":1550448000000,"VAL_METHOD":"IMAGERY","VAL_DATE":1550448000000,"LINES":0,"MAX_VOLT":-999999,"MIN_VOLT":-999999,"MAX_INFER":"N","MIN_INFER":"N","pnode_id":32412987,"pnode_name":"WCANTON 138 KV  T2","pnode_subtype":"LOAD","match_score":76.92307692307692,"pjm_zone":"AEP"}},{"type":"Feature","id":9186,"geometry":{"type":"Point","coordinates":[-85.2847129469053,40.6975597412116]},"properties":{"OBJECTID":9186,"ID":"160641","NAME":"LIBERTY CENTER","CITY":"LIBERTY CENTER","STATE":"IN","ZIP":"46766","TYPE":"SUBSTATION","STATUS":"IN SERVICE","COUNTY":"WELLS","COUNTYFIPS":"18179","COUNTRY":"USA","LATITUDE":40.69755974100008,"LONGITUDE":-85.28471294699995,"NAICS_CODE":"221121","NAICS_DESC":"ELECTRIC BULK POWER TRANSMISSION AND CONTROL","SOURCE":"IMAGERY, https://aeptransmission.com/indiana/BlufftonVanBuren/docs/Bluffton-VanBuren_FactSheet_V2.pdf","SOURCEDATE":1550534400000,"VAL_METHOD":"IMAGERY","VAL_DATE":1550534400000,"LINES":2,"MAX_VOLT":-999999,"MIN_VOLT":-999999,"MAX_INFER":"N","MIN_INFER":"N","pnode_id":40243581,"pnode_name":"LIBERTY 69 KV   BK-1","pnode_subtype":"LOAD","match_score":100.0,"pjm_zone":"AEP"}},{"type":"Feature","id":9197,"geometry":{"type":"Point","coordinates":[-85.9609368800509,41.6671687289818]},"properties":{"OBJECTID":9197,"ID":"160658","NAME":"LUSHER","CITY":"ELKHART","STATE":"IN","ZIP":"46516","TYPE":"SUBSTATION","STATUS":"IN SERVICE","COUNTY":"ELKHART","COUNTYFIPS":"18039","COUNTRY":"USA","LATITUDE":41.667168729000025,"LONGITUDE":-85.96093687999996,"NAICS_CODE":"221121","NAICS_DESC":"ELECTRIC BULK POWER TRANSMISSION AND CONTROL","SOURCE":"IMAGERY, https://aeptransmission.com/indiana/Elkhart/docs/Elkhart_FactSheet_V8.pdf","SOURCEDATE":1550620800000,"VAL_METHOD":"IMAGERY","VAL_DATE":1550620800000,"LINES":1,"MAX_VOLT":-999999,"MIN_VOLT":-999999,"MAX_INFER":"N","MIN_INFER":"N","pnode_id":2156110458,"pnode_name":"LUSHER  69 KV   T1LOAD","pnode_subtype":"LOAD","match_score":100.0,"pjm_zone":"AEP"}},{"type":"Feature","id":9206,"geometry":{"type":"Point","coordinates":[-84.9715640899388,40.1734993330047]},"properties":{"OBJECTID":9206,"ID":"160677","NAME":"ANCHOR HOCKING","CITY":"WINCHESTER","STATE":"IN","ZIP":"47394","TYPE":"SUBSTATION","STATUS":"IN SERVICE","COUNTY":"RANDOLPH","COUNTYFIPS":"18135","COUNTRY":"USA","LATITUDE":40.17349933300005,"LONGITUDE":-84.97156408999996,"NAICS_CODE":"221121","NAICS_DESC":"ELECTRIC BULK POWER TRANSMISSION AND CONTROL","SOURCE":"IMAGERY, https://aeptransmission.com/indiana/Winchester-UnionCity/docs/Winchester-UnionCity_Factsheet_V6.pdf","SOURCEDATE":1550620800000,"VAL_METHOD":"IMAGERY","VAL_DATE":1550620800000,"LINES":2,"MAX_VOLT":69,"MIN_VOLT":69,"MAX_INFER":"Y","MIN_INFER":"Y","pnode_id":41935423,"pnode_name":"HOCKING 138 KV  T1","pnode_subtype":"LOAD","match_score":100.0,"pjm_zone":"AEP"}},{"type":"Feature","id":9207,"geometry":{"type":"Point","coordinates":[-84.8626751962364,40.1865468690909]},"properties":{"OBJECTID":9207,"ID":"160678","NAME":"PRICE","CITY":"UNION CITY","STATE":"IN","ZIP":"47390","TYPE":"SUBSTATION","STATUS":"IN SERVICE","COUNTY":"RANDOLPH","COUNTYFIPS":"18135","COUNTRY":"USA","LATITUDE":40.18654686900004,"LONGITUDE":-84.86267519599994,"NAICS_CODE":"221121","NAICS_DESC":"ELECTRIC BULK POWER TRANSMISSION AND CONTROL","SOURCE":"IMAGERY, https://aeptransmission.com/indiana/Winchester-UnionCity/docs/Winchester-UnionCity_Factsheet_V6.pdf","SOURCEDATE":1550620800000,"VAL_METHOD":"IMAGERY","VAL_DATE":1550620800000,"LINES":2,"MAX_VOLT":69,"MIN_VOLT":69,"MAX_INFER":"Y","MIN_INFER":"Y","pnode_id":32412297,"pnode_name":"PRINCE  69 KV   T1","pnode_subtype":"LOAD","match_score":95.9090909090909,"pjm_zone":"AEP"}},{"type":"Feature","id":9208,"geometry":{"type":"Point","coordinates":[-78.4092305848691,41.8422157678533]},"properties":{"OBJECTID":9208,"ID":"160680","NAME":"PIERCE BROOK","CITY":"SMETHPORT","STATE":"PA","ZIP":"16749","TYPE":"SUBSTATION","STATUS":"UNDER CONSTRUCTION","COUNTY":"MCKEAN","COUNTYFIPS":"42083","COUNTRY":"USA","LATITUDE":41.842215768000074,"LONGITUDE":-78.40923058499999,"NAICS_CODE":"221121","NAICS_DESC":"ELECTRIC BULK POWER TRANSMISSION AND CONTROL","SOURCE":"IMAGERY, https://www.firstenergycorp.com/content/dam/corporate/transmission/pierce-brook/pierce-brook-lewis-run-sub-transmission-factsheet.pdf","SOURCEDATE":1550707200000,"VAL_METHOD":"IMAGERY","VAL_DATE":1550707200000,"LINES":0,"MAX_VOLT":-999999,"MIN_VOLT":-999999,"MAX_INFER":"N","MIN_INFER":"N","pnode_id":32419249,"pnode_name":"PIERCE  23 KV   BK6_D","pnode_subtype":"GEN","match_score":100.0,"pjm_zone":"PENELEC"}},{"type":"Feature","id":9214,"geometry":{"type":"Point","coordinates":[-76.9757145746643,35.5058720416389]},"properties":{"OBJECTID":9214,"ID":"160750","NAME":"WASHINGTON","CITY":"WASHINGTON","STATE":"NC","ZIP":"27889","TYPE":"SUBSTATION","STATUS":"IN SERVICE","COUNTY":"BEAUFORT","COUNTYFIPS":"37013","COUNTRY":"USA","LATITUDE":35.50587204200008,"LONGITUDE":-76.97571457499998,"NAICS_CODE":"221121","NAICS_DESC":"ELECTRIC BULK POWER TRANSMISSION AND CONTROL","SOURCE":"IMAGERY","SOURCEDATE":1551139200000,"VAL_METHOD":"IMAGERY","VAL_DATE":1551139200000,"LINES":1,"MAX_VOLT":-999999,"MIN_VOLT":-999999,"MAX_INFER":"Y","MIN_INFER":"Y","pnode_id":32661109,"pnode_name":"WATSONTOWN","pnode_subtype":"AGGREGATE","match_score":70.0,"pjm_zone":"DOM"}},{"type":"Feature","id":9237,"geometry":{"type":"Point","coordinates":[-79.8938402989659,37.3758348009948]},"properties":{"OBJECTID":9237,"ID":"161185","NAME":"CLOVERDALE EAST","CITY":"TROUTVILLE","STATE":"VA","ZIP":"24175","TYPE":"SUBSTATION","STATUS":"IN SERVICE","COUNTY":"BOTETOURT","COUNTYFIPS":"51023","COUNTRY":"USA","LATITUDE":37.37583480100005,"LONGITUDE":-79.89384029899998,"NAICS_CODE":"221121","NAICS_DESC":"ELECTRIC BULK POWER TRANSMISSION AND CONTROL","SOURCE":"IMAGERY, https://aeptransmission.com/virginia/Cloverdale/docs/CloverdaleFact%20Sheet.pdf#view=Fit","SOURCEDATE":1551916800000,"VAL_METHOD":"IMAGERY","VAL_DATE":1551916800000,"LINES":4,"MAX_VOLT":500,"MIN_VOLT":345,"MAX_INFER":"N","MIN_INFER":"N","pnode_id":34509183,"pnode_name":"CLOVERDALE","pnode_subtype":"EHV","match_score":100.0,"pjm_zone":"AEP"}},{"type":"Feature","id":9254,"geometry":{"type":"Point","coordinates":[-76.9985353545825,38.876298810082]},"properties":{"OBJECTID":9254,"ID":"161409","NAME":"SOUTHWEST","CITY":"WASHINGTON","STATE":"DC","ZIP":"20003","TYPE":"SUBSTATION","STATUS":"IN SERVICE","COUNTY":"DISTRICT OF COLUMBIA","COUNTYFIPS":"11001","COUNTRY":"USA","LATITUDE":38.87629881000004,"LONGITUDE":-76.99853535499994,"NAICS_CODE":"221121","NAICS_DESC":"ELECTRIC BULK POWER TRANSMISSION AND CONTROL","SOURCE":"https://www.pjm.com/-/media/committees-groups/committees/teac/20180208/20180208-reliability-analysis-update.ashx","SOURCEDATE":1552521600000,"VAL_METHOD":"IMAGERY","VAL_DATE":1552521600000,"LINES":4,"MAX_VOLT":138,"MIN_VOLT":138,"MAX_INFER":"N","MIN_INFER":"N","pnode_id":34509949,"pnode_name":"SOUTHWEST","pnode_subtype":"AGGREGATE","match_score":100.0,"pjm_zone":"PEPCO"}},{"type":"Feature","id":9266,"geometry":{"type":"Point","coordinates":[-77.491736284705,38.9175163053486]},"properties":{"OBJECTID":9266,"ID":"161590","NAME":"POLAND RD","CITY":"CHANTILLY","STATE":"VA","ZIP":"20152","TYPE":"SUBSTATION","STATUS":"IN SERVICE","COUNTY":"LOUDOUN","COUNTYFIPS":"51107","COUNTRY":"USA","LATITUDE":38.91751630500005,"LONGITUDE":-77.49173628499994,"NAICS_CODE":"221121","NAICS_DESC":"ELECTRIC BULK POWER TRANSMISSION AND CONTROL","SOURCE":"IMAGERY, https://www.dominionenergy.com/library/domcom/media/about-us/electric-projects/power-line-projects/poland-road/stipulated-route-vicinity-final.pdf?la=en","SOURCEDATE":1551657600000,"VAL_METHOD":"IMAGERY","VAL_DATE":1553040000000,"LINES":2,"MAX_VOLT":230,"MIN_VOLT":230,"MAX_INFER":"N","MIN_INFER":"N","pnode_id":1248984091,"pnode_name":"PANDARD 138 KV  CARROLL","pnode_subtype":"LOAD","match_score":75.0,"pjm_zone":"DOM"}},{"type":"Feature","id":9316,"geometry":{"type":"Point","coordinates":[-79.059252686878,40.3857996852836]},"properties":{"OBJECTID":9316,"ID":"162048","NAME":"CONEMAUGH","CITY":"NEW FLORENCE","STATE":"PA","ZIP":"15944","TYPE":"SUBSTATION","STATUS":"IN SERVICE","COUNTY":"INDIANA","COUNTYFIPS":"42063","COUNTRY":"USA","LATITUDE":40.38579968500005,"LONGITUDE":-79.05925268699997,"NAICS_CODE":"221121","NAICS_DESC":"ELECTRIC BULK POWER TRANSMISSION AND CONTROL","SOURCE":"IMAGERY, EIA 860","SOURCEDATE":1553731200000,"VAL_METHOD":"IMAGERY","VAL_DATE":1622505600000,"LINES":1,"MAX_VOLT":115,"MIN_VOLT":115,"MAX_INFER":"Y","MIN_INFER":"Y","pnode_id":52450,"pnode_name":"CONEMAUGH","pnode_subtype":"EHV","match_score":100.0,"pjm_zone":"PENELEC"}},{"type":"Feature","id":9359,"geometry":{"type":"Point","coordinates":[-81.5534859996733,38.2438360000432]},"properties":{"OBJECTID":9359,"ID":"162357","NAME":"BELLE WEST VIRGINIA PLANT","CITY":"CHARLESTON","STATE":"WV","ZIP":"25315","TYPE":"SUBSTATION","STATUS":"IN SERVICE","COUNTY":"KANAWHA","COUNTYFIPS":"54039","COUNTRY":"USA","LATITUDE":38.243836000000044,"LONGITUDE":-81.55348599999996,"NAICS_CODE":"221121","NAICS_DESC":"ELECTRIC BULK POWER TRANSMISSION AND CONTROL","SOURCE":"IMAGERY, EIA 860","SOURCEDATE":1553817600000,"VAL_METHOD":"IMAGERY","VAL_DATE":1622505600000,"LINES":1,"MAX_VOLT":-999999,"MIN_VOLT":-999999,"MAX_INFER":"N","MIN_INFER":"N","pnode_id":32410599,"pnode_name":"BELLE   46 KV   T1","pnode_subtype":"LOAD","match_score":100.0,"pjm_zone":"AEP"}},{"type":"Feature","id":9403,"geometry":{"type":"Point","coordinates":[-74.4429949997645,39.3656689998748]},"properties":{"OBJECTID":9403,"ID":"162552","NAME":"MISSOURI AVENUE","CITY":"ATLANTIC CITY","STATE":"NJ","ZIP":"08401","TYPE":"SUBSTATION","STATUS":"IN SERVICE","COUNTY":"ATLANTIC","COUNTYFIPS":"34001","COUNTRY":"USA","LATITUDE":39.365669000000025,"LONGITUDE":-74.44299499999994,"NAICS_CODE":"221121","NAICS_DESC":"ELECTRIC BULK POWER TRANSMISSION AND CONTROL","SOURCE":"IMAGERY, EIA 860","SOURCEDATE":1553817600000,"VAL_METHOD":"IMAGERY","VAL_DATE":1622505600000,"LINES":0,"MAX_VOLT":-999999,"MIN_VOLT":-999999,"MAX_INFER":"N","MIN_INFER":"N","pnode_id":278227,"pnode_name":"MISSOURI AVE CT B","pnode_subtype":"AGGREGATE","match_score":75.0,"pjm_zone":"AECO"}},{"type":"Feature","id":9427,"geometry":{"type":"Point","coordinates":[-81.1569654983177,39.6078698542314]},"properties":{"OBJECTID":9427,"ID":"163195","NAME":"ROUSE","CITY":"GRAYSVILLE","STATE":"OH","ZIP":"45734","TYPE":"SUBSTATION","STATUS":"NOT AVAILABLE","COUNTY":"MONROE","COUNTYFIPS":"39111","COUNTRY":"USA","LATITUDE":39.60786985400006,"LONGITUDE":-81.15696549799998,"NAICS_CODE":"221121","NAICS_DESC":"ELECTRIC BULK POWER TRANSMISSION AND CONTROL","SOURCE":"IMAGERY, https://aeptransmission.com/ohio/Lamping-Rouse/docs/Lamping-Rouse_FactSheet%20(9.19.17).v2.pdf","SOURCEDATE":1537315200000,"VAL_METHOD":"UNVERIFIED","VAL_DATE":1537315200000,"LINES":0,"MAX_VOLT":-999999,"MIN_VOLT":-999999,"MAX_INFER":"N","MIN_INFER":"N","pnode_id":1666104473,"pnode_name":"ROUSE   138 KV  WASHNGTN","pnode_subtype":"LOAD","match_score":100.0,"pjm_zone":"AEP"}},{"type":"Feature","id":9464,"geometry":{"type":"Point","coordinates":[-81.1784832207123,39.9848389399359]},"properties":{"OBJECTID":9464,"ID":"163632","NAME":"BARNESVILLE","CITY":"BARNESVILLE","STATE":"OH","ZIP":"43713","TYPE":"SUBSTATION","STATUS":"IN SERVICE","COUNTY":"BELMONT","COUNTYFIPS":"39013","COUNTRY":"USA","LATITUDE":39.98483894000003,"LONGITUDE":-81.17848322099996,"NAICS_CODE":"221121","NAICS_DESC":"ELECTRIC BULK POWER TRANSMISSION AND CONTROL","SOURCE":"IMAGERY, https://aeptransmission.com/ohio/Barnesville-Summerfield/docs/Barnesville-Summerfield_Factsheet_V2.pdf","SOURCEDATE":1537315200000,"VAL_METHOD":"IMAGERY","VAL_DATE":1537315200000,"LINES":2,"MAX_VOLT":138,"MIN_VOLT":138,"MAX_INFER":"Y","MIN_INFER":"Y","pnode_id":1356178173,"pnode_name":"BRNGSVIL","pnode_subtype":"EHV","match_score":73.6842105263158,"pjm_zone":"AEP"}},{"type":"Feature","id":9469,"geometry":{"type":"Point","coordinates":[-80.751838133122,40.254785993797]},"properties":{"OBJECTID":9469,"ID":"163637","NAME":"GABLE","CITY":"RAYLAND","STATE":"OH","ZIP":"43943","TYPE":"SUBSTATION","STATUS":"UNDER CONSTRUCTION","COUNTY":"JEFFERSON","COUNTYFIPS":"39081","COUNTRY":"USA","LATITUDE":40.25478599400003,"LONGITUDE":-80.75183813299998,"NAICS_CODE":"221121","NAICS_DESC":"ELECTRIC BULK POWER TRANSMISSION AND CONTROL","SOURCE":"IMAGERY, https://aeptransmission.com/ohio/Gable/docs/Gable_Factsheet_V2.pdf","SOURCEDATE":1537401600000,"VAL_METHOD":"UNVERIFIED","VAL_DATE":1537401600000,"LINES":0,"MAX_VOLT":-999999,"MIN_VOLT":-999999,"MAX_INFER":"N","MIN_INFER":"N","pnode_id":1869180678,"pnode_name":"GABLESW 138 KV  BTM","pnode_subtype":"LOAD","match_score":83.33333333333333,"pjm_zone":"AEP"}},{"type":"Feature","id":9470,"geometry":{"type":"Point","coordinates":[-81.1290088882235,40.4178576199153]},"properties":{"OBJECTID":9470,"ID":"163638","NAME":"DESERT ROAD","CITY":"BOWERSTON","STATE":"OH","ZIP":"44695","TYPE":"SUBSTATION","STATUS":"IN SERVICE","COUNTY":"HARRISON","COUNTYFIPS":"39067","COUNTRY":"USA","LATITUDE":40.41785762000006,"LONGITUDE":-81.12900888799999,"NAICS_CODE":"221121","NAICS_DESC":"ELECTRIC BULK POWER TRANSMISSION AND CONTROL","SOURCE":"IMAGERY, https://aeptransmission.com/ohio/DennisonYager/docs/Dennison-Yager-DesertRD_fact-sheet.pdf#view=Fit","SOURCEDATE":1537401600000,"VAL_METHOD":"IMAGERY","VAL_DATE":1537401600000,"LINES":3,"MAX_VOLT":-999999,"MIN_VOLT":-999999,"MAX_INFER":"N","MIN_INFER":"N","pnode_id":1380624356,"pnode_name":"DESERT WF","pnode_subtype":"AGGREGATE","match_score":70.0,"pjm_zone":"AEP"}},{"type":"Feature","id":9479,"geometry":{"type":"Point","coordinates":[-81.2277050152153,40.4493609560194]},"properties":{"OBJECTID":9479,"ID":"163647","NAME":"AZALEA","CITY":"DENNISON","STATE":"OH","ZIP":"44621","TYPE":"SUBSTATION","STATUS":"IN SERVICE","COUNTY":"CARROLL","COUNTYFIPS":"39019","COUNTRY":"USA","LATITUDE":40.44936095600008,"LONGITUDE":-81.22770501499997,"NAICS_CODE":"221121","NAICS_DESC":"ELECTRIC BULK POWER TRANSMISSION AND CONTROL","SOURCE":"IMAGERY, https://aeptransmission.com/ohio/TriCounty/docs/Eastern-Ohio-Tri-County_Factsheet_V2.pdf#view=Fit","SOURCEDATE":1537401600000,"VAL_METHOD":"IMAGERY","VAL_DATE":1537401600000,"LINES":2,"MAX_VOLT":-999999,"MIN_VOLT":-999999,"MAX_INFER":"N","MIN_INFER":"N","pnode_id":1356153533,"pnode_name":"AZALEA  138 KV  SS","pnode_subtype":"LOAD","match_score":100.0,"pjm_zone":"AEP"}},{"type":"Feature","id":9490,"geometry":{"type":"Point","coordinates":[-76.8387817276725,41.1793333440858]},"properties":{"OBJECTID":9490,"ID":"166936","NAME":"PANDA PATRIOT GENERATION PLANT","CITY":"CLINTON TWP","STATE":"PA","ZIP":"17752","TYPE":"SUBSTATION","STATUS":"IN SERVICE","COUNTY":"LYCOMING","COUNTYFIPS":"42081","COUNTRY":"USA","LATITUDE":41.17933334400004,"LONGITUDE":-76.83878172799996,"NAICS_CODE":"221121","NAICS_DESC":"ELECTRIC BULK POWER TRANSMISSION AND CONTROL","SOURCE":"IMAGERY, EIA 860","SOURCEDATE":1562544000000,"VAL_METHOD":"IMAGERY","VAL_DATE":1622505600000,"LINES":1,"MAX_VOLT":230,"MIN_VOLT":230,"MAX_INFER":"Y","MIN_INFER":"Y","pnode_id":32412229,"pnode_name":"PATRIOT 138 KV  T1","pnode_subtype":"LOAD","match_score":100.0,"pjm_zone":"PPL"}},{"type":"Feature","id":9634,"geometry":{"type":"Point","coordinates":[-82.5590721059544,36.5437869183212]},"properties":{"OBJECTID":9634,"ID":"170586","NAME":"CUMBERLAND","CITY":"KINGSPORT","STATE":"TN","ZIP":"37660","TYPE":"SUBSTATION","STATUS":"IN SERVICE","COUNTY":"SULLIVAN","COUNTYFIPS":"47163","COUNTRY":"USA","LATITUDE":36.54378691800008,"LONGITUDE":-82.55907210599997,"NAICS_CODE":"221121","NAICS_DESC":"ELECTRIC BULK POWER TRANSMISSION AND CONTROL","SOURCE":"IMAGERY, https://www.aeptransmission.com/tennessee/docs/Fact%20Sheet_Kingsport%20Main%20Street%20Relocation.pd","SOURCEDATE":1582243200000,"VAL_METHOD":"IMAGERY","VAL_DATE":1588204800000,"LINES":0,"MAX_VOLT":-999999,"MIN_VOLT":-999999,"MAX_INFER":"N","MIN_INFER":"N","pnode_id":278222,"pnode_name":"CUMBERLAND CT","pnode_subtype":"AGGREGATE","match_score":86.95652173913044,"pjm_zone":"AEP"}},{"type":"Feature","id":9700,"geometry":{"type":"Point","coordinates":[-75.4470094756083,38.9215337733353]},"properties":{"OBJECTID":9700,"ID":"170942","NAME":"MILFORD SOLAR FARM","CITY":"MILFORD","STATE":"DE","ZIP":"19963","TYPE":"SUBSTATION","STATUS":"IN SERVICE","COUNTY":"KENT","COUNTYFIPS":"10001","COUNTRY":"USA","LATITUDE":38.92153377300008,"LONGITUDE":-75.44700947599995,"NAICS_CODE":"221121","NAICS_DESC":"ELECTRIC BULK POWER TRANSMISSION AND CONTROL","SOURCE":"IMAGERY, EIA 860","SOURCEDATE":1583193600000,"VAL_METHOD":"IMAGERY","VAL_DATE":1622505600000,"LINES":1,"MAX_VOLT":138,"MIN_VOLT":138,"MAX_INFER":"Y","MIN_INFER":"Y","pnode_id":1341208457,"pnode_name":"KELFORD SOLAR","pnode_subtype":"AGGREGATE","match_score":70.96774193548387,"pjm_zone":"DPL"}},{"type":"Feature","id":9777,"geometry":{"type":"Point","coordinates":[-84.2266295191007,38.8668262413489]},"properties":{"OBJECTID":9777,"ID":"171349","NAME":"W H ZIMMER","CITY":"MOSCOW","STATE":"OH","ZIP":"45153","TYPE":"SUBSTATION","STATUS":"IN SERVICE","COUNTY":"CLERMONT","COUNTYFIPS":"39025","COUNTRY":"USA","LATITUDE":38.86682624100007,"LONGITUDE":-84.22662951899997,"NAICS_CODE":"221121","NAICS_DESC":"ELECTRIC BULK POWER TRANSMISSION AND CONTROL","SOURCE":"IMAGERY, EIA 860","SOURCEDATE":1584576000000,"VAL_METHOD":"IMAGERY","VAL_DATE":1622505600000,"LINES":0,"MAX_VOLT":-999999,"MIN_VOLT":-999999,"MAX_INFER":"N","MIN_INFER":"N","pnode_id":35079859,"pnode_name":"ZIMMER","pnode_subtype":"AGGREGATE","match_score":75.0,"pjm_zone":"DEOK"}},{"type":"Feature","id":10365,"geometry":{"type":"Point","coordinates":[-85.1736619996551,41.0984309997093]},"properties":{"OBJECTID":10365,"ID":"172439","NAME":"BASS","CITY":"FORT WAYNE","STATE":"IN","ZIP":"46808","TYPE":"SUBSTATION","STATUS":"NOT AVAILABLE","COUNTY":"ALLEN","COUNTYFIPS":"18003","COUNTRY":"USA","LATITUDE":41.09843100000006,"LONGITUDE":-85.17366199999998,"NAICS_CODE":"221121","NAICS_DESC":"ELECTRIC BULK POWER TRANSMISSION AND CONTROL","SOURCE":"IMAGERY","SOURCEDATE":1586736000000,"VAL_METHOD":"IMAGERY","VAL_DATE":1587513600000,"LINES":2,"MAX_VOLT":138,"MIN_VOLT":138,"MAX_INFER":"Y","MIN_INFER":"Y","pnode_id":32411655,"pnode_name":"INDUSTRI34 KV   BASS","pnode_subtype":"LOAD","match_score":100.0,"pjm_zone":"AEP"}},{"type":"Feature","id":10771,"geometry":{"type":"Point","coordinates":[-85.632027541362,41.9336691880199]},"properties":{"OBJECTID":10771,"ID":"173183","NAME":"RIPPLE","CITY":"THREE RIVERS","STATE":"MI","ZIP":"49093","TYPE":"SUBSTATION","STATUS":"UNDER CONSTRUCTION","COUNTY":"ST. JOSEPH","COUNTYFIPS":"26149","COUNTRY":"USA","LATITUDE":41.93366918800007,"LONGITUDE":-85.63202754099996,"NAICS_CODE":"221121","NAICS_DESC":"ELECTRIC BULK POWER TRANSMISSION AND CONTROL","SOURCE":"IMAGERY, https://www.aeptransmission.com/michigan/ThreeRivers/docs/ThreeRivers_FactSheet_V6.pdf","SOURCEDATE":1586995200000,"VAL_METHOD":"IMAGERY","VAL_DATE":1586995200000,"LINES":0,"MAX_VOLT":-999999,"MIN_VOLT":-999999,"MAX_INFER":"N","MIN_INFER":"N","pnode_id":2156110825,"pnode_name":"RIPPLE  69 KV   T1","pnode_subtype":"LOAD","match_score":100.0,"pjm_zone":"AEP"}},{"type":"Feature","id":10797,"geometry":{"type":"Point","coordinates":[-84.5908959230435,40.5433611470861]},"properties":{"OBJECTID":10797,"ID":"173455","NAME":"CELINA SOLAR PROJECT #1, LLC","CITY":"CELINA","STATE":"OH","ZIP":"45822","TYPE":"SUBSTATION","STATUS":"IN SERVICE","COUNTY":"MERCER","COUNTYFIPS":"39107","COUNTRY":"USA","LATITUDE":40.54336114700004,"LONGITUDE":-84.59089592299995,"NAICS_CODE":"221121","NAICS_DESC":"ELECTRIC BULK POWER TRANSMISSION AND CONTROL","SOURCE":"IMAGERY, EIA 860","SOURCEDATE":1588636800000,"VAL_METHOD":"IMAGERY","VAL_DATE":1622505600000,"LINES":0,"MAX_VOLT":-999999,"MIN_VOLT":-999999,"MAX_INFER":"N","MIN_INFER":"N","pnode_id":40243445,"pnode_name":"CELINA  69 KV   CEL 1","pnode_subtype":"LOAD","match_score":100.0,"pjm_zone":"AEP"}},{"type":"Feature","id":10800,"geometry":{"type":"Point","coordinates":[-74.0986435620528,40.6876142898306]},"properties":{"OBJECTID":10800,"ID":"173484","NAME":"GREENVILLE","CITY":"JERSEY CITY","STATE":"NJ","ZIP":"07305","TYPE":"SUBSTATION","STATUS":"NOT AVAILABLE","COUNTY":"HUDSON","COUNTYFIPS":"34017","COUNTRY":"USA","LATITUDE":40.687614290000056,"LONGITUDE":-74.09864356199995,"NAICS_CODE":"221121","NAICS_DESC":"ELECTRIC BULK POWER TRANSMISSION AND CONTROL","SOURCE":"IMAGERY","SOURCEDATE":1588032000000,"VAL_METHOD":"IMAGERY","VAL_DATE":1588032000000,"LINES":0,"MAX_VOLT":-999999,"MIN_VOLT":-999999,"MAX_INFER":"N","MIN_INFER":"N","pnode_id":1379245240,"pnode_name":"GRNSVIL","pnode_subtype":"EHV","match_score":70.58823529411764,"pjm_zone":"PSEG"}},{"type":"Feature","id":10968,"geometry":{"type":"Point","coordinates":[-83.2735705125965,39.7170669501465]},"properties":{"OBJECTID":10968,"ID":"152461","NAME":"MADISON","CITY":"MT STERLING","STATE":"OH","ZIP":"43143","TYPE":"SUBSTATION","STATUS":"IN SERVICE","COUNTY":"MADISON","COUNTYFIPS":"39097","COUNTRY":"USA","LATITUDE":39.71706695000006,"LONGITUDE":-83.27357051299998,"NAICS_CODE":"221121","NAICS_DESC":"ELECTRIC BULK POWER TRANSMISSION AND CONTROL","SOURCE":"OpenStreetMap, IMAGERY, https://aeptransmission.com/ohio/Pickaway-Madison/docs/Pickaway-Madison_FactSheet.pdf","SOURCEDATE":1470268800000,"VAL_METHOD":"IMAGERY","VAL_DATE":1622160000000,"LINES":1,"MAX_VOLT":69,"MIN_VOLT":69,"MAX_INFER":"Y","MIN_INFER":"Y","pnode_id":130204739,"pnode_name":"MADISON","pnode_subtype":"AGGREGATE","match_score":100.0,"pjm_zone":"DAY"}},{"type":"Feature","id":10969,"geometry":{"type":"Point","coordinates":[-83.1185568435882,39.8622029521072]},"properties":{"OBJECTID":10969,"ID":"113602","NAME":"BEATTY","CITY":"GROVE CITY","STATE":"OH","ZIP":"43123","TYPE":"SUBSTATION","STATUS":"IN SERVICE","COUNTY":"FRANKLIN","COUNTYFIPS":"39049","COUNTRY":"USA","LATITUDE":39.862202952000075,"LONGITUDE":-83.11855684399995,"NAICS_CODE":"221121","NAICS_DESC":"ELECTRIC BULK POWER TRANSMISSION AND CONTROL","SOURCE":"OpenStreetMap, https://www.pjm.com/-/media/committees-groups/committees/teac/20190110/20190110-item-01d-supplemental-projects-for-2018-west-2-informational-posting.ashx","SOURCEDATE":1403654400000,"VAL_METHOD":"IMAGERY","VAL_DATE":1622160000000,"LINES":12,"MAX_VOLT":345,"MIN_VOLT":69,"MAX_INFER":"N","MIN_INFER":"N","pnode_id":32410575,"pnode_name":"BEATTY  138 KV  T1","pnode_subtype":"LOAD","match_score":100.0,"pjm_zone":"AEP"}},{"type":"Feature","id":10971,"geometry":{"type":"Point","coordinates":[-82.9894324683546,39.8002015508242]},"properties":{"OBJECTID":10971,"ID":"113805","NAME":"HARRISON","CITY":"LOCKBOURNE","STATE":"OH","ZIP":"43137","TYPE":"SUBSTATION","STATUS":"IN SERVICE","COUNTY":"PICKAWAY","COUNTYFIPS":"39129","COUNTRY":"USA","LATITUDE":39.80020155100004,"LONGITUDE":-82.98943246799996,"NAICS_CODE":"221121","NAICS_DESC":"ELECTRIC BULK POWER TRANSMISSION AND CONTROL","SOURCE":"IMAGERY, https://www.pjm.com/-/media/committees-groups/committees/teac/20190110/20190110-item-01d-supplemental-projects-for-2018-west-2-informational-posting.ashx","SOURCEDATE":1403654400000,"VAL_METHOD":"IMAGERY","VAL_DATE":1622160000000,"LINES":7,"MAX_VOLT":138,"MIN_VOLT":69,"MAX_INFER":"Y","MIN_INFER":"Y","pnode_id":40243517,"pnode_name":"HARRISON69 KV   HARRISON","pnode_subtype":"LOAD","match_score":100.0,"pjm_zone":"AEP"}},{"type":"Feature","id":10972,"geometry":{"type":"Point","coordinates":[-83.112750943872,39.6967086647963]},"properties":{"OBJECTID":10972,"ID":"152462","NAME":"BIG DARBY","CITY":"DARBYVILLE","STATE":"OH","ZIP":"43146","TYPE":"SUBSTATION","STATUS":"IN SERVICE","COUNTY":"PICKAWAY","COUNTYFIPS":"39129","COUNTRY":"USA","LATITUDE":39.696708665000074,"LONGITUDE":-83.11275094399997,"NAICS_CODE":"221121","NAICS_DESC":"ELECTRIC BULK POWER TRANSMISSION AND CONTROL","SOURCE":"OpenStreetMap, IMAGERY, https://www.pjm.com/-/media/committees-groups/committees/teac/20190110/20190110-item-01d-supplemental-projects-for-2018-west-2-informational-posting.ashx","SOURCEDATE":1470268800000,"VAL_METHOD":"IMAGERY","VAL_DATE":1622160000000,"LINES":2,"MAX_VOLT":69,"MIN_VOLT":69,"MAX_INFER":"N","MIN_INFER":"N","pnode_id":32413281,"pnode_name":"DARBY   69 KV   LOADL","pnode_subtype":"LOAD","match_score":100.0,"pjm_zone":"DAY"}},{"type":"Feature","id":10973,"geometry":{"type":"Point","coordinates":[-83.1123092557215,39.6960896853292]},"properties":{"OBJECTID":10973,"ID":"152463","NAME":"DARBYVILLE","CITY":"DARBYVILLE","STATE":"OH","ZIP":"43164","TYPE":"SUBSTATION","STATUS":"IN SERVICE","COUNTY":"PICKAWAY","COUNTYFIPS":"39129","COUNTRY":"USA","LATITUDE":39.69608968500006,"LONGITUDE":-83.11230925599995,"NAICS_CODE":"221121","NAICS_DESC":"ELECTRIC BULK POWER TRANSMISSION AND CONTROL","SOURCE":"OpenStreetMap, https://www.pjm.com/-/media/committees-groups/committees/teac/20190110/20190110-item-01d-supplemental-projects-for-2018-west-2-informational-posting.ashx","SOURCEDATE":1470268800000,"VAL_METHOD":"IMAGERY","VAL_DATE":1622160000000,"LINES":1,"MAX_VOLT":69,"MIN_VOLT":69,"MAX_INFER":"N","MIN_INFER":"N","pnode_id":34509205,"pnode_name":"MARYSVILLE","pnode_subtype":"EHV","match_score":80.0,"pjm_zone":"DAY"}},{"type":"Feature","id":10975,"geometry":{"type":"Point","coordinates":[-83.0869398637141,40.2591322812006]},"properties":{"OBJECTID":10975,"ID":"113662","NAME":"TANGY","CITY":"WESTERVILLE","STATE":"OH","ZIP":"43082","TYPE":"SUBSTATION","STATUS":"IN SERVICE","COUNTY":"DELAWARE","COUNTYFIPS":"39041","COUNTRY":"USA","LATITUDE":40.25913228100006,"LONGITUDE":-83.08693986399999,"NAICS_CODE":"221121","NAICS_DESC":"ELECTRIC BULK POWER TRANSMISSION AND CONTROL","SOURCE":"OpenStreetMap, https://www.firstenergycorp.com/content/dam/corporate/transmission/london-tangy/tangy-cn.pdf","SOURCEDATE":1403654400000,"VAL_METHOD":"IMAGERY","VAL_DATE":1622160000000,"LINES":7,"MAX_VOLT":345,"MIN_VOLT":69,"MAX_INFER":"Y","MIN_INFER":"Y","pnode_id":83734359,"pnode_name":"TANGY   69 KV   LOAD1","pnode_subtype":"LOAD","match_score":100.0,"pjm_zone":"AEP"}},{"type":"Feature","id":10977,"geometry":{"type":"Point","coordinates":[-84.512838124377,39.2346430512694]},"properties":{"OBJECTID":10977,"ID":"113915","NAME":"FINNEYTOWN","CITY":"CINCINNATI","STATE":"OH","ZIP":"45231","TYPE":"SUBSTATION","STATUS":"IN SERVICE","COUNTY":"HAMILTON","COUNTYFIPS":"39061","COUNTRY":"USA","LATITUDE":39.234643051000035,"LONGITUDE":-84.51283812399998,"NAICS_CODE":"221121","NAICS_DESC":"ELECTRIC BULK POWER TRANSMISSION AND CONTROL","SOURCE":"OpenStreetMap, https://www.duke-energy.com/Our-Company/About-Us/Electric-Transmission-Projects/Terminal-to-Willey","SOURCEDATE":1403654400000,"VAL_METHOD":"IMAGERY","VAL_DATE":1622505600000,"LINES":2,"MAX_VOLT":-999999,"MIN_VOLT":-999999,"MAX_INFER":"Y","MIN_INFER":"Y","pnode_id":2156118938,"pnode_name":"FINNEYWD","pnode_subtype":"EHV","match_score":77.77777777777779,"pjm_zone":"DEOK"}},{"type":"Feature","id":10997,"geometry":{"type":"Point","coordinates":[-80.364529413034,39.2651850063291]},"properties":{"OBJECTID":10997,"ID":"132543","NAME":"OAK MOUND","CITY":"CLARKSBURG","STATE":"WV","ZIP":"26301","TYPE":"SUBSTATION","STATUS":"IN SERVICE","COUNTY":"HARRISON","COUNTYFIPS":"54033","COUNTRY":"USA","LATITUDE":39.265185006000024,"LONGITUDE":-80.36452941299996,"NAICS_CODE":"221121","NAICS_DESC":"ELECTRIC BULK POWER TRANSMISSION AND CONTROL","SOURCE":"IMAGERY, https://www.firstenergycorp.com/content/dam/corporate/transmission/oak-mound-waldo-run/oak-mound-waldo-run-transmission-factsheet.pdf","SOURCEDATE":1440720000000,"VAL_METHOD":"IMAGERY","VAL_DATE":1441929600000,"LINES":5,"MAX_VOLT":138,"MIN_VOLT":138,"MAX_INFER":"Y","MIN_INFER":"Y","pnode_id":32412035,"pnode_name":"MOUND   138 KV  T1","pnode_subtype":"LOAD","match_score":100.0,"pjm_zone":"APS"}},{"type":"Feature","id":10998,"geometry":{"type":"Point","coordinates":[-81.0547102461702,39.2688249978823]},"properties":{"OBJECTID":10998,"ID":"108787","NAME":"LAMBERTON","CITY":"HARRISVILLE","STATE":"WV","ZIP":"26362","TYPE":"SUBSTATION","STATUS":"IN SERVICE","COUNTY":"RITCHIE","COUNTYFIPS":"54085","COUNTRY":"USA","LATITUDE":39.26882499800007,"LONGITUDE":-81.05471024599996,"NAICS_CODE":"221121","NAICS_DESC":"ELECTRIC BULK POWER TRANSMISSION AND CONTROL","SOURCE":"IMAGERY, OpenStreetMap, https://www.firstenergycorp.com/content/dam/corporate/transmission/oak-mound-waldo-run/oak-mound-waldo-run-transmission-factsheet.pdf","SOURCEDATE":1396828800000,"VAL_METHOD":"IMAGERY","VAL_DATE":1441929600000,"LINES":2,"MAX_VOLT":138,"MIN_VOLT":138,"MAX_INFER":"Y","MIN_INFER":"Y","pnode_id":54904985,"pnode_name":"LUMBERTON","pnode_subtype":"AGGREGATE","match_score":88.88888888888889,"pjm_zone":"APS"}},{"type":"Feature","id":11005,"geometry":{"type":"Point","coordinates":[-82.1261013309667,41.4108901797196]},"properties":{"OBJECTID":11005,"ID":"177215","NAME":"BLACK RIVER","CITY":"ELYRIA","STATE":"OH","ZIP":"44035","TYPE":"SUBSTATION","STATUS":"IN SERVICE","COUNTY":"LORAIN","COUNTYFIPS":"39093","COUNTRY":"USA","LATITUDE":41.41089018000008,"LONGITUDE":-82.12610133099997,"NAICS_CODE":"221121","NAICS_DESC":"ELECTRIC BULK POWER TRANSMISSION AND CONTROL","SOURCE":"IMAGERY, OpenStreetMap, https://www.commercialsearch.com/news/new-138kv-substation-coming-to-lorain/","SOURCEDATE":1643587200000,"VAL_METHOD":"IMAGERY","VAL_DATE":1643587200000,"LINES":4,"MAX_VOLT":345,"MIN_VOLT":345,"MAX_INFER":"N","MIN_INFER":"N","pnode_id":1240295926,"pnode_name":"BLKRIVER","pnode_subtype":"AGGREGATE","match_score":84.21052631578947,"pjm_zone":"FE-ATSI"}},{"type":"Feature","id":11042,"geometry":{"type":"Point","coordinates":[-80.6507596847765,39.3057198579516]},"properties":{"OBJECTID":11042,"ID":"176506","NAME":"WALDO RUN","CITY":"SALEM","STATE":"WV","ZIP":"26426","TYPE":"SUBSTATION","STATUS":"IN SERVICE","COUNTY":"DODDRIDGE","COUNTYFIPS":"54017","COUNTRY":"USA","LATITUDE":39.30571985800003,"LONGITUDE":-80.65075968499997,"NAICS_CODE":"221121","NAICS_DESC":"ELECTRIC BULK POWER TRANSMISSION AND CONTROL","SOURCE":"IMAGERY, https://www.firstenergycorp.com/content/dam/corporate/transmission/oak-mound-waldo-run/oak-mound-waldo-run-transmission-factsheet.pdf","SOURCEDATE":1630540800000,"VAL_METHOD":"IMAGERY","VAL_DATE":1630540800000,"LINES":6,"MAX_VOLT":138,"MIN_VOLT":138,"MAX_INFER":"Y","MIN_INFER":"Y","pnode_id":2156111888,"pnode_name":"WALDO   69 KV   T1","pnode_subtype":"LOAD","match_score":100.0,"pjm_zone":"APS"}},{"type":"Feature","id":11043,"geometry":{"type":"Point","coordinates":[-80.7478369299471,41.1637965861134]},"properties":{"OBJECTID":11043,"ID":"176986","NAME":"NILES","CITY":"MC DONALD","STATE":"OH","ZIP":"44437","TYPE":"SUBSTATION","STATUS":"IN SERVICE","COUNTY":"TRUMBULL","COUNTYFIPS":"39155","COUNTRY":"USA","LATITUDE":41.163796586000046,"LONGITUDE":-80.74783692999995,"NAICS_CODE":"221121","NAICS_DESC":"ELECTRIC BULK POWER TRANSMISSION AND CONTROL","SOURCE":"IMAGERY, OpenStreetMap, https://www.firstenergycorp.com/content/dam/corporate/transmission/niles/niles-transmission-factsheet.pdf","SOURCEDATE":1643587200000,"VAL_METHOD":"IMAGERY","VAL_DATE":1643587200000,"LINES":3,"MAX_VOLT":345,"MIN_VOLT":138,"MAX_INFER":"N","MIN_INFER":"Y","pnode_id":98370493,"pnode_name":"NILES   16 KV   UN1","pnode_subtype":"GEN","match_score":100.0,"pjm_zone":"FE-ATSI"}},{"type":"Feature","id":11046,"geometry":{"type":"Point","coordinates":[-83.1810473926414,39.958654279837]},"properties":{"OBJECTID":11046,"ID":"176837","NAME":"COLE ROAD","CITY":"GALLOWAY","STATE":"OH","ZIP":"43119","TYPE":"SUBSTATION","STATUS":"IN SERVICE","COUNTY":"FRANKLIN","COUNTYFIPS":"39049","COUNTRY":"USA","LATITUDE":39.958654280000076,"LONGITUDE":-83.18104739299997,"NAICS_CODE":"221121","NAICS_DESC":"ELECTRIC BULK POWER TRANSMISSION AND CONTROL","SOURCE":"IMAGERY, OpenStreetMap","SOURCEDATE":1645488000000,"VAL_METHOD":"IMAGERY","VAL_DATE":1646006400000,"LINES":3,"MAX_VOLT":345,"MIN_VOLT":345,"MAX_INFER":"N","MIN_INFER":"N","pnode_id":2156110834,"pnode_name":"COLE    138 KV  T3","pnode_subtype":"LOAD","match_score":100.0,"pjm_zone":"AEP"}},{"type":"Feature","id":11074,"geometry":{"type":"Point","coordinates":[-76.9477908941134,40.1890704512861]},"properties":{"OBJECTID":11074,"ID":"177317","NAME":"MARTINS CREEK","CITY":"MECHANICSBURG","STATE":"PA","ZIP":"17055","TYPE":"SUBSTATION","STATUS":"IN SERVICE","COUNTY":"CUMBERLAND","COUNTYFIPS":"42041","COUNTRY":"USA","LATITUDE":40.18907045100008,"LONGITUDE":-76.94779089399998,"NAICS_CODE":"221121","NAICS_DESC":"ELECTRIC BULK POWER TRANSMISSION AND CONTROL","SOURCE":"IMAGERY, OpenStreetMap","SOURCEDATE":1643587200000,"VAL_METHOD":"IMAGERY","VAL_DATE":1643587200000,"LINES":5,"MAX_VOLT":230,"MIN_VOLT":230,"MAX_INFER":"Y","MIN_INFER":"Y","pnode_id":40627937,"pnode_name":"MARTINS CREEK - LMB","pnode_subtype":"AGGREGATE","match_score":81.25,"pjm_zone":"PPL"}},{"type":"Feature","id":11075,"geometry":{"type":"Point","coordinates":[-74.0716451713974,40.7491634990536]},"properties":{"OBJECTID":11075,"ID":"177079","NAME":"MARION","CITY":"JERSEY CITY","STATE":"NJ","ZIP":"07306","TYPE":"SUBSTATION","STATUS":"IN SERVICE","COUNTY":"HUDSON","COUNTYFIPS":"34017","COUNTRY":"USA","LATITUDE":40.749163499000076,"LONGITUDE":-74.07164517099994,"NAICS_CODE":"221121","NAICS_DESC":"ELECTRIC BULK POWER TRANSMISSION AND CONTROL","SOURCE":"IMAGERY, OpenStreetMap, EIA 860","SOURCEDATE":1643587200000,"VAL_METHOD":"IMAGERY","VAL_DATE":1643587200000,"LINES":15,"MAX_VOLT":345,"MIN_VOLT":230,"MAX_INFER":"N","MIN_INFER":"Y","pnode_id":1082063,"pnode_name":"MARION","pnode_subtype":"AGGREGATE","match_score":100.0,"pjm_zone":"PSEG"}}]}