{
  "type": "FeatureCollection",
  "features": [
    {
      "type": "Feature",
      "id": 7,
      "geometry": {
        "type": "Polygon",
        "coordinates": [
          [
            [-103.046885376097, 34.8684547246965],
            [-103.046816623537, 34.9503014480011],
            [-103.046589236583, 35.2204803958497],
            [-103.046582222537, 35.2288020157289],
            [-103.059597354835, 35.2302165860155],
            [-103.455816398649, 35.2444552080924],
            [-103.970134560653, 35.2166125100889],
            [-104.798798995269, 34.9365200548063],
            [-104.756606582543, 34.1058606769332],
            [-104.720542977047, 33.3893295039819],
            [-104.50008185721, 32.2095041449068],
            [-104.41338559826, 32.0084085971339],
            [-103.789995488356, 32.0072430959628],
            [-103.703242387608, 32.0070808992675],
            [-103.369896569769, 32.0064576628896],
            [-103.102345698059, 32.0059574367505],
            [-103.102208797505, 32.0059564441706],
            [-103.075351038107, 32.0021623330058],
            [-103.056723989194, 31.9995308555279],
            [-103.053857899009, 32.0851167843099],
            [-103.057139436657, 32.4082895150438],
            [-103.057268525461, 32.4209383057231],
            [-102.346062235926, 32.7162369193833],
            [-101.682960869993, 32.9906842533077],
            [-101.251065397265, 33.2713184839779],
            [-101.231302717933, 33.2827011545624],
            [-101.24148238541, 33.2876126705762],
            [-101.355527996915, 33.4652772679837],
            [-101.228789547076, 33.6377337683844],
            [-101.230845679371, 33.7893228408891],
            [-101.226345247358, 33.7894431796599],
            [-101.226346155555, 33.7895104142185],
            [-99.8245688352669, 33.8269344337786],
            [-99.6652843364461, 33.8311859038644],
            [-99.5561070206553, 33.8326747929141],
            [-99.3727848193537, 33.8478925703627],
            [-99.2583046738807, 33.9104809193464],
            [-99.1878114561694, 34.0007681739938],
            [-99.1389102416452, 34.045809072638],
            [-99.1389567896483, 34.0458483415243],
            [-98.9120496063689, 34.1695407105623],
            [-98.9111639438555, 34.1690521257791],
            [-98.9102670083837, 34.1695407105623],
            [-98.9089980598915, 34.1688406815413],
            [-98.9075212897515, 34.1696450364252],
            [-98.9082621132983, 34.1700537578482],
            [-98.9528568896903, 34.1946535622102],
            [-98.996544634445, 34.209583692644],
            [-99.0355699126694, 34.1990091423157],
            [-99.0787841168103, 34.2084460242659],
            [-99.1082121853062, 34.2043514279473],
            [-99.1237804284562, 34.2021851958201],
            [-99.1283001275351, 34.2015562950382],
            [-99.1591759227396, 34.2088242517914],
            [-99.1765117647044, 34.2128165246706],
            [-99.1908403471353, 34.2238215671034],
            [-99.2049556012458, 34.2557306797041],
            [-99.196662810887, 34.3052057651201],
            [-99.2058491689337, 34.3320754845545],
            [-99.2544656543437, 34.3682943818689],
            [-99.2571831074855, 34.3746186288402],
            [-99.2572279504862, 34.3746505513963],
            [-99.2654103944904, 34.3934758954937],
            [-99.2668492305726, 34.3967857867319],
            [-99.2675355533311, 34.3983645548835],
            [-99.270870239803, 34.3992424997747],
            [-99.3236589622282, 34.4127869541599],
            [-99.3645692338037, 34.4502723577417],
            [-99.3931570855565, 34.4290707260384],
            [-99.3945224322619, 34.3968223484133],
            [-99.4070454800235, 34.3749191089179],
            [-99.4103230282534, 34.3691856181035],
            [-99.4387431905938, 34.3647833628928],
            [-99.4798058685438, 34.3836002479577],
            [-99.5025040679516, 34.4041453159895],
            [-99.5479511946313, 34.4139073116344],
            [-99.5481833983524, 34.4138756708397],
            [-99.5494651361594, 34.41370019557],
            [-99.5549951964894, 34.415057072706],
            [-99.5782195050232, 34.4089886818154],
            [-99.5855894578872, 34.3849338909364],
            [-99.601817384256, 34.3686339574466],
            [-99.6852769045412, 34.3775206816424],
            [-99.686790862239, 34.378606906404],
            [-99.6868094573654, 34.3786087888224],
            [-99.6905732546754, 34.3813206121652],
            [-99.6939499382851, 34.3837431637312],
            [-99.7004235171244, 34.3883873421118],
            [-99.712657263347, 34.3971631907238],
            [-99.7187003200948, 34.4011269465019],
            [-99.7190274649617, 34.4017324745419],
            [-99.7320243084587, 34.4110542109431],
            [-99.7780602700273, 34.4440642654517],
            [-99.8303083737381, 34.5018462324219],
            [-99.8504940607547, 34.5129460003684],
            [-99.8525351274033, 34.5147171882584],
            [-99.8576010452941, 34.5209122572658],
            [-99.8598211982811, 34.5254593763824],
            [-99.8620413512682, 34.5300026816554],
            [-99.8642691354435, 34.5331879536316],
            [-99.867053863417, 34.536365596437],
            [-99.8720663746675, 34.539096919214],
            [-99.8759501437803, 34.5408262700241],
            [-99.8809773352992, 34.5482418776965],
            [-99.9201751304822, 34.5718729189378],
            [-99.9212759574724, 34.5727921405212],
            [-99.922447440553, 34.5732426128967],
            [-99.9365042251183, 34.5786477004925],
            [-99.9365244991959, 34.5786519991988],
            [-99.9401205576862, 34.5794144546859],
            [-99.9407288590674, 34.5794767757164],
            [-99.9479025381267, 34.5802117263432],
            [-99.9487188821412, 34.5802956493475],
            [-99.9547995082308, 34.5779038338182],
            [-99.9560812460377, 34.5770111944893],
            [-99.9627645931739, 34.572342005219],
            [-99.9659460513128, 34.5702477360519],
            [-99.969783635342, 34.5679322148093],
            [-99.9714697300111, 34.5670090573958],
            [-99.9793280043687, 34.5630722898541],
            [-99.9807547006181, 34.5623589414143],
            [-99.981700722732, 34.5621024106503],
            [-99.9892233263123, 34.5600624935308],
            [-100.001453243017, 34.5582466972383],
            [-100.001453215169, 34.5582684993628],
            [-100.001216741755, 34.7467385261088],
            [-100.001079417196, 34.8566399601087],
            [-100.001079398332, 34.856654653593],
            [-100.001127123128, 34.8566548423017],
            [-100.033580703128, 34.85678331527],
            [-100.098235118529, 34.8570395529503],
            [-100.46597782745, 34.8584969722281],
            [-100.533445154568, 34.8587643528448],
            [-101.424651403294, 34.8622962187466],
            [-101.709880707469, 34.8634265556632],
            [-102.411536534704, 34.8662070845922],
            [-102.648257533985, 34.8671451439812],
            [-103.024113819365, 34.8686345359336],
            [-103.028679903852, 34.8686526294337],
            [-103.028676701358, 34.8683832202034],
            [-103.046885376097, 34.8684547246965]
          ]
        ]
      },
      "properties": {
        "OBJECTID": 7,
        "Zone_Number": 3,
        "RESERVE_ZONE": "3",
        "INTERVAL": 1782771000000,
        "REGUP_MCP": 25.477,
        "REGDN_MCP": 26.2084,
        "SPIN_MCP": 0.25,
        "SUPP_MCP": 0.0101,
        "Shape_Length": 1988943.61896682,
        "Shape_Area": 159084308089.528,
        "GMTINTERVALEND": 1782789000000
      }
    },
    {
      "type": "Feature",
      "id": 10,
      "geometry": {
        "type": "Polygon",
        "coordinates": [
          [
            [-98.9996147886253, 40.002128559568],
            [-98.9996185301084, 40.0021400451111],
            [-99.058119555882, 40.0021737791951],
            [-99.5585818460254, 40.0024623627536],
            [-99.7228109326815, 40.0025570623975],
            [-100.180910652116, 40.0004787108284],
            [-100.191111645598, 40.0005855314323],
            [-100.735049449019, 39.9991723170397],
            [-100.754855894272, 40.0001982961422],
            [-101.322148616777, 40.0018210571897],
            [-101.407393354535, 40.0010036929547],
            [-102.048541943981, 39.9989279627879],
            [-102.047561644851, 39.5737419125383],
            [-102.047546386966, 39.5688591002206],
            [-102.046348571569, 39.1338958740042],
            [-102.046104431035, 39.045627594102],
            [-102.045455933638, 38.6953315728239],
            [-102.045379638822, 38.6137504577405],
            [-102.044311523085, 38.2676162718204],
            [-102.044303893693, 38.2626953125786],
            [-102.043235778854, 37.7384071346676],
            [-102.04304504496, 37.6428947453405],
            [-102.042667546826, 37.4549201666457],
            [-102.042010658266, 37.3862794512422],
            [-102.037207595513, 36.9889939096197],
            [-102.040136424936, 36.9890229703097],
            [-102.04013346319, 36.9887787743519],
            [-102.041916274974, 36.9887964005321],
            [-102.041916061175, 36.9887787743519],
            [-102.99770926991, 36.998228023815],
            [-102.997401008529, 36.4923701857248],
            [-103.000289557494, 36.4922949560809],
            [-103.000289439815, 36.492120675128],
            [-103.027285504732, 36.4914166157489],
            [-103.024047971058, 36.056061853536],
            [-103.02261227369, 35.7423273179814],
            [-103.022294041907, 35.6236479936631],
            [-103.026151162497, 35.1772655371363],
            [-103.025251275161, 34.9647798718803],
            [-103.024113819365, 34.8686345359336],
            [-102.648257533985, 34.8671451439812],
            [-102.411536534704, 34.8662070845922],
            [-101.709880707469, 34.8634265556632],
            [-101.424651403294, 34.8622962187466],
            [-100.533445154568, 34.8587643528448],
            [-100.46597782745, 34.8584969722281],
            [-100.098235118529, 34.8570395529503],
            [-100.033580703128, 34.85678331527],
            [-100.001127123128, 34.8566548423017],
            [-100.00126805083, 35.1480423740513],
            [-100.0013223477, 35.2600327053484],
            [-100.001585586418, 35.8007770175079],
            [-100.00383029665, 36.4930957328871],
            [-100.003851999049, 36.4997598405162],
            [-100.003852048456, 36.4997745204749],
            [-100.003154678216, 36.7480263167006],
            [-100.002070353278, 36.8683861272106],
            [-100.000923694242, 36.9954590967751],
            [-100.000896428576, 36.9984781162128],
            [-97.5361672599033, 37.0002248056113],
            [-97.5354353817801, 37.0002253243091],
            [-97.5703473057595, 37.1624199881966],
            [-97.6661736019812, 37.6058256312062],
            [-97.7537217979938, 37.6993195660981],
            [-98.0663053397621, 38.032170352758],
            [-98.5193381819052, 38.5119033644575],
            [-98.5390192582772, 38.5735921932598],
            [-98.701051332548, 39.0794554845531],
            [-98.7781530749189, 39.3189030498712],
            [-98.9983877725922, 39.9983617477039],
            [-98.9996147886253, 40.002128559568]
          ]
        ]
      },
      "properties": {
        "OBJECTID": 10,
        "Zone_Number": 2,
        "RESERVE_ZONE": "2",
        "INTERVAL": 1782771000000,
        "REGUP_MCP": 25.477,
        "REGDN_MCP": 26.2084,
        "SPIN_MCP": 0.25,
        "SUPP_MCP": 0.0101,
        "Shape_Length": 2542382.75156862,
        "Shape_Area": 275189566509.81,
        "GMTINTERVALEND": 1782789000000
      }
    },
    {
      "type": "Feature",
      "id": 51,
      "geometry": {
        "type": "Polygon",
        "coordinates": [
          [
            [-95.0692587855376, 40.5771260489416],
            [-95.1879969535423, 40.5793652246006],
            [-95.2855474958832, 40.5803786887622],
            [-95.3190719656181, 40.5833954179281],
            [-95.3489467294739, 40.5838371168592],
            [-95.3825550767035, 40.5843340137545],
            [-95.7674796042471, 40.5890479741814],
            [-95.7634123650173, 40.5497071574649],
            [-95.7370361825619, 40.5323733191004],
            [-95.6920663918781, 40.524129846056],
            [-95.6874129390433, 40.561170356033],
            [-95.6756937765615, 40.5658356718972],
            [-95.6629443874843, 40.5587289872777],
            [-95.6580607692057, 40.5303325510504],
            [-95.6615925002368, 40.5279537263496],
            [-95.6849704817696, 40.5122051770642],
            [-95.6953617501068, 40.4853382554543],
            [-95.6368176941328, 40.3963904605481],
            [-95.6342694737091, 40.3600064430122],
            [-95.6302417594534, 40.3561027124579],
            [-95.6162017069086, 40.3464975242487],
            [-95.617933463842, 40.3314179385357],
            [-95.6455528391921, 40.3223467916481],
            [-95.6468268047752, 40.3091097198128],
            [-95.5874034813943, 40.3024618223313],
            [-95.5550768279542, 40.2733643956439],
            [-95.5471369766874, 40.2662157682083],
            [-95.5171387268193, 40.2494261440865],
            [-95.4768221095943, 40.2268549033965],
            [-95.4706101866411, 40.2185612802547],
            [-95.4666366066611, 40.2132555660347],
            [-95.4609526164138, 40.1739952535712],
            [-95.4554795514936, 40.1679867070961],
            [-95.4325687100782, 40.1428285058244],
            [-95.4229267911982, 40.1322380099355],
            [-95.4206314087977, 40.130874633642],
            [-95.4132003785791, 40.1299781803041],
            [-95.4086456299328, 40.1300392147391],
            [-95.4036026002171, 40.1293067930934],
            [-95.3983078005751, 40.1271286004219],
            [-95.3955917362287, 40.1246681216488],
            [-95.3932571405695, 40.1215782167748],
            [-95.3921508796701, 40.1178855900632],
            [-95.3917694091864, 40.1135749818668],
            [-95.3918517685283, 40.113086186757],
            [-95.3845424869802, 40.0953626788115],
            [-95.403784320416, 40.0803791895875],
            [-95.4137639016383, 40.0481113857687],
            [-95.3905318631015, 40.0437507812716],
            [-95.3718217550588, 40.0292002761535],
            [-95.3712443377572, 40.0287511802956],
            [-95.3450672902407, 40.024974095808],
            [-95.3094244556237, 39.9999188609186],
            [-95.3086972280787, 39.9994075592402],
            [-95.329701331523, 39.9925950177223],
            [-95.7039701069469, 39.993337290859],
            [-95.7807051749851, 40.0015051003858],
            [-95.7864990229034, 40.0015029905661],
            [-95.9998321537933, 40.0013084409641],
            [-96.0100555422753, 40.0013008115971],
            [-96.238113402755, 40.0013961789671],
            [-96.463600158229, 40.0026206966034],
            [-96.4672012329119, 40.0026168823373],
            [-96.8067245475683, 40.002174377866],
            [-96.9183959962195, 40.002269744704],
            [-97.001235961928, 40.0024948119503],
            [-97.3338394165086, 40.003398895308],
            [-97.3686752325222, 40.0035362236919],
            [-97.3711547857256, 40.0035324101651],
            [-97.8177490231384, 40.0035438541853],
            [-97.8215408326139, 40.0035285945739],
            [-97.9300155643428, 40.003112792933],
            [-97.9938964844704, 40.0028610224569],
            [-98.0294418330145, 40.0029144288517],
            [-98.1786869497645, 40.0034443081421],
            [-98.2754898072265, 40.0037879944307],
            [-98.5045394895265, 40.0036087033673],
            [-98.6996612552229, 40.0033340452387],
            [-98.7288284305024, 40.0032196045991],
            [-98.9996185301084, 40.0021400451111],
            [-98.9996147886253, 40.002128559568],
            [-98.9983877725922, 39.9983617477039],
            [-98.7781530749189, 39.3189030498712],
            [-98.701051332548, 39.0794554845531],
            [-98.5390192582772, 38.5735921932598],
            [-98.5193381819052, 38.5119033644575],
            [-98.0663053397621, 38.032170352758],
            [-97.7537217979938, 37.6993195660981],
            [-97.6661736019812, 37.6058256312062],
            [-97.5703473057595, 37.1624199881966],
            [-97.5361672599033, 37.0002248056113],
            [-97.5354676842994, 36.9969014733904],
            [-97.8042499567189, 36.9985676075788],
            [-98.1045290665298, 36.9986713701378],
            [-98.3471435979792, 36.9990615067373],
            [-98.5402196365672, 36.9983759324796],
            [-98.9995161140812, 36.998072775404],
            [-99.4374736285522, 36.9945583890551],
            [-99.5446397116432, 36.9954628878829],
            [-99.9151275813424, 36.9954259052017],
            [-99.9992617570672, 36.9954175072191],
            [-100.000923694242, 36.9954590967751],
            [-100.002070353278, 36.8683861272106],
            [-100.003154678216, 36.7480263167006],
            [-100.003852048456, 36.4997745204749],
            [-100.003851999049, 36.4997598405162],
            [-100.00383029665, 36.4930957328871],
            [-100.00155071831, 36.4925547637718],
            [-99.9975536222326, 36.0575913680022],
            [-99.9981231038171, 35.8838375116],
            [-100.000392483583, 35.6188562225958],
            [-99.9947434081562, 35.4246221581808],
            [-99.9954753841958, 35.361927564579],
            [-99.9957581271349, 35.3376972749267],
            [-99.9975701997428, 35.1822350979223],
            [-99.9964550652851, 35.0310510185839],
            [-99.999259944267, 34.7472433658909],
            [-99.9964752692942, 34.5623839663818],
            [-99.981700722732, 34.5621024106503],
            [-99.9807547006181, 34.5623589414143],
            [-99.9793280043687, 34.5630722898541],
            [-99.9714697300111, 34.5670090573958],
            [-99.969783635342, 34.5679322148093],
            [-99.9659460513128, 34.5702477360519],
            [-99.9627645931739, 34.572342005219],
            [-99.9560812460377, 34.5770111944893],
            [-99.9547995082308, 34.5779038338182],
            [-99.9487188821412, 34.5802956493475],
            [-99.9479025381267, 34.5802117263432],
            [-99.9407288590674, 34.5794767757164],
            [-99.9401205576862, 34.5794144546859],
            [-99.9365244991959, 34.5786519991988],
            [-99.9365042251183, 34.5786477004925],
            [-99.922447440553, 34.5732426128967],
            [-99.9201751304822, 34.5718729189378],
            [-99.8809773352992, 34.5482418776965],
            [-99.8759501437803, 34.5408262700241],
            [-99.8609492711739, 34.5186945628886],
            [-99.8504940607547, 34.5129460003684],
            [-99.8303083737381, 34.5018462324219],
            [-99.7780602700273, 34.4440642654517],
            [-99.7320243084587, 34.4110542109431],
            [-99.7190274649617, 34.4017324745419],
            [-99.712657263347, 34.3971631907238],
            [-99.7004235171244, 34.3883873421118],
            [-99.6939499382851, 34.3837431637312],
            [-99.6905732546754, 34.3813206121652],
            [-99.686790862239, 34.378606906404],
            [-99.6852769045412, 34.3775206816424],
            [-99.601817384256, 34.3686339574466],
            [-99.5855894578872, 34.3849338909364],
            [-99.5782195050232, 34.4089886818154],
            [-99.5549951964894, 34.415057072706],
            [-99.5542323184041, 34.4152564011388],
            [-99.5479511946313, 34.4139073116344],
            [-99.5025040679516, 34.4041453159895],
            [-99.4798058685438, 34.3836002479577],
            [-99.4387431905938, 34.3647833628928],
            [-99.4103230282534, 34.3691856181035],
            [-99.4070454800235, 34.3749191089179],
            [-99.3945224322619, 34.3968223484133],
            [-99.3931570855565, 34.4290707260384],
            [-99.3645692338037, 34.4502723577417],
            [-99.3236589622282, 34.4127869541599],
            [-99.2675355533311, 34.3983645548835],
            [-99.2668492305726, 34.3967857867319],
            [-99.2654103944904, 34.3934758954937],
            [-99.2572279504862, 34.3746505513963],
            [-99.2544656543437, 34.3682943818689],
            [-99.2058491689337, 34.3320754845545],
            [-99.196662810887, 34.3052057651201],
            [-99.2049556012458, 34.2557306797041],
            [-99.1908403471353, 34.2238215671034],
            [-99.1765117647044, 34.2128165246706],
            [-99.1283001275351, 34.2015562950382],
            [-99.1237804284562, 34.2021851958201],
            [-99.1082121853062, 34.2043514279473],
            [-99.0787841168103, 34.2084460242659],
            [-99.0355699126694, 34.1990091423157],
            [-98.996544634445, 34.209583692644],
            [-98.9528568896903, 34.1946535622102],
            [-98.9082621132983, 34.1700537578482],
            [-98.9075212897515, 34.1696450364252],
            [-98.8916893730993, 34.1609099134214],
            [-98.8114098970048, 34.1460259390854],
            [-98.7788769086287, 34.1320532496096],
            [-98.7099541634264, 34.1308799521899],
            [-98.6870801259883, 34.1499931292515],
            [-98.68556021785, 34.149773654422],
            [-98.6852975280031, 34.1499931292515],
            [-98.6830555028355, 34.1496693798329],
            [-98.6825527364322, 34.1500893960786],
            [-98.6649698766289, 34.1475497415438],
            [-98.6308579688853, 34.1584333508709],
            [-98.6300389766374, 34.1581259257644],
            [-98.6290753709001, 34.1584333508709],
            [-98.627949855511, 34.1580108658311],
            [-98.6263299675766, 34.1585276003044],
            [-98.6075838478707, 34.1514897629888],
            [-98.5766684396572, 34.1420220044861],
            [-98.557914341115, 34.1054284603113],
            [-98.4998521666122, 34.0665081890329],
            [-98.4513044598137, 34.0551224862892],
            [-98.4261931313295, 34.0658376832212],
            [-98.4119878265016, 34.0824623204192],
            [-98.3958056028213, 34.0872388192792],
            [-98.3891087486165, 34.1157877015149],
            [-98.3552575607144, 34.1421288394247],
            [-98.3536602303751, 34.1419846969091],
            [-98.3534749627292, 34.1421288394247],
            [-98.3511127205188, 34.1419156712685],
            [-98.3507302511085, 34.1422132127153],
            [-98.32081414319, 34.1395124620383],
            [-98.2773247042292, 34.1229646979619],
            [-98.1771235496918, 34.1157467708499],
            [-98.1417100235258, 34.1384479955658],
            [-98.1197143605691, 34.1490038082519],
            [-98.1189865661871, 34.148497633211],
            [-98.1179317625839, 34.1490038082519],
            [-98.1168755441341, 34.1482692161808],
            [-98.1151863484805, 34.1490797352872],
            [-98.0944412661635, 34.13464914995],
            [-98.1110054526043, 34.0699152371012],
            [-98.0865219827234, 34.0054103500709],
            [-98.0558736759831, 33.9898964381544],
            [-98.0272532692844, 33.9873839184902],
            [-97.987513955275, 34.0013112169961],
            [-97.987025276252, 34.0008577776726],
            [-97.9857313572898, 34.0013112169961],
            [-97.9850370449151, 34.0006669725211],
            [-97.9829951841558, 34.0013824306096],
            [-97.950538917295, 33.971258484362],
            [-97.9480669836018, 33.9598489558128],
            [-97.9633110472236, 33.9487483859633],
            [-97.9509969170544, 33.9326164012815],
            [-97.9764418699536, 33.912150904448],
            [-97.9766936892873, 33.9026029019364],
            [-97.9550485112252, 33.8835794226452],
            [-97.9093776034285, 33.8741230609976],
            [-97.8708119257614, 33.8555746833594],
            [-97.8573671562126, 33.8571043968915],
            [-97.7950275106524, 33.8904923733953],
            [-97.7611849870013, 33.9321341477586],
            [-97.7338409102514, 33.9393296745314],
            [-97.7090847352064, 33.9715834002705],
            [-97.6758892455966, 33.9886513821304],
            [-97.6747211195203, 33.988335473249],
            [-97.6741066476114, 33.9886513821304],
            [-97.6723905806528, 33.9881872873264],
            [-97.6713709901104, 33.9887114204085],
            [-97.6004841557944, 33.969535741648],
            [-97.5926564609874, 33.9179850754894],
            [-97.5762116561563, 33.9028532363802],
            [-97.5594029105658, 33.9039489510908],
            [-97.5230180441679, 33.9168171900736],
            [-97.521924401005, 33.9165735454664],
            [-97.5212354461827, 33.9168171900736],
            [-97.5196545514199, 33.9164649933638],
            [-97.5185042101895, 33.9168717544129],
            [-97.4778308396258, 33.9078083790381],
            [-97.4630599536984, 33.9024831824726],
            [-97.4573607316172, 33.8905320421683],
            [-97.4530350946908, 33.8363150223682],
            [-97.4120303634666, 33.821399668088],
            [-97.3681246254402, 33.8310781415492],
            [-97.3466109715155, 33.8619696134252],
            [-97.3197629408723, 33.8704466000227],
            [-97.3188947065738, 33.8958938657624],
            [-97.3171453184063, 33.8949206433501],
            [-97.3171121085886, 33.8958938657624],
            [-97.3144345882561, 33.8944042980814],
            [-97.3143820493884, 33.8959411093006],
            [-97.2725718895787, 33.8726758638893],
            [-97.2659643961851, 33.8617474124958],
            [-97.2554913757671, 33.873027607514],
            [-97.2508692112536, 33.8942942152352],
            [-97.2161400090946, 33.9057469006412],
            [-97.2151681837725, 33.9054795489782],
            [-97.2143574111094, 33.9057469006412],
            [-97.2129407831777, 33.9053571823217],
            [-97.211626664698, 33.9057904563891],
            [-97.1880587802125, 33.8993056783331],
            [-97.1644603826518, 33.8632500156389],
            [-97.1688855358436, 33.8478962305726],
            [-97.1953068379808, 33.836261665287],
            [-97.2086128609373, 33.8197520284805],
            [-97.189454847504, 33.7528743601693],
            [-97.152763962818, 33.7287737741398],
            [-97.119120682802, 33.7262809409677],
            [-97.0952909609707, 33.7317366854111],
            [-97.0882571693641, 33.7424788682368],
            [-97.0924653722283, 33.8076359797744],
            [-97.0548219517443, 33.8235137684605],
            [-97.0830448018275, 33.8378747016615],
            [-97.0869749222124, 33.851164680949],
            [-97.0756987351668, 33.8567916260896],
            [-97.07465929006, 33.8564207957189],
            [-97.0739161371816, 33.8567916260896],
            [-97.0723706620921, 33.8562402643332],
            [-97.0711884010248, 33.8568301475307],
            [-97.0284811593178, 33.8415907985748],
            [-97.0106483558631, 33.8505800145078],
            [-96.992506775394, 33.8764894729356],
            [-96.9926639823654, 33.9442673406418],
            [-96.9908799371943, 33.9436435146473],
            [-96.9908813843802, 33.9442673406418],
            [-96.9881458400669, 33.9433108026993],
            [-96.9881480795669, 33.9443028744718],
            [-96.970609375553, 33.9381691686061],
            [-96.9410036957523, 33.9479159396439],
            [-96.9343668768562, 33.9618394980267],
            [-96.932856092008, 33.9612692980943],
            [-96.9325842788711, 33.9618394980267],
            [-96.9302803516955, 33.9609699489203],
            [-96.9298498340957, 33.9618729390653],
            [-96.8987359134757, 33.9501277725005],
            [-96.8831331067468, 33.9246919891691],
            [-96.8792187931177, 33.8841045602309],
            [-96.8612965129691, 33.8617814739237],
            [-96.8473204043028, 33.8587845279961],
            [-96.8189083232066, 33.871841730736],
            [-96.8174701860138, 33.8716834406915],
            [-96.8171257252215, 33.871841730736],
            [-96.81497571898, 33.8716050880364],
            [-96.8143969173745, 33.8718710362716],
            [-96.7978710144361, 33.8700514709326],
            [-96.7493776233728, 33.8320566497584],
            [-96.7164621889427, 33.833947019488],
            [-96.6981673954121, 33.8479815463949],
            [-96.6824926767481, 33.9044001305726],
            [-96.6710260244044, 33.913620366252],
            [-96.6696164311797, 33.9133204521598],
            [-96.6692434264193, 33.913620366252],
            [-96.6671071302657, 33.9131658338672],
            [-96.666511925423, 33.913644362942],
            [-96.5847604887685, 33.896245509947],
            [-96.6144392303479, 33.8630013559622],
            [-96.6014686392168, 33.8430585100914],
            [-96.5624047145706, 33.8255225830494],
            [-96.5108435327947, 33.8157874650744],
            [-96.501016150436, 33.7881925409475],
            [-96.4883777652801, 33.7787809676028],
            [-96.4242366499272, 33.7884133630294],
            [-96.4240008179106, 33.788181090511],
            [-96.422454051942, 33.7884133630294],
            [-96.4221071405456, 33.788071686765],
            [-96.4197303806618, 33.7884285090404],
            [-96.3710832276663, 33.7404975465175],
            [-96.3478505674954, 33.7056318221474],
            [-96.3204381424272, 33.7023689031215],
            [-96.3055523143643, 33.7141424386903],
            [-96.2944474001108, 33.7620238106181],
            [-96.2828437061773, 33.7734793956532],
            [-96.2814267404791, 33.7731184534145],
            [-96.2810611081921, 33.7734793956532],
            [-96.2789049772371, 33.7729301654121],
            [-96.2783383522952, 33.7734894673753],
            [-96.2137991925415, 33.7570453421085],
            [-96.1917904510126, 33.7586776902398],
            [-96.1735793687883, 33.7694507350774],
            [-96.1660818264079, 33.7983238308519],
            [-96.1461855478297, 33.8204149786361],
            [-96.1562199262844, 33.8231904371709],
            [-96.1809848859545, 33.8085339154129],
            [-96.1814245690653, 33.8098800686099],
            [-96.1837098597919, 33.8085273387799],
            [-96.1839987148681, 33.8094115312323],
            [-96.1854924577771, 33.8085273387799],
            [-96.1878964213426, 33.8158856538573],
            [-96.1739734147877, 33.8290770675639],
            [-96.1537325451616, 33.8356846742427],
            [-96.1525367312115, 33.8354931265143],
            [-96.1519499471764, 33.8356846742427],
            [-96.1501320651635, 33.8353934820679],
            [-96.1492232593534, 33.8356901108712],
            [-96.113494872782, 33.8299655398641],
            [-96.0962897401825, 33.844673856421],
            [-96.0946522192174, 33.8445498439543],
            [-96.0945071421974, 33.844673856421],
            [-96.092005487743, 33.8444844014999],
            [-96.0917798839442, 33.844677231014],
            [-96.0522937160802, 33.8416853890247],
            [-96.0315151598407, 33.8561199523859],
            [-96.0307536894154, 33.8554106465382],
            [-96.0297325618555, 33.8561199523859],
            [-96.0285679616667, 33.8550351319697],
            [-96.0270045795603, 33.8561210027485],
            [-96.0167028903248, 33.8465236043084],
            [-96.0065586757587, 33.8570782903048],
            [-96.0073841215036, 33.873488795723],
            [-95.998976399789, 33.875476611434],
            [-95.998645180164, 33.8751334691196],
            [-95.9971938018038, 33.875476611434],
            [-95.9966866713849, 33.8749512260859],
            [-95.9944645977998, 33.8754764935933],
            [-95.9788600869669, 33.8593071744361],
            [-95.9635277962077, 33.8651404904172],
            [-95.94783559543, 33.8900737685445],
            [-95.9378407132035, 33.8906311763626],
            [-95.9376822962014, 33.8905405967867],
            [-95.9360581152183, 33.8906311763626],
            [-95.9358119489827, 33.8904904241463],
            [-95.9333279563051, 33.8906288647092],
            [-95.8474651938016, 33.841515558742],
            [-95.8307305268827, 33.8431320108763],
            [-95.8002363539772, 33.8647815989566],
            [-95.7991835661935, 33.8642635279616],
            [-95.798453755992, 33.8647815989566],
            [-95.7968363474078, 33.8639856801145],
            [-95.7957252383009, 33.8647743493544],
            [-95.7729544298653, 33.8535670927954],
            [-95.7690091072909, 33.8791147209991],
            [-95.7654548617838, 33.8935496283456],
            [-95.7516230342303, 33.9035066028779],
            [-95.7501997093581, 33.9032479913848],
            [-95.7498404362451, 33.9035066028779],
            [-95.7476499546119, 33.9031086020458],
            [-95.7471094787296, 33.9034976096666],
            [-95.7030269405772, 33.8954859793296],
            [-95.6382473054153, 33.9202207884471],
            [-95.6177387135799, 33.9203553350395],
            [-95.6195864124738, 33.9368079708718],
            [-95.6108281393892, 33.9446705327097],
            [-95.6093647164177, 33.94438401305],
            [-95.609045541404, 33.9446705327097],
            [-95.6067886401354, 33.9442286597087],
            [-95.6063120048254, 33.9446564890025],
            [-95.5630134120484, 33.9361770993386],
            [-95.5467791480653, 33.9045728188125],
            [-95.5243274328967, 33.9067646335532],
            [-95.5244806333819, 33.9065756563913],
            [-95.5225448349116, 33.9067646335532],
            [-95.5227945539841, 33.9064565963591],
            [-95.5198137130044, 33.9067474843285],
            [-95.5269702333435, 33.8979201791127],
            [-95.5477305465962, 33.8932621149975],
            [-95.5449672452389, 33.8873334540612],
            [-95.5176355463754, 33.8978576870176],
            [-95.5171858829819, 33.897344462869],
            [-95.5158529483903, 33.8978576870176],
            [-95.5151528293056, 33.8970586019734],
            [-95.5131223915234, 33.8978402973991],
            [-95.4996397094764, 33.882448846392],
            [-95.4728718831167, 33.8865568444123],
            [-95.4726771867536, 33.8863131580597],
            [-95.4710892851315, 33.8865568444123],
            [-95.4707776757292, 33.8861668265965],
            [-95.4683594532051, 33.8865378476777],
            [-95.4520046146497, 33.866063124858],
            [-95.3347835179036, 33.8710488209021],
            [-95.3409731150271, 33.8972438795035],
            [-95.3390515485658, 33.8966558384526],
            [-95.3391905170419, 33.8972438795035],
            [-95.3362532928625, 33.8963450229986],
            [-95.3364600491083, 33.8972201510996],
            [-95.302187947495, 33.8867300930354],
            [-95.297477255807, 33.8710161251228],
            [-95.2693381673358, 33.8578974228081],
            [-95.1375776203239, 33.8432501856089],
            [-94.9873652569647, 33.7147086579109],
            [-94.9033950597119, 33.4620998827984],
            [-94.9581542376111, 33.2892253635276],
            [-95.2891896828633, 33.2671852046036],
            [-95.3819836314018, 33.0934344566256],
            [-95.4687589205372, 33.0162173006375],
            [-95.5276213834654, 32.9729060761326],
            [-95.649721653626, 32.8829964896211],
            [-95.8405714369713, 32.7575953024486],
            [-96.0509551517467, 32.5916006938911],
            [-96.1116614517113, 32.4649108369494],
            [-96.0203924778092, 32.1880512432757],
            [-95.4521686631902, 32.0412416676326],
            [-95.0645146262154, 31.9849554336589],
            [-94.9381583286814, 31.9445087364365],
            [-94.4350427233109, 31.7641159847499],
            [-94.1891210360581, 31.7607017210802],
            [-93.9437954807094, 31.9110939764409],
            [-93.9415929185322, 31.9124431053667],
            [-93.7804356263801, 32.004023066311],
            [-93.7129047416587, 32.042260546149],
            [-93.572596982535, 32.1161511929837],
            [-93.54121388713, 32.1922577643592],
            [-93.5167949728803, 32.2513499111631],
            [-93.4926339335076, 32.3097100947128],
            [-93.3863624107429, 32.490374522262],
            [-93.4235791197888, 32.5957228888489],
            [-93.4919904648797, 32.7890501398856],
            [-93.6084824907378, 32.9455898535279],
            [-93.7986773887662, 32.9653478396033],
            [-93.9030084741605, 33.0206639496234],
            [-93.9060888897962, 33.023081957388],
            [-93.9653863071035, 33.0696152164919],
            [-93.9639676444877, 33.3088265670811],
            [-93.8130853229795, 33.4572721656467],
            [-93.7331262813366, 33.5358370737027],
            [-93.662855621237, 33.7249166422814],
            [-93.5670195378703, 34.022655442758],
            [-93.582615600048, 34.0979383505441],
            [-93.6133382378864, 34.2460420549152],
            [-93.9233017290425, 34.5344962022258],
            [-94.1160189418785, 34.622353616137],
            [-94.4029862292093, 34.6464775022767],
            [-94.4105793469462, 34.65445752136],
            [-94.4516425045965, 34.6975997007742],
            [-94.4617101234117, 34.7081736097171],
            [-94.4616644647407, 34.7099894065196],
            [-94.4583545232617, 34.7287997953142],
            [-94.4544296813774, 34.8546159066441],
            [-94.4519591445645, 34.9337140909824],
            [-94.4448817523272, 35.1342156217199],
            [-94.4431537153174, 35.13267180203],
            [-94.443099154342, 35.1342156217199],
            [-94.4403738059072, 35.1317807957335],
            [-94.4402895690864, 35.1341599016037],
            [-94.4347587523748, 35.1292181030886],
            [-94.323124427501, 35.0294084686535],
            [-94.0954016215544, 35.0449095055596],
            [-93.5829343492602, 35.0620525482586],
            [-93.3343795058736, 35.0654780607675],
            [-93.2879292826185, 35.2263620192689],
            [-93.1351813435214, 35.2324189478516],
            [-93.1350044796151, 35.3916925040548],
            [-93.1160955806882, 35.4147431392577],
            [-93.0382981425371, 35.415703998702],
            [-93.0333658194004, 35.4163223426046],
            [-92.7601153878432, 35.4502656846013],
            [-92.7602259309288, 35.4500305668766],
            [-92.758332789858, 35.4502656846013],
            [-92.7585659969973, 35.4497696697218],
            [-92.7555044495758, 35.4501497858814],
            [-92.770238200946, 35.4188109505469],
            [-92.674114362041, 35.4214090252487],
            [-92.5871945052302, 35.4775620951421],
            [-92.5403198774106, 35.507780013499],
            [-92.4214147251711, 35.5785584944501],
            [-92.4197129908328, 35.5785103811484],
            [-92.4196321271859, 35.5785584944501],
            [-92.2684168783553, 35.574283075707],
            [-92.2681799818351, 35.5742232803013],
            [-92.2655811907524, 35.5741497075895],
            [-92.1233523044435, 35.5382355153097],
            [-92.1559326466114, 35.470463749767],
            [-92.1550200238598, 35.4609178334754],
            [-92.1468169976557, 35.3749884310259],
            [-92.0548868286703, 35.2747539228054],
            [-92.0006653481641, 35.3705332222871],
            [-91.9886574806247, 35.4611965110279],
            [-91.9869706403539, 35.4604739119767],
            [-91.9868748826395, 35.4611965110279],
            [-91.9841812258696, 35.4600426141758],
            [-91.984047256518, 35.4610530529755],
            [-91.9828522070343, 35.4605410666503],
            [-91.9710305530668, 35.4696534278185],
            [-91.9180884055776, 35.5104168233858],
            [-91.8882078161471, 35.5333915078245],
            [-91.7970822951111, 35.6033132741613],
            [-91.5861202189046, 35.7040180421715],
            [-90.9591877517987, 35.7841908393886],
            [-90.8172185944896, 35.8108864921097],
            [-90.816949121464, 35.8106020136134],
            [-90.8154359965044, 35.8108864921097],
            [-90.8148566433333, 35.8102748769804],
            [-90.8125878726248, 35.81070133785],
            [-90.7875681318754, 35.7842812062434],
            [-90.7799488147733, 35.7762301719587],
            [-90.6578792211813, 35.6764143512722],
            [-90.5297519579468, 35.4645567812915],
            [-90.5384900557684, 35.3532663245799],
            [-90.7679229737417, 35.3292993615599],
            [-91.1336743638159, 35.3045763695936],
            [-91.3767474420988, 35.2967975780251],
            [-91.4162594221542, 35.0413832389206],
            [-91.309981367739, 34.9369905523861],
            [-91.3226096540344, 34.7474743558803],
            [-91.2046818481628, 34.4915024239967],
            [-91.1662019964362, 34.4829968567615],
            [-91.1316433690783, 34.4831929908821],
            [-91.1124364702256, 34.5009111180173],
            [-91.150273775894, 34.5392722989433],
            [-91.1872396241087, 34.5910036600124],
            [-91.2207449336769, 34.6945753108776],
            [-91.1610842691098, 34.7426300790957],
            [-91.0911003207061, 34.7433070582079],
            [-91.0223007893264, 34.7590843520677],
            [-90.9458770378398, 34.7862613949457],
            [-90.9262592774239, 34.8391395318381],
            [-90.9197334651441, 34.9294119936427],
            [-90.8591775548362, 34.9839849944316],
            [-90.8154546715809, 35.0241246035657],
            [-90.7336429094618, 35.0274894213252],
            [-90.73347676605, 35.0274229398533],
            [-90.7318603114766, 35.0274894213252],
            [-90.7311728083318, 35.0272143190896],
            [-90.7290641811872, 35.0273009675149],
            [-90.6561597451162, 34.9981199153112],
            [-90.6174822433659, 35.0058942901194],
            [-90.6152996642122, 35.0342995943414],
            [-90.6514475056309, 35.0624779304757],
            [-90.7422416902609, 35.0630405744247],
            [-90.7432436738237, 35.063206490848],
            [-90.7468227882911, 35.0632285421305],
            [-90.8005650777803, 35.0721250868394],
            [-90.811030481383, 35.114445240517],
            [-90.7771400514761, 35.1733934650849],
            [-90.7199242480745, 35.1794299361776],
            [-90.7194110055183, 35.2162705756165],
            [-90.6939718790921, 35.2520812937568],
            [-90.5692830945756, 35.2770291447619],
            [-90.485029146474, 35.2784678404041],
            [-90.4338375073514, 35.3214981999893],
            [-90.421281830982, 35.449940679955],
            [-90.4132458132674, 35.521608806272],
            [-90.4537942685993, 35.5568490771365],
            [-90.5104200693021, 35.562617766924],
            [-90.5158327270111, 35.6097289754043],
            [-90.4720673884771, 35.671483336679],
            [-90.4256724637142, 35.7649081707666],
            [-90.399469822297, 35.8485734249372],
            [-90.4430180595864, 35.9173656613583],
            [-90.4907499883092, 35.9925819863056],
            [-90.4434604753722, 36.0180189840231],
            [-90.4216785674357, 36.0297229388102],
            [-90.3271846479519, 36.0804039978417],
            [-90.3245841276123, 36.0817983041643],
            [-90.0825377868683, 36.2109378626226],
            [-89.9228765184476, 36.2644804438191],
            [-89.704642867477, 36.5304030595303],
            [-89.7029827727471, 36.5302540419621],
            [-89.7028602694918, 36.5304030595303],
            [-89.6999937759629, 36.5301457500858],
            [-89.6999668085381, 36.5301785510133],
            [-89.5659947835699, 36.5181468229747],
            [-89.5621208330431, 36.5177988838632],
            [-89.5610191436703, 36.5578606066087],
            [-89.5510140817349, 36.9207356058064],
            [-89.6837343034563, 36.936312195343],
            [-90.2848639854477, 36.9030972526527],
            [-90.7739138527445, 36.7316700102218],
            [-90.9309825994249, 36.63025892929],
            [-91.0425678780808, 36.488362303045],
            [-91.1339563476786, 36.4880156940117],
            [-91.4117966933323, 36.4911017639625],
            [-91.4529890377037, 36.4904379987638],
            [-91.6885605509501, 36.4910185672138],
            [-91.8414722196858, 36.4911637424092],
            [-91.841427564433, 36.4913076635968],
            [-91.8461514424911, 36.4913119801739],
            [-91.8381265054955, 36.5171775697217],
            [-91.8320770491496, 36.7226654700828],
            [-91.8795306941704, 36.7416384004095],
            [-91.980656938279, 36.6571798745394],
            [-92.0299081759637, 36.4969140986538],
            [-92.0310592654906, 36.4969062799821],
            [-92.1229705815332, 36.4968338017895],
            [-92.1546859745416, 36.4968338010673],
            [-92.2448883059433, 36.496658325063],
            [-92.2560043341534, 36.4965019220767],
            [-92.2626342773444, 36.4965705869117],
            [-92.2668762209306, 36.4965667725212],
            [-92.2943496703527, 36.4965476991216],
            [-92.5284500126584, 36.4964942932887],
            [-92.5627899173126, 36.4964981084049],
            [-92.6143112174833, 36.4966964725252],
            [-92.6197891234246, 36.4967727666713],
            [-92.6377792353603, 36.4969863890136],
            [-92.6409683228909, 36.4970245363142],
            [-92.7159500124452, 36.496952056788],
            [-92.7333679200028, 36.4969367985778],
            [-92.7354049684871, 36.4969215396425],
            [-92.7390899664787, 36.4968986505118],
            [-92.7516784663903, 36.496822357212],
            [-92.7743225099628, 36.496952056788],
            [-92.7888870241233, 36.4968032838753],
            [-92.7955017094292, 36.4967918392933],
            [-92.8340988155548, 36.4966468804596],
            [-92.8470153811064, 36.4966163631939],
            [-92.8518447878542, 36.4966011041955],
            [-92.8535003667531, 36.4965934754173],
            [-92.8541336062649, 36.4965896603057],
            [-92.8713073732879, 36.4965324401096],
            [-92.8767318725889, 36.4965133674236],
            [-92.8899459844171, 36.496623992692],
            [-92.9065475461637, 36.4967613220847],
            [-92.9153823853548, 36.4968338010673],
            [-92.9218139652596, 36.496810913355],
            [-92.925194499947, 36.4969253099647],
            [-92.9264956081264, 36.4969206333498],
            [-92.937543014032, 36.4972940799473],
            [-92.9383210987985, 36.4973204041902],
            [-92.9540634156876, 36.4971961978513],
            [-92.9651870723911, 36.4971084595874],
            [-92.970336914489, 36.49706649724],
            [-92.9740905761077, 36.4970359801397],
            [-92.9819030759116, 36.496971130088],
            [-92.9832458497506, 36.4969596855309],
            [-92.9909439086789, 36.496959686253],
            [-93.0004196167735, 36.4969825746435],
            [-93.0109786984907, 36.4970092773962],
            [-93.0213241572401, 36.4970512390524],
            [-93.022430419936, 36.4970550534191],
            [-93.0267486565411, 36.4970741266937],
            [-93.0267446051392, 36.4971599310967],
            [-93.0271122379742, 36.4971611854597],
            [-93.0314304826641, 36.4971801048918],
            [-93.0197006661631, 36.7455407193015],
            [-93.0305768208362, 37.3900368246051],
            [-93.0310323035161, 37.407393799245],
            [-93.035482110971, 37.5767494419141],
            [-93.1298602232416, 37.9844601140472],
            [-93.1340715288868, 38.0404808946617],
            [-93.2540108908517, 38.0465801562555],
            [-93.2432504284074, 38.1278153200008],
            [-93.2430985951581, 38.1821597770127],
            [-93.2427852762617, 38.2941804070286],
            [-93.2423286599079, 38.4571350950515],
            [-93.2419909355818, 38.5774318674361],
            [-93.202270456549, 38.689856755901],
            [-93.0180924141065, 38.7242706722306],
            [-92.982798676487, 38.7844610813649],
            [-93.0626801728595, 38.8032104367619],
            [-93.2814020375258, 38.7768096113301],
            [-93.3540544305826, 38.7764976717683],
            [-93.3549700204697, 38.7766009089667],
            [-93.3571157633068, 38.776591619908],
            [-93.3571816942587, 38.7765990517153],
            [-93.3588983612919, 38.776591619908],
            [-93.5808986590286, 38.8016107712722],
            [-93.6210679498521, 38.9381410592924],
            [-93.619243457137, 38.9379987994025],
            [-93.6192853518669, 38.9381410592924],
            [-93.6161650411511, 38.9378977617761],
            [-93.6162117607324, 38.9380564441893],
            [-93.1643731640808, 38.9028006278249],
            [-92.6306775715423, 38.8742824030229],
            [-92.4711120168185, 38.9031603344055],
            [-92.6068242249174, 39.5744005230253],
            [-92.6018736857435, 39.6059823779946],
            [-92.7105793428909, 39.6108776138681],
            [-93.1719557930884, 39.6301456157285],
            [-93.1688017937529, 39.7025241354256],
            [-93.2142380858519, 39.7034394940795],
            [-93.2596788569509, 39.7043533173633],
            [-93.2891315114379, 39.5532529167052],
            [-93.3914778877896, 39.550696454598],
            [-93.3922350633695, 39.5508480595801],
            [-93.3945968716937, 39.5507889802576],
            [-93.394794876552, 39.5508286181429],
            [-93.3963794696789, 39.5507889802576],
            [-93.491354236673, 39.5697990025492],
            [-93.6077808103812, 39.5930956796817],
            [-93.6894892042589, 39.6094406545004],
            [-93.6905039447971, 39.5697098496296],
            [-93.6966509060805, 39.3285470131438],
            [-93.6979455823225, 39.2776467218759],
            [-93.7945793364238, 39.1388164761368],
            [-93.7970337691387, 39.1398069604347],
            [-93.7976680255433, 39.1388947337011],
            [-93.799060084552, 39.1394564328672],
            [-93.7994506235285, 39.1388947337011],
            [-93.8193557208678, 39.1469260578914],
            [-93.8454808574389, 39.1574372681981],
            [-94.0137428128837, 39.2250983000818],
            [-94.094576929496, 39.2573194762082],
            [-94.4581455930929, 39.4020580088331],
            [-94.5442740565963, 39.5697616239412],
            [-94.549624626346, 39.5801665492969],
            [-94.6115927511627, 39.7005583295915],
            [-94.6963310367295, 39.7918228196404],
            [-94.7305283967145, 39.8286196755757],
            [-94.4801834975292, 39.9220234611715],
            [-94.4535895077534, 39.9334888047346],
            [-94.3349787325342, 39.9846015372115],
            [-94.3475315684306, 40.251810252189],
            [-94.3509450524242, 40.3242901074112],
            [-94.3625684634799, 40.5705102361785],
            [-94.371899218522, 40.5704966461794],
            [-94.3976296766798, 40.5704555192881],
            [-94.4381722875724, 40.5706587959233],
            [-94.4381534858335, 40.5706892129876],
            [-94.4431531655485, 40.5707141035744],
            [-94.4413576785356, 40.5736192450787],
            [-94.4413515574153, 40.5736291484753],
            [-94.4852310969747, 40.5742048735116],
            [-94.6398763075961, 40.5757448526694],
            [-94.8329936237715, 40.5767584324018],
            [-94.8345163966371, 40.5736356715882],
            [-95.0692587855376, 40.5771260489416]
          ]
        ]
      },
      "properties": {
        "OBJECTID": 51,
        "Zone_Number": 4,
        "RESERVE_ZONE": "4",
        "INTERVAL": 1782771000000,
        "REGUP_MCP": 25.477,
        "REGDN_MCP": 26.2084,
        "SPIN_MCP": 0.25,
        "SUPP_MCP": 0.0101,
        "Shape_Length": 6711258.73092352,
        "Shape_Area": 659768987864.285,
        "GMTINTERVALEND": 1782789000000
      }
    },
    {
      "type": "Feature",
      "id": 53,
      "geometry": {
        "type": "Polygon",
        "coordinates": [
          [
            [-101.486854104283, 42.987751303911],
            [-101.538058851622, 42.9879336175126],
            [-101.98105293243, 42.989510868302],
            [-102.086700915692, 42.989887014562],
            [-102.788384557463, 42.9953035921471],
            [-103.005875218151, 42.9993539436609],
            [-103.442465202112, 42.9989046684447],
            [-103.44254874723, 42.9987062324144],
            [-103.536463107828, 42.7752358140333],
            [-103.572595103864, 42.6890436567929],
            [-103.590333366821, 42.6466855482032],
            [-103.596945373351, 42.6413022314989],
            [-103.683967543781, 42.5123241898737],
            [-103.754543116343, 42.439369142946],
            [-103.836422027529, 42.3594647664438],
            [-104.000677753725, 42.1976489302177],
            [-104.054161277208, 42.1475676658549],
            [-104.053513435582, 41.9998153619135],
            [-104.053739979917, 41.9229655766642],
            [-104.057027675516, 41.9228504129978],
            [-104.057028162403, 41.9226804425936],
            [-104.13104061558, 41.9200851961053],
            [-104.131651976623, 41.9201262662504],
            [-104.132823213565, 41.9200851961053],
            [-104.214247765864, 41.9255549300445],
            [-104.295597528924, 41.9303092047164],
            [-104.373981080069, 41.9432851459943],
            [-104.442525455772, 41.9588235949193],
            [-104.485830196618, 41.9765020103695],
            [-104.530532988237, 42.0042037265441],
            [-104.565945616986, 42.0459395686502],
            [-104.59789448573, 42.0845032409044],
            [-104.628119524274, 42.1103481107817],
            [-104.659852505398, 42.1394698924956],
            [-104.725381056131, 42.1678885636263],
            [-104.79726622146, 42.1972414194399],
            [-104.875740073053, 42.214686084115],
            [-104.939514163731, 42.2185244900562],
            [-104.986993322702, 42.2098041834948],
            [-105.027119592308, 42.1890720414482],
            [-105.049580607735, 42.159992222545],
            [-105.056662149291, 42.1170306794284],
            [-105.046846385742, 42.0636605326267],
            [-105.025646896028, 42.0164053053972],
            [-104.989269342815, 41.9701007734921],
            [-104.931226862976, 41.929191208215],
            [-104.853603502158, 41.9009462252162],
            [-104.776216708177, 41.8665758624033],
            [-104.701392138458, 41.8279641019841],
            [-104.631804962441, 41.782254875093],
            [-104.570582086272, 41.7522070268678],
            [-104.508963119538, 41.7187864026066],
            [-104.450998196648, 41.6817530149544],
            [-104.377411869208, 41.6186343102335],
            [-104.342097989563, 41.5748338013185],
            [-104.317408439868, 41.5418738555017],
            [-104.248950061683, 41.5155021461866],
            [-104.195916584276, 41.4902360992904],
            [-104.097276937959, 41.4648588479006],
            [-104.054594512212, 41.4570448600383],
            [-103.990339046713, 41.4452796612065],
            [-103.903761836996, 41.4258415496258],
            [-103.801612474661, 41.4087326076406],
            [-103.738384521947, 41.391112242178],
            [-103.695282993493, 41.3698535360773],
            [-103.663377993077, 41.3405618218204],
            [-103.631696692032, 41.3045090107647],
            [-103.626042897755, 41.2744697853839],
            [-103.573822312136, 41.2435549035491],
            [-103.49854715825, 41.2050797916037],
            [-103.406772251383, 41.1627132266699],
            [-103.306872246265, 41.1186897081248],
            [-103.144590816739, 41.0875731456544],
            [-103.154611141052, 41.0030878751722],
            [-103.154806726747, 40.9996318740123],
            [-102.653713966598, 40.9981284949579],
            [-102.62626003577, 40.9999801521865],
            [-102.624817571392, 40.9999748111595],
            [-102.621257059238, 41.0002148220332],
            [-102.081330715956, 40.9981964352621],
            [-102.047739304665, 40.9980708599868],
            [-102.04699234293, 40.7431303349509],
            [-102.046031377341, 40.6973192969966],
            [-102.047620465637, 40.4310777727453],
            [-102.047544987391, 40.3426444957645],
            [-102.051535608412, 39.9989182707384],
            [-102.048557379733, 39.9989279125521],
            [-102.048568842236, 40.0038981575131],
            [-101.501451458155, 40.0035826775501],
            [-101.15453228951, 40.0033826351445],
            [-101.135365399823, 40.003371582635],
            [-99.7228109326815, 40.0025570623975],
            [-99.5585818460254, 40.0024623627536],
            [-99.058119555882, 40.0021737791951],
            [-98.9996185301084, 40.0021400451111],
            [-98.7288284305024, 40.0032196045991],
            [-98.6996612552229, 40.0033340452387],
            [-98.5045394895265, 40.0036087033673],
            [-98.2754898072265, 40.0037879944307],
            [-98.1786869497645, 40.0034443081421],
            [-98.0294418330145, 40.0029144288517],
            [-97.9938964844704, 40.0028610224569],
            [-97.9300155643428, 40.003112792933],
            [-97.8215408326139, 40.0035285945739],
            [-97.8177490231384, 40.0035438541853],
            [-97.3711547857256, 40.0035324101651],
            [-97.3686752325222, 40.0035362236919],
            [-97.3338394165086, 40.003398895308],
            [-97.001235961928, 40.0024948119503],
            [-96.9183959962195, 40.002269744704],
            [-96.8067245475683, 40.002174377866],
            [-96.4672012329119, 40.0026168823373],
            [-96.463600158229, 40.0026206966034],
            [-96.238113402755, 40.0013961789671],
            [-96.0100555422753, 40.0013008115971],
            [-95.9998321537933, 40.0013084409641],
            [-95.7864990229034, 40.0015029905661],
            [-95.7807051749851, 40.0015051003858],
            [-95.7039701069469, 39.993337290859],
            [-95.329701331523, 39.9925950177223],
            [-95.3086972280787, 39.9994075592402],
            [-95.3094244556237, 39.9999188609186],
            [-95.3450672902407, 40.024974095808],
            [-95.3712443377572, 40.0287511802956],
            [-95.3718217550588, 40.0292002761535],
            [-95.3905318631015, 40.0437507812716],
            [-95.4137639016383, 40.0481113857687],
            [-95.403784320416, 40.0803791895875],
            [-95.3845424869802, 40.0953626788115],
            [-95.3918517685283, 40.113086186757],
            [-95.3928128976103, 40.1154163852463],
            [-95.4224767199694, 40.131743620223],
            [-95.4229267911982, 40.1322380099355],
            [-95.4325687100782, 40.1428285058244],
            [-95.4554795514936, 40.1679867070961],
            [-95.4609526164138, 40.1739952535712],
            [-95.4666366066611, 40.2132555660347],
            [-95.4706101866411, 40.2185612802547],
            [-95.4768221095943, 40.2268549033965],
            [-95.5171387268193, 40.2494261440865],
            [-95.5471369766874, 40.2662157682083],
            [-95.5550768279542, 40.2733643956439],
            [-95.5874034813943, 40.3024618223313],
            [-95.6468268047752, 40.3091097198128],
            [-95.6455528391921, 40.3223467916481],
            [-95.617933463842, 40.3314179385357],
            [-95.6162017069086, 40.3464975242487],
            [-95.6302417594534, 40.3561027124579],
            [-95.6342694737091, 40.3600064430122],
            [-95.6368176941328, 40.3963904605481],
            [-95.6953617501068, 40.4853382554543],
            [-95.6849704817696, 40.5122051770642],
            [-95.6615925002368, 40.5279537263496],
            [-95.6580607692057, 40.5303325510504],
            [-95.6629443874843, 40.5587289872777],
            [-95.6756937765615, 40.5658356718972],
            [-95.6874129390433, 40.561170356033],
            [-95.6920663918781, 40.524129846056],
            [-95.7370361825619, 40.5323733191004],
            [-95.7634123650173, 40.5497071574649],
            [-95.7674796042471, 40.5890479741814],
            [-95.757546283567, 40.6209044015814],
            [-95.7679992499946, 40.6431173003054],
            [-95.8766161059812, 40.7304362730087],
            [-95.8517904184012, 40.792600032654],
            [-95.8464356427393, 40.8483322168655],
            [-95.8343965389808, 40.8703008070566],
            [-95.8376032101347, 40.9742580457059],
            [-95.8608970509664, 41.0026505437039],
            [-95.8595394746882, 41.0350028408683],
            [-95.8788047227119, 41.0658712614202],
            [-95.8582741086773, 41.1091870015856],
            [-95.87668526458, 41.1642024256317],
            [-95.8598009814539, 41.1668650495979],
            [-95.8591984481552, 41.1805368610374],
            [-95.9161002643139, 41.1940638282709],
            [-95.9222499735438, 41.2078539600803],
            [-95.9109813000073, 41.2252450935727],
            [-95.9302305930532, 41.3020567558012],
            [-95.911202296347, 41.3084690601395],
            [-95.8975913546404, 41.286863045411],
            [-95.8891070964636, 41.3013890536814],
            [-95.9428951784727, 41.340077139813],
            [-95.9407097220152, 41.3822129978777],
            [-95.9400563171219, 41.394805413742],
            [-95.93506577507, 41.4623814000036],
            [-95.9531857402767, 41.4723871939527],
            [-96.0068973594854, 41.4819545205901],
            [-96.0134509854031, 41.4929940644034],
            [-95.9966886485768, 41.5115177385983],
            [-95.99396489555, 41.5281036305284],
            [-96.0045927540819, 41.5366636782593],
            [-96.0501720193466, 41.5243351457202],
            [-96.0858402924559, 41.5375224335498],
            [-96.0919362294312, 41.5631451775983],
            [-96.0808351411025, 41.5760002985008],
            [-96.1113076241855, 41.5990063173958],
            [-96.099306078989, 41.6546803772529],
            [-96.1141597545513, 41.6755284944522],
            [-96.1202644393209, 41.6840948656765],
            [-96.1222023245776, 41.6949130517033],
            [-96.0855573384128, 41.7049872795216],
            [-96.0997711754392, 41.7315636841352],
            [-96.0993209991076, 41.7529750712103],
            [-96.0855027675559, 41.7762018405764],
            [-96.076417137602, 41.7914690990007],
            [-96.1356235591643, 41.8626208070641],
            [-96.1599702147291, 41.9041513800911],
            [-96.1458707610862, 41.9249070825653],
            [-96.1473284231617, 41.9662544767624],
            [-96.1852176909794, 41.9806854768781],
            [-96.2028425128864, 41.996615633219],
            [-96.2360928841702, 42.0012581033955],
            [-96.2387254608907, 42.0284381817134],
            [-96.2654831282028, 42.0488969433491],
            [-96.2851229719033, 42.1234526954968],
            [-96.352165739947, 42.168185431492],
            [-96.3635118599391, 42.2140424708674],
            [-96.3377084244443, 42.2295222950416],
            [-96.3326578407954, 42.2603071565305],
            [-96.3428815751288, 42.2820816890947],
            [-96.3681834901837, 42.2977046110451],
            [-96.3687003457639, 42.2980237085007],
            [-96.389780859008, 42.3287896611614],
            [-96.4241751674325, 42.3492788842138],
            [-96.4117614688955, 42.3809179940973],
            [-96.4176283291852, 42.4147774770821],
            [-96.3978902636915, 42.4417930762145],
            [-96.3960742214283, 42.4674012635527],
            [-96.4393947286066, 42.4892408626136],
            [-96.4947014979435, 42.4884592428113],
            [-96.5472155631655, 42.5204993161432],
            [-96.5847530291584, 42.5182872312305],
            [-96.6054672893798, 42.5072362899447],
            [-96.6292945049114, 42.5226936839553],
            [-96.6366723845095, 42.5507317390556],
            [-96.7140596932244, 42.6123020314008],
            [-96.7152728922701, 42.6219074847271],
            [-96.6945967601427, 42.6411637707607],
            [-96.6990601959387, 42.6577158351853],
            [-96.722658748908, 42.6685919376356],
            [-96.7993439577529, 42.670019191544],
            [-96.8104374822669, 42.6813412225785],
            [-96.8101401273315, 42.7040844396688],
            [-96.9082338216359, 42.7316989458386],
            [-96.970773470806, 42.7211474986944],
            [-96.9778690179952, 42.7273081904104],
            [-96.9700029381761, 42.7520654443512],
            [-96.9795933674207, 42.7583137367589],
            [-97.0151396942301, 42.7595420621658],
            [-97.0221881175961, 42.7604210792242],
            [-97.1304692659746, 42.7739233823286],
            [-97.1614227492815, 42.798619404174],
            [-97.2118317051616, 42.8125735465775],
            [-97.224443554084, 42.8412025312427],
            [-97.2431895713819, 42.8518263999473],
            [-97.271457533062, 42.8500146569941],
            [-97.3114143516596, 42.8617716875095],
            [-97.3893060239823, 42.8674331438765],
            [-97.457263806093, 42.8504431280629],
            [-97.4831590404267, 42.8571570874016],
            [-97.5061319042242, 42.8601364931679],
            [-97.5706541460061, 42.8479907258422],
            [-97.6349705181793, 42.8612849364043],
            [-97.6857519982213, 42.836837004473],
            [-97.6858798994531, 42.8369055734298],
            [-97.7252498325059, 42.8580083835329],
            [-97.7721864683346, 42.8461639596828],
            [-97.7970283184032, 42.8495971169011],
            [-97.81864298339, 42.8665874951749],
            [-97.8886594058912, 42.8558072813585],
            [-97.8899410385953, 42.8312716454313],
            [-97.9294772075863, 42.7923243832121],
            [-97.9635584127101, 42.7736900042859],
            [-97.9951447851858, 42.7668122933604],
            [-98.0331404063467, 42.7691923255584],
            [-98.1218198561865, 42.8083601162994],
            [-98.1231169255404, 42.8202236042919],
            [-98.1448690273758, 42.8357947071734],
            [-98.167826609932, 42.8395710144998],
            [-98.2204652499244, 42.8551701621242],
            [-98.2315925546863, 42.8584671684016],
            [-98.2430246182983, 42.8618542908958],
            [-98.3103395731781, 42.8817947780328],
            [-98.3912046942441, 42.9201358794456],
            [-98.4574440333522, 42.9371607590667],
            [-98.4976513759129, 42.9917787942034],
            [-98.957921217563, 42.9921504243397],
            [-99.25397170221, 42.9923894600765],
            [-99.4161883164913, 42.9923577539293],
            [-99.5327903159031, 42.9923349628673],
            [-100.093168917669, 42.9912906591373],
            [-100.198142126913, 42.9910950325115],
            [-100.418246048745, 42.99018957816],
            [-100.45560137862, 42.9900359060439],
            [-101.049678778981, 42.987591942935],
            [-101.231737201595, 42.9868429569134],
            [-101.486854104283, 42.987751303911]
          ]
        ]
      },
      "properties": {
        "OBJECTID": 53,
        "Zone_Number": 1,
        "RESERVE_ZONE": "1",
        "INTERVAL": 1782771000000,
        "REGUP_MCP": 25.477,
        "REGDN_MCP": 26.2084,
        "SPIN_MCP": 0.25,
        "SUPP_MCP": 0.0101,
        "Shape_Length": 2958112.87558005,
        "Shape_Area": 353365485838.53,
        "GMTINTERVALEND": 1782789000000
      }
    },
    {
      "type": "Feature",
      "id": 82,
      "geometry": {
        "type": "Polygon",
        "coordinates": [
          [
            [-104.691499296763, 48.9954689347289],
            [-104.873258383656, 48.9962755129067],
            [-105.117289870922, 48.9968803155248],
            [-105.300405819035, 48.9969841714956],
            [-105.528243476387, 48.9966853885089],
            [-105.824810327931, 48.9956007760002],
            [-106.061378010844, 48.9943468119171],
            [-106.06257068069, 48.9943499387622],
            [-106.063160608829, 48.9943468119171],
            [-106.079807237256, 48.9943904574703],
            [-106.160128798524, 48.9946010506025],
            [-106.501326385122, 48.994815534124],
            [-106.914074591861, 48.9936782254465],
            [-106.914712552019, 48.993681379447],
            [-106.915857189846, 48.9936782254465],
            [-107.104847076074, 48.9946125706535],
            [-107.175745301028, 48.8040599057969],
            [-107.062482520088, 48.3503329609009],
            [-106.801604843654, 47.8565812656796],
            [-106.669809258753, 47.8284135044776],
            [-106.549099830384, 47.8179076134532],
            [-106.490777615166, 47.7625198420412],
            [-106.379094013207, 47.6615470741864],
            [-106.301772494409, 47.5616687958517],
            [-106.245996478405, 47.5331585830585],
            [-106.143835413717, 47.480562542736],
            [-105.991920844404, 47.4310981601948],
            [-105.789006359806, 47.3441096512025],
            [-105.672624687489, 47.2853938046249],
            [-105.637876141009, 47.2452658257983],
            [-105.55613818088, 47.1911118172622],
            [-105.460187460805, 47.1175063178852],
            [-105.471771767298, 47.0863763970122],
            [-105.52000991465, 47.0411770096366],
            [-105.562907556078, 46.9810760207823],
            [-105.612887828718, 46.9088453795913],
            [-105.630089861231, 46.8839627498215],
            [-105.742656749659, 46.7941124113353],
            [-105.902494174114, 46.6588905092051],
            [-106.069669105183, 46.5382097018817],
            [-106.080894059511, 46.5316881119206],
            [-106.15490308292, 46.4886699774285],
            [-106.169031804574, 46.4836129698364],
            [-106.178954834154, 46.378517546956],
            [-106.098077258845, 46.167508523379],
            [-106.000691054302, 46.0843915434933],
            [-105.99676881843, 46.0849605179032],
            [-105.790238092893, 46.1118081371502],
            [-105.587845448627, 46.1313525299426],
            [-105.58569694347, 46.1313752034371],
            [-105.582417096451, 46.1316917517374],
            [-105.418184177582, 46.1334190734494],
            [-105.14461810678, 46.1195788885972],
            [-104.927124112445, 46.1306998734397],
            [-104.722381473599, 46.1357223337895],
            [-104.463536239088, 46.1265919614089],
            [-104.351004258294, 46.1057654410613],
            [-104.274669307968, 46.0694195390325],
            [-104.211760176332, 46.0306366577392],
            [-104.104850730239, 45.9891089899606],
            [-104.048906572072, 45.9429715823032],
            [-104.048906346595, 45.942993688572],
            [-103.817051390055, 45.9425805999146],
            [-102.994822929003, 45.9411156362432],
            [-102.946396979858, 45.9416652254011],
            [-102.854059839015, 45.9417474388266],
            [-102.818613971702, 45.9152657147799],
            [-102.796117547381, 45.8623663103653],
            [-102.798421492523, 45.835314835466],
            [-102.807478988141, 45.7961731417522],
            [-102.813151180813, 45.657815990947],
            [-102.811770397458, 45.6225115087054],
            [-102.847391280843, 45.4317416743735],
            [-102.820575736874, 45.3790638198174],
            [-102.774254359878, 45.3362375739587],
            [-102.761212977011, 45.2537564265336],
            [-102.760701375677, 45.1864333310568],
            [-102.793064290512, 45.1400864802932],
            [-102.892263515385, 45.1142686799186],
            [-103.008139884457, 45.0786286815289],
            [-103.124719099, 45.0350022368274],
            [-103.214461806488, 44.9779698515648],
            [-103.329503481658, 44.9187497329857],
            [-103.437686100122, 44.840682767897],
            [-103.459312198865, 44.7969787571556],
            [-103.458751888182, 44.7933077241907],
            [-103.363641282442, 44.1704428325882],
            [-103.309899752927, 43.8976971234912],
            [-103.307648898219, 43.8114046762298],
            [-103.305691999221, 43.7362803161767],
            [-103.400269642587, 43.0990455852231],
            [-103.40621463295, 43.0849464884306],
            [-103.442465202112, 42.9989046684447],
            [-103.44254874723, 42.9987062324144],
            [-103.005875218151, 42.9993539436609],
            [-102.788384557463, 42.9953035921471],
            [-102.086700915692, 42.989887014562],
            [-101.98105293243, 42.989510868302],
            [-101.538058851622, 42.9879336175126],
            [-101.486854104283, 42.987751303911],
            [-101.231737201595, 42.9868429569134],
            [-101.049678778981, 42.987591942935],
            [-100.45560137862, 42.9900359060439],
            [-100.418246048745, 42.99018957816],
            [-100.198142126913, 42.9910950325115],
            [-100.093168917669, 42.9912906591373],
            [-99.5327903159031, 42.9923349628673],
            [-99.4161883164913, 42.9923577539293],
            [-99.25397170221, 42.9923894600765],
            [-98.957921217563, 42.9921504243397],
            [-98.4976513759129, 42.9917787942034],
            [-98.4574440333522, 42.9371607590667],
            [-98.3912046942441, 42.9201358794456],
            [-98.3103395731781, 42.8817947780328],
            [-98.2430246182983, 42.8618542908958],
            [-98.2315925546863, 42.8584671684016],
            [-98.2204652499244, 42.8551701621242],
            [-98.167826609932, 42.8395710144998],
            [-98.1448690273758, 42.8357947071734],
            [-98.1231169255404, 42.8202236042919],
            [-98.1218198561865, 42.8083601162994],
            [-98.0331404063467, 42.7691923255584],
            [-97.9951447851858, 42.7668122933604],
            [-97.9635584127101, 42.7736900042859],
            [-97.9294772075863, 42.7923243832121],
            [-97.8899410385953, 42.8312716454313],
            [-97.8886594058912, 42.8558072813585],
            [-97.81864298339, 42.8665874951749],
            [-97.7970283184032, 42.8495971169011],
            [-97.7721864683346, 42.8461639596828],
            [-97.7252498325059, 42.8580083835329],
            [-97.6858798994531, 42.8369055734298],
            [-97.6857519982213, 42.836837004473],
            [-97.6349705181793, 42.8612849364043],
            [-97.5706541460061, 42.8479907258422],
            [-97.5061319042242, 42.8601364931679],
            [-97.4831590404267, 42.8571570874016],
            [-97.457263806093, 42.8504431280629],
            [-97.3893060239823, 42.8674331438765],
            [-97.3114143516596, 42.8617716875095],
            [-97.271457533062, 42.8500146569941],
            [-97.2431895713819, 42.8518263999473],
            [-97.224443554084, 42.8412025312427],
            [-97.2118317051616, 42.8125735465775],
            [-97.1614227492815, 42.798619404174],
            [-97.1304692659746, 42.7739233823286],
            [-97.0221881175961, 42.7604210792242],
            [-97.0151396942301, 42.7595420621658],
            [-96.9795933674207, 42.7583137367589],
            [-96.9700029381761, 42.7520654443512],
            [-96.9778690179952, 42.7273081904104],
            [-96.970773470806, 42.7211474986944],
            [-96.9082338216359, 42.7316989458386],
            [-96.8101401273315, 42.7040844396688],
            [-96.8104374822669, 42.6813412225785],
            [-96.7993439577529, 42.670019191544],
            [-96.722658748908, 42.6685919376356],
            [-96.6990601959387, 42.6577158351853],
            [-96.6945967601427, 42.6411637707607],
            [-96.7152728922701, 42.6219074847271],
            [-96.7140596932244, 42.6123020314008],
            [-96.6366723845095, 42.5507317390556],
            [-96.6292945049114, 42.5226936839553],
            [-96.6054672893798, 42.5072362899447],
            [-96.5847530291584, 42.5182872312305],
            [-96.5472155631655, 42.5204993161432],
            [-96.4947014979435, 42.4884592428113],
            [-96.4393947286066, 42.4892408626136],
            [-96.3960742214283, 42.4674012635527],
            [-96.3978902636915, 42.4417930762145],
            [-96.4176283291852, 42.4147774770821],
            [-96.4117614688955, 42.3809179940973],
            [-96.4241751674325, 42.3492788842138],
            [-96.389780859008, 42.3287896611614],
            [-96.3687003457639, 42.2980237085007],
            [-96.3681834901837, 42.2977046110451],
            [-96.3428815751288, 42.2820816890947],
            [-96.3326578407954, 42.2603071565305],
            [-96.3377084244443, 42.2295222950416],
            [-96.3635118599391, 42.2140424708674],
            [-96.352165739947, 42.168185431492],
            [-96.2851229719033, 42.1234526954968],
            [-96.2654831282028, 42.0488969433491],
            [-96.2387254608907, 42.0284381817134],
            [-96.2360928841702, 42.0012581033955],
            [-96.2028425128864, 41.996615633219],
            [-96.1852176909794, 41.9806854768781],
            [-96.1473284231617, 41.9662544767624],
            [-96.1458707610862, 41.9249070825653],
            [-96.1599702147291, 41.9041513800911],
            [-96.1356235591643, 41.8626208070641],
            [-96.076417137602, 41.7914690990007],
            [-96.0855027675559, 41.7762018405764],
            [-96.0993209991076, 41.7529750712103],
            [-96.0997711754392, 41.7315636841352],
            [-96.0855573384128, 41.7049872795216],
            [-96.1222023245776, 41.6949130517033],
            [-96.1202644393209, 41.6840948656765],
            [-96.1141597545513, 41.6755284944522],
            [-96.099306078989, 41.6546803772529],
            [-96.1113076241855, 41.5990063173958],
            [-96.0808351411025, 41.5760002985008],
            [-96.0919362294312, 41.5631451775983],
            [-96.0858402924559, 41.5375224335498],
            [-96.0501720193466, 41.5243351457202],
            [-96.0045927540819, 41.5366636782593],
            [-95.99396489555, 41.5281036305284],
            [-95.9966886485768, 41.5115177385983],
            [-96.0134509854031, 41.4929940644034],
            [-96.0068973594854, 41.4819545205901],
            [-95.9531857402767, 41.4723871939527],
            [-95.93506577507, 41.4623814000036],
            [-95.9400563171219, 41.394805413742],
            [-95.9407097220152, 41.3822129978777],
            [-95.9428951784727, 41.340077139813],
            [-95.8891070964636, 41.3013890536814],
            [-95.8975913546404, 41.286863045411],
            [-95.911202296347, 41.3084690601395],
            [-95.9302305930532, 41.3020567558012],
            [-95.9109813000073, 41.2252450935727],
            [-95.9222499735438, 41.2078539600803],
            [-95.9161002643139, 41.1940638282709],
            [-95.8591984481552, 41.1805368610374],
            [-95.8598009814539, 41.1668650495979],
            [-95.87668526458, 41.1642024256317],
            [-95.8582741086773, 41.1091870015856],
            [-95.8788047227119, 41.0658712614202],
            [-95.8595394746882, 41.0350028408683],
            [-95.8608970509664, 41.0026505437039],
            [-95.8376032101347, 40.9742580457059],
            [-95.8372927442877, 40.9528834588434],
            [-95.8365411229912, 40.9011080478603],
            [-95.8343965389808, 40.8703008070566],
            [-95.8464356427393, 40.8483322168655],
            [-95.8517904184012, 40.792600032654],
            [-95.8766161059812, 40.7304362730087],
            [-95.7679992499946, 40.6431173003054],
            [-95.757546283567, 40.6209044015814],
            [-95.7674796042471, 40.5890479741814],
            [-95.3825550767035, 40.5843340137545],
            [-95.3489467294739, 40.5838371168592],
            [-95.3190719656181, 40.5833954179281],
            [-94.9206158670147, 40.5772183147197],
            [-94.8329936237715, 40.5767584324018],
            [-94.6398763075961, 40.5757448526694],
            [-94.4852310969747, 40.5742048735116],
            [-94.4413515574153, 40.5736291484753],
            [-94.4266741906006, 40.5973727492417],
            [-94.3893522196645, 40.6543427849501],
            [-94.3447965918526, 40.7309432179315],
            [-94.2813733849219, 40.8108835000088],
            [-94.2246402220679, 40.8845999275402],
            [-94.1850446483854, 40.9620979892531],
            [-94.1566026174577, 41.0209006024769],
            [-94.1412071832189, 41.0897283813355],
            [-94.1546851931282, 41.1329338252698],
            [-94.182001661056, 41.1619720145888],
            [-94.2361919098347, 41.1904442568913],
            [-94.2769885885442, 41.2196289868476],
            [-94.3390667084741, 41.2580145448818],
            [-94.392999963623, 41.3025530877579],
            [-94.4605421662186, 41.3436318833197],
            [-94.4985102171851, 41.3870561754035],
            [-94.4990247721798, 41.4220131275125],
            [-94.5009081099359, 41.4560874812015],
            [-94.5053612303775, 41.4955647997099],
            [-94.5261497345605, 41.5289377670245],
            [-94.5577126358544, 41.5642081949585],
            [-94.6303567500376, 41.574780463713],
            [-94.6950756851374, 41.5780747908416],
            [-94.7713707511629, 41.6110091840721],
            [-94.8071484004463, 41.6471531513413],
            [-94.828280910874, 41.6733119114581],
            [-94.8368964263886, 41.7190771657946],
            [-94.848133000425, 41.7702372842953],
            [-94.8542634237241, 41.8052276557185],
            [-94.8523801219006, 41.8046530246003],
            [-94.8524808257389, 41.8052276557185],
            [-94.8490055834678, 41.8041672896665],
            [-94.8491841972924, 41.805186964368],
            [-94.8264979418846, 41.7982636366674],
            [-94.8030456184739, 41.7850786638402],
            [-94.7871092933312, 41.7688176943129],
            [-94.7491284862877, 41.7384764419866],
            [-94.719700637879, 41.7216407711985],
            [-94.6872449782793, 41.7147374375103],
            [-94.6552377235334, 41.7152257032467],
            [-94.59743753909, 41.7290068516134],
            [-94.522435261946, 41.7537882192157],
            [-94.4548638263745, 41.776818918703],
            [-94.4205123056053, 41.7966040246934],
            [-94.3861967632615, 41.8141413680768],
            [-94.3694877791767, 41.8314238431602],
            [-94.3667783758381, 41.8573760479845],
            [-94.3769492092828, 41.8834740984771],
            [-94.3917270930862, 41.9154461777065],
            [-94.4110588981876, 41.9291002236382],
            [-94.4388728504248, 41.9322687006788],
            [-94.4928979160907, 41.9268466593574],
            [-94.5271715493315, 41.9124198092514],
            [-94.5679143039712, 41.911040152183],
            [-94.568198285687, 41.9111932155757],
            [-94.5712193181908, 41.9110908072339],
            [-94.571324808253, 41.9111476586613],
            [-94.573001916176, 41.9110908072339],
            [-94.5890904913863, 41.919760836346],
            [-94.5991033920209, 41.9574860475107],
            [-94.6035641741935, 42.0009789377159],
            [-94.6066615751746, 42.0449053696842],
            [-94.6072121211712, 42.0811916650949],
            [-94.6113557315733, 42.1090018412186],
            [-94.6215511213645, 42.1404526622886],
            [-94.6244514903628, 42.1633228911267],
            [-94.6183176938898, 42.1941684625789],
            [-94.5969007400122, 42.2069503782228],
            [-94.5952254565675, 42.2068863378202],
            [-94.595118142027, 42.2069503782228],
            [-94.5919109480535, 42.2068277782871],
            [-94.5917889424649, 42.2069005774548],
            [-94.5284456658316, 42.2044768782164],
            [-94.4617772392415, 42.1988546438756],
            [-94.4019004238473, 42.1946205632501],
            [-94.3375712443931, 42.191274737771],
            [-94.2748564066746, 42.1918133769756],
            [-94.2242823691913, 42.1965746150406],
            [-94.1973833528676, 42.2074388785371],
            [-94.1708672137893, 42.2281571500017],
            [-94.1607935466173, 42.2459456075458],
            [-94.1512499088192, 42.2686670578046],
            [-94.1506775849652, 42.2879196324103],
            [-94.1538682319711, 42.3184176093489],
            [-94.1710662642865, 42.3374477593026],
            [-94.1757806956611, 42.3630369664172],
            [-94.1770288490529, 42.3903735981498],
            [-94.1634589882025, 42.4099087629067],
            [-94.1078712581841, 42.415911102718],
            [-94.107090382352, 42.4158029424109],
            [-94.1060886601989, 42.415911102718],
            [-94.1043508845532, 42.4156704000363],
            [-94.102742713345, 42.4158439837812],
            [-94.0455293668357, 42.4079166502159],
            [-94.003744536822, 42.3885347896701],
            [-93.9663053195718, 42.3624829238877],
            [-93.9420654907622, 42.3307862419454],
            [-93.9206102938063, 42.2982289731424],
            [-93.9117171386818, 42.2783919607746],
            [-93.8871578473976, 42.2578778254286],
            [-93.845197610545, 42.2478509803381],
            [-93.7882194672315, 42.2384782518255],
            [-93.7128528136454, 42.2287924816681],
            [-93.6667670162397, 42.2208872909851],
            [-93.6255658710736, 42.2103597979696],
            [-93.600610362562, 42.20322725552],
            [-93.5894773597862, 42.1913941518675],
            [-93.58454816638, 42.1778721665494],
            [-93.5564510507921, 42.1644070413745],
            [-93.5106831339278, 42.1501840275605],
            [-93.4796747024716, 42.1420290270435],
            [-93.4520042111853, 42.1357182924465],
            [-93.4252602207234, 42.1235944787437],
            [-93.4127211398306, 42.1139614180447],
            [-93.4094199650104, 42.0950851208767],
            [-93.4019388662912, 42.0622441732153],
            [-93.3765742335581, 42.0344536037866],
            [-93.3560594271776, 42.0210846292525],
            [-93.3284358674749, 42.0151974915623],
            [-93.2697282696102, 42.0120086963864],
            [-93.2176566974292, 42.0220580142022],
            [-93.2006503548156, 42.0374103542134],
            [-93.1892487000743, 42.0640718914352],
            [-93.1751980815451, 42.0888881807729],
            [-93.1592176679866, 42.1109766331777],
            [-93.1217384379769, 42.126362609839],
            [-93.0532079475333, 42.1352825718158],
            [-93.0517430737826, 42.1352412194251],
            [-93.0514253495481, 42.1352825718158],
            [-92.9922414765978, 42.133611831404],
            [-92.9919966641233, 42.1335922078893],
            [-92.9889203016861, 42.1335052526697],
            [-92.9434590606767, 42.1298594253006],
            [-92.8864810826533, 42.1250544856613],
            [-92.8385603559055, 42.1163929853721],
            [-92.7806794227996, 42.1142803820634],
            [-92.7297077442591, 42.1206841627412],
            [-92.6874108664487, 42.1219581941075],
            [-92.6869935163542, 42.1219170715525],
            [-92.6856282684635, 42.1219581941075],
            [-92.6839386811445, 42.1217917148244],
            [-92.68230859823, 42.1218407564203],
            [-92.628783696548, 42.11656465108],
            [-92.6039810947724, 42.1092598004829],
            [-92.5944145193919, 42.0973820962764],
            [-92.5720410986885, 42.0708582344768],
            [-92.5536396724387, 42.0466661376457],
            [-92.523613204691, 42.036083849019],
            [-92.4668823837449, 42.0334513321923],
            [-92.4170205153475, 42.0383978574961],
            [-92.3713275188762, 42.0520427713061],
            [-92.3504980596012, 42.070788328847],
            [-92.3241322365177, 42.1023873731822],
            [-92.3147480981915, 42.1344172402992],
            [-92.3061942205802, 42.1637784344663],
            [-92.3079441926526, 42.2032629890853],
            [-92.3219903258936, 42.2426125051367],
            [-92.3411203666872, 42.2655067122545],
            [-92.3707563403742, 42.28418073346],
            [-92.4183589063062, 42.2914960744653],
            [-92.4875215906226, 42.2906529670186],
            [-92.5295548892539, 42.2840510886636],
            [-92.5642012002684, 42.2750210309813],
            [-92.5930194671967, 42.2600199946041],
            [-92.6298850822903, 42.2599891298964],
            [-92.6300997832364, 42.2601111352906],
            [-92.6332159796682, 42.2601084160841],
            [-92.6332187132417, 42.2601099691566],
            [-92.6349985776534, 42.2601084160841],
            [-92.6588464625214, 42.2736572326091],
            [-92.660661061192, 42.2907268829236],
            [-92.6637932727886, 42.3087229758074],
            [-92.6697643062102, 42.3375383165333],
            [-92.6754652467686, 42.3587293824989],
            [-92.6881684974745, 42.3769439249792],
            [-92.7328296881121, 42.3860248116101],
            [-92.7681239404663, 42.3912981943136],
            [-92.8275900227564, 42.4056077130727],
            [-92.871840888125, 42.423596436618],
            [-92.8834497419815, 42.4377358584311],
            [-92.882882981394, 42.476254116053],
            [-92.8870281449832, 42.530105646532],
            [-92.8871480260562, 42.5686372921485],
            [-92.8787236504745, 42.6132570428438],
            [-92.8759731375336, 42.6405260241502],
            [-92.8505249911236, 42.6682006833403],
            [-92.8162713786355, 42.6795505111363],
            [-92.7625398608449, 42.6819478834402],
            [-92.7339683072263, 42.6893730691104],
            [-92.7093905025624, 42.6991233058423],
            [-92.694084272828, 42.7153528495826],
            [-92.6806144591474, 42.7356549567121],
            [-92.6618554072948, 42.7518025141568],
            [-92.6332150031995, 42.7596552094538],
            [-92.5718212800402, 42.7622544475488],
            [-92.5243206378587, 42.7624720725097],
            [-92.4863146276816, 42.7651439535619],
            [-92.4857804957018, 42.765056186334],
            [-92.4845320296964, 42.7651439535619],
            [-92.4829910318102, 42.7648907404548],
            [-92.4811595807449, 42.7650194261903],
            [-92.4395683807942, 42.7581833116701],
            [-92.4106677679988, 42.7462718878065],
            [-92.3786847794437, 42.7284527973581],
            [-92.334787149611, 42.7184362025268],
            [-92.2913087230973, 42.7173348150639],
            [-92.2383302082122, 42.7230985549658],
            [-92.2101715948583, 42.7335701412576],
            [-92.1927473496863, 42.7483507013382],
            [-92.1730032430223, 42.7671012881202],
            [-92.1481999764935, 42.800503135864],
            [-92.1301093924848, 42.8363201029009],
            [-92.1208107234681, 42.8526527166465],
            [-92.1125837356021, 42.8846969436429],
            [-92.1086133859639, 42.9038593852459],
            [-92.1117671301779, 42.9303812275873],
            [-92.1154888746545, 42.9479560134562],
            [-92.1319890157072, 42.9820007478545],
            [-92.1532257396911, 43.0179599268292],
            [-92.1721717282594, 43.0466859903185],
            [-92.2026301383351, 43.0685392074133],
            [-92.2385826869093, 43.0914228618492],
            [-92.2633569854652, 43.1050510109271],
            [-92.2694351870018, 43.1302967205324],
            [-92.2731870421084, 43.1483140621967],
            [-92.2798168757049, 43.1646121257257],
            [-92.2934509409453, 43.1797429496733],
            [-92.3080265627743, 43.1908637024561],
            [-92.3201814144571, 43.2077465191438],
            [-92.317821210524, 43.2354651622241],
            [-92.3175644558461, 43.2627884704312],
            [-92.327382969138, 43.2957403321849],
            [-92.3500181993393, 43.323633885368],
            [-92.3808901443645, 43.3418701471679],
            [-92.40594093628, 43.3511719509807],
            [-92.4523624583618, 43.3494369454368],
            [-92.4852336849002, 43.3457467948314],
            [-92.50666388264, 43.3355060122516],
            [-92.5247967422643, 43.3220483923426],
            [-92.5261698692784, 43.2978895357728],
            [-92.530669426332, 43.2675326875593],
            [-92.5187954347193, 43.2323081058877],
            [-92.5148595372689, 43.2039909237828],
            [-92.5153843456343, 43.1704035603169],
            [-92.5127055110665, 43.132259741734],
            [-92.5100083894946, 43.1066592508699],
            [-92.5226207881859, 43.091727272989],
            [-92.5681127066623, 43.0824971760955],
            [-92.6248920869393, 43.0815778528524],
            [-92.6265897968251, 43.0817248935606],
            [-92.6282914027043, 43.0816972824066],
            [-92.6285727730176, 43.081721641871],
            [-92.6300740006895, 43.0816972824066],
            [-92.7003094162872, 43.08777763942],
            [-92.7441786126445, 43.0954796785515],
            [-92.7834358915708, 43.0985863604153],
            [-92.8143773033169, 43.0992602845643],
            [-92.8454630339049, 43.0999362431641],
            [-92.9096184432506, 43.100857842364],
            [-92.9504447942123, 43.1008181645846],
            [-92.9511382163565, 43.1009287970026],
            [-92.9538463369008, 43.1009260690895],
            [-92.9538575227228, 43.1009278531539],
            [-92.955628934886, 43.1009260690895],
            [-92.9878969292364, 43.1060728534786],
            [-93.043699223657, 43.1255749620208],
            [-93.092012659711, 43.1431149282568],
            [-93.1329517887667, 43.1560152429168],
            [-93.1946990501943, 43.1584730238934],
            [-93.2496384903266, 43.1560124663448],
            [-93.2975583133692, 43.1528731560959],
            [-93.298953333225, 43.1531006228052],
            [-93.3009648327244, 43.1529687708194],
            [-93.3014760504778, 43.1530521087732],
            [-93.3027474307095, 43.1529687708194],
            [-93.3460654010455, 43.1600299895072],
            [-93.373957149183, 43.1717291775279],
            [-93.3968426949383, 43.1873648131815],
            [-93.4269278577084, 43.1968531006591],
            [-93.4592788914253, 43.2007793640249],
            [-93.5124600186278, 43.1978811618156],
            [-93.5696310104698, 43.1889873186688],
            [-93.6006376902112, 43.1756149980748],
            [-93.6404897104494, 43.1659616723717],
            [-93.7439277653484, 43.1590817058795],
            [-93.8894455635755, 43.1558758656611],
            [-93.9560003667569, 43.1532368443495],
            [-94.0155860974563, 43.1518168589995],
            [-94.0171398226733, 43.1519312900897],
            [-94.0189934971605, 43.1518870493863],
            [-94.0194299391497, 43.1519191777372],
            [-94.0207760951456, 43.1518870493863],
            [-94.0801767818796, 43.156259607628],
            [-94.1180616928682, 43.1625722110445],
            [-94.1365589280364, 43.1690775153321],
            [-94.1470930797078, 43.1871223079411],
            [-94.1481126558772, 43.199225254404],
            [-94.1436462017418, 43.2323044276156],
            [-94.1316169471121, 43.2630484223945],
            [-94.1239844355551, 43.2857877039744],
            [-94.1240675467869, 43.3283273672601],
            [-94.1347869023238, 43.3638377499956],
            [-94.1457769732564, 43.3908428668667],
            [-94.1633149154989, 43.4085257394141],
            [-94.1942162686715, 43.4214455141626],
            [-94.2759704415944, 43.4246212710399],
            [-94.3884752249954, 43.4245958987683],
            [-94.4473911116318, 43.4252183269927],
            [-94.506304402137, 43.4258386349935],
            [-94.5706120480756, 43.4277714668982],
            [-94.6199568911112, 43.4273956555383],
            [-94.6624527556386, 43.4237583533923],
            [-94.7125616355863, 43.4215187777785],
            [-94.7130306010803, 43.4216967761295],
            [-94.7159926241515, 43.4215642830205],
            [-94.7161805768618, 43.4216356126012],
            [-94.7177752221367, 43.4215642830205],
            [-94.7419208769618, 43.4307270293561],
            [-94.7657297273357, 43.4568962071444],
            [-94.8124176259505, 43.4886200342934],
            [-94.8480044398298, 43.4999739978281],
            [-94.8598392639977, 43.5000304009588],
            [-94.9204647030103, 43.4993712468824],
            [-95.1615066176722, 43.499858693763],
            [-95.1899763966607, 43.4907311791131],
            [-95.2130995099777, 43.478768713828],
            [-95.2198659746339, 43.4394075546501],
            [-95.2344027694797, 43.389341890694],
            [-95.2413789979413, 43.331177227975],
            [-95.2442687308866, 43.3043500103606],
            [-95.2891923661311, 43.3045681369407],
            [-95.3289252230502, 43.3047596518368],
            [-95.3901316456762, 43.289806164399],
            [-95.476234917724, 43.2802891161835],
            [-95.5484151598608, 43.274261070675],
            [-95.6774167749209, 43.2737057084518],
            [-95.6784297682358, 43.273727484457],
            [-95.6808356164668, 43.2737170418647],
            [-95.6811355019564, 43.2737234777354],
            [-95.682618214452, 43.2737170418647],
            [-95.81844485624, 43.2766319546361],
            [-95.8749005196213, 43.276681046711],
            [-95.9314016602138, 43.2767281773416],
            [-96.0047633468493, 43.2758506808042],
            [-96.0050692321867, 43.2758877675074],
            [-96.0081824003977, 43.2758504198466],
            [-96.0083429446103, 43.2758698791684],
            [-96.0099649983829, 43.2758504198466],
            [-96.1056954443637, 43.2874526350961],
            [-96.1723294546987, 43.3017156080349],
            [-96.165486282002, 43.3671402182848],
            [-96.1635115361742, 43.407881615262],
            [-96.1809701005833, 43.4356174666022],
            [-96.2032636071589, 43.448123456967],
            [-96.2408317128895, 43.4507529040937],
            [-96.3495257197861, 43.4509654433638],
            [-96.4129736770995, 43.4499231435237],
            [-96.4136761632449, 43.4499533911211],
            [-96.416407518714, 43.4499084243817],
            [-96.4169008698748, 43.4499296494225],
            [-96.4181901166992, 43.4499084243817],
            [-96.4474119796167, 43.4511656081519],
            [-96.4613667470067, 43.456942462414],
            [-96.4619960357279, 43.4996913037013],
            [-96.465675416554, 43.4997020879818],
            [-96.4631664722711, 43.7290242300735],
            [-96.4618530688504, 43.8487255684028],
            [-96.4622313727727, 44.0094918313538],
            [-96.3710745768901, 44.042673182693],
            [-96.3123269716559, 44.091158050994],
            [-96.2531823541852, 44.1117018915948],
            [-96.2527158267188, 44.1569119779917],
            [-96.2545839991163, 44.254686129115],
            [-96.2571093394497, 44.3865964049673],
            [-96.2648009421861, 44.7865370875792],
            [-96.9434242961169, 45.4018307802287],
            [-96.9460210588037, 45.5189191211115],
            [-96.966828323403, 46.4483436823769],
            [-96.4620301231996, 46.8564993571949],
            [-96.4593094495975, 46.8584984231933],
            [-96.5097768292088, 46.8675908500701],
            [-96.5628961864558, 46.877952265745],
            [-96.5865555616581, 46.8825665990241],
            [-96.6310083665059, 46.9039170766414],
            [-96.7134842081988, 46.9258148476632],
            [-96.7315455951642, 46.9280805252548],
            [-96.7587612541508, 46.9268318806103],
            [-96.7588261619217, 46.9269740108765],
            [-96.7625100118664, 46.9268048638172],
            [-96.7625466307906, 46.9268850319606],
            [-96.7642926098516, 46.9268048638172],
            [-96.7682261833604, 46.9354156774893],
            [-96.7879253113781, 46.9321845686697],
            [-96.7879895517007, 46.9327611002013],
            [-96.7916745685569, 46.9321565172713],
            [-96.7917065979883, 46.9324437248878],
            [-96.7934571665421, 46.9321565172713],
            [-96.7952437674202, 46.9481744177178],
            [-96.8069205339122, 46.9555010367633],
            [-96.7998383994685, 46.9605323052559],
            [-96.7999531682292, 46.9637353072483],
            [-96.8017387342481, 46.9650833729497],
            [-96.7989611595592, 46.9696130246036],
            [-96.8223076865823, 46.9697502538152],
            [-96.8277080867792, 46.9931692209837],
            [-96.8295190769173, 47.0010203284861],
            [-96.8300697666443, 47.0034074767408],
            [-96.8408357600158, 47.0102016079342],
            [-96.8350898722522, 47.0209381411265],
            [-96.8323532122313, 47.0215167369005],
            [-96.8298432528522, 47.0239499585802],
            [-96.8323264864533, 47.0261009230163],
            [-96.828149892609, 47.0339030273774],
            [-96.8315173738769, 47.0685804325033],
            [-96.8319802640647, 47.0733453795143],
            [-96.8325105234073, 47.0788032969964],
            [-96.8246990288181, 47.0925747967843],
            [-96.8447169051497, 47.1518568668755],
            [-96.8320457952664, 47.1700344205763],
            [-96.8426269018777, 47.2404290495842],
            [-96.8527972583169, 47.2536966546117],
            [-96.8551868200918, 47.2568134440654],
            [-96.8520800011732, 47.2664814835802],
            [-96.8514119842836, 47.2685600379486],
            [-96.8480681197245, 47.2789633519902],
            [-96.8432806741819, 47.293854323643],
            [-96.8444503516487, 47.296536758395],
            [-96.8500638232479, 47.3094083029513],
            [-96.852090545598, 47.3140547572837],
            [-96.8485638352511, 47.3181311377744],
            [-96.8482590090274, 47.3224636763095],
            [-96.8497723783287, 47.3230624812121],
            [-96.8440331668443, 47.3422134168305],
            [-96.8511612555046, 47.353172447214],
            [-96.8534975399966, 47.3567638581038],
            [-96.8562043211529, 47.3609245004231],
            [-96.8542967270875, 47.3650160207165],
            [-96.852536922056, 47.3687902750293],
            [-96.8454030581267, 47.384087504872],
            [-96.8555834649173, 47.4089059396285],
            [-96.8728268864091, 47.413056229794],
            [-96.8650400811172, 47.4291957139563],
            [-96.8614077064349, 47.4367227399371],
            [-96.8704337044236, 47.4573232077043],
            [-96.8680476047558, 47.4588816998379],
            [-96.8672553598455, 47.4702835909065],
            [-96.8683898907268, 47.4715682962168],
            [-96.8572025407747, 47.5005886157134],
            [-96.862053537632, 47.5116762776417],
            [-96.8628901970466, 47.5135883515318],
            [-96.8662759195047, 47.5213252427977],
            [-96.8547799290822, 47.5445377969384],
            [-96.8642575164524, 47.562947423792],
            [-96.8578136305265, 47.6011212184235],
            [-96.8789336453886, 47.6152238589397],
            [-96.8950294807831, 47.6738935355171],
            [-96.9292670286989, 47.7140615322134],
            [-96.9376253511577, 47.7634731182585],
            [-96.9634461771381, 47.7944062564973],
            [-96.9895100701664, 47.8096264971503],
            [-96.9851768469674, 47.8215791169746],
            [-96.9847226120474, 47.8228319027712],
            [-96.9828506164201, 47.8279945800124],
            [-96.988188538789, 47.8377361764114],
            [-97.0128232355564, 47.8489016164015],
            [-97.0966672320883, 47.8603662112359],
            [-97.1642938682358, 47.867740573781],
            [-97.2217104585782, 47.8717373554666],
            [-97.3086886492885, 47.8699802551691],
            [-97.3779833572056, 47.8671472182075],
            [-97.4300084065364, 47.8487256270929],
            [-97.5140193675403, 47.8367191715422],
            [-97.5177358865169, 47.8366825085152],
            [-97.5178562562734, 47.8366652991581],
            [-97.6115127608595, 47.8357380494701],
            [-97.6714512824288, 47.8351155188756],
            [-97.6715999688797, 47.8351324887493],
            [-97.673233880414, 47.8351155188756],
            [-97.7540860971809, 47.8443426954881],
            [-97.8347832009494, 47.8479178641398],
            [-97.9418344919235, 47.8544986684274],
            [-98.0174550363584, 47.872637713585],
            [-98.1103720460059, 47.9006166669372],
            [-98.1883731672662, 47.9287501887017],
            [-98.2402201390667, 47.9583421911197],
            [-98.2941354728256, 47.991258180485],
            [-98.3100287632764, 48.0123636155345],
            [-98.309386028572, 48.0426939024324],
            [-98.3231886465058, 48.0582150501244],
            [-98.3523709637878, 48.0813700749394],
            [-98.3959646306777, 48.0885802800992],
            [-98.4600201195161, 48.0898474706001],
            [-98.5358183749686, 48.101010504312],
            [-98.5735498815545, 48.1026501935261],
            [-98.6567567470728, 48.1102664883817],
            [-98.7058421521628, 48.1128079766125],
            [-98.7324582135451, 48.1179689161545],
            [-98.7755689829692, 48.1520449968287],
            [-98.8294741783419, 48.174686201569],
            [-98.876910968273, 48.1805758922199],
            [-98.9078052283482, 48.1946192292773],
            [-98.9261028722332, 48.220124510127],
            [-98.9898606863359, 48.2481527277929],
            [-99.0168667180611, 48.258879634476],
            [-99.0534994467139, 48.2727891140615],
            [-99.0905195522735, 48.293425640962],
            [-99.1508533855684, 48.3248336281556],
            [-99.1727026689479, 48.3435054799152],
            [-99.1624391877564, 48.3628150334061],
            [-99.1259506620629, 48.3871359090337],
            [-99.1109204414962, 48.4233957144254],
            [-99.1124117472757, 48.4503426647866],
            [-99.1188761606042, 48.4985517649331],
            [-99.1347065905446, 48.5443331110376],
            [-99.1611883834363, 48.5764154562776],
            [-99.1909214775819, 48.5983118991474],
            [-99.2456831420178, 48.6253209964241],
            [-99.2739695344327, 48.6539812347019],
            [-99.2792216748785, 48.7112255453688],
            [-99.2882254763948, 48.7672742472282],
            [-99.2994366092441, 48.8604040514977],
            [-99.3109267696004, 48.9254170328011],
            [-99.3380273382295, 48.9631108772962],
            [-99.3935851642304, 48.9945897480417],
            [-99.4873418552252, 48.9947578321089],
            [-99.5932093292499, 48.9948387126352],
            [-99.7644412273134, 48.9947591995399],
            [-99.9004876814616, 48.9945089337149],
            [-100.034977978653, 48.994107128193],
            [-100.178538855424, 48.9934769713903],
            [-100.297543161908, 48.9928270788966],
            [-100.298555954001, 48.9928312827306],
            [-100.299325759893, 48.9928270788966],
            [-100.457636372657, 48.9934842065821],
            [-100.609047525186, 48.9943233779603],
            [-100.799820040841, 48.995075294921],
            [-100.990592491816, 48.9955009339136],
            [-101.14584942101, 48.9955964598245],
            [-101.290166302857, 48.9954883443048],
            [-101.290966305618, 48.995489080467],
            [-101.291948900842, 48.9954883443048],
            [-101.452764615794, 48.9956363173913],
            [-101.626848046843, 48.9960497623222],
            [-101.740223867287, 48.9961833389975],
            [-101.835106369216, 48.9961844995123],
            [-101.929221002021, 48.9961299635376],
            [-102.107949777712, 48.9957743091759],
            [-102.177720627764, 48.9955298676046],
            [-102.260654502453, 48.995239308693],
            [-102.366171799706, 48.9947501432565],
            [-102.476532199421, 48.9941356919501],
            [-102.598612408404, 48.99331562192],
            [-102.700923966055, 48.9925423390487],
            [-102.702403062832, 48.9925446331339],
            [-102.702706564041, 48.9925423390487],
            [-103.185573702733, 48.99329120785],
            [-103.425211722184, 48.9930141868903],
            [-103.627278372325, 48.9923748587536],
            [-103.784470665204, 48.9916133614224],
            [-103.990995359453, 48.990282938013],
            [-104.027614983483, 48.9900143921737],
            [-104.028360015637, 48.9900220010003],
            [-104.029397581468, 48.9900143921737],
            [-104.068424957258, 48.990412970395],
            [-104.247605528045, 48.9922428633529],
            [-104.43575827965, 48.9938287955934],
            [-104.691499296763, 48.9954689347289]
          ]
        ]
      },
      "properties": {
        "OBJECTID": 82,
        "Zone_Number": 5,
        "RESERVE_ZONE": "5",
        "INTERVAL": 1782771000000,
        "REGUP_MCP": 25.477,
        "REGDN_MCP": 26.2084,
        "SPIN_MCP": 0.25,
        "SUPP_MCP": 0.0101,
        "Shape_Length": 6483182.01518984,
        "Shape_Area": 947574804722.629,
        "GMTINTERVALEND": 1782789000000
      }
    },
    {
      "type": "Feature",
      "id": 83,
      "geometry": {
        "type": "Polygon",
        "coordinates": [
          [
            [-107.563644644551, 48.0882011390057],
            [-107.288799987232, 48.0503888724339],
            [-107.089086113753, 48.0170469460303],
            [-107.022110953816, 47.9793486988601],
            [-106.912611596487, 47.8971178116612],
            [-106.800892543414, 47.8552418826347],
            [-107.062470528478, 48.3503257026089],
            [-107.175733181856, 48.8040526153259],
            [-107.104831652001, 48.9946140518448],
            [-108.592655554354, 49.0009972083892],
            [-112.776517370295, 48.9922898664262],
            [-112.75967691687, 48.7987529873471],
            [-112.728609488557, 48.5999530035199],
            [-112.657614053314, 48.4790451124085],
            [-112.556358582958, 48.4588669539033],
            [-112.432587729338, 48.4597918668493],
            [-112.281045573694, 48.4840039615091],
            [-112.219424209357, 48.4903275254365],
            [-112.188800493998, 48.4643892144829],
            [-112.164100122298, 48.4190355509703],
            [-112.135952801666, 48.3253513633462],
            [-112.157125095783, 48.106929703109],
            [-112.1413378254, 48.052157394612],
            [-112.093757628417, 48.0160272012642],
            [-111.954112251051, 47.9875580543584],
            [-111.886027904402, 47.9893316226411],
            [-111.820688364595, 47.9805535605586],
            [-111.746039385869, 47.9282939139122],
            [-111.67512796107, 47.8322318242566],
            [-111.594058472379, 47.6994231559561],
            [-111.580327454665, 47.6291340811374],
            [-111.579522917208, 47.5439176553471],
            [-111.608097155891, 47.4523603898788],
            [-111.751398472546, 47.2554065244321],
            [-111.951462651256, 46.9432566493491],
            [-111.938038518704, 46.8951784530453],
            [-111.867409294262, 46.8427662399453],
            [-111.749767529943, 46.8121969631492],
            [-111.627707805243, 46.7956361388823],
            [-111.547405170581, 46.7986404792307],
            [-111.46337191429, 46.8292410031929],
            [-111.383664099991, 46.8866195823044],
            [-111.268119644942, 47.0411956149238],
            [-110.897464561039, 47.5780695502807],
            [-110.81877134804, 47.6128097679056],
            [-110.532815967961, 47.6685854305575],
            [-110.397671522969, 47.7389640269413],
            [-110.283665319657, 47.8379315392508],
            [-110.14615412381, 47.9355045823372],
            [-110.042972578349, 47.966879156594],
            [-109.9231480094, 48.023481826692],
            [-109.852688238661, 48.0960778707226],
            [-109.739230548458, 48.2387701543197],
            [-109.685955072998, 48.3251032461839],
            [-109.620693674044, 48.3511566073411],
            [-109.512416072214, 48.3536161872515],
            [-109.32799415963, 48.3249853321117],
            [-109.130972272953, 48.2903993464369],
            [-108.441350263789, 48.2100817843906],
            [-108.102568560502, 48.1734996003871],
            [-107.780348615509, 48.1316049819573],
            [-107.563644644551, 48.0882011390057]
          ]
        ]
      },
      "properties": {
        "OBJECTID": 83,
        "Zone_Number": 21,
        "RESERVE_ZONE": "21",
        "INTERVAL": 1782771000000,
        "REGUP_MCP": 188.0568,
        "REGDN_MCP": 192,
        "SPIN_MCP": 9,
        "SUPP_MCP": 5.6257,
        "Shape_Length": 2004697.5988774,
        "Shape_Area": 108995482915.977,
        "GMTINTERVALEND": 1782789000000
      }
    },
    {
      "type": "Feature",
      "id": 84,
      "geometry": {
        "type": "Polygon",
        "coordinates": [
          [
            [-112.126385214782, 36.7293849571304],
            [-112.125986750868, 36.8069087062867],
            [-109.174686238633, 36.7732440013219],
            [-108.701262872927, 36.9986772251575],
            [-105.713460294691, 36.9945603614016],
            [-105.719663294679, 37.0078083619348],
            [-105.754584295236, 37.0233753620204],
            [-105.768233294968, 37.0401403625597],
            [-105.767829294737, 37.0632983619342],
            [-105.737914294441, 37.0956613621365],
            [-105.744667295148, 37.1330943625266],
            [-105.73111729515, 37.1489973617101],
            [-105.736061295487, 37.1851253618391],
            [-105.728600294776, 37.1962793622387],
            [-105.745026295173, 37.2206613625685],
            [-105.739434295106, 37.2444533624736],
            [-105.722047294984, 37.2541343619776],
            [-105.715104295205, 37.2847773622975],
            [-105.741113294881, 37.324712362057],
            [-105.743692294281, 37.3495793625376],
            [-105.769606740884, 37.3495710238202],
            [-106.029969294588, 37.3492073621489],
            [-106.03686529541, 37.7378583630032],
            [-106.044237300925, 38.2501086266406],
            [-105.772208295184, 38.2496703632251],
            [-105.30054590232, 38.2546007240086],
            [-105.317141293539, 38.691936363219],
            [-105.391092294764, 39.5592613642337],
            [-105.82246429582, 39.5623303642045],
            [-105.774267294901, 39.5957513640638],
            [-105.775610294217, 39.6283783640463],
            [-105.820732295443, 39.6331813647774],
            [-105.852472295103, 39.6538643648049],
            [-105.891322295846, 39.6534143643185],
            [-105.907016295051, 39.6655713644716],
            [-105.914997295446, 39.6884323642746],
            [-105.879114294441, 39.7477823643234],
            [-105.884776294829, 39.7916053637958],
            [-105.865946294933, 39.7972543646258],
            [-105.821747294696, 39.7897093642182],
            [-105.790213294899, 39.8034993645572],
            [-105.749653295318, 39.7967093648699],
            [-105.723354294315, 39.8080353649883],
            [-105.686587294477, 39.845572364681],
            [-105.691958295509, 39.8862363642698],
            [-105.683794294816, 39.9314373648271],
            [-105.69034129476, 40.0024703642662],
            [-105.653963295084, 40.0177443649458],
            [-105.645257294966, 40.0334603645009],
            [-105.649622294272, 40.0569173646011],
            [-105.634775294989, 40.081002364425],
            [-105.631357295164, 40.1156093645188],
            [-105.636682294369, 40.1349493651142],
            [-105.672153293849, 40.1650933647087],
            [-105.674762294285, 40.1995013646869],
            [-105.658679294917, 40.254501365121],
            [-105.379882293792, 40.2506713648538],
            [-105.339872294929, 40.2577933651484],
            [-105.054110294283, 40.2584493649249],
            [-105.05216329472, 40.3406363651289],
            [-104.941899294116, 40.3445953656942],
            [-104.940069121353, 40.5064160680201],
            [-103.458443293525, 40.5150803654417],
            [-103.461641293242, 39.993904364509],
            [-103.702995293413, 39.9935383647347],
            [-103.706013292306, 39.564049364648],
            [-103.143751292597, 39.5613653644429],
            [-103.161639490664, 38.861503162377],
            [-103.507072631132, 38.8602908200881],
            [-103.502120760655, 38.6068242552344],
            [-102.042769864937, 38.6073378101998],
            [-102.045455933638, 38.6953315728239],
            [-102.048972290901, 39.0370033637393],
            [-102.046348571569, 39.1338958740042],
            [-102.049442291254, 39.5686933644556],
            [-102.048568842236, 40.0038981575131],
            [-102.050951982853, 40.9978496799187],
            [-103.15801517926, 40.999371614015],
            [-103.147806232993, 41.0873132508105],
            [-103.310089422318, 41.1184240906486],
            [-103.409992468233, 41.162444087425],
            [-103.501770317981, 41.2048074180819],
            [-103.577048181186, 41.2432798769517],
            [-103.629270980254, 41.2741929202302],
            [-103.634927130812, 41.3042319477894],
            [-103.666611150159, 41.3402836434347],
            [-103.698518333481, 41.3695742343163],
            [-103.741621355834, 41.3908314223538],
            [-103.804850417967, 41.4084495597232],
            [-103.912631562262, 41.4268208936132],
            [-103.97469844786, 41.440757190025],
            [-103.993579019313, 41.4449899621093],
            [-104.057835117226, 41.4567528968312],
            [-104.052474975927, 41.9980278017866],
            [-104.052773066582, 42.1516667896711],
            [-104.030932757373, 42.1721288255128],
            [-104.001428443469, 42.1998791831985],
            [-103.976790215424, 42.2242183265324],
            [-103.745744758633, 42.451632683236],
            [-103.687295454261, 42.5120453001881],
            [-103.603971643364, 42.6355659480266],
            [-103.590323215859, 42.6466786374019],
            [-103.40025947276, 43.099038600921],
            [-103.305681758426, 43.7362732433769],
            [-103.309889487879, 43.8976900309467],
            [-103.359108719488, 44.1475798127677],
            [-103.458741444368, 44.7933005326411],
            [-103.441214768796, 44.8404122683426],
            [-103.333039613536, 44.9184830288218],
            [-103.218003760347, 44.9777071874764],
            [-103.128266565819, 45.0347427225531],
            [-103.011691787157, 45.0783732663342],
            [-102.796622658388, 45.1398386326751],
            [-102.764264057263, 45.1861866131666],
            [-102.764770710676, 45.2520780535193],
            [-102.777830520685, 45.3359903417555],
            [-102.824155579875, 45.3788149435239],
            [-102.815372454898, 45.6222628794031],
            [-102.811096993372, 45.7959246160752],
            [-102.802043141321, 45.8350666183509],
            [-102.799741698886, 45.8621181670199],
            [-102.85769106565, 45.9414972281286],
            [-104.052532227356, 45.9426792526326],
            [-104.056751788519, 45.2121512088159],
            [-104.057128905767, 44.998661041228],
            [-106.990524292083, 44.9973907466059],
            [-107.759890729978, 45.0017227030051],
            [-107.739687586899, 45.0410977892909],
            [-107.714979708877, 45.0894540005733],
            [-107.547028884931, 45.4160026048801],
            [-107.510011395266, 45.4777983693903],
            [-107.50749089775, 45.4816699449316],
            [-107.421539696107, 45.6118613531811],
            [-107.397540390316, 45.7405651876461],
            [-107.321446713102, 45.8409945315056],
            [-107.222147247921, 45.9075501261915],
            [-107.117055260735, 45.9592237118961],
            [-106.889970042146, 46.0043261373263],
            [-106.630282381935, 46.0225927028907],
            [-106.422807227895, 46.0115071406202],
            [-106.000420968625, 46.0841633717566],
            [-106.098065936479, 46.1675013999858],
            [-106.178943453398, 46.3785104081745],
            [-106.169934072445, 46.4739468213225],
            [-106.213539745319, 46.4583345160211],
            [-106.320243923674, 46.4377006508807],
            [-106.443824290436, 46.4192270885003],
            [-106.63242051155, 46.409704263902],
            [-106.876662773227, 46.4027925476212],
            [-107.050248434303, 46.3870428428748],
            [-107.182934962913, 46.374070574047],
            [-107.379605490634, 46.3359442152294],
            [-107.511834177588, 46.3074722899906],
            [-107.61887399528, 46.2638540056881],
            [-107.723088572775, 46.1797259660426],
            [-107.804348071319, 46.1057495601825],
            [-107.91031848419, 45.9925375241213],
            [-108.124561800702, 45.559021177859],
            [-108.182933687365, 45.4616515611797],
            [-108.207565824833, 45.3559046808118],
            [-108.428220252238, 45.0018406968904],
            [-108.625591928513, 45.001227391289],
            [-108.549571358892, 42.2633756396525],
            [-107.524313296834, 42.2590663669535],
            [-107.524479296516, 42.0908803661508],
            [-107.506511296611, 42.0904613668617],
            [-107.509835296724, 41.701410366116],
            [-107.526399297213, 41.7005063657685],
            [-107.524530296569, 41.6633053664494],
            [-107.935954297646, 41.6627283656322],
            [-107.918671297281, 41.0033753659272],
            [-109.049011230597, 41.0000343319254],
            [-109.044963612369, 37.0810784064553],
            [-109.187747227231, 36.998512897737],
            [-111.36782887125, 37.0013128385947],
            [-111.373232694028, 37.0013267628836],
            [-111.367399278017, 37.0019135062408],
            [-111.360819432073, 37.0056977989134],
            [-111.352973430498, 37.0079078414869],
            [-111.344668362865, 37.0088219424052],
            [-111.339932813894, 37.0122375270423],
            [-111.33057156015, 37.0209180401514],
            [-111.322750811117, 37.0200730126661],
            [-111.315883806116, 37.0129182937368],
            [-111.308596660853, 37.012257111782],
            [-111.303729836578, 37.0151715923158],
            [-111.306946824883, 37.0239446987017],
            [-111.304909184409, 37.0288122714056],
            [-111.283415012248, 37.0385162726186],
            [-111.282187515616, 37.0427354847036],
            [-111.292311290815, 37.0440528891221],
            [-111.298388694648, 37.0437388148817],
            [-111.303238830919, 37.0479685931405],
            [-111.30482634357, 37.0606357987527],
            [-111.301975430422, 37.0661514187605],
            [-111.295087541387, 37.0658148114586],
            [-111.265146060553, 37.0514701814213],
            [-111.252264183446, 37.0264392072765],
            [-111.244180648446, 37.0215507877545],
            [-111.238100279275, 37.0231609494385],
            [-111.229536951387, 37.0393779830095],
            [-111.241262888064, 37.0455744987271],
            [-111.247325306201, 37.04980929018],
            [-111.238342096766, 37.0699228803205],
            [-111.231051261224, 37.0689321173359],
            [-111.225822388043, 37.0582037754037],
            [-111.219348051924, 37.0559152503731],
            [-111.210421289028, 37.0647335299158],
            [-111.199876751035, 37.0775828890593],
            [-111.199914821637, 37.1066430553346],
            [-111.416914173932, 37.1068540053326],
            [-111.415829805875, 37.5401934489992],
            [-110.973377443319, 37.5404646978538],
            [-110.968813353092, 38.0597084234009],
            [-110.986388424502, 38.0597314539676],
            [-111.004746823246, 38.0597495404653],
            [-111.023208957643, 38.0597548268625],
            [-111.041427378205, 38.0597526108762],
            [-111.059756023848, 38.0597484179723],
            [-111.07764922104, 38.0597455307533],
            [-111.095980499646, 38.0597554252425],
            [-111.114312129493, 38.0597699419672],
            [-111.132642033676, 38.0597726785293],
            [-111.150971517448, 38.0597934669203],
            [-111.169300894321, 38.0598148218562],
            [-111.187112944896, 38.059954645182],
            [-111.205226870729, 38.0599584837153],
            [-111.222793054207, 38.0599584978614],
            [-111.241840776083, 38.0599585261535],
            [-111.259458130295, 38.0599585431287],
            [-111.27779077434, 38.0599584674473],
            [-111.296028568868, 38.0599584745203],
            [-111.31436632792, 38.0599585402995],
            [-111.332698949508, 38.0599584632035],
            [-111.351069178166, 38.0599584780568],
            [-111.369416031762, 38.0599584907883],
            [-111.387762988665, 38.0599585226169],
            [-111.405129844066, 38.0599585318119],
            [-111.423720609127, 38.0599585098855],
            [-111.44205317412, 38.0599585013979],
            [-111.46038584242, 38.0599585176658],
            [-111.478718384057, 38.0599584674473],
            [-111.497051029899, 38.0599585332265],
            [-111.514478607821, 38.063056023158],
            [-111.532814964603, 38.0630560790326],
            [-111.551144014489, 38.0630561936108],
            [-111.569480116149, 38.0630562091708],
            [-111.587814039395, 38.0630562586799],
            [-111.606143843866, 38.0630563527473],
            [-111.623963848125, 38.0630563866964],
            [-111.641692904249, 38.0630994589029],
            [-111.660026322642, 38.0630995119483],
            [-111.67835972217, 38.0630994999247],
            [-111.696693106427, 38.0630995105337],
            [-111.715026472718, 38.063099456781],
            [-111.731485504168, 38.0631428302601],
            [-111.731485410743, 38.0599502881955],
            [-111.731507184109, 38.0459562259453],
            [-111.731507149075, 38.0314614313569],
            [-111.731507159854, 38.0169666031641],
            [-111.731507104159, 38.0024716485567],
            [-111.731507208364, 37.987976747937],
            [-111.731507131108, 37.9734817235303],
            [-111.749818263197, 37.9734817879708],
            [-111.768129259641, 37.9734817957604],
            [-111.786440351306, 37.9734817454826],
            [-111.804751422309, 37.9734817291954],
            [-111.823062588534, 37.9734817454826],
            [-111.840035583888, 37.9734803639053],
            [-111.840035313495, 37.9729770962832],
            [-111.85833952676, 37.972980862895],
            [-111.876642987236, 37.9729900765408],
            [-111.894947792491, 37.972998866008],
            [-111.913251126305, 37.9730006717718],
            [-111.931553885197, 37.9730127916321],
            [-111.948359347445, 37.9730250417886],
            [-111.948342401626, 37.9717079806969],
            [-111.96655106289, 37.9717345209294],
            [-111.98472885355, 37.9717009982872],
            [-112.002872209988, 37.9716750543094],
            [-112.021223651281, 37.971649371632],
            [-112.039533742223, 37.9716490387989],
            [-112.057859635428, 37.9716488681333],
            [-112.076209385193, 37.971810822451],
            [-112.094513636187, 37.9718185639914],
            [-112.112819506843, 37.9718220006629],
            [-112.131127486744, 37.971823647121],
            [-112.149437929825, 37.9718244020131],
            [-112.167359997073, 37.971824718558],
            [-112.167313055608, 37.9863412150524],
            [-112.16726643574, 38.0008601979261],
            [-112.167218353414, 38.0153838469919],
            [-112.167168849056, 38.0299148660719],
            [-112.167115251972, 38.0444574276295],
            [-112.167082269428, 38.0658798049833],
            [-112.412019570216, 38.0659484905336],
            [-112.411994546746, 38.036458403234],
            [-112.478652213316, 38.0357776656089],
            [-112.47864070949, 38.0210034219071],
            [-112.497228397821, 38.0210973726453],
            [-112.497065668007, 37.9991494027269],
            [-112.478636916803, 37.999156860351],
            [-112.478945394678, 37.9698715429818],
            [-112.504905464019, 37.9700649525159],
            [-112.504788069483, 37.8904288132207],
            [-112.46826219184, 37.8905386780415],
            [-112.468657708381, 37.8467201226836],
            [-112.431968490969, 37.8470828994008],
            [-112.431595737736, 37.8470533504763],
            [-112.431288309093, 37.8468174154805],
            [-112.430047129323, 37.8463138382499],
            [-112.429614064999, 37.8463595687428],
            [-112.429210002785, 37.8467944620644],
            [-112.428834706422, 37.846588398122],
            [-112.428805984587, 37.8455355444245],
            [-112.428459571756, 37.8451463614456],
            [-112.427420551552, 37.8445741516925],
            [-112.426923268465, 37.844609327699],
            [-112.426063887064, 37.8449402808384],
            [-112.425832932001, 37.8447800552689],
            [-112.425890798777, 37.8443680063513],
            [-112.426583513947, 37.8437729915581],
            [-112.426612394783, 37.8435669773426],
            [-112.42626608436, 37.8432235618137],
            [-112.425457974303, 37.8427657856943],
            [-112.42503078047, 37.8420457419248],
            [-112.424534515174, 37.8412092355392],
            [-112.424015077836, 37.8406140342233],
            [-112.423871112032, 37.8389889173448],
            [-112.42436185718, 37.8382106838488],
            [-112.424131044949, 37.837867400167],
            [-112.423611500711, 37.8376384692362],
            [-112.420967452505, 37.8375817418734],
            [-112.420073138317, 37.8373177653841],
            [-112.418586220807, 37.8364899629217],
            [-112.417447135468, 37.8357151744734],
            [-112.416697086223, 37.8345248153006],
            [-112.416177858192, 37.8334718198967],
            [-112.415283463156, 37.8325331930109],
            [-112.415312521859, 37.831503253655],
            [-112.414331282192, 37.8315259677602],
            [-112.413205967127, 37.830816224232],
            [-112.412715417812, 37.8306788136065],
            [-112.413235166866, 37.8299693173565],
            [-112.412831260958, 37.8294656804353],
            [-112.41248490472, 37.8296258378102],
            [-112.412196445801, 37.8294426634381],
            [-112.411389139737, 37.826878886871],
            [-112.410754547362, 37.8260318312085],
            [-112.408619716361, 37.8246122529176],
            [-112.408186803852, 37.8247495542135],
            [-112.407984586794, 37.8253903275869],
            [-112.407753581425, 37.825527647303],
            [-112.407164601009, 37.825176446868],
            [-112.406945872915, 37.8248179354838],
            [-112.406561050817, 37.8245697637491],
            [-112.406078830681, 37.8239167196079],
            [-112.405705865447, 37.8228262746977],
            [-112.405244439513, 37.8220936531437],
            [-112.404494593287, 37.8212923836772],
            [-112.403744896182, 37.8199874521566],
            [-112.403428087331, 37.8185453375535],
            [-112.402880103329, 37.8181102549755],
            [-112.402418607327, 37.8174921907535],
            [-112.402765409129, 37.8164622344904],
            [-112.402534706492, 37.8159127709519],
            [-112.401727148002, 37.8152258994076],
            [-112.401265622355, 37.815042671552],
            [-112.400688892264, 37.8144015400874],
            [-112.399824635706, 37.811631695437],
            [-112.399874893751, 37.809846787787],
            [-112.40066303336, 37.8080840920165],
            [-112.400663324414, 37.8074431953761],
            [-112.4001167337, 37.8042384945942],
            [-112.399697530381, 37.8036156148333],
            [-112.414254832867, 37.8034863784372],
            [-112.415174952059, 37.75970958635],
            [-112.470413267975, 37.7601958242386],
            [-112.470943288366, 37.7164368862821],
            [-112.522724908627, 37.7170095395445],
            [-112.522771121559, 37.6738027589112],
            [-112.70423650427, 37.6752950240897],
            [-112.702002811875, 37.543667735074],
            [-112.683855258508, 37.543737720008],
            [-112.683598259488, 37.4708681638623],
            [-112.701499035765, 37.4708764755424],
            [-112.719740037278, 37.4708804559941],
            [-112.719723461565, 37.4565065019542],
            [-112.719239316339, 37.456499848765],
            [-112.719256153462, 37.44231734633],
            [-112.683099989153, 37.4423254272438],
            [-112.683095286472, 37.3703250875203],
            [-112.900756980101, 37.3699500644041],
            [-112.901112475799, 37.2815546516785],
            [-112.899072213142, 37.2815717358987],
            [-112.899119150116, 37.0833251296785],
            [-112.899258452765, 37.0833252364578],
            [-112.899186147368, 37.0659332934998],
            [-112.899192641289, 37.0515171195042],
            [-112.899192617933, 37.0369248151468],
            [-112.899206419649, 37.02249007452],
            [-112.899255016709, 37.0079450584098],
            [-112.899334787106, 37.0002268108124],
            [-112.901647480042, 37.0003148695778],
            [-112.919727244742, 37.0002873635553],
            [-112.9377751453, 37.0002512211718],
            [-112.955933104751, 37.0002196193504],
            [-112.955927759775, 36.9904718147071],
            [-112.955799419267, 36.9754176367012],
            [-112.95579264058, 36.9614945388122],
            [-112.95555883696, 36.946700994947],
            [-112.964825672378, 36.9468678378934],
            [-112.964821705417, 36.9323875584668],
            [-112.973852927109, 36.9324122548362],
            [-112.991933982688, 36.9324616166742],
            [-112.99192468243, 36.9179645195621],
            [-112.991911266091, 36.9034249168992],
            [-112.989347107757, 36.903422469526],
            [-112.9893399931, 36.8899835808686],
            [-112.989323951884, 36.8754828019203],
            [-112.989312647485, 36.8609735310392],
            [-112.989303451431, 36.8464583346142],
            [-112.989304457544, 36.8319423054274],
            [-112.98932800688, 36.8174477694144],
            [-112.989292515341, 36.8029453573953],
            [-112.989266371671, 36.7884435689428],
            [-112.989230187532, 36.7739338055522],
            [-112.989196904052, 36.7594181042661],
            [-112.989162546187, 36.7449074352775],
            [-112.989114798035, 36.7303887576929],
            [-112.988378247774, 36.7161141937888],
            [-112.988390785561, 36.701590478595],
            [-112.988400852082, 36.6870702886547],
            [-112.988408875834, 36.6725658750674],
            [-112.988417437677, 36.6580515067378],
            [-112.988426856512, 36.6435699011059],
            [-112.988432378456, 36.6290885107331],
            [-112.988438048623, 36.6145993347927],
            [-112.988439997068, 36.6000169006037],
            [-112.988444943192, 36.5856072640735],
            [-112.988455252259, 36.571114311831],
            [-112.988467403769, 36.5566100307896],
            [-112.985669480443, 36.5566098070971],
            [-112.985670886306, 36.5423719276128],
            [-112.985673971121, 36.5278847645994],
            [-112.985676347165, 36.5133692809027],
            [-112.985679749085, 36.4988846647183],
            [-112.985681265441, 36.4843867993148],
            [-112.985683186937, 36.46989547578],
            [-112.985684023269, 36.4554091874653],
            [-112.985681856532, 36.4409182315395],
            [-112.985677983895, 36.4264078021601],
            [-112.985675456934, 36.4119145360602],
            [-112.985678263271, 36.3974373746426],
            [-112.98567742155, 36.3829302272898],
            [-112.985676643609, 36.3684424277217],
            [-112.985673391708, 36.3539575223599],
            [-112.985671800791, 36.3394539894882],
            [-112.985669049251, 36.3249391775109],
            [-112.985674700553, 36.3104432150513],
            [-112.985678007251, 36.2959332884308],
            [-112.985640425333, 36.2813512685745],
            [-112.985572141694, 36.2667555741741],
            [-112.985517218697, 36.2521628720876],
            [-112.985469146253, 36.2375535282954],
            [-112.985452940645, 36.2321683780917],
            [-112.985384001235, 36.2321629993353],
            [-112.985244000595, 36.2321519998026],
            [-112.98518799962, 36.2321389996284],
            [-112.985104000853, 36.2321199997042],
            [-112.985019999391, 36.2321009990508],
            [-112.984964999139, 36.2320890002756],
            [-112.98444599928, 36.2319720007088],
            [-112.983313000925, 36.2317169996528],
            [-112.982877999833, 36.2317270000082],
            [-112.982347000279, 36.2317410009385],
            [-112.982261000065, 36.2317430001396],
            [-112.98213299912, 36.2317459993033],
            [-112.982003999249, 36.2317489999162],
            [-112.981918999759, 36.2317519998044],
            [-112.981272000752, 36.231766999968],
            [-112.981210000827, 36.2317689998931],
            [-112.979377000168, 36.232172000401],
            [-112.978746001055, 36.2323109994184],
            [-112.978030999581, 36.2325019993907],
            [-112.976461000484, 36.2329240002019],
            [-112.975875000678, 36.2330309996061],
            [-112.975202998862, 36.2331540001556],
            [-112.975150000057, 36.2331729998285],
            [-112.974654999589, 36.2333490007362],
            [-112.973474999581, 36.2337700006621],
            [-112.973154999914, 36.2338200003891],
            [-112.972637000779, 36.2339030001262],
            [-112.971574000048, 36.2340709999269],
            [-112.970317998974, 36.2344400004342],
            [-112.970074000373, 36.2344830002387],
            [-112.970061000853, 36.2344850008188],
            [-112.968373000857, 36.2347910005732],
            [-112.966714000275, 36.2350909988856],
            [-112.966672999369, 36.235098000499],
            [-112.966339000356, 36.2351500006644],
            [-112.965576000999, 36.2352270002049],
            [-112.965477000366, 36.2352389992231],
            [-112.965391999977, 36.2352490005773],
            [-112.96531000086, 36.235257999114],
            [-112.963255001341, 36.2355019997044],
            [-112.961276000194, 36.2360800004581],
            [-112.960414000203, 36.2363260004654],
            [-112.95863899927, 36.2375050003583],
            [-112.95637000039, 36.2381420003154],
            [-112.955305999835, 36.2384399997815],
            [-112.953648999801, 36.2389049999689],
            [-112.952120000712, 36.23933599979],
            [-112.948582000339, 36.2398570005402],
            [-112.94850799982, 36.2398679997134],
            [-112.946894000343, 36.2401899992619],
            [-112.946546001087, 36.2402560005176],
            [-112.94596999953, 36.2403640006079],
            [-112.94549900025, 36.2404509993244],
            [-112.94515000027, 36.2405160005092],
            [-112.94504699944, 36.2405360011415],
            [-112.942819000567, 36.2409510002472],
            [-112.940717000295, 36.2413430001076],
            [-112.940589999175, 36.2413659993231],
            [-112.939976999604, 36.2414810003706],
            [-112.939363999136, 36.2415940001263],
            [-112.939364999859, 36.2415959998],
            [-112.939010999857, 36.241662000593],
            [-112.938076999897, 36.2419449993002],
            [-112.937141001185, 36.2422280006054],
            [-112.936204998879, 36.2425110001613],
            [-112.9359090004, 36.2426000004832],
            [-112.935313999475, 36.2427809995634],
            [-112.935042000387, 36.2429150001816],
            [-112.934766000202, 36.2430519993001],
            [-112.934231001348, 36.2433160001183],
            [-112.933430000559, 36.243713000208],
            [-112.932629000668, 36.2441089999256],
            [-112.93209500074, 36.2443739991484],
            [-112.932001001029, 36.2444199994113],
            [-112.931764000304, 36.24453799971],
            [-112.931727998522, 36.2445699990726],
            [-112.931652001049, 36.2446410006908],
            [-112.931365999023, 36.2449020003809],
            [-112.930938000299, 36.2452960002912],
            [-112.930509999778, 36.2456880000953],
            [-112.930224999373, 36.2459500004168],
            [-112.930175999867, 36.2459940001912],
            [-112.93009800005, 36.2460659995708],
            [-112.930052000019, 36.2461429999509],
            [-112.930020000232, 36.2462000003528],
            [-112.929283000813, 36.2474660008883],
            [-112.92926700092, 36.2475079995623],
            [-112.928371000594, 36.2499810000903],
            [-112.927883999624, 36.2518179996234],
            [-112.927571000528, 36.2530049995298],
            [-112.927420000017, 36.2532439998902],
            [-112.926753000918, 36.2542959997594],
            [-112.925464999159, 36.2563310001358],
            [-112.924368999715, 36.2570799996839],
            [-112.923406000341, 36.2577399996559],
            [-112.923330000173, 36.2577560002576],
            [-112.922912000596, 36.2578370006733],
            [-112.92228700133, 36.2579599998561],
            [-112.921657999172, 36.2580819999438],
            [-112.921241001217, 36.258164001095],
            [-112.921034000629, 36.2582039998409],
            [-112.920608000657, 36.2582889997338],
            [-112.920411999042, 36.2582959999936],
            [-112.920202000776, 36.2583039998757],
            [-112.919734999898, 36.2583209999848],
            [-112.918963000319, 36.2583509995292],
            [-112.91833700033, 36.2583160004218],
            [-112.917871999101, 36.2582909997046],
            [-112.917785999786, 36.2582859994153],
            [-112.917658000638, 36.2582800002267],
            [-112.917527999145, 36.2582719996177],
            [-112.917443000553, 36.2582679996751],
            [-112.916076000049, 36.2581930003508],
            [-112.915084000362, 36.2581390003291],
            [-112.913021000447, 36.2571690000745],
            [-112.91224700032, 36.2568659999249],
            [-112.910972999703, 36.2563689998004],
            [-112.910453000019, 36.2561660000439],
            [-112.910034999545, 36.2560029996329],
            [-112.908940999751, 36.2554560001942],
            [-112.90844299891, 36.2552080002198],
            [-112.908363000341, 36.2551670010012],
            [-112.908331000553, 36.2551509998691],
            [-112.908105000598, 36.2550979995819],
            [-112.908018000559, 36.255078000503],
            [-112.907700999468, 36.255004000679],
            [-112.907228000539, 36.2548939997538],
            [-112.906753000162, 36.2547829997301],
            [-112.906436999795, 36.2547100007446],
            [-112.906302999901, 36.2546779997388],
            [-112.906102000958, 36.2546319997188],
            [-112.905900999319, 36.2545850000012],
            [-112.90576799925, 36.2545539993396],
            [-112.905597999371, 36.2545140001737],
            [-112.90542800039, 36.2544740002628],
            [-112.904941001216, 36.254370000254],
            [-112.90294899965, 36.2537609997567],
            [-112.900438998949, 36.254139999701],
            [-112.900416000281, 36.2541410001017],
            [-112.899885999653, 36.2542499995145],
            [-112.899643999804, 36.254299999181],
            [-112.899360999048, 36.2543939996554],
            [-112.899200000288, 36.2544470004201],
            [-112.899039999556, 36.2545000004245],
            [-112.898541000687, 36.2546639992946],
            [-112.898274000723, 36.2547519998716],
            [-112.898245000411, 36.2547620001778],
            [-112.897560999798, 36.2552009996834],
            [-112.897324999796, 36.2553539993654],
            [-112.897211000891, 36.2554260002625],
            [-112.897042000837, 36.2555360004386],
            [-112.896871000235, 36.2556450000784],
            [-112.896758001155, 36.2557190000196],
            [-112.895936001347, 36.2562469999351],
            [-112.894857000724, 36.2569419994393],
            [-112.893404999831, 36.2577149994786],
            [-112.892543999666, 36.2581749998648],
            [-112.892527000845, 36.2581840001083],
            [-112.892475000069, 36.2582110001083],
            [-112.892458999277, 36.2582209999718],
            [-112.892400000624, 36.2582509995545],
            [-112.89231400041, 36.2582979999642],
            [-112.89222599875, 36.2583439999987],
            [-112.892167999024, 36.2583749998807],
            [-112.891947000887, 36.2584930001135],
            [-112.891615999553, 36.2586699994041],
            [-112.89128400019, 36.2588470004667],
            [-112.891063000257, 36.2589650007109],
            [-112.890744999342, 36.2591339998601],
            [-112.890008999748, 36.2596540008551],
            [-112.886919998913, 36.2618399994183],
            [-112.886905999568, 36.2618509991192],
            [-112.885918000079, 36.2626059996464],
            [-112.885871001121, 36.2626410011775],
            [-112.885801000801, 36.2626959998268],
            [-112.885729998859, 36.2627490000294],
            [-112.885683999727, 36.2627849988892],
            [-112.884901000278, 36.2633819995325],
            [-112.884327999094, 36.2638209998506],
            [-112.882828999244, 36.2654770009337],
            [-112.88254300081, 36.2657940001753],
            [-112.882271000824, 36.2662810001706],
            [-112.88225700058, 36.2663040007378],
            [-112.882238000313, 36.2663399994075],
            [-112.882217999324, 36.2663759995094],
            [-112.882205000701, 36.266399999568],
            [-112.881495999075, 36.2676709998601],
            [-112.881121000055, 36.2683459998148],
            [-112.880255000765, 36.2710509994231],
            [-112.88013099912, 36.2714200005944],
            [-112.880047999279, 36.2717759999224],
            [-112.879718999391, 36.273193999617],
            [-112.87967299936, 36.2733879993571],
            [-112.879537999641, 36.2739700000302],
            [-112.879513001323, 36.2740789992932],
            [-112.879474999892, 36.2741579998731],
            [-112.879391000226, 36.2743330010381],
            [-112.879265000728, 36.2745959995848],
            [-112.879139000331, 36.2748579992826],
            [-112.879054999767, 36.2750330010512],
            [-112.878905999804, 36.2753409994452],
            [-112.878464000837, 36.2762639995305],
            [-112.878228000835, 36.276516000456],
            [-112.877856000391, 36.2769119997496],
            [-112.877531999628, 36.2772580005092],
            [-112.876591000893, 36.2779269995668],
            [-112.87614899923, 36.2782430003148],
            [-112.876052999869, 36.2783120008396],
            [-112.87602500028, 36.2783310003962],
            [-112.875985000097, 36.2783610002202],
            [-112.875944000089, 36.2783889998525],
            [-112.875917000325, 36.2784090009286],
            [-112.875835001208, 36.278468000416],
            [-112.875753000294, 36.2785259997705],
            [-112.875568999272, 36.27863499919],
            [-112.875385999872, 36.2787449999912],
            [-112.875384000223, 36.2787460008009],
            [-112.875085000472, 36.2789289995892],
            [-112.874783000348, 36.2791129994776],
            [-112.874752999313, 36.2791310002069],
            [-112.874703999807, 36.279190000597],
            [-112.874626999814, 36.2792819999258],
            [-112.874564000065, 36.2793580000766],
            [-112.874005000922, 36.2795639998846],
            [-112.873550999563, 36.2799619997878],
            [-112.87313800001, 36.2805919993361],
            [-112.873025999857, 36.280644999703],
            [-112.872937999993, 36.2805610003072],
            [-112.872733000852, 36.2807780004926],
            [-112.870994000803, 36.2816150002119],
            [-112.869451999498, 36.2822179997965],
            [-112.86923399904, 36.2823039996615],
            [-112.869209999649, 36.2823049997015],
            [-112.868438999895, 36.2823430004869],
            [-112.868181999977, 36.2823569995901],
            [-112.867879998955, 36.2823860000003],
            [-112.867427999044, 36.2824300002525],
            [-112.866975000205, 36.282472999718],
            [-112.866673999907, 36.2825020000851],
            [-112.866534999091, 36.2825159991598],
            [-112.866454999623, 36.2825080003095],
            [-112.866420000362, 36.2825050001974],
            [-112.865032999766, 36.2823809998055],
            [-112.864551001514, 36.2822370005748],
            [-112.864533999999, 36.2822319996463],
            [-112.864354999899, 36.2821720000656],
            [-112.864242999746, 36.282133999197],
            [-112.864159999007, 36.2821090003114],
            [-112.86379900023, 36.2819990006302],
            [-112.863669000534, 36.2819639998104],
            [-112.863657999765, 36.2819610004015],
            [-112.860542998991, 36.2811140002202],
            [-112.852652999731, 36.2787219994678],
            [-112.851648000523, 36.2784550007046],
            [-112.851512999007, 36.2784190003784],
            [-112.850330000423, 36.278102000249],
            [-112.849005000651, 36.277747000173],
            [-112.848608000991, 36.2776290000636],
            [-112.848201998415, 36.277508999573],
            [-112.848074000165, 36.2774739996366],
            [-112.847954999441, 36.2774410006132],
            [-112.847845999661, 36.2774160002246],
            [-112.847518999423, 36.2773410004592],
            [-112.847484999986, 36.277331000147],
            [-112.846160000213, 36.2770080007462],
            [-112.843668999778, 36.2767299992411],
            [-112.842169000103, 36.2768120003663],
            [-112.840920000498, 36.2772200001449],
            [-112.84086600097, 36.2772379998624],
            [-112.840588000237, 36.2773279998359],
            [-112.840309999505, 36.2774180004298],
            [-112.840293000685, 36.2774229994942],
            [-112.83959999985, 36.2776340005628],
            [-112.838579999676, 36.2782650001634],
            [-112.838367000139, 36.278396999849],
            [-112.838252999438, 36.278468000416],
            [-112.838175999445, 36.2785620007715],
            [-112.837734999404, 36.2788459998793],
            [-112.835363000591, 36.2812650004478],
            [-112.834937000619, 36.2821429995759],
            [-112.832971999715, 36.284399000268],
            [-112.832968000416, 36.2844000002812],
            [-112.832731999516, 36.2846719997562],
            [-112.832494999689, 36.284946000468],
            [-112.832494000763, 36.2849470011982],
            [-112.83201299964, 36.2854999989999],
            [-112.831882999944, 36.2855559996496],
            [-112.831882000119, 36.2855559996496],
            [-112.831433000581, 36.2857499998049],
            [-112.830831000881, 36.2860109997272],
            [-112.83021699969, 36.2865389997637],
            [-112.829846998895, 36.2868589996051],
            [-112.829634000257, 36.2870419996465],
            [-112.82961499999, 36.2870469995427],
            [-112.82875100035, 36.2873009996403],
            [-112.828464000295, 36.2873860004462],
            [-112.828251998786, 36.2874480003111],
            [-112.827936000215, 36.287541999265],
            [-112.827617999299, 36.2876350003062],
            [-112.827406999412, 36.2876969999733],
            [-112.827278000439, 36.2877350003056],
            [-112.826854999043, 36.2878269996994],
            [-112.825194000608, 36.2881899999879],
            [-112.824640998618, 36.2883110006742],
            [-112.824503999249, 36.2883410002828],
            [-112.824394999469, 36.2883440001706],
            [-112.823648000004, 36.2883659993444],
            [-112.823398999584, 36.2883740004905],
            [-112.822616999959, 36.2883980003038],
            [-112.822249999538, 36.2884099991215],
            [-112.820277000035, 36.2885599997549],
            [-112.819555000685, 36.2886160003809],
            [-112.819497999886, 36.2886199994931],
            [-112.818827000589, 36.2886720002426],
            [-112.81724300035, 36.2885800003969],
            [-112.817177999155, 36.2885759998345],
            [-112.81702900009, 36.2885669994733],
            [-112.816880999952, 36.2885589997951],
            [-112.816621999486, 36.2885460003162],
            [-112.816362999918, 36.2885289995463],
            [-112.815377999904, 36.2884729988579],
            [-112.815251000581, 36.2884749995038],
            [-112.814233000056, 36.2885100002999],
            [-112.812550000982, 36.2885629996343],
            [-112.811466999262, 36.2882729998984],
            [-112.811447000069, 36.2882680000808],
            [-112.811096999366, 36.2881739998292],
            [-112.810549000093, 36.2880280012168],
            [-112.809988000402, 36.2878779995606],
            [-112.809650999219, 36.2877879994423],
            [-112.809618999432, 36.2877790004385],
            [-112.809532000292, 36.287756000405],
            [-112.809281000222, 36.2876850003219],
            [-112.80826999937, 36.2874020000423],
            [-112.807934000708, 36.2873080001957],
            [-112.807894000525, 36.2872970004605],
            [-112.807741998392, 36.2872539993083],
            [-112.807447000636, 36.2871719990155],
            [-112.807168000078, 36.2870930007449],
            [-112.807000000747, 36.2870459995635],
            [-112.806977000283, 36.2870390004327],
            [-112.806357000142, 36.2868649994946],
            [-112.80622600062, 36.2868289994268],
            [-112.804589000678, 36.2860949990503],
            [-112.804002000149, 36.2858320001436],
            [-112.800385000133, 36.2843340001112],
            [-112.79917499909, 36.2840319996528],
            [-112.798872000039, 36.283962000545],
            [-112.798548001072, 36.2838859998081],
            [-112.797951000497, 36.2838750003147],
            [-112.797948999949, 36.2838740002948],
            [-112.796337000121, 36.2838459997336],
            [-112.793761001094, 36.2843980002549],
            [-112.792436000423, 36.2850360002435],
            [-112.792345999113, 36.2851080005684],
            [-112.792334001214, 36.285118999164],
            [-112.792148000543, 36.2852830003572],
            [-112.792030000542, 36.285384999751],
            [-112.791960000222, 36.2854389990353],
            [-112.791145000986, 36.2860830006007],
            [-112.790261000356, 36.2872049989936],
            [-112.790255000508, 36.2872169994429],
            [-112.790187999662, 36.2873519991212],
            [-112.79011800024, 36.2874940005529],
            [-112.789305000654, 36.2890930004117],
            [-112.789086999297, 36.2909259998696],
            [-112.789415001157, 36.2953139993671],
            [-112.78941899866, 36.2953729991072],
            [-112.789358000357, 36.2958130004131],
            [-112.789317000349, 36.2961060006746],
            [-112.789255999352, 36.2965530004681],
            [-112.789195001049, 36.2969880002036],
            [-112.789154999968, 36.2972819995199],
            [-112.789153999244, 36.2972930000195],
            [-112.789129000028, 36.2974710009775],
            [-112.789104000812, 36.2976530001786],
            [-112.788955000849, 36.2980129994003],
            [-112.788885001427, 36.2981840005843],
            [-112.788882000156, 36.2981899996029],
            [-112.78867299902, 36.2986980002692],
            [-112.78835700045, 36.2994670003217],
            [-112.787910999487, 36.3001520007295],
            [-112.787611999737, 36.300612999953],
            [-112.787551999462, 36.3007050000891],
            [-112.787477000017, 36.3008210004523],
            [-112.787338999925, 36.300956000483],
            [-112.787261000107, 36.3010340001207],
            [-112.787189999962, 36.3011040005645],
            [-112.787084000555, 36.3012100001862],
            [-112.78697800025, 36.3013140000711],
            [-112.786908000828, 36.301385000059],
            [-112.786830999937, 36.3014610004028],
            [-112.786753999944, 36.3015359994311],
            [-112.78629500036, 36.3019919994999],
            [-112.784619000958, 36.3026659997105],
            [-112.782711998882, 36.3030330002782],
            [-112.779831999183, 36.3029310000649],
            [-112.77981399964, 36.3029300002892],
            [-112.779486000475, 36.3029150007575],
            [-112.779150999841, 36.3028990007228],
            [-112.778835000372, 36.3028899998422],
            [-112.778607999693, 36.3028869997897],
            [-112.775011000666, 36.3027769989932],
            [-112.771714999244, 36.303108999016],
            [-112.768930999804, 36.3040489989247],
            [-112.766148001088, 36.3057110000225],
            [-112.765723000042, 36.3060889999983],
            [-112.765261999011, 36.3064979999095],
            [-112.764801000675, 36.3069060001227],
            [-112.764750000622, 36.3069500003021],
            [-112.764676000104, 36.3070169998859],
            [-112.764599999936, 36.3070830004137],
            [-112.764550000605, 36.3071280002149],
            [-112.764441999752, 36.3072229997906],
            [-112.764281000093, 36.3073660002444],
            [-112.764118999712, 36.307507999995],
            [-112.76401200048, 36.3076039995474],
            [-112.76399599879, 36.3076180006335],
            [-112.763948999832, 36.3076589998183],
            [-112.763933999764, 36.3076739998855],
            [-112.763599999853, 36.3079700003309],
            [-112.763518999662, 36.3080430001946],
            [-112.762688999459, 36.3089479996923],
            [-112.762388000956, 36.309277000421],
            [-112.762319000461, 36.3093510002023],
            [-112.762215999631, 36.3094639994882],
            [-112.7621129988, 36.3095759996437],
            [-112.762044999926, 36.3096510002785],
            [-112.761894000314, 36.3098150005753],
            [-112.761681000777, 36.3100479997728],
            [-112.761550999284, 36.3103749993953],
            [-112.761469000166, 36.3105820002405],
            [-112.761266000675, 36.3110960000152],
            [-112.760659000054, 36.312638],
            [-112.760458000213, 36.3131509996051],
            [-112.76045699949, 36.3131519999736],
            [-112.760330999991, 36.3135169996857],
            [-112.759954000423, 36.3146149997516],
            [-112.759829000749, 36.3149809994735],
            [-112.759676000588, 36.3154319995721],
            [-112.759612999941, 36.3164369995591],
            [-112.759529000275, 36.3178079998194],
            [-112.758713000316, 36.3207210006363],
            [-112.758693000224, 36.3207670000747],
            [-112.758128000335, 36.3221389997002],
            [-112.758052000167, 36.3223239999841],
            [-112.75763799989, 36.3227999999051],
            [-112.757040000388, 36.3234919996466],
            [-112.755785998964, 36.3243470003776],
            [-112.755729999786, 36.3243709999783],
            [-112.754970998829, 36.3247100000631],
            [-112.754761000564, 36.3248020007176],
            [-112.754629000319, 36.324862000079],
            [-112.754107999014, 36.3250090008887],
            [-112.753887999804, 36.3250720000134],
            [-112.753004000971, 36.3253229994096],
            [-112.750748999639, 36.3254489999955],
            [-112.749064999841, 36.3254360001513],
            [-112.748373999555, 36.3251889998037],
            [-112.748350999989, 36.3251819997531],
            [-112.74781199914, 36.3250049992997],
            [-112.746833999697, 36.3245969997162],
            [-112.746139999936, 36.3241589998719],
            [-112.745436000129, 36.3237439992981],
            [-112.745425000259, 36.323738000074],
            [-112.745026999875, 36.3235099995453],
            [-112.743397999431, 36.3224670002431],
            [-112.741455000065, 36.321315999836],
            [-112.739036999425, 36.3199390002395],
            [-112.737706999629, 36.3193549987722],
            [-112.735820998368, 36.3188370001545],
            [-112.733682999009, 36.318100001105],
            [-112.73179400007, 36.3177620008061],
            [-112.73004400015, 36.317737999894],
            [-112.727960000319, 36.3179310000531],
            [-112.725101000536, 36.3185500002305],
            [-112.724294999724, 36.3190469996764],
            [-112.724055000423, 36.3192020000291],
            [-112.723816000048, 36.3193559997848],
            [-112.722872000042, 36.3199700009932],
            [-112.722161999489, 36.3207520003552],
            [-112.721672999767, 36.3213879999688],
            [-112.721448000535, 36.3216950011353],
            [-112.721349000801, 36.3218289995114],
            [-112.721216000731, 36.3220029998999],
            [-112.721191999543, 36.3220320000475],
            [-112.720579999798, 36.3227830000872],
            [-112.720135000458, 36.3240149995935],
            [-112.720128999712, 36.324034000324],
            [-112.720135000458, 36.3251670001596],
            [-112.720712999868, 36.3271189994749],
            [-112.720819000173, 36.3275799999277],
            [-112.720862999656, 36.3277669992364],
            [-112.720970000684, 36.3282270000228],
            [-112.72164299963, 36.3291819998748],
            [-112.722459000488, 36.3305509999963],
            [-112.724025000285, 36.3330249999052],
            [-112.724642000053, 36.3347770000906],
            [-112.724721000594, 36.3350030000399],
            [-112.724726000617, 36.3350200008101],
            [-112.725181000902, 36.3363360002607],
            [-112.72606599956, 36.3385610002497],
            [-112.726209000574, 36.3396359999529],
            [-112.726284000019, 36.3408310002384],
            [-112.726495998832, 36.3420429995155],
            [-112.726304001008, 36.3429870002046],
            [-112.726151999774, 36.3433380008261],
            [-112.725852001097, 36.3440359996059],
            [-112.725193000598, 36.3448400004398],
            [-112.724950000923, 36.3451389999841],
            [-112.723991000848, 36.3459919998666],
            [-112.723815000223, 36.3461109999667],
            [-112.723700999522, 36.3461880000623],
            [-112.723619999331, 36.3462409999899],
            [-112.722574000116, 36.3469410001129],
            [-112.720799000081, 36.3476450001575],
            [-112.719083999423, 36.3480259998416],
            [-112.718058000299, 36.34820699976],
            [-112.716591000236, 36.3484929997846],
            [-112.715661000474, 36.348581000193],
            [-112.713700999593, 36.3492640004336],
            [-112.71147700002, 36.3500249995621],
            [-112.709910999325, 36.3506950001883],
            [-112.708945998504, 36.3510830007589],
            [-112.708793000139, 36.3511449991754],
            [-112.708639999979, 36.3512060012802],
            [-112.708415998774, 36.3512959998268],
            [-112.708367999094, 36.3513219995644],
            [-112.707593999865, 36.3517559998573],
            [-112.707336001021, 36.3519020006922],
            [-112.70695799983, 36.3521139998215],
            [-112.705803999762, 36.3527329997397],
            [-112.705421000346, 36.3529400009353],
            [-112.705310999842, 36.3529770000006],
            [-112.70516199988, 36.3530279999348],
            [-112.704985000328, 36.3530889998406],
            [-112.704903999238, 36.3531170001371],
            [-112.704875999649, 36.3531259995585],
            [-112.703759001187, 36.3535079997637],
            [-112.701899000764, 36.3541449995049],
            [-112.70042300048, 36.3546899998467],
            [-112.700363000206, 36.3547130003932],
            [-112.699327001036, 36.3551280009387],
            [-112.699153998987, 36.3551969992756],
            [-112.698826999648, 36.3553279998711],
            [-112.698620999783, 36.3553329997293],
            [-112.698434999112, 36.3553379995872],
            [-112.698035000876, 36.3553480000255],
            [-112.697482000682, 36.3553629995953],
            [-112.696835998805, 36.3553529991589],
            [-112.696436999495, 36.355347999302],
            [-112.696327999715, 36.3553459996485],
            [-112.696166000232, 36.355343999995],
            [-112.696001999302, 36.3553410005146],
            [-112.695893999347, 36.3553399999643],
            [-112.695591001195, 36.3553350001066],
            [-112.695022000209, 36.3553270007676],
            [-112.69468599975, 36.3553009994737],
            [-112.694384999451, 36.355278999652],
            [-112.69433899942, 36.355274999618],
            [-112.694269998925, 36.3552700004796],
            [-112.694201000226, 36.3552640000661],
            [-112.694154999297, 36.3552609991357],
            [-112.694067000332, 36.3552540003405],
            [-112.693936999737, 36.3552449997182],
            [-112.693806000216, 36.3552349999901],
            [-112.693718999279, 36.3552290002974],
            [-112.692886000499, 36.3551649996875],
            [-112.692851000339, 36.3551630000293],
            [-112.691576998823, 36.3548019993925],
            [-112.690520000636, 36.3543549993584],
            [-112.689751000532, 36.3540310007735],
            [-112.689309999593, 36.3538450006953],
            [-112.688628999352, 36.3532399988918],
            [-112.687896999956, 36.3512500003254],
            [-112.687695999217, 36.3504169994146],
            [-112.68713200005, 36.3480800006088],
            [-112.686830999751, 36.3465469995216],
            [-112.686583999879, 36.3458420004541],
            [-112.686258000364, 36.3452179995074],
            [-112.685689000277, 36.3442700006618],
            [-112.68531599911, 36.3438310000109],
            [-112.684393999743, 36.3432060003327],
            [-112.683251000443, 36.342486000807],
            [-112.682248000886, 36.3419240011582],
            [-112.681570999945, 36.3416619995008],
            [-112.680735000792, 36.3416580002143],
            [-112.679923999957, 36.341806999726],
            [-112.679903000939, 36.341811999729],
            [-112.679468999673, 36.341942999692],
            [-112.677184999825, 36.3426029990483],
            [-112.675741999153, 36.3430599998333],
            [-112.675350999341, 36.343182999281],
            [-112.674921999894, 36.3433199997195],
            [-112.674229999783, 36.3436780001238],
            [-112.67386699956, 36.3438670005365],
            [-112.673797999963, 36.3439020003482],
            [-112.673695999855, 36.3439560003576],
            [-112.673593999748, 36.3440080003849],
            [-112.673525999078, 36.3440440001051],
            [-112.673417001094, 36.344100000682],
            [-112.673253999989, 36.3441849996329],
            [-112.673090000856, 36.3442689999693],
            [-112.672981999105, 36.344325999629],
            [-112.672636001295, 36.3445059994994],
            [-112.67252099987, 36.3445600005371],
            [-112.671121000653, 36.3452310003922],
            [-112.670654999599, 36.3454550004907],
            [-112.670479998799, 36.3455390001806],
            [-112.668424000354, 36.3466129998589],
            [-112.667794999992, 36.3470859999149],
            [-112.665870999994, 36.3488169997121],
            [-112.664113999503, 36.3504329998244],
            [-112.662401001189, 36.3518719994925],
            [-112.661631000362, 36.3525320000651],
            [-112.660897999345, 36.3531289998478],
            [-112.660899000966, 36.3531310002816],
            [-112.660575000203, 36.3534009997854],
            [-112.659623000699, 36.3542730001789],
            [-112.658484000699, 36.355420999641],
            [-112.657444001332, 36.3563460008406],
            [-112.656625999926, 36.3572290000751],
            [-112.656480000336, 36.3573869998278],
            [-112.656333000023, 36.3575449999833],
            [-112.655492999774, 36.3589270007939],
            [-112.654320000337, 36.3602309998529],
            [-112.654106000077, 36.3606950003725],
            [-112.653205000626, 36.3617189997872],
            [-112.652579998666, 36.3628539999981],
            [-112.652219999714, 36.3635100004381],
            [-112.652032999218, 36.3638759997821],
            [-112.652023998997, 36.3638949994699],
            [-112.651728999444, 36.3644700002358],
            [-112.651720000122, 36.3644899994878],
            [-112.651032000209, 36.366092999457],
            [-112.650990001274, 36.3663259996333],
            [-112.650879000048, 36.3669490009774],
            [-112.650870998754, 36.3669830001386],
            [-112.650699999948, 36.3679009993617],
            [-112.650540000114, 36.3686570010139],
            [-112.650525000046, 36.3687459999817],
            [-112.650339999199, 36.369889000424],
            [-112.650284000021, 36.3702299998553],
            [-112.650282000371, 36.3702289994964],
            [-112.650264999755, 36.3703450005335],
            [-112.650248000036, 36.370458999239],
            [-112.650215000424, 36.3705929998009],
            [-112.65011999999, 36.3710550000437],
            [-112.649919999973, 36.3719499998978],
            [-112.649892999311, 36.3734870003179],
            [-112.649843000878, 36.3750080003302],
            [-112.649858998975, 36.3756190002827],
            [-112.649053000858, 36.3797810005087],
            [-112.648255000442, 36.3817029993794],
            [-112.646988000395, 36.3838689995124],
            [-112.646904999656, 36.3839510000491],
            [-112.645589000104, 36.3852470000102],
            [-112.641675998914, 36.3878589999672],
            [-112.641329000381, 36.3880459998646],
            [-112.639910999823, 36.3888089996493],
            [-112.637142000452, 36.3898420002334],
            [-112.634374000008, 36.3907659999816],
            [-112.632806999487, 36.3910900003543],
            [-112.632773999875, 36.3910959994512],
            [-112.632689999312, 36.3911139996318],
            [-112.632568999836, 36.3911389997151],
            [-112.632102999681, 36.3912350003359],
            [-112.63156399973, 36.3913470000667],
            [-112.630695998994, 36.3914630007025],
            [-112.630224999714, 36.3915270003808],
            [-112.630109000261, 36.3915430002921],
            [-112.629489999945, 36.3916190001875],
            [-112.629335999959, 36.391648000442],
            [-112.628730000062, 36.3917550006141],
            [-112.627534999986, 36.3916950000086],
            [-112.626744999965, 36.3916749990733],
            [-112.626077999968, 36.3916579998291],
            [-112.624681000226, 36.3916329999127],
            [-112.620853000322, 36.3916399997744],
            [-112.619310000091, 36.3917499994807],
            [-112.618017999931, 36.3918430005507],
            [-112.612978000232, 36.3923769992457],
            [-112.61072800072, 36.3928339999107],
            [-112.609181999218, 36.3935639999438],
            [-112.606716000694, 36.394957999917],
            [-112.603860000386, 36.3959459999735],
            [-112.602391000673, 36.3964540002953],
            [-112.60108299972, 36.3969060007738],
            [-112.5993329998, 36.3970310004725],
            [-112.597167999778, 36.3970530007805],
            [-112.596246999338, 36.3969290004095],
            [-112.59517799876, 36.3967859995145],
            [-112.594296999402, 36.3966680002768],
            [-112.592590999862, 36.3963929996791],
            [-112.590972000362, 36.3957779994097],
            [-112.58995899986, 36.3954529997418],
            [-112.589269001196, 36.395232001216],
            [-112.588753999738, 36.3952699997312],
            [-112.587602999144, 36.3953559999558],
            [-112.584230999351, 36.3953660003121],
            [-112.583563999354, 36.3953679996601],
            [-112.582787000651, 36.3955910000337],
            [-112.577968998914, 36.3969730003538],
            [-112.575888999281, 36.39757000044],
            [-112.575376999993, 36.3976719996618],
            [-112.574319000184, 36.3978819998924],
            [-112.573761999792, 36.3979930001672],
            [-112.571991000854, 36.3983629999383],
            [-112.569571000564, 36.3988699996563],
            [-112.569476001027, 36.3989170006407],
            [-112.569420000053, 36.3989300005079],
            [-112.568257999588, 36.399201999401],
            [-112.568100001201, 36.3992199998737],
            [-112.567203999977, 36.3993249990531],
            [-112.566881999762, 36.3993629999056],
            [-112.56594299888, 36.3993419995129],
            [-112.564884000145, 36.3993179998835],
            [-112.563843000952, 36.3994470006966],
            [-112.563311999601, 36.3995390005291],
            [-112.563155001039, 36.3995630000903],
            [-112.560009000303, 36.4000360000518],
            [-112.559675000392, 36.4000590002073],
            [-112.557361999334, 36.4002949997754],
            [-112.556817000434, 36.4003499996699],
            [-112.555885000123, 36.4002050000615],
            [-112.554976999204, 36.400228000167],
            [-112.55484099966, 36.400231000086],
            [-112.553984999517, 36.4002529994881],
            [-112.552487999317, 36.4004710004574],
            [-112.55071899913, 36.400347999727],
            [-112.549263999661, 36.4002349999777],
            [-112.547586999536, 36.399987000515],
            [-112.546899000521, 36.3998849992701],
            [-112.546450000084, 36.3998569991744],
            [-112.545028000227, 36.3997690003571],
            [-112.544817999267, 36.3997559999071],
            [-112.543878000357, 36.3998790001285],
            [-112.542041999324, 36.3999409994314],
            [-112.541626000296, 36.4000050000828],
            [-112.541280999616, 36.4000580002321],
            [-112.540293999054, 36.3998639990185],
            [-112.538397000617, 36.3994909999385],
            [-112.53824700083, 36.399405000674],
            [-112.537705001405, 36.3990939993697],
            [-112.536991998682, 36.3986850004747],
            [-112.535796999504, 36.3981650002798],
            [-112.534429000972, 36.3979220007327],
            [-112.533746001082, 36.3978010003148],
            [-112.532306000783, 36.3970960006413],
            [-112.532132999632, 36.397010999464],
            [-112.531530999933, 36.3967580004714],
            [-112.531442001143, 36.3967200005145],
            [-112.530219999505, 36.3964969997645],
            [-112.52872399913, 36.3960859994427],
            [-112.526523999847, 36.3948649996814],
            [-112.525172999236, 36.3934529991287],
            [-112.524373000068, 36.3925680008551],
            [-112.522672999479, 36.3918930002402],
            [-112.521776000226, 36.3914150001861],
            [-112.521315999021, 36.3911709996941],
            [-112.520923999383, 36.3911039994516],
            [-112.519424000607, 36.3908460002885],
            [-112.517570000031, 36.3906719996966],
            [-112.516975000005, 36.3903530002517],
            [-112.516511000397, 36.390103999526],
            [-112.515953000181, 36.389956000012],
            [-112.515390999766, 36.389806999386],
            [-112.515138000944, 36.3897399994144],
            [-112.51406299962, 36.3892719995558],
            [-112.513683998605, 36.3890420004841],
            [-112.513332000049, 36.3888279997559],
            [-112.511953999675, 36.3886029999837],
            [-112.509517999491, 36.3882129996557],
            [-112.50842700007, 36.3881300005925],
            [-112.507523999174, 36.3880609996396],
            [-112.506417999684, 36.3876449995984],
            [-112.504389999031, 36.3871469995285],
            [-112.503885000314, 36.3869399996545],
            [-112.502362000175, 36.3863149997336],
            [-112.501104000349, 36.3857609996104],
            [-112.49957900056, 36.3851520001173],
            [-112.498556999838, 36.3847079999314],
            [-112.497349999168, 36.3839880010037],
            [-112.496357999481, 36.3833390002731],
            [-112.49581899953, 36.3830709994409],
            [-112.49515400098, 36.3827409998997],
            [-112.494989000225, 36.382591999911],
            [-112.494567999378, 36.3822140000955],
            [-112.493360998707, 36.3814799996676],
            [-112.492523000803, 36.3812859998197],
            [-112.491751999252, 36.380732000028],
            [-112.490813000167, 36.3803030004663],
            [-112.489658000274, 36.3801689992735],
            [-112.489267999388, 36.3800439999443],
            [-112.489136000042, 36.3800019988401],
            [-112.488487000487, 36.3799039997917],
            [-112.487933999395, 36.3796489996152],
            [-112.486335999811, 36.3789140007674],
            [-112.484749000995, 36.3780780000868],
            [-112.484595999936, 36.3780570004531],
            [-112.483134000795, 36.377855000106],
            [-112.482791999589, 36.377734000277],
            [-112.482178001093, 36.3775159991894],
            [-112.481806999575, 36.3772900004095],
            [-112.480999999836, 36.3767970004881],
            [-112.480392999216, 36.3764389990636],
            [-112.480110999184, 36.3762719993002],
            [-112.479708999501, 36.3760350002895],
            [-112.479005000592, 36.3755019995861],
            [-112.478425999561, 36.3751059997615],
            [-112.47793300054, 36.3747679994598],
            [-112.477646999411, 36.3745889997088],
            [-112.477454000864, 36.374467999862],
            [-112.477259998898, 36.3743480001329],
            [-112.476356999798, 36.3737839991433],
            [-112.473741999515, 36.3724409995001],
            [-112.471790000826, 36.3711789997296],
            [-112.470462998709, 36.3706479997325],
            [-112.470171999354, 36.3705319998706],
            [-112.469715000318, 36.3704079998768],
            [-112.469615999685, 36.3703800000142],
            [-112.469515999228, 36.3703529997755],
            [-112.469392999204, 36.3703200002747],
            [-112.469166999249, 36.3702579997719],
            [-112.466082999335, 36.3684569994429],
            [-112.463817998856, 36.3666580001878],
            [-112.46084299962, 36.3635470002662],
            [-112.460547000242, 36.3630900003742],
            [-112.459455999923, 36.3614020004383],
            [-112.458530999285, 36.3602859998751],
            [-112.457390001432, 36.3586569994779],
            [-112.456695000948, 36.3573260003962],
            [-112.45593800054, 36.3558759993483],
            [-112.455417999059, 36.3532730005715],
            [-112.455149000344, 36.3509609999264],
            [-112.45501500045, 36.3474039996131],
            [-112.454874999809, 36.3462609995846],
            [-112.454769999329, 36.3453840001222],
            [-112.454637000158, 36.3443189998508],
            [-112.454576998985, 36.3440589996821],
            [-112.454539000249, 36.3438969997559],
            [-112.454175999127, 36.3423229990617],
            [-112.454577000782, 36.3393330001354],
            [-112.456084999954, 36.3364250000044],
            [-112.456109001142, 36.3363769995373],
            [-112.4568720005, 36.3348340001844],
            [-112.45788199973, 36.3334029991473],
            [-112.458673000474, 36.3329159997734],
            [-112.461205998945, 36.3305810000024],
            [-112.461561000569, 36.3302530003216],
            [-112.46165500028, 36.3301669997664],
            [-112.461734999748, 36.330092999482],
            [-112.46183400038, 36.3300019994369],
            [-112.461998999338, 36.3298479990071],
            [-112.462402000643, 36.3294779997095],
            [-112.462775999838, 36.3290430002931],
            [-112.462812999648, 36.3289049999059],
            [-112.463094000754, 36.3278689995255],
            [-112.463150000831, 36.3276609995324],
            [-112.463626999958, 36.3268969998585],
            [-112.463833999647, 36.3267119995744],
            [-112.466835000619, 36.3240290006274],
            [-112.467283000332, 36.3235520007404],
            [-112.467946999058, 36.3228450000437],
            [-112.468133999554, 36.3227009995086],
            [-112.468880000092, 36.3221290007873],
            [-112.469155999378, 36.3218579989999],
            [-112.469946999223, 36.3214020007508],
            [-112.472340000647, 36.3201950001873],
            [-112.473088000835, 36.3198170005622],
            [-112.473818000581, 36.3191900008814],
            [-112.474594999284, 36.3185220005344],
            [-112.476183999546, 36.3170920006142],
            [-112.476355999973, 36.3169370004086],
            [-112.476470000675, 36.3168009994933],
            [-112.47734799966, 36.3157530006608],
            [-112.477922000669, 36.3153590001119],
            [-112.478444999827, 36.3149999995111],
            [-112.478633999075, 36.3148829996255],
            [-112.478836000538, 36.3147590007491],
            [-112.482086000133, 36.3127490002896],
            [-112.482829999224, 36.3121379998076],
            [-112.483271999988, 36.3117750002025],
            [-112.484313000977, 36.310924999634],
            [-112.485115000693, 36.3102700003301],
            [-112.485666001237, 36.3100599996039],
            [-112.486152000586, 36.3098749991677],
            [-112.486556999744, 36.3095100005022],
            [-112.489099000232, 36.3072169992951],
            [-112.491091000002, 36.3056819995943],
            [-112.492493999592, 36.3046150000343],
            [-112.492763000104, 36.3042729994278],
            [-112.493507999919, 36.3033259994817],
            [-112.494574999949, 36.3016599997899],
            [-112.495262000037, 36.300150001107],
            [-112.496672000198, 36.2987740003352],
            [-112.496856999248, 36.2983029998576],
            [-112.496960000078, 36.2980409992218],
            [-112.49705200014, 36.2978060006662],
            [-112.496821999088, 36.2969240002499],
            [-112.496765999011, 36.296707999204],
            [-112.496693999041, 36.2964309996723],
            [-112.497343000393, 36.2955299992047],
            [-112.497858999879, 36.2944899995355],
            [-112.498159999279, 36.2932849999018],
            [-112.498496998665, 36.2927949999373],
            [-112.498686000607, 36.2925209999958],
            [-112.498706999626, 36.2923340001253],
            [-112.49873000009, 36.292126000889],
            [-112.498753999481, 36.2919190002908],
            [-112.498791000189, 36.2915960004396],
            [-112.499132000671, 36.2909059991049],
            [-112.499969999474, 36.2894240000779],
            [-112.499978999695, 36.2892780001839],
            [-112.499997999961, 36.2889560002156],
            [-112.500037000319, 36.2882780004399],
            [-112.500264999925, 36.2873149993023],
            [-112.500320000177, 36.2870809995524],
            [-112.500756999121, 36.2864610001149],
            [-112.50272299985, 36.284114999641],
            [-112.502876999836, 36.2839769993764],
            [-112.503001999509, 36.2838660008596],
            [-112.503125999358, 36.2837539992671],
            [-112.503543000008, 36.2833809998067],
            [-112.504908999788, 36.2823759996103],
            [-112.506438000674, 36.280966999929],
            [-112.507002000738, 36.2806050001399],
            [-112.50732300023, 36.2803990001826],
            [-112.507683999905, 36.2802790003295],
            [-112.508640000505, 36.2799619997878],
            [-112.509596999134, 36.2796460002054],
            [-112.510659998966, 36.2792940001451],
            [-112.511278999282, 36.2791149996393],
            [-112.512415000705, 36.2787880007626],
            [-112.512736001096, 36.2786950000412],
            [-112.514901001118, 36.2777289998487],
            [-112.516188999284, 36.2770879999174],
            [-112.516864000575, 36.2769090001466],
            [-112.517128000165, 36.27683899972],
            [-112.518300999602, 36.276451000252],
            [-112.52029300027, 36.2750119997009],
            [-112.521248000147, 36.2746420001592],
            [-112.522558000749, 36.2739009992887],
            [-112.52335000042, 36.2731100001699],
            [-112.523434000983, 36.2730259999081],
            [-112.523120999192, 36.2725140001865],
            [-112.522956999161, 36.2720460003159],
            [-112.523253000335, 36.2718010006686],
            [-112.523464000222, 36.2716259996222],
            [-112.52361599966, 36.2713939995463],
            [-112.524029999937, 36.2707640003645],
            [-112.524233000326, 36.2704549996561],
            [-112.525343999839, 36.2700309990308],
            [-112.526597999466, 36.2695510006689],
            [-112.528152999393, 36.2682529996912],
            [-112.529329999028, 36.2668770006517],
            [-112.529387999652, 36.2663910002711],
            [-112.529412999767, 36.2661850004698],
            [-112.529523001168, 36.2658170001616],
            [-112.529631000225, 36.2657469999303],
            [-112.529763999396, 36.2656599996795],
            [-112.529898001087, 36.2655740003105],
            [-112.529816001071, 36.2653390003134],
            [-112.529845999412, 36.2651990003798],
            [-112.53068099874, 36.2639930001817],
            [-112.530886000576, 36.2630909993923],
            [-112.530932999533, 36.2628860005914],
            [-112.530909999967, 36.2627789993218],
            [-112.530644999653, 36.2615230007875],
            [-112.530390998311, 36.2610359993725],
            [-112.530068000068, 36.2604169998295],
            [-112.530027000958, 36.2603379991101],
            [-112.529863999853, 36.2591979989324],
            [-112.529508000201, 36.2583779994714],
            [-112.528543000279, 36.2566150004219],
            [-112.528307000277, 36.2560070004158],
            [-112.528048999636, 36.2553419998131],
            [-112.52763800063, 36.2549300000605],
            [-112.527095000482, 36.2546700002097],
            [-112.526769999894, 36.2543029996526],
            [-112.52614300008, 36.2535959993079],
            [-112.525690000344, 36.2524559992647],
            [-112.525199000972, 36.251151000158],
            [-112.525071998954, 36.2508119998364],
            [-112.524226000654, 36.2500519996903],
            [-112.522860000873, 36.2492669994143],
            [-112.522608999905, 36.2491229999667],
            [-112.522506999797, 36.2482739990521],
            [-112.522481999683, 36.248070999997],
            [-112.521727999648, 36.247426999305],
            [-112.520059998845, 36.2472319997901],
            [-112.518778999453, 36.2467140004211],
            [-112.518258998871, 36.246504000345],
            [-112.517724000017, 36.2457929998512],
            [-112.517417000769, 36.2453840005514],
            [-112.517223999527, 36.2451279999802],
            [-112.516328999924, 36.2448439999616],
            [-112.516138000128, 36.2447839999073],
            [-112.515948000158, 36.2447230000101],
            [-112.515494000596, 36.2445790001589],
            [-112.512628000242, 36.244031999715],
            [-112.510872000474, 36.2440950004857],
            [-112.509953999509, 36.2441279998341],
            [-112.509267000319, 36.2439410006856],
            [-112.508386999887, 36.2433040001664],
            [-112.507020999208, 36.2432420000228],
            [-112.505308999821, 36.2433430009092],
            [-112.504100999326, 36.243364999722],
            [-112.50179999976, 36.243345999628],
            [-112.500776000286, 36.2433349994952],
            [-112.500442000375, 36.2434310004704],
            [-112.499629999715, 36.243664000098],
            [-112.49956099922, 36.2436919998541],
            [-112.499447001214, 36.2437369999846],
            [-112.499347999683, 36.2436959998185],
            [-112.499000999353, 36.2435500006251],
            [-112.496897999256, 36.2428209996639],
            [-112.493435999949, 36.2425140003611],
            [-112.492731000317, 36.2424870000083],
            [-112.491568000028, 36.2425349988579],
            [-112.490646000661, 36.2422509995605],
            [-112.490422000355, 36.2421359996458],
            [-112.488819999675, 36.2419939997634],
            [-112.487603999682, 36.2418559996816],
            [-112.486300000724, 36.2417499991488],
            [-112.486043999733, 36.2417289997165],
            [-112.485612000811, 36.2416820002076],
            [-112.483389999091, 36.241441000309],
            [-112.482008999242, 36.2412910004389],
            [-112.480908000673, 36.2411709999008],
            [-112.480064001125, 36.241009999777],
            [-112.479904000393, 36.2410030001421],
            [-112.477227001083, 36.2405560003196],
            [-112.476647999153, 36.2404790002315],
            [-112.474760000039, 36.2402269996763],
            [-112.474741999597, 36.2402249992431],
            [-112.474286000386, 36.2399449996788],
            [-112.47361199892, 36.2395310001673],
            [-112.473182000546, 36.2392670003315],
            [-112.47214599958, 36.2391879992385],
            [-112.471679000498, 36.2393149997092],
            [-112.471140000548, 36.2394630000204],
            [-112.470804999914, 36.2395539991914],
            [-112.47063400021, 36.2396000001174],
            [-112.470601999524, 36.2396090010514],
            [-112.470478000574, 36.2395739993453],
            [-112.46936399979, 36.2392590006738],
            [-112.466972998914, 36.2384250001736],
            [-112.465751999797, 36.2377379995366],
            [-112.465206999101, 36.237431000558],
            [-112.463731000614, 36.2362939991769],
            [-112.463038999604, 36.2357609989308],
            [-112.461089000566, 36.2341810004547],
            [-112.460543999869, 36.2337390004385],
            [-112.460095000331, 36.2331469998173],
            [-112.458611999476, 36.231191000602],
            [-112.458605000702, 36.231182000148],
            [-112.458033000241, 36.230564000311],
            [-112.456886000744, 36.2293220005149],
            [-112.456839999815, 36.2288219998553],
            [-112.456743999555, 36.2277900008434],
            [-112.456707000644, 36.2271749996264],
            [-112.456658999166, 36.2263650007009],
            [-112.456658001138, 36.2263510002574],
            [-112.45639799905, 36.226103999268],
            [-112.45613199981, 36.2258510001685],
            [-112.455907999504, 36.2256379997221],
            [-112.455836999359, 36.2253180004787],
            [-112.455463999988, 36.2236470002361],
            [-112.45524599953, 36.2222149993842],
            [-112.455146999796, 36.2215649996384],
            [-112.455143999423, 36.2215480002304],
            [-112.45512000093, 36.2207489999707],
            [-112.455082000397, 36.2194799997939],
            [-112.455034999643, 36.2179020002242],
            [-112.454665000645, 36.2158209998091],
            [-112.454596001048, 36.2154299997262],
            [-112.454545000096, 36.2151749990921],
            [-112.454371000019, 36.2143129988958],
            [-112.454794999443, 36.2116749995168],
            [-112.454968999521, 36.2094550006638],
            [-112.455225000512, 36.2075910000863],
            [-112.455669999853, 36.2059300010455],
            [-112.455783999655, 36.2055029995221],
            [-112.455762000812, 36.2052839998554],
            [-112.455607999928, 36.2037460000996],
            [-112.455335999043, 36.2028199998984],
            [-112.455164999339, 36.202259000514],
            [-112.454914000167, 36.2003920007157],
            [-112.45398300058, 36.1994229990512],
            [-112.452465000463, 36.1985050001077],
            [-112.451415999079, 36.1982460000279],
            [-112.450656999919, 36.19808099913],
            [-112.450418999369, 36.1979979998035],
            [-112.450252000761, 36.1979420009068],
            [-112.448230999781, 36.1976960005155],
            [-112.446240999661, 36.197639999953],
            [-112.443914001054, 36.1978489996474],
            [-112.442963001375, 36.1979959990151],
            [-112.442111999459, 36.1981279994695],
            [-112.439827999611, 36.1987239998928],
            [-112.439226998838, 36.1987670004838],
            [-112.436906000079, 36.1994439996947],
            [-112.43456899963, 36.2002329992857],
            [-112.432524999084, 36.2009970001546],
            [-112.432185000223, 36.2010529997656],
            [-112.430226000066, 36.2013760007268],
            [-112.429038999487, 36.2020289996004],
            [-112.427927001048, 36.2026189994841],
            [-112.426595000704, 36.2041129995176],
            [-112.425439999913, 36.2053880006539],
            [-112.424905999087, 36.206474999991],
            [-112.424560000379, 36.2083629993669],
            [-112.424274001047, 36.2095530002395],
            [-112.424183999737, 36.2104250001426],
            [-112.42425900008, 36.2119770006824],
            [-112.424227001191, 36.2132640000343],
            [-112.42420199928, 36.2142730008808],
            [-112.423943999537, 36.2146070007463],
            [-112.423407000135, 36.2157599997821],
            [-112.423376000173, 36.216559999697],
            [-112.423447000318, 36.2170710006782],
            [-112.423321999746, 36.2186789998938],
            [-112.422842000246, 36.2226139995295],
            [-112.422128998422, 36.2269130001475],
            [-112.422093000233, 36.2271319994264],
            [-112.421605999263, 36.228112000136],
            [-112.421463000945, 36.228331999687],
            [-112.42051900004, 36.2298079996023],
            [-112.41908100029, 36.2312360006826],
            [-112.417600000881, 36.2327309991863],
            [-112.416419999975, 36.2335909994354],
            [-112.415621999559, 36.2340860003702],
            [-112.415236999594, 36.234720000152],
            [-112.41496099941, 36.2349130006054],
            [-112.414479999186, 36.2352490013019],
            [-112.413529999332, 36.2355009997897],
            [-112.413102000608, 36.2356140009439],
            [-112.412674999912, 36.235727999673],
            [-112.411933999397, 36.2359249994493],
            [-112.411352001586, 36.2361589996199],
            [-112.411024000625, 36.2362899995583],
            [-112.410386998969, 36.2365459993684],
            [-112.408964000185, 36.2372010001439],
            [-112.407828999485, 36.2377599999268],
            [-112.406059999298, 36.2386299993976],
            [-112.406030000059, 36.2386449996908],
            [-112.405711999143, 36.2388440005554],
            [-112.405448999378, 36.2390080004028],
            [-112.405185000685, 36.2391680004349],
            [-112.404961000379, 36.2393159995752],
            [-112.403971000342, 36.2399310002177],
            [-112.401369999404, 36.2413799999763],
            [-112.399902999341, 36.2421349998159],
            [-112.397147000389, 36.242943000206],
            [-112.3949709987, 36.2435060001993],
            [-112.393088000507, 36.2436710002191],
            [-112.392108000516, 36.2437570005172],
            [-112.389530998968, 36.2439960001833],
            [-112.387610999169, 36.2441400003841],
            [-112.386828000618, 36.2441989989558],
            [-112.385085999297, 36.2441789999853],
            [-112.384399999932, 36.2442080008093],
            [-112.384011000668, 36.2442240005598],
            [-112.383254999186, 36.2443919991915],
            [-112.381417000301, 36.245007999537],
            [-112.380337999677, 36.2450210004694],
            [-112.378932999538, 36.2447109995496],
            [-112.377237000943, 36.2443540002226],
            [-112.376597001609, 36.2441179996159],
            [-112.375986520915, 36.2438835885702],
            [-112.37573460636, 36.2437228142816],
            [-112.373703033107, 36.2433472182423],
            [-112.372442785696, 36.2428875623649],
            [-112.371378302746, 36.2426610092824],
            [-112.369635457907, 36.2422049639688],
            [-112.36751011581, 36.2420645595939],
            [-112.365970188716, 36.24246711145],
            [-112.364815453825, 36.2427885583596],
            [-112.363176298825, 36.2429572215514],
            [-112.36172662906, 36.2428116571319],
            [-112.360167648699, 36.2427274830051],
            [-112.358444750052, 36.2428361085536],
            [-112.35699066956, 36.2422995281739],
            [-112.355629600632, 36.2414494489462],
            [-112.354652008126, 36.2403619226535],
            [-112.353770965648, 36.2392736748029],
            [-112.353471710776, 36.2384157129063],
            [-112.352977665217, 36.2374027949582],
            [-112.351812402072, 36.2367858195523],
            [-112.350652427308, 36.2366379786491],
            [-112.349062999448, 36.2365949995931],
            [-112.347203000822, 36.2369609993685],
            [-112.346184999399, 36.2372529996352],
            [-112.34528900087, 36.2373760000637],
            [-112.344751998773, 36.2373399996403],
            [-112.344186999782, 36.2371899998709],
            [-112.343739999893, 36.2370659999795],
            [-112.34323299973, 36.2369409999951],
            [-112.342856999088, 36.2367439998807],
            [-112.341889001487, 36.2360979995129],
            [-112.341189999008, 36.2352509996886],
            [-112.340543000001, 36.2342519999162],
            [-112.340198001118, 36.2338609999386],
            [-112.340010999724, 36.2336489995094],
            [-112.339846000766, 36.233312999183],
            [-112.339434999065, 36.2324799996946],
            [-112.338737000005, 36.2308159994062],
            [-112.338421999462, 36.2300659995903],
            [-112.338196000405, 36.2295740007139],
            [-112.337503000469, 36.2280630003922],
            [-112.337278999264, 36.2271819997747],
            [-112.336788999718, 36.2264360000126],
            [-112.336275999707, 36.2246269996845],
            [-112.336067999294, 36.223593999601],
            [-112.33595600004, 36.2224859993886],
            [-112.335715000015, 36.2209870003001],
            [-112.335251001306, 36.2196230000994],
            [-112.334932999492, 36.2186139993983],
            [-112.334322999397, 36.2174209996328],
            [-112.333961998824, 36.2162980001745],
            [-112.333337000456, 36.2155210000497],
            [-112.332620000231, 36.2146089996605],
            [-112.332150000776, 36.2138210002206],
            [-112.331356999484, 36.2125129991276],
            [-112.330629999213, 36.2115369988361],
            [-112.330378000216, 36.2110769994001],
            [-112.330017000541, 36.2104019997995],
            [-112.329163000947, 36.2089539995989],
            [-112.329087000779, 36.2088200002172],
            [-112.328691998972, 36.2081189989113],
            [-112.328506999024, 36.2077920007796],
            [-112.328348000812, 36.2075319999866],
            [-112.328145000422, 36.2071990006423],
            [-112.327812001235, 36.2067030003219],
            [-112.327491999771, 36.2057780006055],
            [-112.327439000067, 36.2056629992421],
            [-112.327044000956, 36.2047960000059],
            [-112.326651999522, 36.2041619997659],
            [-112.325748000597, 36.2030640002018],
            [-112.32529300121, 36.2025509998619],
            [-112.325086999549, 36.2023179995143],
            [-112.324981999069, 36.2022000000194],
            [-112.324670999623, 36.201850999293],
            [-112.323789999366, 36.2008650001881],
            [-112.323173999423, 36.1998169990361],
            [-112.322538000286, 36.1987440003392],
            [-112.32184500035, 36.197468999722],
            [-112.321240000278, 36.196339999974],
            [-112.320897000146, 36.1958040002337],
            [-112.320433999466, 36.1952739993982],
            [-112.319857000779, 36.1945639997011],
            [-112.319285999245, 36.1938579997042],
            [-112.31892499957, 36.1934009999443],
            [-112.318795999698, 36.193281999604],
            [-112.318066999777, 36.1924169997436],
            [-112.317271999734, 36.1914480001472],
            [-112.317074999192, 36.1912129998675],
            [-112.316652000491, 36.190732000536],
            [-112.316527999744, 36.190649999707],
            [-112.316049998995, 36.1903309999625],
            [-112.315977999923, 36.1902659998461],
            [-112.315686000744, 36.1900069993372],
            [-112.315674999975, 36.1899969994488],
            [-112.315449000019, 36.1897440010484],
            [-112.315222000238, 36.1892150003019],
            [-112.315216001289, 36.1892009997361],
            [-112.314922999589, 36.1887210001595],
            [-112.31437099922, 36.1882149993722],
            [-112.313769000419, 36.1877979999958],
            [-112.313217000948, 36.1873169999901],
            [-112.312657000183, 36.186665999845],
            [-112.312226000188, 36.1860390001695],
            [-112.312192999678, 36.1859979994839],
            [-112.31175500001, 36.1854450007315],
            [-112.311302000273, 36.1848150004697],
            [-112.311175999877, 36.1846399996991],
            [-112.310921000507, 36.1843810001612],
            [-112.310693999828, 36.1841509996577],
            [-112.310469999522, 36.1836639998935],
            [-112.310177999444, 36.1830869996366],
            [-112.309918999876, 36.1821390008212],
            [-112.309589001061, 36.1813680002226],
            [-112.309471000162, 36.1809859995806],
            [-112.309151000495, 36.1799560002939],
            [-112.309109999589, 36.1798259994636],
            [-112.30906700083, 36.1796870000162],
            [-112.308982000441, 36.1794149998206],
            [-112.308811000737, 36.1786529999383],
            [-112.308429000247, 36.1769999999102],
            [-112.308243001372, 36.1757450003761],
            [-112.308169999781, 36.1750480008035],
            [-112.308177999278, 36.1742479993885],
            [-112.30819400007, 36.1736409999952],
            [-112.308083999567, 36.1727670008454],
            [-112.307845000091, 36.1717370001073],
            [-112.307588000173, 36.1695749997749],
            [-112.307377999212, 36.1688089997555],
            [-112.307339000651, 36.1686680002568],
            [-112.307246000764, 36.1684810005766],
            [-112.30701800026, 36.1680260000728],
            [-112.306901999909, 36.1675240000065],
            [-112.306731000205, 36.1667379996102],
            [-112.306608999108, 36.1651030000415],
            [-112.306641000692, 36.1635820005803],
            [-112.306653998416, 36.1626890001142],
            [-112.306659000235, 36.1623499993427],
            [-112.306598000136, 36.1611389998109],
            [-112.306583000067, 36.1601050001295],
            [-112.306437000477, 36.1592130001106],
            [-112.305980999469, 36.1582940004272],
            [-112.305609999749, 36.1575639998358],
            [-112.305091998817, 36.1566289994292],
            [-112.304328000532, 36.1556120004173],
            [-112.303438998981, 36.1545529998648],
            [-112.303359999338, 36.1544589998144],
            [-112.302661999379, 36.1535410004974],
            [-112.302465998662, 36.1533580005032],
            [-112.301933000356, 36.15285899936],
            [-112.301231001098, 36.1523369994043],
            [-112.301047000975, 36.1518820002173],
            [-112.300691999351, 36.1515799993998],
            [-112.300180000063, 36.1511719996717],
            [-112.299645999238, 36.1509249993827],
            [-112.297957000315, 36.1499579992802],
            [-112.296431000701, 36.1489920006061],
            [-112.294705999997, 36.1482810004325],
            [-112.293826000463, 36.1478909992559],
            [-112.2925419998, 36.1473219999995],
            [-112.292441000416, 36.1472770002774],
            [-112.29176299965, 36.147048999596],
            [-112.291515000851, 36.1469659991547],
            [-112.291360000142, 36.1469139991569],
            [-112.290936999645, 36.1467719998521],
            [-112.289927000414, 36.1463999999744],
            [-112.288492999065, 36.1457100007835],
            [-112.286860001118, 36.1451949998971],
            [-112.285938000853, 36.1450509996922],
            [-112.285113999599, 36.1449799998365],
            [-112.284287999593, 36.1447749997698],
            [-112.283011999326, 36.1444259999915],
            [-112.281908000385, 36.1444060001858],
            [-112.280948998513, 36.1442190006677],
            [-112.280804999471, 36.1441759991521],
            [-112.280295999658, 36.1440260000071],
            [-112.279850999419, 36.143983000562],
            [-112.279131999544, 36.143913999733],
            [-112.278870000502, 36.143873000221],
            [-112.2782760003, 36.1437800000629],
            [-112.276924000763, 36.1435239993314],
            [-112.275559999734, 36.1434319998505],
            [-112.273987000264, 36.1433499995758],
            [-112.272932998856, 36.1434219998216],
            [-112.271705000066, 36.143626999797],
            [-112.270192999797, 36.143954999949],
            [-112.268803998654, 36.1442930000997],
            [-112.267741000619, 36.1444690006446],
            [-112.267378000396, 36.1445289992728],
            [-112.26637499994, 36.144764000289],
            [-112.265271000998, 36.1449280006983],
            [-112.264005999703, 36.1453899990881],
            [-112.263551001215, 36.1455169994389],
            [-112.263088998563, 36.1456460002587],
            [-112.262420000713, 36.1456149999517],
            [-112.261949999462, 36.1452819999531],
            [-112.260656999476, 36.1443669994619],
            [-112.259857000308, 36.1437169997762],
            [-112.259641999325, 36.1435420000845],
            [-112.258553000452, 36.1429269993357],
            [-112.257708001078, 36.1425469999724],
            [-112.257135000793, 36.142288999535],
            [-112.255903000906, 36.1420939998899],
            [-112.255009001129, 36.1417649995498],
            [-112.253254999214, 36.1410039996616],
            [-112.252125998362, 36.1403429995776],
            [-112.250757000903, 36.1396680004692],
            [-112.250121998897, 36.1393429996065],
            [-112.249597000987, 36.1390490003115],
            [-112.249125999012, 36.1387930001021],
            [-112.248144000269, 36.1380219989626],
            [-112.248071999401, 36.1379680008713],
            [-112.247149000209, 36.137270999857],
            [-112.246627998904, 36.1368400009696],
            [-112.246041000172, 36.1363560009694],
            [-112.245482999955, 36.1354619997744],
            [-112.244663999622, 36.1348720005206],
            [-112.244100000456, 36.1346610001975],
            [-112.243717000141, 36.1345170002461],
            [-112.243611998762, 36.1344780011358],
            [-112.242659999259, 36.134149999815],
            [-112.240875000077, 36.1338660004484],
            [-112.23979600125, 36.1334229994327],
            [-112.238769999431, 36.132991000677],
            [-112.238320000966, 36.1328010000178],
            [-112.238296999603, 36.1327859997552],
            [-112.237501000633, 36.1322620001502],
            [-112.236673000079, 36.1313520005946],
            [-112.235954000204, 36.13042500032],
            [-112.23523699908, 36.1294669998221],
            [-112.235136000595, 36.129279999525],
            [-112.234604000317, 36.1282969993896],
            [-112.234303000018, 36.127807999745],
            [-112.234072999864, 36.1273369993482],
            [-112.233904000708, 36.1269909999149],
            [-112.233701999245, 36.1260839997773],
            [-112.233393000347, 36.1249800009328],
            [-112.232983999195, 36.1242549995466],
            [-112.232782000427, 36.1235140004206],
            [-112.232648999459, 36.1227960000547],
            [-112.232511001164, 36.1222960005174],
            [-112.232239999205, 36.1215639995846],
            [-112.231868999484, 36.120719999808],
            [-112.231556000388, 36.119835000656],
            [-112.231445998987, 36.1192699994609],
            [-112.231258000463, 36.1186899999514],
            [-112.231021999563, 36.1181920003121],
            [-112.230447000526, 36.1172320000593],
            [-112.230357999041, 36.1170850001341],
            [-112.230270000974, 36.1169370006817],
            [-112.230259000205, 36.1169179996531],
            [-112.22991100005, 36.116235000186],
            [-112.229781000354, 36.115688000548],
            [-112.229777000156, 36.1156080002988],
            [-112.229773999783, 36.1155239999857],
            [-112.229737999798, 36.1153340005874],
            [-112.229707000734, 36.1144509995285],
            [-112.22959199931, 36.1136679999646],
            [-112.229167000061, 36.1126220004321],
            [-112.228425999546, 36.1114279989048],
            [-112.227535000141, 36.1103419997422],
            [-112.227408998846, 36.1101879995381],
            [-112.226727998606, 36.1096269996105],
            [-112.226577999716, 36.1095040002512],
            [-112.225462000181, 36.1087190005523],
            [-112.224838999667, 36.1080160005312],
            [-112.224348000295, 36.1076240000811],
            [-112.223855999302, 36.1072329999531],
            [-112.223730000702, 36.1071329999309],
            [-112.222553001068, 36.1062860000218],
            [-112.221254999262, 36.1052349995238],
            [-112.221128998866, 36.1051119990933],
            [-112.220193000154, 36.1041990001274],
            [-112.219717998879, 36.1038589997551],
            [-112.219196000444, 36.1034850001136],
            [-112.217697998622, 36.1027380000026],
            [-112.215752999607, 36.1018020000169],
            [-112.213923000219, 36.1011390004174],
            [-112.213543000278, 36.101028000092],
            [-112.212599000271, 36.1007530001406],
            [-112.211716000364, 36.1005309989683],
            [-112.211374999883, 36.1004460004884],
            [-112.209677000739, 36.1000490004953],
            [-112.209489000418, 36.0999670006234],
            [-112.209142000089, 36.099815000068],
            [-112.208188000037, 36.0993840009436],
            [-112.207091999695, 36.0988660003042],
            [-112.205643999, 36.0982739999546],
            [-112.202868999781, 36.0973659988733],
            [-112.202163001223, 36.0971349991296],
            [-112.200587000482, 36.0969139995812],
            [-112.198495000255, 36.0969910007556],
            [-112.196770000449, 36.0972329998076],
            [-112.195143000552, 36.0973679993269],
            [-112.193287001225, 36.0974009995451],
            [-112.192188999437, 36.0974169995359],
            [-112.191175000907, 36.0974300002972],
            [-112.189569999853, 36.0977430000005],
            [-112.188525000463, 36.0980619997649],
            [-112.187718999651, 36.0979940001581],
            [-112.187507998865, 36.0980150003952],
            [-112.187045999806, 36.0980600000548],
            [-112.186297000692, 36.0981339987294],
            [-112.18496100015, 36.0985910000443],
            [-112.184605000498, 36.0986649996704],
            [-112.184471999531, 36.0986929997462],
            [-112.183099999004, 36.0984120005035],
            [-112.182684000874, 36.0982880000634],
            [-112.182432000081, 36.0982129998662],
            [-112.182230000414, 36.098187000778],
            [-112.181231999981, 36.097855999601],
            [-112.180310000615, 36.097883999965],
            [-112.178931001314, 36.0979099998794],
            [-112.177790998794, 36.0979310001389],
            [-112.17721700048, 36.0979419996505],
            [-112.17644700145, 36.0978530003909],
            [-112.17564999996, 36.0977600008693],
            [-112.17400700017, 36.0981059999061],
            [-112.171985000263, 36.0986830005498],
            [-112.171288999954, 36.098946000186],
            [-112.17030200029, 36.0993179999814],
            [-112.170141999558, 36.0993790006636],
            [-112.169601000856, 36.0995200005959],
            [-112.169194999179, 36.0996259998841],
            [-112.169067000031, 36.0996600000775],
            [-112.167338000027, 36.0996829995381],
            [-112.166112999813, 36.099811999481],
            [-112.164864999135, 36.1003140010186],
            [-112.164298000494, 36.1009280001551],
            [-112.164022999236, 36.1011330007961],
            [-112.16360100036, 36.1014469997142],
            [-112.161750999084, 36.1028630001089],
            [-112.16085800003, 36.1033849996749],
            [-112.159618000646, 36.1038220002192],
            [-112.158695999483, 36.1043690004876],
            [-112.158519998857, 36.104474999766],
            [-112.157596000739, 36.104923999444],
            [-112.15621500089, 36.1052810002548],
            [-112.155318999666, 36.1055120000004],
            [-112.153719999359, 36.1057030000561],
            [-112.1526599999, 36.1057370005227],
            [-112.152423999898, 36.1057439999126],
            [-112.150904999957, 36.1059179995785],
            [-112.149522000458, 36.1060009998882],
            [-112.148207999657, 36.1060990003946],
            [-112.147746999525, 36.1061449998939],
            [-112.147605999958, 36.1061730002071],
            [-112.147052000837, 36.1062839997952],
            [-112.146744999793, 36.1062210006171],
            [-112.146060001151, 36.1060790002567],
            [-112.145039000253, 36.1058659992349],
            [-112.143895000231, 36.1055729995025],
            [-112.143179999655, 36.1052279993628],
            [-112.142299000296, 36.1048630001637],
            [-112.14160600036, 36.1045849994412],
            [-112.140961000105, 36.1042620002013],
            [-112.140268999095, 36.1040200002984],
            [-112.13974900031, 36.103452000999],
            [-112.138948999345, 36.1028649996967],
            [-112.138123001137, 36.1023089998208],
            [-112.137316999426, 36.1017299993328],
            [-112.136336000508, 36.100763999983],
            [-112.135749999804, 36.1004480001377],
            [-112.135310999413, 36.1001159995835],
            [-112.13500300034, 36.0998829995506],
            [-112.134446999773, 36.0995910002034],
            [-112.133912999845, 36.0992860007707],
            [-112.133559000741, 36.0990839995546],
            [-112.133011999497, 36.0987709993863],
            [-112.132926000181, 36.0987220007474],
            [-112.131930999223, 36.0980230006914],
            [-112.131296999737, 36.0977640010305],
            [-112.130505998993, 36.0974989998914],
            [-112.129410000447, 36.0971659997128],
            [-112.128450999474, 36.0968399997578],
            [-112.127562999545, 36.0966410002205],
            [-112.126596998899, 36.0965320005484],
            [-112.126099000753, 36.0964680005707],
            [-112.125744000027, 36.0964220004864],
            [-112.124808000417, 36.0962800005613],
            [-112.123728000867, 36.0962829998314],
            [-112.122127999836, 36.0963009998048],
            [-112.120684000238, 36.0968249991573],
            [-112.120090999861, 36.0968709997316],
            [-112.118844999731, 36.0969590005973],
            [-112.117488000171, 36.0971390000484],
            [-112.116936998729, 36.0973139994019],
            [-112.115766999665, 36.0976089991717],
            [-112.115421999883, 36.0977930001971],
            [-112.114738999095, 36.0985749995666],
            [-112.114101000309, 36.0990270001919],
            [-112.113143000059, 36.099408999435],
            [-112.11215899987, 36.0996149998824],
            [-112.111264000267, 36.0995639999206],
            [-112.111204998919, 36.0995610000499],
            [-112.111079001218, 36.0995539993834],
            [-112.109982999079, 36.0990719999978],
            [-112.108825999536, 36.0989959996171],
            [-112.108038000063, 36.0992749999955],
            [-112.107003000719, 36.0998769998334],
            [-112.106351000791, 36.1004170001235],
            [-112.105652000108, 36.100713000767],
            [-112.105083000021, 36.1009019997878],
            [-112.104609999295, 36.1009590006935],
            [-112.102948999063, 36.1007429990289],
            [-112.100474000318, 36.0998649996719],
            [-112.098284000182, 36.098772000321],
            [-112.096913000378, 36.0981680002942],
            [-112.096087999299, 36.0979900000086],
            [-112.095811000188, 36.0977930001971],
            [-112.095549000248, 36.0976019997829],
            [-112.095502999318, 36.097569000375],
            [-112.095104000009, 36.097278000641],
            [-112.094386999783, 36.097227000614],
            [-112.093630000273, 36.097506000741],
            [-112.091989001031, 36.0983009999548],
            [-112.091876000155, 36.0983570003558],
            [-112.090732999059, 36.0989910000383],
            [-112.090183999961, 36.0999989995567],
            [-112.089503000619, 36.1004819999754],
            [-112.089420999705, 36.1005109995904],
            [-112.088393000033, 36.1008840008684],
            [-112.087411000392, 36.101052000058],
            [-112.086259999798, 36.1012390000858],
            [-112.085277999259, 36.1009880001325],
            [-112.084126999563, 36.1008000000501],
            [-112.08354599978, 36.1007200006044],
            [-112.080933000045, 36.1003619992018],
            [-112.079430999822, 36.099977001108],
            [-112.079122000025, 36.0997879998622],
            [-112.077533999589, 36.0990869994435],
            [-112.076970000422, 36.0987919994157],
            [-112.075597000071, 36.0981570000884],
            [-112.073734001071, 36.0977609996394],
            [-112.072847999893, 36.0972539995222],
            [-112.071635000273, 36.096721999699],
            [-112.070388999245, 36.0960860008215],
            [-112.068279001271, 36.0946720000371],
            [-112.067445999796, 36.0941700002007],
            [-112.066099999209, 36.0935210003142],
            [-112.065848999139, 36.0934050001816],
            [-112.065836999443, 36.0933970001411],
            [-112.065616999335, 36.093262000333],
            [-112.065225000596, 36.093022000505],
            [-112.064742999649, 36.0927819999441],
            [-112.064148999447, 36.0924849996236],
            [-112.063424999549, 36.0921240004725],
            [-112.06301499947, 36.091842999517],
            [-112.062487000289, 36.091481000019],
            [-112.061724999858, 36.0909599993509],
            [-112.060226000906, 36.0901770001069],
            [-112.058342000193, 36.0893430002603],
            [-112.056335999282, 36.0883960003022],
            [-112.055710999118, 36.0882430002525],
            [-112.055498000479, 36.0881909998263],
            [-112.054752000839, 36.0879959993732],
            [-112.054359999406, 36.0878929999587],
            [-112.053896000697, 36.0877719999384],
            [-112.051650000484, 36.0874079991326],
            [-112.05017200055, 36.0871189995122],
            [-112.047930000536, 36.0865750000346],
            [-112.047840999949, 36.0865599996527],
            [-112.045894000385, 36.0858380004397],
            [-112.045236999536, 36.0855940003931],
            [-112.044806000439, 36.0853570007949],
            [-112.043575999304, 36.084680000032],
            [-112.042569001346, 36.0841979994414],
            [-112.042496999579, 36.0841620004806],
            [-112.04147399993, 36.0836509995999],
            [-112.040995000254, 36.0833649997244],
            [-112.040484999718, 36.0833210000422],
            [-112.040406000973, 36.083314000107],
            [-112.040121999495, 36.0832229994404],
            [-112.039850999333, 36.083022999863],
            [-112.039342001317, 36.0826459992726],
            [-112.038687000117, 36.0822790003372],
            [-112.037846000043, 36.0819440001654],
            [-112.036360000612, 36.0817370008889],
            [-112.034525000303, 36.0811920000365],
            [-112.033396999275, 36.0809809999429],
            [-112.031821000331, 36.0801699991813],
            [-112.031785000346, 36.0801510001499],
            [-112.030905999739, 36.0795559997702],
            [-112.030137000533, 36.079227000181],
            [-112.030025999307, 36.0791799997124],
            [-112.029296000459, 36.0784890002088],
            [-112.028512999213, 36.0773479999399],
            [-112.028393000461, 36.0771740001786],
            [-112.028274000635, 36.077039999132],
            [-112.028067000047, 36.0768060006254],
            [-112.027809000304, 36.0765160007467],
            [-112.027412000644, 36.0757860003989],
            [-112.027285999349, 36.075448000089],
            [-112.027230999996, 36.075300000613],
            [-112.026170999639, 36.0741790000905],
            [-112.025020000842, 36.0733160002314],
            [-112.024973999913, 36.0732609999489],
            [-112.024242998545, 36.0723910000003],
            [-112.023729000506, 36.0716530004969],
            [-112.022618000095, 36.0705960003089],
            [-112.02229999918, 36.0702569996316],
            [-112.021704000226, 36.0696210001058],
            [-112.020585000318, 36.0688450001357],
            [-112.020435001428, 36.0687409997302],
            [-112.019001999904, 36.0676339998789],
            [-112.018259000638, 36.0673689995497],
            [-112.017817000772, 36.0672109998247],
            [-112.016762999364, 36.0665340004017],
            [-112.016174999908, 36.0661560000115],
            [-112.015162000305, 36.0655920004557],
            [-112.013237000483, 36.0646849993855],
            [-112.012256000667, 36.0643609996388],
            [-112.012053000277, 36.0643159995684],
            [-112.01165399917, 36.0642260000766],
            [-112.011077000484, 36.0639649995887],
            [-112.010207000097, 36.0635709988589],
            [-112.008592999721, 36.0626000006765],
            [-112.007801999876, 36.0621830001137],
            [-112.007166998768, 36.061896999864],
            [-112.006698998963, 36.0614819998469],
            [-112.005361000568, 36.0607799999044],
            [-112.004229000241, 36.0601030003324],
            [-112.004169999791, 36.060064999832],
            [-112.003075999099, 36.0593609996247],
            [-112.001927999776, 36.058684000916],
            [-112.001649999942, 36.0585199997571],
            [-112.00096700095, 36.0580749993497],
            [-112.000724000378, 36.0579170005678],
            [-112.000601000354, 36.0578200002668],
            [-112.000422000254, 36.0576790003422],
            [-111.99955500024, 36.0571969991145],
            [-111.997200999174, 36.0554710000453],
            [-111.996406999854, 36.0551450000466],
            [-111.995361999566, 36.0547710003051],
            [-111.994339999742, 36.0543820002554],
            [-111.993517999934, 36.0540610003609],
            [-111.99303899936, 36.0538510001627],
            [-111.989918999461, 36.0530080008347],
            [-111.988967999783, 36.0525649999036],
            [-111.987660999553, 36.0519109990174],
            [-111.987223000784, 36.0516919996117],
            [-111.986170999924, 36.0511650006073],
            [-111.984544999852, 36.0503520001691],
            [-111.983427999594, 36.0500099991104],
            [-111.981686998996, 36.0498340004033],
            [-111.980335000358, 36.0499550006915],
            [-111.978746000096, 36.0500970000303],
            [-111.977372999744, 36.050220000115],
            [-111.975902999308, 36.0503130006713],
            [-111.975654001583, 36.0503290000765],
            [-111.975404001338, 36.0503439993798],
            [-111.974020001115, 36.0504319993018],
            [-111.973348001096, 36.0504739997581],
            [-111.972922001123, 36.0504459999406],
            [-111.972483999659, 36.0504180008394],
            [-111.972046998918, 36.0503890009038],
            [-111.971151999315, 36.0503299994491],
            [-111.97061399919, 36.0501920002071],
            [-111.969861000776, 36.0501429988917],
            [-111.968956001128, 36.0500839994315],
            [-111.968865998919, 36.0500609999869],
            [-111.967755999232, 36.0497749999851],
            [-111.96740199923, 36.0496740008409],
            [-111.966024999578, 36.0492810005718],
            [-111.963693000949, 36.0482659999659],
            [-111.963487000186, 36.0481760002752],
            [-111.960527000121, 36.0475860005613],
            [-111.959783999956, 36.0474380002374],
            [-111.959415000783, 36.0473640003342],
            [-111.959045000888, 36.0472910004989],
            [-111.958773999828, 36.0472369995922],
            [-111.957136998987, 36.0470890000647],
            [-111.956546999881, 36.0469619996054],
            [-111.955812000113, 36.0468039995773],
            [-111.953473999838, 36.0463019999305],
            [-111.952966999675, 36.0460979995586],
            [-111.952713999955, 36.0459940003192],
            [-111.95246000041, 36.045890999645],
            [-111.949007999352, 36.0444929989367],
            [-111.946861999597, 36.0439209988382],
            [-111.945790999369, 36.0436349997728],
            [-111.945655998752, 36.0435990004061],
            [-111.944785000337, 36.0437300004843],
            [-111.944016001131, 36.0439449995303],
            [-111.943450999445, 36.0441039996634],
            [-111.938013999189, 36.045625999449],
            [-111.937423999185, 36.0457700003734],
            [-111.93499899977, 36.046359999897],
            [-111.934608000856, 36.0464550002257],
            [-111.93375099999, 36.0465359998343],
            [-111.932907000442, 36.0466159992135],
            [-111.9302529998, 36.0467049990901],
            [-111.92867800068, 36.0465959999211],
            [-111.927560000597, 36.0464219989624],
            [-111.925737999808, 36.0461780008356],
            [-111.924644999839, 36.0462480005244],
            [-111.923787999872, 36.0463029993542],
            [-111.923290000827, 36.0463349997915],
            [-111.921714999911, 36.0462940009086],
            [-111.921540999834, 36.0462460002229],
            [-111.921287999216, 36.0461759998059],
            [-111.920846000248, 36.0460539993664],
            [-111.920108000106, 36.0456320004007],
            [-111.919744000956, 36.0454249992619],
            [-111.919184000191, 36.0451050007742],
            [-111.91847199909, 36.0446790003972],
            [-111.918156999446, 36.0445120000433],
            [-111.916958999895, 36.0444479998529],
            [-111.91672900064, 36.0444750001779],
            [-111.914178000828, 36.0447720002362],
            [-111.911148001341, 36.0452989991864],
            [-111.910455998535, 36.0454620001334],
            [-111.907784000147, 36.0460940004006],
            [-111.907432999619, 36.0460929995215],
            [-111.907069999396, 36.0460909999424],
            [-111.905752999121, 36.046084999752],
            [-111.90500300108, 36.0465879994764],
            [-111.904565000514, 36.0471510000086],
            [-111.904166000306, 36.0476649994672],
            [-111.904053001226, 36.0488530007672],
            [-111.903986000381, 36.0495560004469],
            [-111.90381299923, 36.0499210000651],
            [-111.90330899944, 36.0509810001266],
            [-111.902849999856, 36.0519480004719],
            [-111.902081999576, 36.0527640006074],
            [-111.901907999499, 36.0529499999563],
            [-111.901733000495, 36.0531350002549],
            [-111.901680000792, 36.0531920002083],
            [-111.90159399968, 36.0532580006761],
            [-111.901490000821, 36.053307999387],
            [-111.901386999991, 36.0533589988529],
            [-111.900388999558, 36.0539290007167],
            [-111.899852000156, 36.054418999822],
            [-111.898175000929, 36.056148000251],
            [-111.897958000295, 36.0565189991979],
            [-111.897544998945, 36.0572270001841],
            [-111.896539999738, 36.0580720000744],
            [-111.894994000032, 36.0598890003707],
            [-111.894911999118, 36.0599849988713],
            [-111.894876999856, 36.0600530001288],
            [-111.893819000946, 36.0621069996511],
            [-111.893455000898, 36.0629970002732],
            [-111.893020000705, 36.0640629995006],
            [-111.892593998936, 36.0651070000401],
            [-111.89146699953, 36.0661149998351],
            [-111.890261000481, 36.0665819996066],
            [-111.887606000014, 36.0666029995219],
            [-111.886910000603, 36.0666900002522],
            [-111.884492999788, 36.0669930000415],
            [-111.883495000254, 36.0672409999807],
            [-111.88075299885, 36.0679210002066],
            [-111.879252000249, 36.0689260006636],
            [-111.878919999988, 36.0692629993734],
            [-111.878125999769, 36.0700699999542],
            [-111.877172000616, 36.0709499999837],
            [-111.876745000818, 36.0713449998938],
            [-111.875716000423, 36.0718810001382],
            [-111.874779000988, 36.0719629995419],
            [-111.873842000654, 36.0720450003122],
            [-111.873758999916, 36.0720519997985],
            [-111.871842999416, 36.0731529988861],
            [-111.870628999971, 36.0743930003899],
            [-111.870507999597, 36.0754600003483],
            [-111.870402999117, 36.0763809995371],
            [-111.870569001493, 36.0780790000549],
            [-111.870590999438, 36.0783029995185],
            [-111.870642998418, 36.0783830000021],
            [-111.871162999898, 36.0791830003611],
            [-111.872120998352, 36.0798310005663],
            [-111.87226499919, 36.0799279998653],
            [-111.87252100108, 36.0801009996202],
            [-111.873708999687, 36.0804579999467],
            [-111.874586999571, 36.0807210003116],
            [-111.875716000423, 36.0809330000869],
            [-111.877001000013, 36.0812429995784],
            [-111.877144999953, 36.0814250010337],
            [-111.877617999781, 36.0820230001525],
            [-111.877763999371, 36.0824070001169],
            [-111.877902000361, 36.0827680003355],
            [-111.877751999675, 36.0838139995128],
            [-111.877727999386, 36.0839830000187],
            [-111.877368999361, 36.0846899995581],
            [-111.877180999938, 36.0850609996623],
            [-111.87712500076, 36.0851390004908],
            [-111.876551000649, 36.0859359999597],
            [-111.875716001322, 36.0865069999259],
            [-111.875451000109, 36.0865820004054],
            [-111.873489000477, 36.0871190002381],
            [-111.871122999715, 36.087509000656],
            [-111.868303000291, 36.0877280012708],
            [-111.865734000038, 36.0877120000333],
            [-111.863230999907, 36.0872720002976],
            [-111.861555999432, 36.0869780005601],
            [-111.861343000793, 36.0869639998884],
            [-111.859601000371, 36.0868540009535],
            [-111.859196000315, 36.0868280002853],
            [-111.858783998789, 36.0869300000097],
            [-111.857202000895, 36.087321000268],
            [-111.854954000134, 36.0883859997956],
            [-111.853582999433, 36.0886800000745],
            [-111.852787000463, 36.0891689994585],
            [-111.852332000178, 36.0894479998818],
            [-111.851866000023, 36.0903889997906],
            [-111.851245999882, 36.0919170004163],
            [-111.851101999942, 36.0922719994945],
            [-111.85083099978, 36.0924890000533],
            [-111.850345000431, 36.0928779996757],
            [-111.849555000411, 36.0935099994579],
            [-111.847058000128, 36.09454000103],
            [-111.844570999891, 36.0946580007358],
            [-111.843502000211, 36.0944739996286],
            [-111.842953000215, 36.0943799994726],
            [-111.841302000029, 36.0940969995135],
            [-111.840952000225, 36.0941940008095],
            [-111.840346000328, 36.0943609995201],
            [-111.840293000624, 36.0944299996313],
            [-111.839380999507, 36.0956019999888],
            [-111.83921999895, 36.0959479998171],
            [-111.838906000029, 36.096625999582],
            [-111.838321998974, 36.0978879993941],
            [-111.83864199954, 36.0990369993445],
            [-111.84012600022, 36.0998219992596],
            [-111.840317000914, 36.1000329988629],
            [-111.840985998764, 36.1007709998159],
            [-111.841107999861, 36.101042000436],
            [-111.840530999377, 36.1013819999348],
            [-111.838633000217, 36.1025000004059],
            [-111.837458001131, 36.1026170003374],
            [-111.835833999811, 36.1027789999549],
            [-111.833489999689, 36.1036550005672],
            [-111.833420999193, 36.1036799998772],
            [-111.833323001081, 36.1037199999177],
            [-111.832831000088, 36.1039219993758],
            [-111.831755000736, 36.1037800006661],
            [-111.831261000093, 36.1034729997774],
            [-111.83056599871, 36.1024570007099],
            [-111.82957200117, 36.1024509997377],
            [-111.828196000446, 36.1032510004843],
            [-111.828148999692, 36.1033099999882],
            [-111.827523998629, 36.1040899993272],
            [-111.827116000895, 36.1048319997142],
            [-111.826637000321, 36.1057019999355],
            [-111.826576999148, 36.105988000545],
            [-111.826318999406, 36.1067629996125],
            [-111.82629400019, 36.1068460004808],
            [-111.826406999269, 36.1073279993484],
            [-111.826496999681, 36.1077079994091],
            [-111.826612000207, 36.1081970008676],
            [-111.826898999364, 36.108444999304],
            [-111.827515000205, 36.1089779996616],
            [-111.828940000435, 36.111092000275],
            [-111.829331000248, 36.1116730007945],
            [-111.829842998637, 36.1124319998184],
            [-111.829918000777, 36.1131409989332],
            [-111.829365000583, 36.1145530004096],
            [-111.828917998897, 36.1151720000117],
            [-111.828354999556, 36.1159500005941],
            [-111.827472999474, 36.117171000178],
            [-111.826177999839, 36.1193190005218],
            [-111.826086000675, 36.1196190001012],
            [-111.825019999572, 36.1218749998076],
            [-111.82380199993, 36.1234520004459],
            [-111.823764999221, 36.1234940010895],
            [-111.822452998969, 36.1249859994582],
            [-111.822129998929, 36.1256810002877],
            [-111.820820000123, 36.1273189999563],
            [-111.819437000624, 36.1290469996643],
            [-111.818547000146, 36.130995000036],
            [-111.818329999513, 36.1322050001969],
            [-111.817878999426, 36.1347169993414],
            [-111.81700300009, 36.1375249990721],
            [-111.816944000539, 36.137733998798],
            [-111.8169180006, 36.1378430000552],
            [-111.816842000432, 36.1380900001873],
            [-111.816607000255, 36.1388539991424],
            [-111.81648800043, 36.13923999932],
            [-111.816475999836, 36.1392799993839],
            [-111.816010000579, 36.1410919996829],
            [-111.816250998806, 36.1417600005174],
            [-111.816137999727, 36.1429330001165],
            [-111.815734998422, 36.1440739997647],
            [-111.815992001035, 36.1450769992249],
            [-111.816346000139, 36.1477540003706],
            [-111.815945000281, 36.1490629997318],
            [-111.815560000317, 36.1503620005886],
            [-111.815515000111, 36.1505170005992],
            [-111.815264000939, 36.1513779999669],
            [-111.815264999866, 36.1514360007622],
            [-111.81526799934, 36.151807999966],
            [-111.815274000985, 36.1525160007824],
            [-111.814911999688, 36.1538849999012],
            [-111.814118000368, 36.1549029997716],
            [-111.813816999171, 36.1557069992946],
            [-111.813170000164, 36.1571849997705],
            [-111.812440999345, 36.1587300005151],
            [-111.812242999876, 36.1597020005801],
            [-111.811801000909, 36.1612379997981],
            [-111.811493000039, 36.1624030008329],
            [-111.811346999551, 36.1631000004569],
            [-111.811364000167, 36.16492099884],
            [-111.811852999889, 36.1668049998036],
            [-111.811739999911, 36.1681110000807],
            [-111.812062000126, 36.1699500000225],
            [-111.813299000036, 36.1722160000605],
            [-111.813387998826, 36.1724210001812],
            [-111.814439999685, 36.1745910000581],
            [-111.814948000572, 36.1762000002969],
            [-111.815248999074, 36.1774320006412],
            [-111.814595999321, 36.1782399986492],
            [-111.814345000149, 36.1785970002598],
            [-111.814147999607, 36.1788790009791],
            [-111.813802000899, 36.1798680003802],
            [-111.814117000543, 36.1807190004441],
            [-111.81400700004, 36.1816260004185],
            [-111.813190000256, 36.1822269996341],
            [-111.813022000924, 36.1823510001663],
            [-111.812872000238, 36.1828099996043],
            [-111.812379999245, 36.184314999613],
            [-111.811355999772, 36.1852720003069],
            [-111.810805001024, 36.1857409997378],
            [-111.81061599998, 36.185954000033],
            [-111.809930999541, 36.1867259988084],
            [-111.809557000346, 36.1871470002236],
            [-111.808573999982, 36.188024000754],
            [-111.807795999657, 36.1887490000102],
            [-111.807608001132, 36.1889240010252],
            [-111.807420999738, 36.189099999257],
            [-111.80734499957, 36.1891699999761],
            [-111.806438999199, 36.1894109992601],
            [-111.805801999339, 36.1897059994528],
            [-111.804730001083, 36.1905299997715],
            [-111.803794999501, 36.1912849996579],
            [-111.80373200065, 36.1913359994694],
            [-111.032569367869, 35.1696841670941],
            [-112.03652232259, 33.7288602711217],
            [-111.921733708225, 33.674283886784],
            [-111.836284135718, 33.5993374010812],
            [-110.724322784495, 35.1862558230524],
            [-111.723499316002, 36.4695768761302],
            [-111.91265646135, 36.4684602795996],
            [-112.020066137003, 36.4685007273772],
            [-112.020066137901, 36.4685039710006],
            [-112.020064881158, 36.4685008769162],
            [-112.020065880085, 36.4703143395348],
            [-112.020053800439, 36.5554702695686],
            [-112.018503218427, 36.5554702746199],
            [-112.018521909673, 36.6424661880928],
            [-112.018540096965, 36.7295052240201],
            [-112.126385214782, 36.7293849571304]
          ]
        ]
      },
      "properties": {
        "OBJECTID": 84,
        "Zone_Number": 21,
        "RESERVE_ZONE": "21",
        "INTERVAL": 1782771000000,
        "REGUP_MCP": 188.0568,
        "REGDN_MCP": 192,
        "SPIN_MCP": 9,
        "SUPP_MCP": 5.6257,
        "Shape_Length": 8784704.22332082,
        "Shape_Area": 714368417470.618,
        "GMTINTERVALEND": 1782789000000
      }
    }
  ]
}