pnode_id,pnode_name,pnode_subtype,pnode_voltage,sub_id,sub_name,sub_city,sub_state,sub_max_volt,sub_lat,sub_lng,match_score
2,NI,ZONE,,147597,NIH,BETHESDA,MD,-999999,39.00343352200008,-77.10803147799999,80.0
1028,PECO_DUPONT,AGGREGATE,,147830,DUPONT,RICHMOND,VA,-999999,37.453271381000036,-77.43845776399996,70.58823529411764
49250,MONUMEST13 KV   THREE,LOAD,13 KV,146596,MONUMENT STREET,BALTIMORE,MD,115,39.29721621200008,-76.60853230099997,70.58823529411764
49278,RIVERSID13 KV   110-4,LOAD,13 KV,123198,RIVERSIDE (115KV),DUNDALK,MD,115,39.23922930800006,-76.51257662299997,72.22222222222221
51205,BRANDONSH,AGGREGATE,,123267,BRANDON SHORES,CURTIS BAY,MD,230,39.18207853500007,-76.53571240199994,78.26086956521739
51205,BRANDONSH,AGGREGATE,,151735,RANDOLPH,ATWATER,OH,-999999,41.02176599500007,-81.19462643499998,70.58823529411764
51206,BRUNSWICK,AGGREGATE,,143944,BRUNSWICK,NORTH BRUNSWICK,NJ,230,40.446150285000044,-74.46143066599996,100.0
51206,BRUNSWICK,AGGREGATE,,148053,BRUNSWICK,BRODNAX,VA,115,36.741400817000056,-77.92115070899996,100.0
51206,BRUNSWICK,AGGREGATE,,153971,BRUNSWICK,BRUNSWICK,OH,-999999,41.23722570100006,-81.85993426099998,100.0
51208,CONEMAUGH 1,AGGREGATE,,147447,CONEMAUGH,NEW FLORENCE,PA,500,40.38980907700005,-79.05908612499996,90.0
51208,CONEMAUGH 1,AGGREGATE,,162048,CONEMAUGH,NEW FLORENCE,PA,115,40.38579968500005,-79.05925268699997,90.0
51209,CONEMAUGH 2,AGGREGATE,,147447,CONEMAUGH,NEW FLORENCE,PA,500,40.38980907700005,-79.05908612499996,90.0
51209,CONEMAUGH 2,AGGREGATE,,162048,CONEMAUGH,NEW FLORENCE,PA,115,40.38579968500005,-79.05925268699997,90.0
51211,COOKSTOWN,AGGREGATE,,132620,WOODSTOWN,PILESGROVE TWP,NJ,69,39.63654548400007,-75.31794109399993,77.77777777777779
51211,COOKSTOWN,AGGREGATE,,147940,YORKTOWN,YORKTOWN,VA,230,37.21316328900008,-76.46103490899998,70.58823529411764
51213,DEEP CREEK 1,AGGREGATE,,122611,DEEP CREEK,OAKLAND,MD,115,39.52358220700006,-79.41310308999994,90.9090909090909
51213,DEEP CREEK 1,AGGREGATE,,147041,DEEP CREEK,CHESAPEAKE,VA,115,36.764297584000076,-76.34346027899994,90.9090909090909
51213,DEEP CREEK 1,AGGREGATE,,123992,DEER CREEK,MARION,IN,138,40.51604701900004,-85.64382550199997,81.81818181818181
51214,DOVER,AGGREGATE,,152287,DOVER,DOVER,OH,69,40.520343136000065,-81.46801670199994,100.0
51214,DOVER,AGGREGATE,,147328,ANDOVER,ANDOVER,OH,-999999,41.60368486700003,-80.61219604299998,83.33333333333334
51214,DOVER,AGGREGATE,,146048,COVERT,COVERT TWP,MI,-999999,42.321524888000056,-86.29396622699994,72.72727272727273
51215,DPL NORTH,AGGREGATE,,151018,NORTH LIMA,NORTH LIMA,OH,-999999,40.95083407900006,-80.65505041999995,73.6842105263158
51215,DPL NORTH,AGGREGATE,,113745,NORTH DELPHOS,DELPHOS,OH,138,40.89622489900006,-84.30933983899996,72.72727272727273
51215,DPL NORTH,AGGREGATE,,147849,NORTH DOSWELL,DOSWELL,VA,115,37.88319272700005,-77.46122386099995,72.72727272727273
51216,DPL SOUTH,AGGREGATE,,108938,SOUTH NEAL,KENOVA,WV,138,38.349091275000035,-82.59309704299994,73.6842105263158
51216,DPL SOUTH,AGGREGATE,,122730,SOUTH BEND,SOUTH BEND,IN,138,41.695959893000065,-86.19973764499997,73.6842105263158
51216,DPL SOUTH,AGGREGATE,,148028,SOUTH HILL,SOUTH HILL,VA,115,36.72624205400007,-78.11698543399996,73.6842105263158
51218,EASTON,AGGREGATE,,122913,EASTON,EASTON,MD,-999999,38.77894463600006,-76.07798381999999,100.0
51218,EASTON,AGGREGATE,,123966,EASTON 2,EASTON,MD,-999999,38.794976844000075,-76.06913722199994,85.71428571428572
51218,EASTON,AGGREGATE,,111419,GASTON,LITTLETON,NC,232,36.498793601000045,-77.81135660399997,83.33333333333334
51221,FAIRLAWN,AGGREGATE,,152370,FAIRLAWN,AKRON,OH,-999999,41.11113124500008,-81.58011788299996,100.0
51221,FAIRLAWN,AGGREGATE,,132410,FAIR LAWN,FAIR LAWN,NJ,230,40.94951843300004,-74.12844405899995,94.11764705882352
51221,FAIRLAWN,AGGREGATE,,139342,FAIRLAND,SILVER SPRING,MD,-999999,39.06365046900004,-76.96446674199996,87.5
51223,GILBERT CC 4,AGGREGATE,,132948,GILBERT,MILFORD,NJ,230,40.56637695100005,-75.16470925599998,73.6842105263158
51223,GILBERT CC 4,AGGREGATE,,144391,GILBERT,MILFORD,NJ,230,40.568729304000044,-75.16213125899998,73.6842105263158
51223,GILBERT CC 4,AGGREGATE,,153958,GILBERT,GILBERT,WV,46,37.61547188800006,-81.86294443099996,73.6842105263158
51224,GILBERT CT 1,AGGREGATE,,132948,GILBERT,MILFORD,NJ,230,40.56637695100005,-75.16470925599998,73.6842105263158
51224,GILBERT CT 1,AGGREGATE,,144391,GILBERT,MILFORD,NJ,230,40.568729304000044,-75.16213125899998,73.6842105263158
51224,GILBERT CT 1,AGGREGATE,,153958,GILBERT,GILBERT,WV,46,37.61547188800006,-81.86294443099996,73.6842105263158
51225,GILBERT CT 9,AGGREGATE,,132948,GILBERT,MILFORD,NJ,230,40.56637695100005,-75.16470925599998,73.6842105263158
51225,GILBERT CT 9,AGGREGATE,,144391,GILBERT,MILFORD,NJ,230,40.568729304000044,-75.16213125899998,73.6842105263158
51225,GILBERT CT 9,AGGREGATE,,153958,GILBERT,GILBERT,WV,46,37.61547188800006,-81.86294443099996,73.6842105263158
51226,GLEN GARDNER CT 1,AGGREGATE,,143613,GLEN GARDNER,GLEN GARDNER,NJ,230,40.68102219000008,-74.92037348299993,82.75862068965517
51227,HAMILTON CT 1,AGGREGATE,,147917,HAMILTON,HAMILTON,VA,-999999,39.146408448000045,-77.68039987899994,76.19047619047619
51228,HAZELTON,AGGREGATE,,124997,HAZELTON,HAZLETON,PA,-999999,40.928811377000045,-76.04097461499998,100.0
51228,HAZELTON,AGGREGATE,,147917,HAMILTON,HAMILTON,VA,-999999,39.146408448000045,-77.68039987899994,75.0
51228,HAZELTON,AGGREGATE,,147935,WHEALTON,HAMPTON,VA,230,37.03074178300005,-76.43134134999997,75.0
51229,HOMERCIT,AGGREGATE,,152898,HOMER,HOMERVILLE,OH,-999999,41.03092724600003,-82.12257139099995,76.92307692307692
51233,HUNLOCK,AGGREGATE,,139272,HANCOCK,HANCOCK,MD,-999999,39.70322851000003,-78.18081712099996,71.42857142857143
51233,HUNLOCK,AGGREGATE,,147789,HANCOCK,SALEM,VA,138,37.267446422000035,-80.02305440799995,71.42857142857143
51234,HUNTERSTOWN CT 1,AGGREGATE,,123463,HUNTERSTOWN,GETTYSBURG,PA,115,39.86816982900007,-77.16455018799996,81.4814814814815
51234,HUNTERSTOWN CT 1,AGGREGATE,,122658,HUNTERTOWN,HUNTERTOWN,IN,138,41.221262214000035,-85.17766623099999,76.92307692307692
51235,KEYSTONE 1,AGGREGATE,,146704,KEYSTONE,SHELOCTA,PA,500,40.65770284200005,-79.33851666499999,88.88888888888889
51235,KEYSTONE 1,AGGREGATE,,144027,EDDYSTONE,CRUM LYNNE,PA,230,39.86029213900008,-75.32603277299995,73.6842105263158
51235,KEYSTONE 1,AGGREGATE,,129524,STONE LAKE,CASSOPOLIS,MI,69,41.902892293000036,-86.01169226899998,70.0
51236,KEYSTONE 2,AGGREGATE,,146704,KEYSTONE,SHELOCTA,PA,500,40.65770284200005,-79.33851666499999,88.88888888888889
51236,KEYSTONE 2,AGGREGATE,,123966,EASTON 2,EASTON,MD,-999999,38.794976844000075,-76.06913722199994,77.77777777777779
51236,KEYSTONE 2,AGGREGATE,,144027,EDDYSTONE,CRUM LYNNE,PA,230,39.86029213900008,-75.32603277299995,73.6842105263158
51239,MANITOU,AGGREGATE,,141104,MANITOUS,TOMS RIVER,NJ,230,39.952481841000065,-74.22001359299998,93.33333333333333
51239,MANITOU,AGGREGATE,,153857,MANTUA,MANTUA,OH,-999999,41.28448375800008,-81.23601092699994,76.92307692307692
51239,MANITOU,AGGREGATE,,151917,MONTOUR,ROBINSON TWP,PA,138,40.498552808000056,-80.13616688599996,71.42857142857143
51240,MIDDLETOWN,AGGREGATE,,144006,MIDDLETOWN,MEDIA,PA,230,39.91804352200006,-75.40775349399996,100.0
51240,MIDDLETOWN,AGGREGATE,,128205,MILLTOWN,WILMINGTON,DE,138,39.73047952400003,-75.66898715499997,77.77777777777779
51240,MIDDLETOWN,AGGREGATE,,108946,MILTON,MILTON,WV,69,38.42664110900006,-82.12787906399996,75.0
51241,MONTVILLE,AGGREGATE,,132309,MONTVILLE,MONTVILLE TWP,NJ,230,40.91300118400005,-74.36519594899994,100.0
51241,MONTVILLE,AGGREGATE,,128966,MOTTVILLE,MOTTVILLE TWP,MI,-999999,41.805766135000056,-85.75123966999996,88.88888888888889
51241,MONTVILLE,AGGREGATE,,131523,MOUNDSVILLE,MOUNDSVILLE,WV,69,39.92600379500004,-80.74240012499996,80.0
51242,MOUNTAIN CT 1,AGGREGATE,,147790,BENT MOUNTAIN,BENT MOUNTAIN,VA,138,37.17836790300004,-80.11946680499994,76.92307692307692
51242,MOUNTAIN CT 1,AGGREGATE,,125613,MOUNTAIN,MT HOLLY SPRINGS,PA,115,40.12302923000004,-77.17270045699996,76.19047619047619
51243,ORRTANNA CT,AGGREGATE,,125615,ORRTANNA,HIGHLAND TWP,PA,115,39.844431403000044,-77.35100879699996,84.21052631578947
51244,PAXTON,AGGREGATE,,146986,AXTON,AXTON,VA,-999999,36.63514933600004,-79.70719375599998,90.9090909090909
51244,PAXTON,AGGREGATE,,147028,AXTON,AXTON,VA,765,36.63455030700004,-79.70477890099994,90.9090909090909
51247,PINEY 1,AGGREGATE,,123531,PINEY,PINEY TWP,PA,115,41.19122140200005,-79.43637810699994,83.33333333333334
51247,PINEY 1,AGGREGATE,,152383,PINE,AKRON,OH,138,41.108400912000036,-81.58211072199998,72.72727272727273
51253,SAYREVILLE 4,AGGREGATE,,140895,SAYREVILLE,SAYREVILLE,NJ,500,40.47418398600007,-74.35333330699996,90.9090909090909
51253,SAYREVILLE 4,AGGREGATE,,140903,SAYREVILLE,SAYREVILLE,NJ,230,40.479221841000026,-74.35357566299996,90.9090909090909
51253,SAYREVILLE 4,AGGREGATE,,144026,SAVILLE,CRUM LYNNE,PA,138,39.85614097100006,-75.34581623599996,73.6842105263158
51254,SAYREVILLE CT 1,AGGREGATE,,140895,SAYREVILLE,SAYREVILLE,NJ,500,40.47418398600007,-74.35333330699996,80.0
51254,SAYREVILLE CT 1,AGGREGATE,,140903,SAYREVILLE,SAYREVILLE,NJ,230,40.479221841000026,-74.35357566299996,80.0
51256,SEWARD 4,AGGREGATE,,147690,SEWARD,SEWARD,PA,230,40.406635735000066,-79.03108177099995,85.71428571428572
51257,SHAWNEE CT,AGGREGATE,,143611,SHAWNEE,EAST STROUDSBURG,PA,230,41.06024402400004,-75.05968735099998,82.35294117647058
51257,SHAWNEE CT,AGGREGATE,,153905,SHAWNEE ROAD,LIMA,OH,138,40.69403101200004,-84.15202444599998,72.72727272727273
51258,SHAWVILLE 1,AGGREGATE,,147793,SHAWSVILLE,SHAWSVILLE,VA,138,37.14759537000003,-80.26555338599997,85.71428571428572
51258,SHAWVILLE 1,AGGREGATE,,144026,SAVILLE,CRUM LYNNE,PA,138,39.85614097100006,-75.34581623599996,77.77777777777779
51258,SHAWVILLE 1,AGGREGATE,,154281,HANVILLE,NORTH FAIRFIELD,OH,-999999,41.115683733000026,-82.61245452299994,73.6842105263158
51259,SHAWVILLE 3,AGGREGATE,,147793,SHAWSVILLE,SHAWSVILLE,VA,138,37.14759537000003,-80.26555338599997,85.71428571428572
51259,SHAWVILLE 3,AGGREGATE,,144026,SAVILLE,CRUM LYNNE,PA,138,39.85614097100006,-75.34581623599996,77.77777777777779
51259,SHAWVILLE 3,AGGREGATE,,154281,HANVILLE,NORTH FAIRFIELD,OH,-999999,41.115683733000026,-82.61245452299994,73.6842105263158
51262,SUNBURY 1-3,AGGREGATE,,147498,SUNBURY,SELINSGROVE,PA,500,40.83624110100004,-76.82768482299997,77.77777777777779
51263,SUNBURY 4,AGGREGATE,,147498,SUNBURY,SELINSGROVE,PA,500,40.83624110100004,-76.82768482299997,87.5
51264,SUNBURY BUS1E,AGGREGATE,,147498,SUNBURY,SELINSGROVE,PA,500,40.83624110100004,-76.82768482299997,70.0
51264,SUNBURY BUS1E,AGGREGATE,,147498,SUNBURY,SELINSGROVE,PA,500,40.83624110100004,-76.82768482299997,70.0
51265,SUNBURY BUS1W,AGGREGATE,,147498,SUNBURY,SELINSGROVE,PA,500,40.83624110100004,-76.82768482299997,70.0
51265,SUNBURY BUS1W,AGGREGATE,,147498,SUNBURY,SELINSGROVE,PA,500,40.83624110100004,-76.82768482299997,70.0
51266,SUNBURY BUS2E,AGGREGATE,,147498,SUNBURY,SELINSGROVE,PA,500,40.83624110100004,-76.82768482299997,70.0
51266,SUNBURY BUS2E,AGGREGATE,,147498,SUNBURY,SELINSGROVE,PA,500,40.83624110100004,-76.82768482299997,70.0
51267,SUNBURY BUS2W,AGGREGATE,,147498,SUNBURY,SELINSGROVE,PA,500,40.83624110100004,-76.82768482299997,70.0
51267,SUNBURY BUS2W,AGGREGATE,,147498,SUNBURY,SELINSGROVE,PA,500,40.83624110100004,-76.82768482299997,70.0
51268,SUNBURY CT,AGGREGATE,,147498,SUNBURY,SELINSGROVE,PA,500,40.83624110100004,-76.82768482299997,82.35294117647058
51269,SUNBURY DIES,AGGREGATE,,147498,SUNBURY,SELINSGROVE,PA,500,40.83624110100004,-76.82768482299997,73.6842105263158
51270,SUNBURY LBRG,AGGREGATE,,147498,SUNBURY,SELINSGROVE,PA,500,40.83624110100004,-76.82768482299997,73.6842105263158
51277,TRAYNOR,AGGREGATE,,143623,TRAYNOR,SUMMIT,NJ,230,40.73302080700006,-74.37883269499997,100.0
51277,TRAYNOR,AGGREGATE,,128218,TAYLOR,SEAFORD,DE,69,38.683790556000076,-75.61769761799997,76.92307692307692
51277,TRAYNOR,AGGREGATE,,151672,TAYLOR,REYNOLDSBURG,OH,138,39.97628508300005,-82.76792520599997,76.92307692307692
51280,VINELAND,AGGREGATE,,153932,HAVILAND,HAVILAND,OH,138,41.01622718500005,-84.59310856399998,75.0
51280,VINELAND,AGGREGATE,,140976,KINGSLAND,NORTH ARLINGTON,NJ,230,40.79192197000003,-74.11705482599996,70.58823529411764
51281,WALLENPAUPACK,AGGREGATE,,125623,WALLENPAUPACK,HAWLEY,PA,69,41.46785702600005,-75.13142240399998,100.0
51282,WARREN 1,AGGREGATE,,147901,WARRENTON,WARRENTON,VA,230,38.69742368000004,-77.76746381499999,70.58823529411764
51284,WAYNE CT,AGGREGATE,,134642,WAYNE,BARTLETT,IL,345,41.98274838400005,-88.24017071399999,76.92307692307692
51284,WAYNE CT,AGGREGATE,,146123,WAYNE,WARREN,PA,230,41.83580372400007,-79.19075529499997,76.92307692307692
51284,WAYNE CT,AGGREGATE,,146452,WAYNE,COCHRANTON,PA,345,41.51588408300006,-80.00972012699998,76.92307692307692
51285,WELLSBORO,AGGREGATE,,123229,HILLSBORO,RIDGELY,MD,138,38.92994327400004,-75.93456886799999,77.77777777777779
51285,WELLSBORO,AGGREGATE,,146946,WAYNESBORO,WAYNESBORO,VA,115,38.06026196800008,-78.87994886299998,73.6842105263158
51286,WERNER CT 1,AGGREGATE,,132954,WERNER,SOUTH AMBOY,NJ,230,40.490034415000025,-74.28146959399999,70.58823529411764
51287,WEST INT HUB,HUB,,108939,WEST HUNTINGTON,HUNTINGTON,WV,138,38.405421199000045,-82.47984769299995,74.07407407407408
51287,WEST INT HUB,HUB,,147941,WEST POINT,WEST POINT,VA,230,37.53926227000005,-76.80383346999997,72.72727272727273
51287,WEST INT HUB,HUB,,146466,WEST RUN,MORGANTOWN,WV,138,39.66984677800008,-79.95989071099996,70.0
51289,WESTWOOD,AGGREGATE,,146228,CRESTWOOD,MIDLOTHIAN,IL,138,41.640118194000024,-87.73311176999994,82.35294117647058
51289,WESTWOOD,AGGREGATE,,153662,CRESTWOOD,FINDLAY,OH,-999999,41.06179597000005,-83.61761457199998,82.35294117647058
51289,WESTWOOD,AGGREGATE,,144005,BETZWOOD,LOWER PROVIDENCE TWP,PA,230,40.11470030100003,-75.42017005999998,75.0
51290,YORK HAVEN,AGGREGATE,,124870,YORK HAVEN,YORK HAVEN,PA,115,40.11347315200004,-76.71186133299994,100.0
51291,AECO,ZONE,,146785,BECO,STERLING,VA,230,39.02455766700007,-77.43713271499996,75.0
51291,AECO,ZONE,,151010,AERO,VIENNA,OH,-999999,41.25930002900003,-80.69903901499998,75.0
51295,JCPL,ZONE,,158408,JCPL,MORRISTOWN,NJ,-999999,40.78555186600005,-74.45086689499993,100.0
51296,METED,ZONE,,140980,HOMESTEAD,SECAUCUS,NJ,345,40.77888959500007,-74.04219029399997,71.42857142857143
51297,PECO,ZONE,,146785,BECO,STERLING,VA,230,39.02455766700007,-77.43713271499996,75.0
51298,PEPCO,ZONE,,146186,PEPCO 117,WASHINGTON,DC,-999999,38.895621478000066,-77.02329362299997,71.42857142857143
51300,PENELEC,ZONE,,137365,PEEBLES,PEEBLES,OH,138,38.957270290000054,-83.42449037699998,71.42857142857143
51303,CEI,INTERFACE,,146547,CECIL,ELKTON,MD,230,39.60865056200004,-75.84297114099996,75.0
52443,ALBURTIS,EHV,500 KV,147474,ALBURTIS,MACUNGIE,PA,500,40.48187564400007,-75.58309325999994,100.0
52444,BRANCHBURG,EHV,500 KV,143610,BRANCHBURG,NESHANIC STATION,NJ,500,40.544349785000065,-74.74218204799996,100.0
52445,BRIGHTON,EHV,500 KV,146243,BRIGHTON,MISHAWAKA,MD,500,39.18533086100007,-77.03695223299997,100.0
52445,BRIGHTON,EHV,500 KV,143967,BURLINGTON,BURLINGTON,NJ,230,40.07523364700006,-74.87408384499997,77.77777777777779
52445,BRIGHTON,EHV,500 KV,147330,BURLINGTON,ROANOKE,VA,138,37.36126086500008,-79.96992234499999,77.77777777777779
52446,BURCHESHILL,EHV,500 KV,146175,BURCHES HILL,CLINTON,MD,500,38.738382939000076,-76.87087412499994,95.65217391304348
52446,BURCHESHILL,EHV,500 KV,143612,BUSHKILL,EAST STROUDSBURG,PA,230,41.07855543200003,-75.02426204899996,73.6842105263158
52447,CALVERTC,EHV,500 KV,122733,CALVERT,SOUTH BEND,IN,138,41.655476848000035,-86.29297209499998,93.33333333333333
52447,CALVERTC,EHV,500 KV,146159,CALVERT CLIFFS,LUSBY,MD,500,38.43268094100006,-76.44433006899999,72.72727272727273
52447,CALVERTC,EHV,500 KV,146048,COVERT,COVERT TWP,MI,-999999,42.321524888000056,-86.29396622699994,71.42857142857143
52448,CHALKPT,EHV,500 KV,146158,CHALK POINT,EAGLE HARBOR,MD,500,38.560304992000056,-76.68896132899994,77.77777777777779
52449,CONASTONE,EHV,500 KV,146549,CONASTONE,WHITE HALL,MD,500,39.68741801400006,-76.54039286299997,100.0
52449,CONASTONE,EHV,500 KV,121261,COALTON,ASHLAND,KY,69,38.36337748900007,-82.75857038399994,75.0
52449,CONASTONE,EHV,500 KV,121512,STONE,HUDDY,KY,138,37.59222200000005,-82.26988499999999,71.42857142857143
52450,CONEMAUGH,EHV,500 KV,147447,CONEMAUGH,NEW FLORENCE,PA,500,40.38980907700005,-79.05908612499996,100.0
52450,CONEMAUGH,EHV,500 KV,162048,CONEMAUGH,NEW FLORENCE,PA,115,40.38579968500005,-79.05925268699997,100.0
52451,DEANS,EHV,500 KV,143940,DEANS,SOUTH BRUNSWICK TWP,NJ,500,40.40553315200003,-74.48529154599998,100.0
52451,DEANS,EHV,500 KV,152327,EVANS,AKRON,OH,138,41.094142318000024,-81.47387975299995,80.0
52451,DEANS,EHV,500 KV,113853,ELDEAN,TROY,OH,138,40.08298411800007,-84.23721793599998,72.72727272727273
52452,ELROY,EHV,500 KV,144020,ELROY,HATFIELD TWP,PA,500,40.27833900100006,-75.32625676299995,100.0
52452,ELROY,EHV,500 KV,160576,BELFRY,BELFRY,KY,46,37.62597957500003,-82.26677988199998,72.72727272727273
52453,EWINDSOR,EHV,500 KV,143939,WINDSOR,ROBBINSVILLE TWP,NJ,230,40.248879034000026,-74.56502912299999,93.33333333333333
52453,EWINDSOR,EHV,500 KV,143943,EAST WINDSOR,HIGHTSTOWN,NJ,500,40.24045248200008,-74.51850583399994,80.0
52453,EWINDSOR,EHV,500 KV,148196,WINDSOR DP,WINDSOR,VA,115,36.82268499700007,-76.78182066399995,77.77777777777779
52454,HOPECREEK,EHV,500 KV,153978,APPLE CREEK,APPLE CREEK,OH,138,40.74464941600007,-81.84448025699999,70.0
52455,HOSENSACK,EHV,500 KV,144019,HOSENSACK,ZIONSVILLE,PA,500,40.45523123300006,-75.50392687099998,100.0
52455,HOSENSACK,EHV,500 KV,146412,BONSACK,ROANOKE,VA,138,37.33308426600007,-79.87011864199997,75.0
52456,HUNTERSTOWN,EHV,500 KV,123463,HUNTERSTOWN,GETTYSBURG,PA,115,39.86816982900007,-77.16455018799996,100.0
52456,HUNTERSTOWN,EHV,500 KV,122658,HUNTERTOWN,HUNTERTOWN,IN,138,41.221262214000035,-85.17766623099999,95.23809523809523
52456,HUNTERSTOWN,EHV,500 KV,127505,ROHRERSTOWN,LANCASTER,PA,138,40.05327386300007,-76.35324006999997,72.72727272727273
52457,JUNIATA,EHV,500 KV,147580,JUNIATA,CENTRE TWP,PA,500,40.429139054000075,-77.17092953899999,100.0
52458,KEENEY,EHV,500 KV,128202,KEENEY,NEWARK,DE,500,39.63341064700006,-75.73092578899997,100.0
52458,KEENEY,EHV,500 KV,152372,KEENEY,AKRON,OH,-999999,41.10397191700008,-81.50522063399995,100.0
52459,KEYSTONE,EHV,500 KV,146704,KEYSTONE,SHELOCTA,PA,500,40.65770284200005,-79.33851666499999,100.0
52459,KEYSTONE,EHV,500 KV,144027,EDDYSTONE,CRUM LYNNE,PA,230,39.86029213900008,-75.32603277299995,82.35294117647058
52459,KEYSTONE,EHV,500 KV,129524,STONE LAKE,CASSOPOLIS,MI,69,41.902892293000036,-86.01169226899998,77.77777777777779
52461,NEWFREEDOM,EHV,500 KV,151734,FREEDOM,MANTUA,OH,-999999,41.26946819300008,-81.14408713099994,82.35294117647058
52463,REDLION,EHV,500 KV,127644,EDISON,NEW CARLISLE,IN,138,41.69977019300006,-86.46625319899994,76.92307692307692
52463,REDLION,EHV,500 KV,143622,EDISON,EDISON,NJ,138,40.491450265000026,-74.39566933599997,76.92307692307692
52464,SALEM,EHV,500 KV,151778,SALEM,SALEM,OH,-999999,40.89120877700003,-80.85623426299998,100.0
52465,SMITHBURG,EHV,500 KV,141148,SMITHBURG,FREEHOLD TWP,NJ,500,40.201362947000064,-74.36057630299996,100.0
52465,SMITHBURG,EHV,500 KV,150718,SMITH,SMITH TWP,PA,-999999,40.40133627100005,-80.40507044099996,71.42857142857143
52465,SMITHBURG,EHV,500 KV,147445,RUSTBURG,RUSTBURG,VA,138,37.27718257600003,-79.10626851799998,70.58823529411764
52466,SUNBURY,EHV,500 KV,147498,SUNBURY,SELINSGROVE,PA,500,40.83624110100004,-76.82768482299997,100.0
52467,SUSQUEHANNA,EHV,500 KV,146475,SUSQUEHANNA,BERWICK,PA,500,41.09199356400006,-76.14705656799998,100.0
52470,WESCOSVL,EHV,500 KV,147475,WESCOSVILLE,ALLENTOWN,PA,500,40.57436699500005,-75.56179613999996,84.21052631578947
52471,WHITPAIN,EHV,500 KV,144015,WHITPAIN,WORCESTER TWP,PA,500,40.17154427000003,-75.31001341099994,100.0
52471,WHITPAIN,EHV,500 KV,143626,WHIPPANY,EAST HANOVER,NJ,230,40.81941658100004,-74.37826249899996,75.0
93155,GILBERT CC 5,AGGREGATE,,132948,GILBERT,MILFORD,NJ,230,40.56637695100005,-75.16470925599998,73.6842105263158
93155,GILBERT CC 5,AGGREGATE,,144391,GILBERT,MILFORD,NJ,230,40.568729304000044,-75.16213125899998,73.6842105263158
93155,GILBERT CC 5,AGGREGATE,,153958,GILBERT,GILBERT,WV,46,37.61547188800006,-81.86294443099996,73.6842105263158
93156,GILBERT CC 6,AGGREGATE,,132948,GILBERT,MILFORD,NJ,230,40.56637695100005,-75.16470925599998,73.6842105263158
93156,GILBERT CC 6,AGGREGATE,,144391,GILBERT,MILFORD,NJ,230,40.568729304000044,-75.16213125899998,73.6842105263158
93156,GILBERT CC 6,AGGREGATE,,153958,GILBERT,GILBERT,WV,46,37.61547188800006,-81.86294443099996,73.6842105263158
93157,GILBERT CC 7,AGGREGATE,,132948,GILBERT,MILFORD,NJ,230,40.56637695100005,-75.16470925599998,73.6842105263158
93157,GILBERT CC 7,AGGREGATE,,144391,GILBERT,MILFORD,NJ,230,40.568729304000044,-75.16213125899998,73.6842105263158
93157,GILBERT CC 7,AGGREGATE,,153958,GILBERT,GILBERT,WV,46,37.61547188800006,-81.86294443099996,73.6842105263158
93158,GILBERT CT 2,AGGREGATE,,132948,GILBERT,MILFORD,NJ,230,40.56637695100005,-75.16470925599998,73.6842105263158
93158,GILBERT CT 2,AGGREGATE,,144391,GILBERT,MILFORD,NJ,230,40.568729304000044,-75.16213125899998,73.6842105263158
93158,GILBERT CT 2,AGGREGATE,,153958,GILBERT,GILBERT,WV,46,37.61547188800006,-81.86294443099996,73.6842105263158
93159,GILBERT CT 3,AGGREGATE,,132948,GILBERT,MILFORD,NJ,230,40.56637695100005,-75.16470925599998,73.6842105263158
93159,GILBERT CT 3,AGGREGATE,,144391,GILBERT,MILFORD,NJ,230,40.568729304000044,-75.16213125899998,73.6842105263158
93159,GILBERT CT 3,AGGREGATE,,153958,GILBERT,GILBERT,WV,46,37.61547188800006,-81.86294443099996,73.6842105263158
93160,GILBERT CT 4,AGGREGATE,,132948,GILBERT,MILFORD,NJ,230,40.56637695100005,-75.16470925599998,73.6842105263158
93160,GILBERT CT 4,AGGREGATE,,144391,GILBERT,MILFORD,NJ,230,40.568729304000044,-75.16213125899998,73.6842105263158
93160,GILBERT CT 4,AGGREGATE,,153958,GILBERT,GILBERT,WV,46,37.61547188800006,-81.86294443099996,73.6842105263158
93162,GLEN GARDNER CT 2,AGGREGATE,,143613,GLEN GARDNER,GLEN GARDNER,NJ,230,40.68102219000008,-74.92037348299993,82.75862068965517
93163,GLEN GARDNER CT 3,AGGREGATE,,143613,GLEN GARDNER,GLEN GARDNER,NJ,230,40.68102219000008,-74.92037348299993,82.75862068965517
93164,GLEN GARDNER CT 4,AGGREGATE,,143613,GLEN GARDNER,GLEN GARDNER,NJ,230,40.68102219000008,-74.92037348299993,82.75862068965517
93165,GLEN GARDNER CT 5,AGGREGATE,,143613,GLEN GARDNER,GLEN GARDNER,NJ,230,40.68102219000008,-74.92037348299993,82.75862068965517
93166,GLEN GARDNER CT 6,AGGREGATE,,143613,GLEN GARDNER,GLEN GARDNER,NJ,230,40.68102219000008,-74.92037348299993,82.75862068965517
93167,GLEN GARDNER CT 7,AGGREGATE,,143613,GLEN GARDNER,GLEN GARDNER,NJ,230,40.68102219000008,-74.92037348299993,82.75862068965517
93168,GLEN GARDNER CT 8,AGGREGATE,,143613,GLEN GARDNER,GLEN GARDNER,NJ,230,40.68102219000008,-74.92037348299993,82.75862068965517
93169,HUNTERSTOWN CT 2,AGGREGATE,,123463,HUNTERSTOWN,GETTYSBURG,PA,115,39.86816982900007,-77.16455018799996,81.4814814814815
93169,HUNTERSTOWN CT 2,AGGREGATE,,122658,HUNTERTOWN,HUNTERTOWN,IN,138,41.221262214000035,-85.17766623099999,76.92307692307692
93170,HUNTERSTOWN CT 3,AGGREGATE,,123463,HUNTERSTOWN,GETTYSBURG,PA,115,39.86816982900007,-77.16455018799996,81.4814814814815
93170,HUNTERSTOWN CT 3,AGGREGATE,,122658,HUNTERTOWN,HUNTERTOWN,IN,138,41.221262214000035,-85.17766623099999,76.92307692307692
93172,MOUNTAIN CT 2,AGGREGATE,,147790,BENT MOUNTAIN,BENT MOUNTAIN,VA,138,37.17836790300004,-80.11946680499994,76.92307692307692
93172,MOUNTAIN CT 2,AGGREGATE,,125613,MOUNTAIN,MT HOLLY SPRINGS,PA,115,40.12302923000004,-77.17270045699996,76.19047619047619
93176,SAYREVILLE 5,AGGREGATE,,140895,SAYREVILLE,SAYREVILLE,NJ,500,40.47418398600007,-74.35333330699996,90.9090909090909
93176,SAYREVILLE 5,AGGREGATE,,140903,SAYREVILLE,SAYREVILLE,NJ,230,40.479221841000026,-74.35357566299996,90.9090909090909
93176,SAYREVILLE 5,AGGREGATE,,144026,SAVILLE,CRUM LYNNE,PA,138,39.85614097100006,-75.34581623599996,73.6842105263158
93177,SAYREVILLE CT 2,AGGREGATE,,140895,SAYREVILLE,SAYREVILLE,NJ,500,40.47418398600007,-74.35333330699996,80.0
93177,SAYREVILLE CT 2,AGGREGATE,,140903,SAYREVILLE,SAYREVILLE,NJ,230,40.479221841000026,-74.35357566299996,80.0
93178,SAYREVILLE CT 3,AGGREGATE,,140895,SAYREVILLE,SAYREVILLE,NJ,500,40.47418398600007,-74.35333330699996,80.0
93178,SAYREVILLE CT 3,AGGREGATE,,140903,SAYREVILLE,SAYREVILLE,NJ,230,40.479221841000026,-74.35357566299996,80.0
93179,SAYREVILLE CT 4,AGGREGATE,,140895,SAYREVILLE,SAYREVILLE,NJ,500,40.47418398600007,-74.35333330699996,80.0
93179,SAYREVILLE CT 4,AGGREGATE,,140903,SAYREVILLE,SAYREVILLE,NJ,230,40.479221841000026,-74.35357566299996,80.0
93180,SEWARD 5,AGGREGATE,,147690,SEWARD,SEWARD,PA,230,40.406635735000066,-79.03108177099995,85.71428571428572
93181,SHAWVILLE 2,AGGREGATE,,147793,SHAWSVILLE,SHAWSVILLE,VA,138,37.14759537000003,-80.26555338599997,85.71428571428572
93181,SHAWVILLE 2,AGGREGATE,,144026,SAVILLE,CRUM LYNNE,PA,138,39.85614097100006,-75.34581623599996,77.77777777777779
93181,SHAWVILLE 2,AGGREGATE,,154281,HANVILLE,NORTH FAIRFIELD,OH,-999999,41.115683733000026,-82.61245452299994,73.6842105263158
93182,SHAWVILLE 4,AGGREGATE,,147793,SHAWSVILLE,SHAWSVILLE,VA,138,37.14759537000003,-80.26555338599997,85.71428571428572
93182,SHAWVILLE 4,AGGREGATE,,144026,SAVILLE,CRUM LYNNE,PA,138,39.85614097100006,-75.34581623599996,77.77777777777779
93182,SHAWVILLE 4,AGGREGATE,,154281,HANVILLE,NORTH FAIRFIELD,OH,-999999,41.115683733000026,-82.61245452299994,73.6842105263158
93187,WARREN 2,AGGREGATE,,147901,WARRENTON,WARRENTON,VA,230,38.69742368000004,-77.76746381499999,70.58823529411764
93188,WERNER CT 2,AGGREGATE,,132954,WERNER,SOUTH AMBOY,NJ,230,40.490034415000025,-74.28146959399999,70.58823529411764
93189,WERNER CT 3,AGGREGATE,,132954,WERNER,SOUTH AMBOY,NJ,230,40.490034415000025,-74.28146959399999,70.58823529411764
93190,WERNER CT 4,AGGREGATE,,132954,WERNER,SOUTH AMBOY,NJ,230,40.490034415000025,-74.28146959399999,70.58823529411764
113736,BERGENCC,AGGREGATE,,132405,BERGEN,RIDGEFIELD,NJ,345,40.83407160300004,-74.01649311099999,85.71428571428572
113736,BERGENCC,AGGREGATE,,132405,BERGEN,RIDGEFIELD,NJ,345,40.83407160300004,-74.01649311099999,85.71428571428572
113738,BURLINGTONCC,AGGREGATE,,143967,BURLINGTON,BURLINGTON,NJ,230,40.07523364700006,-74.87408384499997,90.9090909090909
113738,BURLINGTONCC,AGGREGATE,,147330,BURLINGTON,ROANOKE,VA,138,37.36126086500008,-79.96992234499999,90.9090909090909
113738,BURLINGTONCC,AGGREGATE,,147976,BURLINGTON DP,CLARKSVILLE,VA,115,36.57215819100003,-78.44491332399997,80.0
113745,GILBERTCC,AGGREGATE,,132948,GILBERT,MILFORD,NJ,230,40.56637695100005,-75.16470925599998,87.5
113745,GILBERTCC,AGGREGATE,,144391,GILBERT,MILFORD,NJ,230,40.568729304000044,-75.16213125899998,87.5
113745,GILBERTCC,AGGREGATE,,153958,GILBERT,GILBERT,WV,46,37.61547188800006,-81.86294443099996,87.5
113745,GILBERTCC,AGGREGATE,,132948,GILBERT,MILFORD,NJ,230,40.56637695100005,-75.16470925599998,87.5
113745,GILBERTCC,AGGREGATE,,144391,GILBERT,MILFORD,NJ,230,40.568729304000044,-75.16213125899998,87.5
113745,GILBERTCC,AGGREGATE,,153958,GILBERT,GILBERT,WV,46,37.61547188800006,-81.86294443099996,87.5
113749,HAYROAD,AGGREGATE,,130225,HAY ROAD,WILMINGTON,DE,230,39.74310043700007,-75.50722115299999,93.33333333333333
113749,HAYROAD,AGGREGATE,,130225,HAY ROAD,WILMINGTON,DE,230,39.74310043700007,-75.50722115299999,93.33333333333333
113749,HAYROAD,AGGREGATE,,134711,EASY ROAD,DIXON,IL,345,41.82769814100004,-89.40725961199996,75.0
113749,HAYROAD,AGGREGATE,,134711,EASY ROAD,DIXON,IL,345,41.82769814100004,-89.40725961199996,75.0
113749,HAYROAD,AGGREGATE,,123012,HARFORD,ABERDEEN,MD,115,39.49002967000007,-76.17163121599998,71.42857142857143
113749,HAYROAD,AGGREGATE,,123012,HARFORD,ABERDEEN,MD,115,39.49002967000007,-76.17163121599998,71.42857142857143
113809,SUNBURYGEN,AGGREGATE,,147498,SUNBURY,SELINSGROVE,PA,500,40.83624110100004,-76.82768482299997,82.35294117647058
206839,CAMDENGEN,AGGREGATE,,143962,CAMDEN,MERCHANTVILLE,NJ,230,39.96580840800004,-75.04466349499995,80.0
206839,CAMDENGEN,AGGREGATE,,143962,CAMDEN,MERCHANTVILLE,NJ,230,39.96580840800004,-75.04466349499995,80.0
210014,DOVER 1,AGGREGATE,,152287,DOVER,DOVER,OH,69,40.520343136000065,-81.46801670199994,83.33333333333334
210014,DOVER 1,AGGREGATE,,147328,ANDOVER,ANDOVER,OH,-999999,41.60368486700003,-80.61219604299998,71.42857142857143
210015,DOVER 2,AGGREGATE,,152287,DOVER,DOVER,OH,69,40.520343136000065,-81.46801670199994,83.33333333333334
210015,DOVER 2,AGGREGATE,,147328,ANDOVER,ANDOVER,OH,-999999,41.60368486700003,-80.61219604299998,71.42857142857143
210016,DOVER 3,AGGREGATE,,152287,DOVER,DOVER,OH,69,40.520343136000065,-81.46801670199994,83.33333333333334
210016,DOVER 3,AGGREGATE,,147328,ANDOVER,ANDOVER,OH,-999999,41.60368486700003,-80.61219604299998,71.42857142857143
210020,BETHLEHEM STEEL,AGGREGATE,,131525,BETHLEHEM,WHEELING,WV,138,40.03404822600004,-80.68771657599996,75.0
254698,NLEBNON,AGGREGATE,,154596,LEBANON,LEBANON,VA,138,36.922644931000036,-82.07051378699998,85.71428571428572
254698,NLEBNON,AGGREGATE,,108812,LEON,LEON,WV,-999999,38.75939317000007,-81.94938556799997,72.72727272727273
254698,NLEBNON,AGGREGATE,,153897,ENON,FAIRBORN,OH,69,39.83626660700003,-83.96832836399994,72.72727272727273
278218,CARLLS CORNER CT 1,AGGREGATE,,133196,CARLLS CORNER,UPPER DEERFIELD TWP,NJ,69,39.45435735700005,-75.19979148499993,83.87096774193549
278219,CARLLS CORNER CT 2,AGGREGATE,,133196,CARLLS CORNER,UPPER DEERFIELD TWP,NJ,69,39.45435735700005,-75.19979148499993,83.87096774193549
278220,CEDAR STATION CT 1,AGGREGATE,,133191,CEDAR STATION,STAFFORD TWP,NJ,230,39.69025615800007,-74.26131484599995,83.87096774193549
278221,CEDAR STATION CT 2,AGGREGATE,,133191,CEDAR STATION,STAFFORD TWP,NJ,230,39.69025615800007,-74.26131484599995,83.87096774193549
278221,CEDAR STATION CT 2,AGGREGATE,,127661,32ND ST STATION,ANDERSON,IN,-999999,40.083388471000035,-85.66660656399995,72.72727272727273
278222,CUMBERLAND CT,AGGREGATE,,170586,CUMBERLAND,KINGSPORT,TN,-999999,36.54378691800008,-82.55907210599997,86.95652173913044
278222,CUMBERLAND CT,AGGREGATE,,132614,CUMBERLAND (NJ),MILLVILLE,NJ,230,39.37610594300003,-74.96639012799994,78.57142857142857
278223,MICKLETON 1 CT,AGGREGATE,,144379,MICKLETON,EAST GREENWICH TWP,NJ,230,39.811856781000074,-75.24921164599994,78.26086956521739
278227,MISSOURI AVE CT B,AGGREGATE,,162552,MISSOURI AVENUE,ATLANTIC CITY,NJ,-999999,39.365669000000025,-74.44299499999994,75.0
278228,MISSOURI AVE CT C,AGGREGATE,,162552,MISSOURI AVENUE,ATLANTIC CITY,NJ,-999999,39.365669000000025,-74.44299499999994,75.0
278229,MISSOURI AVE CT D,AGGREGATE,,162552,MISSOURI AVENUE,ATLANTIC CITY,NJ,-999999,39.365669000000025,-74.44299499999994,75.0
278241,CHRISTIANA 11,AGGREGATE,,129248,CHRISTIANA,WILMINGTON,DE,138,39.73162558400003,-75.53828893399998,86.95652173913044
278242,CHRISTIANA 14,AGGREGATE,,129248,CHRISTIANA,WILMINGTON,DE,138,39.73162558400003,-75.53828893399998,86.95652173913044
278243,DELAWARE CITY 1,AGGREGATE,,129073,DELAWARE CITY PLANT,NEW CASTLE,DE,138,39.59366381500007,-75.63096830299997,76.47058823529412
278244,DELAWARE CITY 10,AGGREGATE,,129073,DELAWARE CITY PLANT,NEW CASTLE,DE,138,39.59366381500007,-75.63096830299997,74.28571428571429
278245,DELAWARE CITY 2,AGGREGATE,,129073,DELAWARE CITY PLANT,NEW CASTLE,DE,138,39.59366381500007,-75.63096830299997,76.47058823529412
278246,DELAWARE CITY 3,AGGREGATE,,129073,DELAWARE CITY PLANT,NEW CASTLE,DE,138,39.59366381500007,-75.63096830299997,76.47058823529412
278247,EDGE MOOR 10,AGGREGATE,,129074,EDGE MOOR,WILMINGTON,DE,230,39.73905413500006,-75.50451858799994,85.71428571428572
278247,EDGE MOOR 10,AGGREGATE,,129075,EDGEMOOR,WILMINGTON,DE,230,39.740814629000056,-75.50974412899996,80.0
278248,EDGE MOOR 3,AGGREGATE,,129074,EDGE MOOR,WILMINGTON,DE,230,39.73905413500006,-75.50451858799994,90.0
278248,EDGE MOOR 3,AGGREGATE,,129075,EDGEMOOR,WILMINGTON,DE,230,39.740814629000056,-75.50974412899996,84.21052631578947
278249,EDGE MOOR 4,AGGREGATE,,129074,EDGE MOOR,WILMINGTON,DE,230,39.73905413500006,-75.50451858799994,90.0
278249,EDGE MOOR 4,AGGREGATE,,129075,EDGEMOOR,WILMINGTON,DE,230,39.740814629000056,-75.50974412899996,84.21052631578947
278250,EDGE MOOR 5,AGGREGATE,,129074,EDGE MOOR,WILMINGTON,DE,230,39.73905413500006,-75.50451858799994,90.0
278250,EDGE MOOR 5,AGGREGATE,,129075,EDGEMOOR,WILMINGTON,DE,230,39.740814629000056,-75.50974412899996,84.21052631578947
278251,HAY ROAD 1,AGGREGATE,,130225,HAY ROAD,WILMINGTON,DE,230,39.74310043700007,-75.50722115299999,88.88888888888889
278251,HAY ROAD 1,AGGREGATE,,134711,EASY ROAD,DIXON,IL,345,41.82769814100004,-89.40725961199996,73.6842105263158
278252,HAY ROAD 2,AGGREGATE,,130225,HAY ROAD,WILMINGTON,DE,230,39.74310043700007,-75.50722115299999,88.88888888888889
278252,HAY ROAD 2,AGGREGATE,,134711,EASY ROAD,DIXON,IL,345,41.82769814100004,-89.40725961199996,73.6842105263158
278253,HAY ROAD 3,AGGREGATE,,130225,HAY ROAD,WILMINGTON,DE,230,39.74310043700007,-75.50722115299999,88.88888888888889
278253,HAY ROAD 3,AGGREGATE,,134711,EASY ROAD,DIXON,IL,345,41.82769814100004,-89.40725961199996,73.6842105263158
278254,HAY ROAD 4,AGGREGATE,,130225,HAY ROAD,WILMINGTON,DE,230,39.74310043700007,-75.50722115299999,88.88888888888889
278254,HAY ROAD 4,AGGREGATE,,134711,EASY ROAD,DIXON,IL,345,41.82769814100004,-89.40725961199996,73.6842105263158
278255,MADISON STREET 1,AGGREGATE,,140875,MINUE STREET,CARTERET,NJ,230,40.59098004600003,-74.23794251399994,71.42857142857143
278256,TASLEY 10,AGGREGATE,,121578,TASLEY,ONLEY,VA,69,37.70603558200003,-75.70276562099997,80.0
278257,WEST SUB,AGGREGATE,,146466,WEST RUN,MORGANTOWN,WV,138,39.66984677800008,-79.95989071099996,75.0
278257,WEST SUB,AGGREGATE,,146333,SOUTHWEST,RICHMOND,VA,230,37.502079655000045,-77.53233239699995,70.58823529411764
278257,WEST SUB,AGGREGATE,,161409,SOUTHWEST,WASHINGTON,DC,138,38.87629881000004,-76.99853535499994,70.58823529411764
292885,BAYVIEW,AGGREGATE,,121581,BAYVIEW,CAPE CHARLES,VA,69,37.27162161000007,-75.96784376399995,100.0
292885,BAYVIEW,AGGREGATE,,152329,WAYVIEW,NORTH CANTON,OH,-999999,40.88885088500007,-81.43023544099998,85.71428571428572
292887,OYSTER CREEK 1,AGGREGATE,,141125,OYSTER CREEK,KENILWORTH,NJ,230,39.81372155300005,-74.20917904599997,92.3076923076923
292887,OYSTER CREEK 1,AGGREGATE,,146591,OTTER CREEK,BROGUE,PA,230,39.86442866300007,-76.45382947899998,80.0
292887,OYSTER CREEK 1,AGGREGATE,,157646,GOOSE CREEK,LEESBURG,VA,500,39.07550887000008,-77.53146441299998,72.0
292899,CRISFIELD,AGGREGATE,,123266,CRISFIELD,CRISFIELD,MD,69,37.99400693100006,-75.83825348599999,100.0
292899,CRISFIELD,AGGREGATE,,153851,BRIMFIELD,KENT,OH,-999999,41.11724567500005,-81.33320426099993,77.77777777777779
292899,CRISFIELD,AGGREGATE,,108945,WINFIELD,WINFIELD,WV,69,38.52448368600005,-81.91141620699995,70.58823529411764
338268,PEPCO DC,AGGREGATE,,146186,PEPCO 117,WASHINGTON,DC,-999999,38.895621478000066,-77.02329362299997,70.58823529411764
338269,PEPCO MD,AGGREGATE,,146186,PEPCO 117,WASHINGTON,DC,-999999,38.895621478000066,-77.02329362299997,70.58823529411764
480914,SUNBURY 1,AGGREGATE,,147498,SUNBURY,SELINSGROVE,PA,500,40.83624110100004,-76.82768482299997,87.5
480915,SUNBURY 2,AGGREGATE,,147498,SUNBURY,SELINSGROVE,PA,500,40.83624110100004,-76.82768482299997,87.5
480916,SUNBURY 3,AGGREGATE,,147498,SUNBURY,SELINSGROVE,PA,500,40.83624110100004,-76.82768482299997,87.5
615729,POTOMAC 5,AGGREGATE,,139352,POTOMAC,POTOMAC,MD,-999999,39.01940871200003,-77.21000700699994,87.5
615730,POTOMAC 4,AGGREGATE,,139352,POTOMAC,POTOMAC,MD,-999999,39.01940871200003,-77.21000700699994,87.5
615731,POTOMAC 3,AGGREGATE,,139352,POTOMAC,POTOMAC,MD,-999999,39.01940871200003,-77.21000700699994,87.5
615732,POTOMAC 2,AGGREGATE,,139352,POTOMAC,POTOMAC,MD,-999999,39.01940871200003,-77.21000700699994,87.5
615733,POTOMAC 1,AGGREGATE,,139352,POTOMAC,POTOMAC,MD,-999999,39.01940871200003,-77.21000700699994,87.5
615735,MORGANTOWN CT 6,AGGREGATE,,122912,MORGANTOWN,NEWBURG,MD,230,38.359401956000056,-76.96373603099994,80.0
615735,MORGANTOWN CT 6,AGGREGATE,,146449,MORGANTOWN,MORGANTOWN,WV,-999999,39.64508001200005,-79.97380201499999,80.0
615736,MORGANTOWN CT 5,AGGREGATE,,122912,MORGANTOWN,NEWBURG,MD,230,38.359401956000056,-76.96373603099994,80.0
615736,MORGANTOWN CT 5,AGGREGATE,,146449,MORGANTOWN,MORGANTOWN,WV,-999999,39.64508001200005,-79.97380201499999,80.0
615737,MORGANTOWN CT 4,AGGREGATE,,122912,MORGANTOWN,NEWBURG,MD,230,38.359401956000056,-76.96373603099994,80.0
615737,MORGANTOWN CT 4,AGGREGATE,,146449,MORGANTOWN,MORGANTOWN,WV,-999999,39.64508001200005,-79.97380201499999,80.0
615738,MORGANTOWN CT 3,AGGREGATE,,122912,MORGANTOWN,NEWBURG,MD,230,38.359401956000056,-76.96373603099994,80.0
615738,MORGANTOWN CT 3,AGGREGATE,,146449,MORGANTOWN,MORGANTOWN,WV,-999999,39.64508001200005,-79.97380201499999,80.0
615739,MORGANTOWN CT 2,AGGREGATE,,122912,MORGANTOWN,NEWBURG,MD,230,38.359401956000056,-76.96373603099994,80.0
615739,MORGANTOWN CT 2,AGGREGATE,,146449,MORGANTOWN,MORGANTOWN,WV,-999999,39.64508001200005,-79.97380201499999,80.0
615740,MORGANTOWN CT 1,AGGREGATE,,122912,MORGANTOWN,NEWBURG,MD,230,38.359401956000056,-76.96373603099994,80.0
615740,MORGANTOWN CT 1,AGGREGATE,,146449,MORGANTOWN,MORGANTOWN,WV,-999999,39.64508001200005,-79.97380201499999,80.0
615741,MORGANTOWN 2,AGGREGATE,,122912,MORGANTOWN,NEWBURG,MD,230,38.359401956000056,-76.96373603099994,90.9090909090909
615741,MORGANTOWN 2,AGGREGATE,,146449,MORGANTOWN,MORGANTOWN,WV,-999999,39.64508001200005,-79.97380201499999,90.9090909090909
615741,MORGANTOWN 2,AGGREGATE,,146467,SOUTH MORGANTOWN,MORGANTOWN,WV,-999999,39.59426274900005,-79.95679589099996,71.42857142857143
615742,MORGANTOWN 1,AGGREGATE,,122912,MORGANTOWN,NEWBURG,MD,230,38.359401956000056,-76.96373603099994,90.9090909090909
615742,MORGANTOWN 1,AGGREGATE,,146449,MORGANTOWN,MORGANTOWN,WV,-999999,39.64508001200005,-79.97380201499999,90.9090909090909
615742,MORGANTOWN 1,AGGREGATE,,146467,SOUTH MORGANTOWN,MORGANTOWN,WV,-999999,39.59426274900005,-79.95679589099996,71.42857142857143
615744,DICKERSON H2 CT,AGGREGATE,,122978,DICKERSON,DICKERSON,MD,230,39.20767558400007,-77.45287868299994,75.0
615744,DICKERSON H2 CT,AGGREGATE,,122979,DICKERSON,LEESBURG,MD,230,39.20901815900004,-77.46250946599997,75.0
615745,DICKERSON H1 CT,AGGREGATE,,122978,DICKERSON,DICKERSON,MD,230,39.20767558400007,-77.45287868299994,75.0
615745,DICKERSON H1 CT,AGGREGATE,,122979,DICKERSON,LEESBURG,MD,230,39.20901815900004,-77.46250946599997,75.0
615746,DICKERSON D CT,AGGREGATE,,122978,DICKERSON,DICKERSON,MD,230,39.20767558400007,-77.45287868299994,78.26086956521739
615746,DICKERSON D CT,AGGREGATE,,122979,DICKERSON,LEESBURG,MD,230,39.20901815900004,-77.46250946599997,78.26086956521739
615747,DICKERSON 3,AGGREGATE,,122978,DICKERSON,DICKERSON,MD,230,39.20767558400007,-77.45287868299994,90.0
615747,DICKERSON 3,AGGREGATE,,122979,DICKERSON,LEESBURG,MD,230,39.20901815900004,-77.46250946599997,90.0
615748,DICKERSON 2,AGGREGATE,,122978,DICKERSON,DICKERSON,MD,230,39.20767558400007,-77.45287868299994,90.0
615748,DICKERSON 2,AGGREGATE,,122979,DICKERSON,LEESBURG,MD,230,39.20901815900004,-77.46250946599997,90.0
615749,DICKERSON 1,AGGREGATE,,122978,DICKERSON,DICKERSON,MD,230,39.20767558400007,-77.45287868299994,90.0
615749,DICKERSON 1,AGGREGATE,,122979,DICKERSON,LEESBURG,MD,230,39.20901815900004,-77.46250946599997,90.0
615750,CHALKPOINT CT 6,AGGREGATE,,146158,CHALK POINT,EAGLE HARBOR,MD,500,38.560304992000056,-76.68896132899994,76.92307692307692
615751,CHALKPOINT CT 5,AGGREGATE,,146158,CHALK POINT,EAGLE HARBOR,MD,500,38.560304992000056,-76.68896132899994,76.92307692307692
615752,CHALKPOINT CT 4,AGGREGATE,,146158,CHALK POINT,EAGLE HARBOR,MD,500,38.560304992000056,-76.68896132899994,76.92307692307692
615753,CHALKPOINT CT 3,AGGREGATE,,146158,CHALK POINT,EAGLE HARBOR,MD,500,38.560304992000056,-76.68896132899994,76.92307692307692
615754,CHALKPOINT CT 2,AGGREGATE,,146158,CHALK POINT,EAGLE HARBOR,MD,500,38.560304992000056,-76.68896132899994,76.92307692307692
615755,CHALKPOINT CT 1,AGGREGATE,,146158,CHALK POINT,EAGLE HARBOR,MD,500,38.560304992000056,-76.68896132899994,76.92307692307692
615756,CHALKPOINT 4,AGGREGATE,,146158,CHALK POINT,EAGLE HARBOR,MD,500,38.560304992000056,-76.68896132899994,86.95652173913044
615757,CHALKPOINT 3,AGGREGATE,,146158,CHALK POINT,EAGLE HARBOR,MD,500,38.560304992000056,-76.68896132899994,86.95652173913044
615758,CHALKPOINT 2,AGGREGATE,,146158,CHALK POINT,EAGLE HARBOR,MD,500,38.560304992000056,-76.68896132899994,86.95652173913044
615759,CHALKPOINT 1,AGGREGATE,,146158,CHALK POINT,EAGLE HARBOR,MD,500,38.560304992000056,-76.68896132899994,86.95652173913044
615760,BERLIN DPL,AGGREGATE,,108907,BERWIND,WAR,WV,-999999,37.25626776100006,-81.64839057499995,70.58823529411764
659783,GIRARD,AGGREGATE,,151294,GIRARD,GIRARD,OH,-999999,41.15651137300006,-80.70366747999998,100.0
684708,BENNING 16,AGGREGATE,,133894,BENNING (69KV),WASHINGTON,DC,115,38.89985840300005,-76.95561928599994,75.0
684708,BENNING 16,AGGREGATE,,133893,BENNING (115KV),WASHINGTON,DC,115,38.89738257400006,-76.95801659299997,72.0
684708,BENNING 16,AGGREGATE,,147333,BENNINGTON,ROANOKE,VA,138,37.308572592000075,-79.93011713899995,70.0
684709,BENNING 15,AGGREGATE,,133893,BENNING (115KV),WASHINGTON,DC,115,38.89738257400006,-76.95801659299997,80.0
684709,BENNING 15,AGGREGATE,,147333,BENNINGTON,ROANOKE,VA,138,37.308572592000075,-79.93011713899995,70.0
684784,HUNLOCK 4,AGGREGATE,,123663,HUNLOCK UNIT 4,HUNLOCK CREEK,PA,69,41.20196361700005,-76.06953600599996,78.26086956521739
734084,CROYDON CT 12,AGGREGATE,,143957,CROYDON,CROYDON,PA,230,40.080705299000044,-74.89133972099995,70.0
734085,CROYDON CT 11,AGGREGATE,,143957,CROYDON,CROYDON,PA,230,40.080705299000044,-74.89133972099995,70.0
734087,CROMBY 2,AGGREGATE,,146513,CROMBY,EAST PIKELAND TWP,PA,230,40.150716713000065,-75.52983797499996,85.71428571428572
734088,CROMBY 1,AGGREGATE,,146513,CROMBY,EAST PIKELAND TWP,PA,230,40.150716713000065,-75.52983797499996,85.71428571428572
734089,CHESTER CT 9,AGGREGATE,,143625,CHESTER,CHESTER,NJ,230,40.79420234200006,-74.69924700599995,73.6842105263158
734089,CHESTER CT 9,AGGREGATE,,150375,SOUTH CHESTER,CHESTER,WV,-999999,40.59441775000005,-80.56807299899998,72.0
734090,CHESTER CT 8,AGGREGATE,,143625,CHESTER,CHESTER,NJ,230,40.79420234200006,-74.69924700599995,73.6842105263158
734090,CHESTER CT 8,AGGREGATE,,150375,SOUTH CHESTER,CHESTER,WV,-999999,40.59441775000005,-80.56807299899998,72.0
734091,DELAWARE CT 11,AGGREGATE,,124045,DELAWARE,MUNCIE,IN,138,40.23832324700004,-85.40767586599998,72.72727272727273
734091,DELAWARE CT 11,AGGREGATE,,144043,DELAWARE,PHILADELPHIA,PA,69,39.967710434000026,-75.12680701199997,72.72727272727273
734092,DELAWARE CT 10,AGGREGATE,,124045,DELAWARE,MUNCIE,IN,138,40.23832324700004,-85.40767586599998,72.72727272727273
734092,DELAWARE CT 10,AGGREGATE,,144043,DELAWARE,PHILADELPHIA,PA,69,39.967710434000026,-75.12680701199997,72.72727272727273
734093,CROYDON CT 42,AGGREGATE,,143957,CROYDON,CROYDON,PA,230,40.080705299000044,-74.89133972099995,70.0
734094,CROYDON CT 41,AGGREGATE,,143957,CROYDON,CROYDON,PA,230,40.080705299000044,-74.89133972099995,70.0
734095,CROYDON CT 32,AGGREGATE,,143957,CROYDON,CROYDON,PA,230,40.080705299000044,-74.89133972099995,70.0
734096,CROYDON CT 31,AGGREGATE,,143957,CROYDON,CROYDON,PA,230,40.080705299000044,-74.89133972099995,70.0
734097,CROYDON CT 22,AGGREGATE,,143957,CROYDON,CROYDON,PA,230,40.080705299000044,-74.89133972099995,70.0
734098,CROYDON CT 21,AGGREGATE,,143957,CROYDON,CROYDON,PA,230,40.080705299000044,-74.89133972099995,70.0
734102,EDDYSTONE CT 40,AGGREGATE,,144027,EDDYSTONE,CRUM LYNNE,PA,230,39.86029213900008,-75.32603277299995,75.0
734103,EDDYSTONE CT 30,AGGREGATE,,144027,EDDYSTONE,CRUM LYNNE,PA,230,39.86029213900008,-75.32603277299995,75.0
734104,EDDYSTONE 4,AGGREGATE,,144027,EDDYSTONE,CRUM LYNNE,PA,230,39.86029213900008,-75.32603277299995,90.0
734104,EDDYSTONE 4,AGGREGATE,,146704,KEYSTONE,SHELOCTA,PA,500,40.65770284200005,-79.33851666499999,73.6842105263158
734105,EDDYSTONE 3,AGGREGATE,,144027,EDDYSTONE,CRUM LYNNE,PA,230,39.86029213900008,-75.32603277299995,90.0
734105,EDDYSTONE 3,AGGREGATE,,146704,KEYSTONE,SHELOCTA,PA,500,40.65770284200005,-79.33851666499999,73.6842105263158
734106,EDDYSTONE 2,AGGREGATE,,144027,EDDYSTONE,CRUM LYNNE,PA,230,39.86029213900008,-75.32603277299995,90.0
734106,EDDYSTONE 2,AGGREGATE,,123966,EASTON 2,EASTON,MD,-999999,38.794976844000075,-76.06913722199994,73.6842105263158
734106,EDDYSTONE 2,AGGREGATE,,146704,KEYSTONE,SHELOCTA,PA,500,40.65770284200005,-79.33851666499999,73.6842105263158
734107,EDDYSTONE 1,AGGREGATE,,144027,EDDYSTONE,CRUM LYNNE,PA,230,39.86029213900008,-75.32603277299995,90.0
734107,EDDYSTONE 1,AGGREGATE,,146704,KEYSTONE,SHELOCTA,PA,500,40.65770284200005,-79.33851666499999,73.6842105263158
734108,EDDYSTONE CT 20,AGGREGATE,,144027,EDDYSTONE,CRUM LYNNE,PA,230,39.86029213900008,-75.32603277299995,75.0
734109,EDDYSTONE CT 10,AGGREGATE,,144027,EDDYSTONE,CRUM LYNNE,PA,230,39.86029213900008,-75.32603277299995,75.0
734111,DELAWARE CT 9,AGGREGATE,,124045,DELAWARE,MUNCIE,IN,138,40.23832324700004,-85.40767586599998,76.19047619047619
734111,DELAWARE CT 9,AGGREGATE,,144043,DELAWARE,PHILADELPHIA,PA,69,39.967710434000026,-75.12680701199997,76.19047619047619
734112,DELAWARE CT 12,AGGREGATE,,124045,DELAWARE,MUNCIE,IN,138,40.23832324700004,-85.40767586599998,72.72727272727273
734112,DELAWARE CT 12,AGGREGATE,,144043,DELAWARE,PHILADELPHIA,PA,69,39.967710434000026,-75.12680701199997,72.72727272727273
734113,DELAWARE 8,AGGREGATE,,124045,DELAWARE,MUNCIE,IN,138,40.23832324700004,-85.40767586599998,88.88888888888889
734113,DELAWARE 8,AGGREGATE,,144043,DELAWARE,PHILADELPHIA,PA,69,39.967710434000026,-75.12680701199997,88.88888888888889
734114,DELAWARE 7,AGGREGATE,,124045,DELAWARE,MUNCIE,IN,138,40.23832324700004,-85.40767586599998,88.88888888888889
734114,DELAWARE 7,AGGREGATE,,144043,DELAWARE,PHILADELPHIA,PA,69,39.967710434000026,-75.12680701199997,88.88888888888889
734115,CONOWINGO 8,AGGREGATE,,123007,CONOWINGO,DARLINGTON,MD,230,39.65724347100007,-76.17533160499994,90.0
734116,CONOWINGO 9,AGGREGATE,,123007,CONOWINGO,DARLINGTON,MD,230,39.65724347100007,-76.17533160499994,90.0
734117,CONOWINGO 10,AGGREGATE,,123007,CONOWINGO,DARLINGTON,MD,230,39.65724347100007,-76.17533160499994,85.71428571428572
734118,CONOWINGO 11,AGGREGATE,,123007,CONOWINGO,DARLINGTON,MD,230,39.65724347100007,-76.17533160499994,85.71428571428572
734119,SCHUYLKILL 1,AGGREGATE,,144039,SCHUYLKILL,PHILADELPHIA,PA,230,39.942033483000046,-75.18655430699994,90.9090909090909
734119,SCHUYLKILL 1,AGGREGATE,,144040,SCHUYLKILL,PHILADELPHIA,PA,230,39.942943627000034,-75.18783921599999,90.9090909090909
734120,SCHUYLKILL 3,AGGREGATE,,144039,SCHUYLKILL,PHILADELPHIA,PA,230,39.942033483000046,-75.18655430699994,90.9090909090909
734120,SCHUYLKILL 3,AGGREGATE,,144040,SCHUYLKILL,PHILADELPHIA,PA,230,39.942943627000034,-75.18783921599999,90.9090909090909
734121,SCHUYLKILL CT 10,AGGREGATE,,144039,SCHUYLKILL,PHILADELPHIA,PA,230,39.942033483000046,-75.18655430699994,76.92307692307692
734121,SCHUYLKILL CT 10,AGGREGATE,,144040,SCHUYLKILL,PHILADELPHIA,PA,230,39.942943627000034,-75.18783921599999,76.92307692307692
734122,SCHUYLKILL CT 11,AGGREGATE,,144039,SCHUYLKILL,PHILADELPHIA,PA,230,39.942033483000046,-75.18655430699994,76.92307692307692
734122,SCHUYLKILL CT 11,AGGREGATE,,144040,SCHUYLKILL,PHILADELPHIA,PA,230,39.942943627000034,-75.18783921599999,76.92307692307692
734123,SCHUYLKILL DIESEL,AGGREGATE,,144039,SCHUYLKILL,PHILADELPHIA,PA,230,39.942033483000046,-75.18655430699994,74.07407407407408
734123,SCHUYLKILL DIESEL,AGGREGATE,,144040,SCHUYLKILL,PHILADELPHIA,PA,230,39.942943627000034,-75.18783921599999,74.07407407407408
734124,RICHMOND CT 92,AGGREGATE,,143959,RICHMOND,PHILADELPHIA,PA,230,39.984671872000035,-75.07733244399998,72.72727272727273
734125,RICHMOND CT 91,AGGREGATE,,143959,RICHMOND,PHILADELPHIA,PA,230,39.984671872000035,-75.07733244399998,72.72727272727273
734134,MUDDY RUN,AGGREGATE,,124872,MUDDY RUN,ELK GROVE VILLAGE,PA,230,39.80774878900007,-76.29936540299997,100.0
734135,MERCK,AGGREGATE,,132613,MERCER,TRENTON,NJ,230,40.180142266000075,-74.73273882399997,72.72727272727273
734138,SOUTHWARK CT 3,AGGREGATE,,144025,SOUTHWARK,PHILADELPHIA,PA,69,39.914075798000056,-75.13658234199994,78.26086956521739
734139,SOUTHWARK CT 4,AGGREGATE,,144025,SOUTHWARK,PHILADELPHIA,PA,69,39.914075798000056,-75.13658234199994,78.26086956521739
734140,SOUTHWARK CT 5,AGGREGATE,,144025,SOUTHWARK,PHILADELPHIA,PA,69,39.914075798000056,-75.13658234199994,78.26086956521739
734141,SOUTHWARK CT 6,AGGREGATE,,144025,SOUTHWARK,PHILADELPHIA,PA,69,39.914075798000056,-75.13658234199994,78.26086956521739
734142,CONOWINGO 1,AGGREGATE,,123007,CONOWINGO,DARLINGTON,MD,230,39.65724347100007,-76.17533160499994,90.0
734143,CONOWINGO 2,AGGREGATE,,123007,CONOWINGO,DARLINGTON,MD,230,39.65724347100007,-76.17533160499994,90.0
734144,CONOWINGO 3,AGGREGATE,,123007,CONOWINGO,DARLINGTON,MD,230,39.65724347100007,-76.17533160499994,90.0
734145,CONOWINGO 4,AGGREGATE,,123007,CONOWINGO,DARLINGTON,MD,230,39.65724347100007,-76.17533160499994,90.0
734146,CONOWINGO 5,AGGREGATE,,123007,CONOWINGO,DARLINGTON,MD,230,39.65724347100007,-76.17533160499994,90.0
734147,CONOWINGO 6,AGGREGATE,,123007,CONOWINGO,DARLINGTON,MD,230,39.65724347100007,-76.17533160499994,90.0
734148,CONOWINGO 7,AGGREGATE,,123007,CONOWINGO,DARLINGTON,MD,230,39.65724347100007,-76.17533160499994,90.0
734149,MONTENAY,AGGREGATE,,146988,MONETA,MONETA,VA,138,37.19526387800005,-79.61744947099999,71.42857142857143
734149,MONTENAY,AGGREGATE,,144500,FRONTENAC,AURORA,IL,138,41.74774644200005,-88.23444252699994,70.58823529411764
734150,KIMBERLY CLARK,AGGREGATE,,151295,KIMBERLY,YOUNGSTOWN,OH,-999999,41.101848956000026,-80.75737130399995,72.72727272727273
740165,CHESTER CT 7,AGGREGATE,,143625,CHESTER,CHESTER,NJ,230,40.79420234200006,-74.69924700599995,73.6842105263158
740165,CHESTER CT 7,AGGREGATE,,150375,SOUTH CHESTER,CHESTER,WV,-999999,40.59441775000005,-80.56807299899998,72.0
904121,RAYSTOWN,AGGREGATE,,147547,RAYSTOWN,HUNTINGDON,PA,230,40.45576666000005,-78.03609612499997,100.0
904121,RAYSTOWN,AGGREGATE,,111419,GASTON,LITTLETON,NC,232,36.498793601000045,-77.81135660399997,71.42857142857143
904121,RAYSTOWN,AGGREGATE,,122913,EASTON,EASTON,MD,-999999,38.77894463600006,-76.07798381999999,71.42857142857143
910606,SUSQUEHANNA 2,AGGREGATE,,146475,SUSQUEHANNA,BERWICK,PA,500,41.09199356400006,-76.14705656799998,91.66666666666666
910607,SUSQUEHANNA 1,AGGREGATE,,146475,SUSQUEHANNA,BERWICK,PA,500,41.09199356400006,-76.14705656799998,91.66666666666666
918820,SEWAREN 2,AGGREGATE,,132286,SEWAREN,ELMER,NJ,230,40.55687262500004,-74.24800582099994,87.5
989099,SCHUYLKILL NUG,AGGREGATE,,144039,SCHUYLKILL,PHILADELPHIA,PA,230,39.942033483000046,-75.18655430699994,83.33333333333334
989099,SCHUYLKILL NUG,AGGREGATE,,144040,SCHUYLKILL,PHILADELPHIA,PA,230,39.942943627000034,-75.18783921599999,83.33333333333334
1064503,NORTHAMPTON,AGGREGATE,,108928,NORTH POINT,LOGAN,WV,138,37.92050453300004,-81.97562482899997,72.72727272727273
1064503,NORTHAMPTON,AGGREGATE,,155003,NORTON,NORTON,OH,-999999,41.01179739100007,-81.64636381499997,70.58823529411764
1064503,NORTHAMPTON,AGGREGATE,,146766,NORTHEAST,MIDDLE RIVER,MD,230,39.36503840000006,-76.42790756799997,70.0
1071887,KENT CT1,AGGREGATE,,153846,EAST KENT,KENT,OH,-999999,41.14989199200005,-81.34961221799995,70.58823529411764
1071888,KENT CT2,AGGREGATE,,153846,EAST KENT,KENT,OH,-999999,41.14989199200005,-81.34961221799995,70.58823529411764
1080786,IRONWOOD,AGGREGATE,,123854,IRONWOOD LLC,SOUTH LEBANON TWP,PA,230,40.351118238000026,-76.36696378899995,80.0
1080786,IRONWOOD,AGGREGATE,,144049,LINWOOD,MARCUS HOOK,PA,230,39.81803013600006,-75.43314741199998,80.0
1080786,IRONWOOD,AGGREGATE,,139349,LONGWOOD,BETHESDA,MD,-999999,39.007958408000036,-77.14850933799994,75.0
1080787,HAY ROAD 7,AGGREGATE,,130225,HAY ROAD,WILMINGTON,DE,230,39.74310043700007,-75.50722115299999,88.88888888888889
1080787,HAY ROAD 7,AGGREGATE,,134711,EASY ROAD,DIXON,IL,345,41.82769814100004,-89.40725961199996,73.6842105263158
1082063,MARION,AGGREGATE,,152437,MARION,COLUMBUS,OH,138,39.92233884800004,-82.97151186799994,100.0
1082063,MARION,AGGREGATE,,153664,MARION,FINDLAY,OH,-999999,41.05902710500004,-83.58606511099998,100.0
1082063,MARION,AGGREGATE,,177079,MARION,JERSEY CITY,NJ,345,40.749163499000076,-74.07164517099994,100.0
1104241,HANDSOME LAKE,AGGREGATE,,146427,HANDSOME LAKE,ROCKLAND TWP,PA,345,41.29145587200003,-79.80819622599995,100.0
1104241,HANDSOME LAKE,AGGREGATE,,123530,HANDSOME LAKE ENERGY LLC,ROCKLAND TWP,PA,345,41.29117740400005,-79.80649136899996,70.27027027027026
1127186,HAY ROAD 6,AGGREGATE,,130225,HAY ROAD,WILMINGTON,DE,230,39.74310043700007,-75.50722115299999,88.88888888888889
1127186,HAY ROAD 6,AGGREGATE,,134711,EASY ROAD,DIXON,IL,345,41.82769814100004,-89.40725961199996,73.6842105263158
1128245,INDIAN RIVER 1,AGGREGATE,,146373,NI RIVER DP,SPOTSYLVANIA,VA,115,38.243256459000065,-77.58614836999999,72.0
1128246,INDIAN RIVER 2,AGGREGATE,,146373,NI RIVER DP,SPOTSYLVANIA,VA,115,38.243256459000065,-77.58614836999999,72.0
1128247,INDIAN RIVER 3,AGGREGATE,,146373,NI RIVER DP,SPOTSYLVANIA,VA,115,38.243256459000065,-77.58614836999999,72.0
1128248,INDIAN RIVER 4,AGGREGATE,,146373,NI RIVER DP,SPOTSYLVANIA,VA,115,38.243256459000065,-77.58614836999999,72.0
1377587,HAY ROAD 5,AGGREGATE,,130225,HAY ROAD,WILMINGTON,DE,230,39.74310043700007,-75.50722115299999,88.88888888888889
1377587,HAY ROAD 5,AGGREGATE,,134711,EASY ROAD,DIXON,IL,345,41.82769814100004,-89.40725961199996,73.6842105263158
1856782,CLAYTON G1,AGGREGATE,,121138,CLAYTOR,RADFORD,VA,-999999,37.074673638000036,-80.58412392199995,70.58823529411764
1856782,CLAYTON G1,AGGREGATE,,150378,CLAYTOR,RADFORD,VA,138,37.07236378300007,-80.58238534399999,70.58823529411764
2333553,MIDDLESEX,AGGREGATE,,143617,MIDDLESEX,PISCATAWAY,NJ,230,40.560811053000066,-74.46217089299995,100.0
4198416,RED OAK B STEAM,AGGREGATE,,140904,READ OAK STATION,SAYREVILLE,NJ,230,40.44924698300008,-74.34708117799994,70.96774193548387
4198418,RED OAK A CT3,AGGREGATE,,117044,RED OAK (AP),JEWELL RIDGE,VA,69,37.21217184200003,-81.75237775499994,72.0
4198419,RED OAK A CT2,AGGREGATE,,117044,RED OAK (AP),JEWELL RIDGE,VA,69,37.21217184200003,-81.75237775499994,72.0
4665060,CAMDEN TECH,AGGREGATE,,143962,CAMDEN,MERCHANTVILLE,NJ,230,39.96580840800004,-75.04466349499995,70.58823529411764
5022431,BEDINGTON,EHV,500 KV,147521,BEDINGTON,MARTINSBURG,WV,500,39.51558068400004,-77.91731837199995,100.0
5022431,BEDINGTON,EHV,500 KV,143948,EDDINGTON,BENSALEM,PA,230,40.07397745500003,-74.94604397699999,88.88888888888889
5022431,BEDINGTON,EHV,500 KV,147333,BENNINGTON,ROANOKE,VA,138,37.308572592000075,-79.93011713899995,84.21052631578947
5022432,BELMONT,EHV,765 KV,151012,BELMONT,YOUNGSTOWN,OH,-999999,41.10530269100008,-80.65597869599998,100.0
5022432,BELMONT,EHV,765 KV,153839,BELMONT,SAINT MARYS,WV,765,39.34476495200005,-81.30863969199999,100.0
5022432,BELMONT,EHV,765 KV,146336,ELMONT,GLEN ALLEN,VA,500,37.69779580000005,-77.48471146699995,92.3076923076923
5022433,BLACKOAK,EHV,500 KV,146915,BLACK OAK,RAWLINGS,MD,500,39.49979614700004,-78.91605627499996,94.11764705882352
5022433,BLACKOAK,EHV,500 KV,146948,BLACK OAK,RAWLINGS,MD,-999999,39.49763629800003,-78.91849737599995,94.11764705882352
5022434,CABOT,EHV,500 KV,146389,CABOT,CABOT,PA,500,40.80177936500007,-79.79607462099995,100.0
5022435,DOUBS,EHV,500 KV,146349,DOUBS,ADAMSTOWN,MD,500,39.29642643200003,-77.51476199999996,100.0
5022435,DOUBS,EHV,500 KV,147377,DUBOIS,DUBOIS,PA,115,41.11998525700005,-78.73105811699998,72.72727272727273
5022436,FORTMARTIN,EHV,500 KV,146435,FORT MARTIN,DILLINER,WV,500,39.71802127600006,-79.93357996699996,95.23809523809523
5022437,HARRISON,EHV,500 KV,116775,HARRISON,CENTREVILLE,VA,115,38.81146882500008,-77.45130041899995,100.0
5022437,HARRISON,EHV,500 KV,140957,HARRISON,HARRISON,NJ,-999999,40.74505057400006,-74.15427588799997,100.0
5022437,HARRISON,EHV,500 KV,147602,HARRISON,WASHINGTON,DC,138,38.95736009500007,-77.08443832299997,100.0
5022438,HARRISONTAP,EHV,500 KV,116775,HARRISON,CENTREVILLE,VA,115,38.81146882500008,-77.45130041899995,84.21052631578947
5022438,HARRISONTAP,EHV,500 KV,140957,HARRISON,HARRISON,NJ,-999999,40.74505057400006,-74.15427588799997,84.21052631578947
5022438,HARRISONTAP,EHV,500 KV,147602,HARRISON,WASHINGTON,DC,138,38.95736009500007,-77.08443832299997,84.21052631578947
5022439,HATFIELD,EHV,500 KV,146450,HATFIELD,CARMICHAELS,PA,500,39.85824864800003,-79.93320914999998,100.0
5022439,HATFIELD,EHV,500 KV,116745,HAYFIELD,ALEXANDRIA,VA,230,38.763114803000065,-77.15040431899996,87.5
5022439,HATFIELD,EHV,500 KV,121509,HATFIELD (KP),BELFRY,KY,138,37.65178700000007,-82.34073999999998,76.19047619047619
5022440,MEADOWBROOK,EHV,500 KV,124024,MEADOWBROOK,ANDERSON,IN,138,40.06802656600007,-85.66959287899994,100.0
5022440,MEADOWBROOK,EHV,500 KV,143620,MEADOW ROAD,EDISON,NJ,138,40.496980327000074,-74.39128623499994,72.72727272727273
5022441,PLEASANTS,EHV,500 KV,146181,SEAT PLEASANT,SEAT PLEASANT,MD,-999999,38.89521829600005,-76.90975881399999,81.81818181818181
5022441,PLEASANTS,EHV,500 KV,146543,MT. PLEASANT,MIDDLETOWN,DE,138,39.48964691100008,-75.74266213599998,76.19047619047619
5022441,PLEASANTS,EHV,500 KV,144513,PLEASANT HILL,WINFIELD,IL,138,41.90022727100006,-88.13511349099997,72.72727272727273
5022442,PRUNTYTOWN,EHV,500 KV,151803,PRUNTYTOWN,GRAFTON,WV,500,39.35097213300003,-80.06465954699996,100.0
5022442,PRUNTYTOWN,EHV,500 KV,122658,HUNTERTOWN,HUNTERTOWN,IN,138,41.221262214000035,-85.17766623099999,70.0
5022443,WYLIERIDGE,EHV,500 KV,146797,LAKERIDGE,WOODBRIDGE,VA,230,38.69243137800004,-77.29486848599998,73.6842105263158
5022443,WYLIERIDGE,EHV,500 KV,146405,BLUE RIDGE,BLUE RIDGE,VA,-999999,37.38548830600007,-79.79839528799994,70.0
5022444,YUKON,EHV,500 KV,146390,YUKON,WEST NEWTON,PA,500,40.20991266900006,-79.72461306599996,100.0
5022444,YUKON,EHV,500 KV,148211,UKNOWN,PETERSBURG,VA,115,37.08919503900006,-77.42517512699999,72.72727272727273
5133673,LIBERTY,AGGREGATE,,144517,LIBERTYVILLE,LIBERTYVILLE,IL,345,42.31378828100003,-87.97535784699994,73.6842105263158
5133673,LIBERTY,AGGREGATE,,132948,GILBERT,MILFORD,NJ,230,40.56637695100005,-75.16470925599998,71.42857142857143
5133673,LIBERTY,AGGREGATE,,144391,GILBERT,MILFORD,NJ,230,40.568729304000044,-75.16213125899998,71.42857142857143
6422624,CHAMBERS CCLP,AGGREGATE,,132623,CHAMBERS,PENNS GROVE,NJ,230,39.69421153600007,-75.48471163599999,76.19047619047619
6470135,SULLIVAN,AGGREGATE,,147783,SULLIVAN,BLUFF CITY,TN,500,36.44218485600004,-82.27951383299995,100.0
6470135,SULLIVAN,AGGREGATE,,160568,MULLIN,ALEXANDRIA,IN,138,40.271193622000055,-85.77470662699994,71.42857142857143
7174195,HAZLETON 3-4,AGGREGATE,,124997,HAZELTON,HAZLETON,PA,-999999,40.928811377000045,-76.04097461499998,70.0
7633629,RECO,ZONE,,146785,BECO,STERLING,VA,230,39.02455766700007,-77.43713271499996,75.0
8710376,FT MARTIN 1,AGGREGATE,,146435,FORT MARTIN,DILLINER,WV,500,39.71802127600006,-79.93357996699996,81.81818181818181
8717315,SOUTH BEND 1-4,AGGREGATE,,122730,SOUTH BEND,SOUTH BEND,IN,138,41.695959893000065,-86.19973764499997,83.33333333333334
9380549,GANS CC,AGGREGATE,,124593,GANS,LAKE LYNN,PA,138,39.74733629700006,-79.83791494299999,72.72727272727273
9380549,GANS CC,AGGREGATE,,124593,GANS,LAKE LYNN,PA,138,39.74733629700006,-79.83791494299999,72.72727272727273
9380671,GUILFORD CC,AGGREGATE,,124394,GUILFORD,GUILFORD TWP,PA,138,39.86392764200008,-77.69087703899999,84.21052631578947
9380671,GUILFORD CC,AGGREGATE,,124394,GUILFORD,GUILFORD TWP,PA,138,39.86392764200008,-77.69087703899999,84.21052631578947
11109223,HUNTERSTOWN CC,AGGREGATE,,123463,HUNTERSTOWN,GETTYSBURG,PA,115,39.86816982900007,-77.16455018799996,88.0
11109223,HUNTERSTOWN CC,AGGREGATE,,123463,HUNTERSTOWN,GETTYSBURG,PA,115,39.86816982900007,-77.16455018799996,88.0
11109223,HUNTERSTOWN CC,AGGREGATE,,122658,HUNTERTOWN,HUNTERTOWN,IN,138,41.221262214000035,-85.17766623099999,83.33333333333334
11109223,HUNTERSTOWN CC,AGGREGATE,,122658,HUNTERTOWN,HUNTERTOWN,IN,138,41.221262214000035,-85.17766623099999,83.33333333333334
11473604,BERGEN 2CC,AGGREGATE,,132405,BERGEN,RIDGEFIELD,NJ,345,40.83407160300004,-74.01649311099999,75.0
11473605,HAZLETON 1-4,AGGREGATE,,124997,HAZELTON,HAZLETON,PA,-999999,40.928811377000045,-76.04097461499998,70.0
11473606,HAZLETON 2-3,AGGREGATE,,124997,HAZELTON,HAZLETON,PA,-999999,40.928811377000045,-76.04097461499998,70.0
11517088,SOUTHBEND,EHV,500 KV,146705,SOUTHBEND,SHELOCTA,PA,500,40.64158330200007,-79.34597924799994,100.0
11855104,EAGLE POINT,AGGREGATE,,144388,EAGLE POINT,WEST DEPTFORD TWP,NJ,230,39.869695473000036,-75.13719472599996,100.0
11855104,EAGLE POINT,AGGREGATE,,146158,CHALK POINT,EAGLE HARBOR,MD,500,38.560304992000056,-76.68896132899994,72.72727272727273
11855104,EAGLE POINT,AGGREGATE,,154279,CEDAR POINT,SANDUSKY,OH,-999999,41.449621782000065,-82.67204982599998,72.72727272727273
12580877,GRAND POINT,AGGREGATE,,124393,GRAND POINT,GREENE TWP,PA,138,39.93861241900004,-77.60545367499998,100.0
18394940,STEEL CITY CT1,AGGREGATE,,143983,STEEL CITY,LOWER SAUCON TWP,PA,500,40.619749752000075,-75.30872970699994,83.33333333333334
18394941,STEEL CITY CT2,AGGREGATE,,143983,STEEL CITY,LOWER SAUCON TWP,PA,500,40.619749752000075,-75.30872970699994,83.33333333333334
18394942,STEEL CITY CT3,AGGREGATE,,143983,STEEL CITY,LOWER SAUCON TWP,PA,500,40.619749752000075,-75.30872970699994,83.33333333333334
18394944,STEEL CITY CT5,AGGREGATE,,143983,STEEL CITY,LOWER SAUCON TWP,PA,500,40.619749752000075,-75.30872970699994,83.33333333333334
18394945,STEEL CITY CT6,AGGREGATE,,143983,STEEL CITY,LOWER SAUCON TWP,PA,500,40.619749752000075,-75.30872970699994,83.33333333333334
18862527,GRANDPOINT T1,AGGREGATE,,124393,GRAND POINT,GREENE TWP,PA,138,39.93861241900004,-77.60545367499998,83.33333333333334
19623500,ROCK SPRINGS CT1,AGGREGATE,,123015,ROCK SPRINGS,CONOWINGO,MD,500,39.71772062000008,-76.16152692799994,85.71428571428572
19623500,ROCK SPRINGS CT1,AGGREGATE,,146224,SPRING BROOK,NAPERVILLE,IL,138,41.70280878600005,-88.16602186399996,71.42857142857143
19623501,ROCK SPRINGS CT2,AGGREGATE,,123015,ROCK SPRINGS,CONOWINGO,MD,500,39.71772062000008,-76.16152692799994,85.71428571428572
19623501,ROCK SPRINGS CT2,AGGREGATE,,146224,SPRING BROOK,NAPERVILLE,IL,138,41.70280878600005,-88.16602186399996,71.42857142857143
19623502,ROCK SPRINGS CT3,AGGREGATE,,123015,ROCK SPRINGS,CONOWINGO,MD,500,39.71772062000008,-76.16152692799994,85.71428571428572
19623502,ROCK SPRINGS CT3,AGGREGATE,,146224,SPRING BROOK,NAPERVILLE,IL,138,41.70280878600005,-88.16602186399996,71.42857142857143
19623503,ROCK SPRINGS CT4,AGGREGATE,,123015,ROCK SPRINGS,CONOWINGO,MD,500,39.71772062000008,-76.16152692799994,85.71428571428572
19623503,ROCK SPRINGS CT4,AGGREGATE,,146224,SPRING BROOK,NAPERVILLE,IL,138,41.70280878600005,-88.16602186399996,71.42857142857143
19623504,ROCK SPRINGS CT5,AGGREGATE,,123015,ROCK SPRINGS,CONOWINGO,MD,500,39.71772062000008,-76.16152692799994,85.71428571428572
19623504,ROCK SPRINGS CT5,AGGREGATE,,146224,SPRING BROOK,NAPERVILLE,IL,138,41.70280878600005,-88.16602186399996,71.42857142857143
19623505,ROCK SPRINGS CT6,AGGREGATE,,123015,ROCK SPRINGS,CONOWINGO,MD,500,39.71772062000008,-76.16152692799994,85.71428571428572
19623505,ROCK SPRINGS CT6,AGGREGATE,,146224,SPRING BROOK,NAPERVILLE,IL,138,41.70280878600005,-88.16602186399996,71.42857142857143
21601869,RONCO,EHV,500 KV,146451,RONCO,MASONTOWN,PA,500,39.86077137900003,-79.91629425299999,100.0
21616495,ROCKSPRINGS,EHV,500 KV,123015,ROCK SPRINGS,CONOWINGO,MD,500,39.71772062000008,-76.16152692799994,95.65217391304348
21616495,ROCKSPRINGS,EHV,500 KV,146224,SPRING BROOK,NAPERVILLE,IL,138,41.70280878600005,-88.16602186399996,78.26086956521739
22191899,HAGERSTOWN - AP,AGGREGATE,,122881,EAST HAGERSTOWN,HAGERSTOWN,MD,138,39.62253913500007,-77.66069368999996,80.0
22254167,FRONT ROYAL - AP,AGGREGATE,,147529,FRONT ROYAL,FRONT ROYAL,VA,500,38.968529352000076,-78.17746335799995,81.4814814814815
22465574,THURMONT - AP,AGGREGATE,,123965,THURMONT,THURMONT,MD,-999999,39.623238291000064,-77.40807188099996,76.19047619047619
29782761,CONASTONEHV     LMP,EHV,EHV,146549,CONASTONE,WHITE HALL,MD,500,39.68741801400006,-76.54039286299997,75.0
29782763,CONEMAUGEHV     LMP,EHV,EHV,147447,CONEMAUGH,NEW FLORENCE,PA,500,40.38980907700005,-79.05908612499996,75.0
29782763,CONEMAUGEHV     LMP,EHV,EHV,162048,CONEMAUGH,NEW FLORENCE,PA,115,40.38579968500005,-79.05925268699997,75.0
31447023,WARRIOR RIDGE,AGGREGATE,,123847,WARRIOR RIDGE HYDRO,LOGAN TWP,PA,-999999,40.54123721000008,-78.03441113399998,81.25
32411029,DANVILLE4 KV    T2,LOAD,4 KV,146728,EAST DANVILLE,DANVILLE,VA,230,36.60368389400003,-79.34794619499996,71.42857142857143
32411157,EBROAD  138 KV  T1,LOAD,138 KV,153211,BROADFORD (138 KV),SALTVILLE,VA,138,36.92073876500007,-81.68295248099997,70.58823529411764
32411159,EBROAD  138 KV  T2,LOAD,138 KV,153211,BROADFORD (138 KV),SALTVILLE,VA,138,36.92073876500007,-81.68295248099997,70.58823529411764
32411807,LEBANON 138 KV  T1,LOAD,138 KV,160155,PLANO (138 KV),PLANO,IL,138,41.68782542800005,-88.47423237799995,70.96774193548387
32412801,TAYLOR2 138 KV  T1,LOAD,138 KV,144510,TAYLOR (138 & 345KV),CHICAGO,IL,-999999,41.87089645400005,-87.63660127599996,70.27027027027026
32413025,WHUNTING69 KV   HOUDAILL,LOAD,69 KV,147589,HUNTING HILL,ROCKVILLE,MD,-999999,39.095394843000065,-77.20747879299995,70.58823529411764
32418337,BYLLESBY13 KV   BY2,GEN,13 KV,117062,BYLLESBY 2,IVANHOE,VA,138,36.78448550600007,-80.93530348499996,74.07407407407408
32661103,HATFIELD - PL,AGGREGATE,,146450,HATFIELD,CARMICHAELS,PA,500,39.85824864800003,-79.93320914999998,76.19047619047619
32661105,WEATHERLY,AGGREGATE,,140863,WAVERLY,NEWARK,NJ,-999999,40.69027374800004,-74.19843169799998,75.0
32661105,WEATHERLY,AGGREGATE,,144042,WAVERLY,PHILADELPHIA,PA,69,39.94493293900007,-75.16377257899995,75.0
32661105,WEATHERLY,AGGREGATE,,152358,WATER,AKRON,OH,-999999,41.074917232000075,-81.52613458199994,71.42857142857143
32661107,QUAKERTOWN,AGGREGATE,,122658,HUNTERTOWN,HUNTERTOWN,IN,138,41.221262214000035,-85.17766623099999,70.0
32661107,QUAKERTOWN,AGGREGATE,,146385,YEAGERTOWN,YEAGERTOWN,PA,230,40.63343882600003,-77.57725775099993,70.0
32661109,WATSONTOWN,AGGREGATE,,152855,WASHINGTON,CARROLLTON,OH,138,40.619300519000035,-81.01830430199999,70.0
32661109,WATSONTOWN,AGGREGATE,,160750,WASHINGTON,WASHINGTON,NC,-999999,35.50587204200008,-76.97571457499998,70.0
32661111,SCHUYLKILL HAVEN,AGGREGATE,,144039,SCHUYLKILL,PHILADELPHIA,PA,230,39.942033483000046,-75.18655430699994,76.92307692307692
32661111,SCHUYLKILL HAVEN,AGGREGATE,,144040,SCHUYLKILL,PHILADELPHIA,PA,230,39.942943627000034,-75.18783921599999,76.92307692307692
32661117,MIFFLINBURG,AGGREGATE,,147910,MILESBURG,MILESBURG,PA,230,40.94064255300003,-77.78685229899997,70.0
32661117,MIFFLINBURG,AGGREGATE,,147910,MILESBURG,MILESBURG,PA,230,40.94064255300003,-77.78685229899997,70.0
32661119,LEHIGHTON,AGGREGATE,,147630,LEXINGTON,ROCKBRIDGE BATHS,VA,500,37.86765102900006,-79.42041902199998,77.77777777777779
32661119,LEHIGHTON,AGGREGATE,,150336,LEXINGTON,ALLIANCE,OH,-999999,40.95249641800007,-81.11710721799994,77.77777777777779
32661119,LEHIGHTON,AGGREGATE,,146243,BRIGHTON,MISHAWAKA,MD,500,39.18533086100007,-77.03695223299997,70.58823529411764
32661121,LANSDALE,AGGREGATE,,144511,LASALLE,CHICAGO,IL,-999999,41.87285195100003,-87.63137586899995,80.0
32661121,LANSDALE,AGGREGATE,,134647,LA SALLE,MARSEILLES,IL,345,41.24436257800005,-88.66517740299997,75.0
32661121,LANSDALE,AGGREGATE,,152364,ANNADALE,AKRON,OH,-999999,41.07233416300005,-81.50181269499996,75.0
32661125,CATAWISSA,AGGREGATE,,147331,CATAWBA,ROANOKE,VA,138,37.331915449000064,-80.02633097799998,75.0
32661125,CATAWISSA,AGGREGATE,,147331,CATAWBA,ROANOKE,VA,138,37.331915449000064,-80.02633097799998,75.0
32661125,CATAWISSA,AGGREGATE,,151668,CASTALIA,CASTALIA,OH,-999999,41.40111270800003,-82.80781031899994,70.58823529411764
32661125,CATAWISSA,AGGREGATE,,151668,CASTALIA,CASTALIA,OH,-999999,41.40111270800003,-82.80781031899994,70.58823529411764
32711185,PERKASIE,AGGREGATE,,144004,PERKIOMEN,PERKIOMEN TWP,PA,230,40.21478718100008,-75.45196140499996,70.58823529411764
32711185,PERKASIE,AGGREGATE,,147443,PEAKSVIEW,LYNCHBURG,VA,138,37.389466662000075,-79.12208623299995,70.58823529411764
32947201,STEEL CITY CT7,AGGREGATE,,143983,STEEL CITY,LOWER SAUCON TWP,PA,500,40.619749752000075,-75.30872970699994,83.33333333333334
32947203,STEEL CITY 4CC,AGGREGATE,,143983,STEEL CITY,LOWER SAUCON TWP,PA,500,40.619749752000075,-75.30872970699994,83.33333333333334
32947205,STEEL CITY 8CC,AGGREGATE,,143983,STEEL CITY,LOWER SAUCON TWP,PA,500,40.619749752000075,-75.30872970699994,83.33333333333334
33092301,BATAVIA,AGGREGATE,,146692,ALTAVISTA,ALTAVISTA,VA,138,37.130063731000064,-79.27844263699996,75.0
33092305,ROCHELLE,AGGREGATE,,137538,ROCHELLE,CINCINNATI,OH,138,39.13455974500005,-84.51012501399998,100.0
33092305,ROCHELLE,AGGREGATE,,123928,RYCEVILLE,MECHANICSVILLE,MD,230,38.43743266400003,-76.82332732599997,70.58823529411764
33092305,ROCHELLE,AGGREGATE,,147027,RUTHBELLE,ALBRIGHT,WV,138,39.507883665000065,-79.64142567599998,70.58823529411764
33092307,ROCK FALLS,AGGREGATE,,146762,FACE ROCK,HOLTWOOD,PA,115,39.82762163700005,-76.32587137999997,73.6842105263158
33092307,ROCK FALLS,AGGREGATE,,152430,FLAT ROCK,FLAT ROCK,OH,-999999,41.233741905000045,-82.86483817299995,73.6842105263158
33092319,ALTENI,INTERFACE,,122650,ALLEN,MONROEVILLE,IN,345,41.01433108100008,-84.97763155999996,72.72727272727273
33092371,COMED,ZONE,,138196,COMED,CHICAGO,IL,-999999,41.90111557500006,-87.65383046099998,100.0
33097335,RIVER,AGGREGATE,,150518,TRIER,FORT WAYNE,IN,138,41.11341027000003,-85.07009468999996,80.0
33097335,RIVER,AGGREGATE,,147557,RIVERTON,FRONT ROYAL,VA,138,38.96540747900008,-78.17722791099999,76.92307692307692
33097335,RIVER,AGGREGATE,,147517,GROVER,CANTON TWP,PA,230,41.61550672300007,-76.84436271899995,72.72727272727273
33108559,112 WILTON,EHV,765 KV,134650,WILTON,MANHATTAN,IL,765,41.398382912000045,-87.95269428999995,75.0
33108563,23 COLLINS,EHV,765 KV,134649,COLLINS,MORRIS,IL,765,41.35275234900007,-88.34714059199996,82.35294117647058
33108563,23 COLLINS,EHV,765 KV,153372,COLLINS,MORRIS,IL,345,41.34951359400003,-88.34768320399996,82.35294117647058
33138723,LASALLE 1,AGGREGATE,,144511,LASALLE,CHICAGO,IL,-999999,41.87285195100003,-87.63137586899995,87.5
33138723,LASALLE 1,AGGREGATE,,134647,LA SALLE,MARSEILLES,IL,345,41.24436257800005,-88.66517740299997,82.35294117647058
33138729,BRAIDWOOD 1,AGGREGATE,,134648,BRAIDWOOD,BRACEVILLE,IL,345,41.24490915300004,-88.22548999999998,90.0
33138731,BRAIDWOOD 2,AGGREGATE,,134648,BRAIDWOOD,BRACEVILLE,IL,345,41.24490915300004,-88.22548999999998,90.0
33138733,JOLIET 7,AGGREGATE,,134643,JOLIET,JOLIET,IL,345,41.49250783800005,-88.11486737599995,85.71428571428572
33138733,JOLIET 7,AGGREGATE,,121981,JOLIET 29,JOLIET,IL,345,41.49541509000005,-88.12568671799994,82.35294117647058
33138735,JOLIET 8,AGGREGATE,,134643,JOLIET,JOLIET,IL,345,41.49250783800005,-88.11486737599995,85.71428571428572
33138735,JOLIET 8,AGGREGATE,,121981,JOLIET 29,JOLIET,IL,345,41.49541509000005,-88.12568671799994,82.35294117647058
33138737,POWERTON 5,AGGREGATE,,150376,WEIRTON,WEIRTON,WV,-999999,40.40727485000008,-80.58107423899997,70.58823529411764
33138739,POWERTON 6,AGGREGATE,,150376,WEIRTON,WEIRTON,WV,-999999,40.40727485000008,-80.58107423899997,70.58823529411764
33138741,QUAD CITIES 1,AGGREGATE,,146219,QUAD CITIES,CORDOVA,IL,345,41.726519077000034,-90.30627040299998,91.66666666666666
33138743,QUAD CITIES 2,AGGREGATE,,146219,QUAD CITIES,CORDOVA,IL,345,41.726519077000034,-90.30627040299998,91.66666666666666
33138745,BYRON 1,AGGREGATE,,134660,BYRON,MAPLE PARK,IL,345,42.074049681000076,-89.28666687099997,83.33333333333334
33138747,JOLIET 6,AGGREGATE,,134643,JOLIET,JOLIET,IL,345,41.49250783800005,-88.11486737599995,85.71428571428572
33138747,JOLIET 6,AGGREGATE,,121981,JOLIET 29,JOLIET,IL,345,41.49541509000005,-88.12568671799994,82.35294117647058
33138753,AURORA CT1,AGGREGATE,,122226,AURORA,AURORA,IL,345,41.81354219700006,-88.22613009199995,75.0
33138753,AURORA CT1,AGGREGATE,,153850,AURORA,AURORA,OH,-999999,41.30550927200005,-81.34995359399994,75.0
33138755,AURORA CT2,AGGREGATE,,122226,AURORA,AURORA,IL,345,41.81354219700006,-88.22613009199995,75.0
33138755,AURORA CT2,AGGREGATE,,153850,AURORA,AURORA,OH,-999999,41.30550927200005,-81.34995359399994,75.0
33138757,AURORA CT3,AGGREGATE,,122226,AURORA,AURORA,IL,345,41.81354219700006,-88.22613009199995,75.0
33138757,AURORA CT3,AGGREGATE,,153850,AURORA,AURORA,OH,-999999,41.30550927200005,-81.34995359399994,75.0
33138759,AURORA CT4,AGGREGATE,,122226,AURORA,AURORA,IL,345,41.81354219700006,-88.22613009199995,75.0
33138759,AURORA CT4,AGGREGATE,,153850,AURORA,AURORA,OH,-999999,41.30550927200005,-81.34995359399994,75.0
33138769,ZION 1,AGGREGATE,,134714,ZION,ZION,IL,345,42.44647785800004,-87.80537158299995,80.0
33138771,WILL COUNTY 3,AGGREGATE,,122306,WILL COUNTY,LISLE,IL,138,41.63374856900003,-88.06456892999995,91.66666666666666
33138773,ELWOOD 5,AGGREGATE,,121524,ELWOOD,JONANCY,KY,46,37.31688200000008,-82.58420099999995,85.71428571428572
33138773,ELWOOD 5,AGGREGATE,,127653,ELWOOD,ELWOOD,IN,69,40.27764517400004,-85.84414888199996,85.71428571428572
33138773,ELWOOD 5,AGGREGATE,,134645,ELWOOD,ELWOOD,IL,345,41.43863625800003,-88.11573520299999,85.71428571428572
33138777,BRAIDWOOD 1-2,AGGREGATE,,134648,BRAIDWOOD,BRACEVILLE,IL,345,41.24490915300004,-88.22548999999998,81.81818181818181
33138777,BRAIDWOOD 1-2,AGGREGATE,,134648,BRAIDWOOD,BRACEVILLE,IL,345,41.24490915300004,-88.22548999999998,81.81818181818181
33138783,DRESDEN 2-3,AGGREGATE,,154599,DRESDEN,DRESDEN,OH,138,40.09416913300004,-82.02691904799997,77.77777777777779
33138783,DRESDEN 2-3,AGGREGATE,,154599,DRESDEN,DRESDEN,OH,138,40.09416913300004,-82.02691904799997,77.77777777777779
33138787,ROCKFORD,AGGREGATE,,153911,ROCKPORT,COLUMBUS GROVE,OH,138,40.875666659000046,-84.01632441799995,75.0
33138787,ROCKFORD,AGGREGATE,,153912,ROCKPORT,COLUMBUS GROVE,OH,138,40.87570842800005,-84.01326511199994,75.0
33138787,ROCKFORD,AGGREGATE,,124166,NRG ROCKFORD I,ROCKFORD,IL,138,42.23978935800005,-89.10295932299994,72.72727272727273
33380451,WILL COUNTY 4,AGGREGATE,,122306,WILL COUNTY,LISLE,IL,138,41.63374856900003,-88.06456892999995,91.66666666666666
33405837,ORMET,AGGREGATE,,146700,FOREST,FOREST,VA,138,37.363450768000064,-79.29310554499995,72.72727272727273
33405837,ORMET,AGGREGATE,,147381,FOREST,RIDGWAY TWP,PA,230,41.449903352000035,-78.74231839899994,72.72727272727273
33405837,ORMET,AGGREGATE,,147821,REYMET,RICHMOND,VA,115,37.388965849000044,-77.40747615699996,72.72727272727273
33455823,QUAD CITIES 1-2,AGGREGATE,,146219,QUAD CITIES,CORDOVA,IL,345,41.726519077000034,-90.30627040299998,84.61538461538461
33455823,QUAD CITIES 1-2,AGGREGATE,,146219,QUAD CITIES,CORDOVA,IL,345,41.726519077000034,-90.30627040299998,84.61538461538461
33627017,PHILLIPS ISLAND,AGGREGATE,,147919,PHILLIPS BEND,SURGOINSVILLE,TN,500,36.46070569200003,-82.80788408799998,78.57142857142857
33627017,PHILLIPS ISLAND,AGGREGATE,,144354,WALLOPS ISLAND,CHINCOTEAGUE ISLAND,VA,69,37.934212236000064,-75.37815416499996,75.86206896551724
33638761,YARDS CREEK 1,AGGREGATE,,132606,YARDS CREEK,COLUMBIA,NJ,230,41.000954540000066,-75.03221139599998,91.66666666666666
33638761,YARDS CREEK 1,AGGREGATE,,117036,GARDEN CREEK,OAKWOOD,VA,138,37.20653432900008,-82.00870516899994,72.0
33638763,YARDS CREEK 2,AGGREGATE,,132606,YARDS CREEK,COLUMBIA,NJ,230,41.000954540000066,-75.03221139599998,91.66666666666666
33638763,YARDS CREEK 2,AGGREGATE,,117036,GARDEN CREEK,OAKWOOD,VA,138,37.20653432900008,-82.00870516899994,72.0
33638765,YARDS CREEK 3,AGGREGATE,,132606,YARDS CREEK,COLUMBIA,NJ,230,41.000954540000066,-75.03221139599998,91.66666666666666
33638765,YARDS CREEK 3,AGGREGATE,,117036,GARDEN CREEK,OAKWOOD,VA,138,37.20653432900008,-82.00870516899994,72.0
33716719,GILBERT A27,AGGREGATE,,132948,GILBERT,MILFORD,NJ,230,40.56637695100005,-75.16470925599998,77.77777777777779
33716719,GILBERT A27,AGGREGATE,,144391,GILBERT,MILFORD,NJ,230,40.568729304000044,-75.16213125899998,77.77777777777779
33716719,GILBERT A27,AGGREGATE,,153958,GILBERT,GILBERT,WV,46,37.61547188800006,-81.86294443099996,77.77777777777779
33716721,GILBERT B28,AGGREGATE,,132948,GILBERT,MILFORD,NJ,230,40.56637695100005,-75.16470925599998,77.77777777777779
33716721,GILBERT B28,AGGREGATE,,144391,GILBERT,MILFORD,NJ,230,40.568729304000044,-75.16213125899998,77.77777777777779
33716721,GILBERT B28,AGGREGATE,,153958,GILBERT,GILBERT,WV,46,37.61547188800006,-81.86294443099996,77.77777777777779
33716723,GILBERT C29,AGGREGATE,,132948,GILBERT,MILFORD,NJ,230,40.56637695100005,-75.16470925599998,77.77777777777779
33716723,GILBERT C29,AGGREGATE,,144391,GILBERT,MILFORD,NJ,230,40.568729304000044,-75.16213125899998,77.77777777777779
33716723,GILBERT C29,AGGREGATE,,153958,GILBERT,GILBERT,WV,46,37.61547188800006,-81.86294443099996,77.77777777777779
33716725,GILBERT J712,AGGREGATE,,132948,GILBERT,MILFORD,NJ,230,40.56637695100005,-75.16470925599998,73.6842105263158
33716725,GILBERT J712,AGGREGATE,,144391,GILBERT,MILFORD,NJ,230,40.568729304000044,-75.16213125899998,73.6842105263158
33716725,GILBERT J712,AGGREGATE,,153958,GILBERT,GILBERT,WV,46,37.61547188800006,-81.86294443099996,73.6842105263158
33716727,GILBERT V750,AGGREGATE,,132948,GILBERT,MILFORD,NJ,230,40.56637695100005,-75.16470925599998,73.6842105263158
33716727,GILBERT V750,AGGREGATE,,144391,GILBERT,MILFORD,NJ,230,40.568729304000044,-75.16213125899998,73.6842105263158
33716727,GILBERT V750,AGGREGATE,,153958,GILBERT,GILBERT,WV,46,37.61547188800006,-81.86294443099996,73.6842105263158
33716729,GILBERT Y25,AGGREGATE,,132948,GILBERT,MILFORD,NJ,230,40.56637695100005,-75.16470925599998,77.77777777777779
33716729,GILBERT Y25,AGGREGATE,,144391,GILBERT,MILFORD,NJ,230,40.568729304000044,-75.16213125899998,77.77777777777779
33716729,GILBERT Y25,AGGREGATE,,153958,GILBERT,GILBERT,WV,46,37.61547188800006,-81.86294443099996,77.77777777777779
33815883,ELWOOD 1,AGGREGATE,,121524,ELWOOD,JONANCY,KY,46,37.31688200000008,-82.58420099999995,85.71428571428572
33815883,ELWOOD 1,AGGREGATE,,127653,ELWOOD,ELWOOD,IN,69,40.27764517400004,-85.84414888199996,85.71428571428572
33815883,ELWOOD 1,AGGREGATE,,134645,ELWOOD,ELWOOD,IL,345,41.43863625800003,-88.11573520299999,85.71428571428572
33815885,ELWOOD 2,AGGREGATE,,121524,ELWOOD,JONANCY,KY,46,37.31688200000008,-82.58420099999995,85.71428571428572
33815885,ELWOOD 2,AGGREGATE,,127653,ELWOOD,ELWOOD,IN,69,40.27764517400004,-85.84414888199996,85.71428571428572
33815885,ELWOOD 2,AGGREGATE,,134645,ELWOOD,ELWOOD,IL,345,41.43863625800003,-88.11573520299999,85.71428571428572
33815887,ELWOOD 3,AGGREGATE,,121524,ELWOOD,JONANCY,KY,46,37.31688200000008,-82.58420099999995,85.71428571428572
33815887,ELWOOD 3,AGGREGATE,,127653,ELWOOD,ELWOOD,IN,69,40.27764517400004,-85.84414888199996,85.71428571428572
33815887,ELWOOD 3,AGGREGATE,,134645,ELWOOD,ELWOOD,IL,345,41.43863625800003,-88.11573520299999,85.71428571428572
33815889,ELWOOD 4,AGGREGATE,,121524,ELWOOD,JONANCY,KY,46,37.31688200000008,-82.58420099999995,85.71428571428572
33815889,ELWOOD 4,AGGREGATE,,127653,ELWOOD,ELWOOD,IN,69,40.27764517400004,-85.84414888199996,85.71428571428572
33815889,ELWOOD 4,AGGREGATE,,134645,ELWOOD,ELWOOD,IL,345,41.43863625800003,-88.11573520299999,85.71428571428572
33815891,ELWOOD 6,AGGREGATE,,121524,ELWOOD,JONANCY,KY,46,37.31688200000008,-82.58420099999995,85.71428571428572
33815891,ELWOOD 6,AGGREGATE,,127653,ELWOOD,ELWOOD,IN,69,40.27764517400004,-85.84414888199996,85.71428571428572
33815891,ELWOOD 6,AGGREGATE,,134645,ELWOOD,ELWOOD,IL,345,41.43863625800003,-88.11573520299999,85.71428571428572
33815893,ELWOOD 7,AGGREGATE,,121524,ELWOOD,JONANCY,KY,46,37.31688200000008,-82.58420099999995,85.71428571428572
33815893,ELWOOD 7,AGGREGATE,,127653,ELWOOD,ELWOOD,IN,69,40.27764517400004,-85.84414888199996,85.71428571428572
33815893,ELWOOD 7,AGGREGATE,,134645,ELWOOD,ELWOOD,IL,345,41.43863625800003,-88.11573520299999,85.71428571428572
33815895,ELWOOD 8,AGGREGATE,,121524,ELWOOD,JONANCY,KY,46,37.31688200000008,-82.58420099999995,85.71428571428572
33815895,ELWOOD 8,AGGREGATE,,127653,ELWOOD,ELWOOD,IN,69,40.27764517400004,-85.84414888199996,85.71428571428572
33815895,ELWOOD 8,AGGREGATE,,134645,ELWOOD,ELWOOD,IL,345,41.43863625800003,-88.11573520299999,85.71428571428572
33815897,ELWOOD 9,AGGREGATE,,121524,ELWOOD,JONANCY,KY,46,37.31688200000008,-82.58420099999995,85.71428571428572
33815897,ELWOOD 9,AGGREGATE,,127653,ELWOOD,ELWOOD,IN,69,40.27764517400004,-85.84414888199996,85.71428571428572
33815897,ELWOOD 9,AGGREGATE,,134645,ELWOOD,ELWOOD,IL,345,41.43863625800003,-88.11573520299999,85.71428571428572
34509175,AMOS,EHV,765 KV,153992,AMOS,WINFIELD,WV,345,38.46877430100005,-81.82694168499995,100.0
34509175,AMOS,EHV,765 KV,113966,MOSS,CLINCHCO,VA,69,37.151894166000034,-82.35643284299994,75.0
34509177,AXTON,EHV,765 KV,146986,AXTON,AXTON,VA,-999999,36.63514933600004,-79.70719375599998,100.0
34509177,AXTON,EHV,765 KV,147028,AXTON,AXTON,VA,765,36.63455030700004,-79.70477890099994,100.0
34509177,AXTON,EHV,765 KV,111419,GASTON,LITTLETON,NC,232,36.498793601000045,-77.81135660399997,72.72727272727273
34509179,BAKER,EHV,765 KV,147787,BAKER,LOUISA,KY,765,38.181368761000044,-82.60989138999997,100.0
34509179,BAKER,EHV,765 KV,154487,BEAVER,LORAIN,OH,345,41.42775759500006,-82.26192374799996,72.72727272727273
34509181,BROADFORD,EHV,765 KV,146507,BRADFORD,EAST BRADFORD TWP,PA,230,39.96869398900003,-75.66490011599996,94.11764705882352
34509183,CLOVERDALE,EHV,765 KV,147329,CLOVERDALE,TROUTVILLE,VA,345,37.38126233200006,-79.89768418599994,100.0
34509183,CLOVERDALE,EHV,765 KV,161185,CLOVERDALE EAST,TROUTVILLE,VA,500,37.37583480100005,-79.89384029899998,80.0
34509183,CLOVERDALE,EHV,765 KV,147356,CLOVERDALE 765KV,CLOVERDALE,VA,765,37.374471166000035,-79.90058705999996,76.92307692307692
34509185,COOK,EHV,765 KV,145845,COOK,BARODA,MI,765,41.97414558000003,-86.55594339199996,100.0
34509185,COOK,EHV,765 KV,145847,COOK,STEVENSVILLE,MI,345,41.976790451000056,-86.55417304999997,100.0
34509187,CULLODEN,EHV,765 KV,152870,CULLODEN,CULLODEN,WV,765,38.41464657800003,-82.08022733899998,100.0
34509189,DUMONT,EHV,765 KV,153303,DUMONT,NORTH LIBERTY,IN,765,41.52347886100006,-86.36045134399996,100.0
34509189,DUMONT,EHV,765 KV,147830,DUPONT,RICHMOND,VA,-999999,37.453271381000036,-77.43845776399996,83.33333333333334
34509189,DUMONT,EHV,765 KV,144378,BUXMONT,SELLERSVILLE,PA,230,40.34840791400006,-75.34120731999997,76.92307692307692
34509191,GAVIN,EHV,765 KV,152869,GAVIN,CHESHIRE,OH,765,38.94128800000004,-82.12000899999998,100.0
34509191,GAVIN,EHV,765 KV,146403,GOBAIN,NEW KENSINGTON,PA,138,40.584768964000034,-79.76776632099995,72.72727272727273
34509191,GAVIN,EHV,765 KV,151671,GALION,GALION,OH,345,40.69426814500008,-82.79971363799996,72.72727272727273
34509193,HANGING ROCK,EHV,765 KV,151644,HANGING ROCK,IRONTON,OH,765,38.56901800000003,-82.77419099999997,100.0
34509193,HANGING ROCK,EHV,765 KV,113730,SHINROCK,BERLIN HEIGHTS,OH,138,41.33738716800008,-82.49499005799998,70.0
34509195,JACKSONS FERRY,EHV,765 KV,154233,JACKSONS FERRY,MAX MEADOWS,VA,765,36.87916219500005,-80.82317025399999,100.0
34509195,JACKSONS FERRY,EHV,765 KV,154234,JACKSONS FERRY,MAX MEADOWS,VA,138,36.87703296300003,-80.82571772399996,100.0
34509197,JEFFERSON,EHV,765 KV,146199,JEFFERSON STREET,ALEXANDRIA,VA,230,38.797078000000056,-77.05484794099993,72.0
34509199,JOSHUA FALLS,EHV,765 KV,147441,JOSHUA FALLS,MADISON HEIGHTS,VA,138,37.40639887100008,-79.07704308299998,100.0
34509199,JOSHUA FALLS,EHV,765 KV,147470,JOSHUA FALLS,TROUTVILLE,VA,765,37.42539439400008,-79.03621226499996,100.0
34509201,KAMMER,EHV,765 KV,146695,SKIMMER,BIG ISLAND,VA,115,37.52011721300005,-79.35164297299997,76.92307692307692
34509203,MARQUIS,EHV,765 KV,152433,DON MARQUIS,PIKETON,OH,345,39.02174213500007,-83.00797870399998,77.77777777777779
34509205,MARYSVILLE,EHV,765 KV,153605,MARYSVILLE,MARYSVILLE,OH,765,40.332749000000035,-83.43045799999999,100.0
34509205,MARYSVILLE,EHV,765 KV,152463,DARBYVILLE,DARBYVILLE,OH,69,39.69608968500006,-83.11230925599995,80.0
34509205,MARYSVILLE,EHV,765 KV,143936,CLARKSVILLE,LAWRENCE TOWNSHIP,NJ,230,40.28202204400003,-74.69227654699995,76.19047619047619
34509207,MOUNTAINEER,EHV,765 KV,154883,MOUNTAINTEER,LETART,WV,765,38.975931770000045,-81.94252187399997,95.65217391304348
34509207,MOUNTAINEER,EHV,765 KV,154239,PETERS MOUNTAIN,NARROWS,VA,138,37.37210044200003,-80.79814557699996,84.61538461538461
34509207,MOUNTAINEER,EHV,765 KV,125613,MOUNTAIN,MT HOLLY SPRINGS,PA,115,40.12302923000004,-77.17270045699996,84.21052631578947
34509209,NORTH PROCTORVILLE,EHV,765 KV,113700,EAST PROCTORVILLE,PROCTORVILLE,OH,138,38.44633763100006,-82.36728210999996,80.0
34509209,NORTH PROCTORVILLE,EHV,765 KV,137837,NORTH PROCTORVILLE SUBSTATION,PROCTORVILLE,OH,765,38.477506479000056,-82.39555077499995,76.59574468085107
34509209,NORTH PROCTORVILLE,EHV,765 KV,147892,NORTH POLE,CROZIER,VA,230,37.63621889800004,-77.79385635399996,71.42857142857143
34509211,ORANGE,EHV,765 KV,153672,PORTAGE,PORTAGE,OH,-999999,41.311672816000055,-83.64978654699996,76.92307692307692
34509211,ORANGE,EHV,765 KV,154010,GRANGER,MEDINA,OH,-999999,41.15797870400007,-81.73697278099996,76.92307692307692
34509211,ORANGE,EHV,765 KV,146465,OSAGE,MORGANTOWN,WV,138,39.65272995200007,-80.02088471699994,72.72727272727273
34509213,ROCKPORT,EHV,765 KV,153911,ROCKPORT,COLUMBUS GROVE,OH,138,40.875666659000046,-84.01632441799995,100.0
34509213,ROCKPORT,EHV,765 KV,153912,ROCKPORT,COLUMBUS GROVE,OH,138,40.87570842800005,-84.01326511199994,100.0
34509213,ROCKPORT,EHV,765 KV,134653,LOCKPORT,ROMEOVILLE,IL,345,41.63025163300006,-88.09499590499996,87.5
34509215,SOUTH CANTON,EHV,765 KV,153864,SOUTH EAST CANTON,CANTON,OH,345,40.773234916000035,-81.32961598199995,82.75862068965517
34509215,SOUTH CANTON,EHV,765 KV,152306,SOUTH CANTON 138KV,CANTON,OH,138,40.72133910900004,-81.41651355499994,80.0
34509215,SOUTH CANTON,EHV,765 KV,152307,SOUTH CANTON 765KV,EAST SPARTA,OH,765,40.71566634700008,-81.41615562199996,80.0
34509217,SULLIVAN-AEP,EHV,765 KV,147783,SULLIVAN,BLUFF CITY,TN,500,36.44218485600004,-82.27951383299995,80.0
34509219,WYOMING,EHV,765 KV,154971,WYOMING,CLEAR FORK,WV,765,37.65794086900007,-81.67759428699998,100.0
34509219,WYOMING,EHV,765 KV,147519,LYCOMING,SOUTH WILLIAMSPORT,PA,230,41.22164385100007,-77.01743345999995,80.0
34509219,WYOMING,EHV,765 KV,147440,GOMINGO,MADISON HEIGHTS,VA,138,37.42663252800003,-79.08461771999998,71.42857142857143
34509941,NORTHWEST,INTERFACE,,146325,NORTHWEST,REISTERSTOWN,MD,230,39.463561937000065,-76.84039381499997,100.0
34509941,NORTHWEST,INTERFACE,,146332,NORTHWEST,HENRICO,VA,230,37.63046819300007,-77.54155697299996,100.0
34509941,NORTHWEST,INTERFACE,,146766,NORTHEAST,MIDDLE RIVER,MD,230,39.36503840000006,-76.42790756799997,88.88888888888889
34509943,MICHFE,AGGREGATE,,154286,MITCHELL,JONESBOROUGH,TN,69,36.35551786000008,-82.59488269899998,71.42857142857143
34509949,SOUTHWEST,AGGREGATE,,146333,SOUTHWEST,RICHMOND,VA,230,37.502079655000045,-77.53233239699995,100.0
34509949,SOUTHWEST,AGGREGATE,,161409,SOUTHWEST,WASHINGTON,DC,138,38.87629881000004,-76.99853535499994,100.0
34509949,SOUTHWEST,AGGREGATE,,153902,SOUTHWEST LIMA,LIMA,OH,345,40.67772407100006,-84.18315329599994,78.26086956521739
34509951,SOUTHEAST,AGGREGATE,,146333,SOUTHWEST,RICHMOND,VA,230,37.502079655000045,-77.53233239699995,88.88888888888889
34509951,SOUTHEAST,AGGREGATE,,161409,SOUTHWEST,WASHINGTON,DC,138,38.87629881000004,-76.99853535499994,88.88888888888889
34509951,SOUTHEAST,AGGREGATE,,146766,NORTHEAST,MIDDLE RIVER,MD,230,39.36503840000006,-76.42790756799997,77.77777777777779
34511955,ORRVILLEGEN,AGGREGATE,,147897,MORRISVILLE,SUMERDUCK,VA,500,38.50108791800005,-77.70878873599997,72.72727272727273
34511957,SHELBYGEN,AGGREGATE,,153903,SHELBY,SIDNEY,OH,345,40.28864334600007,-84.08616407399995,80.0
34511959,DOVERGEN,AGGREGATE,,152287,DOVER,DOVER,OH,69,40.520343136000065,-81.46801670199994,76.92307692307692
34511959,DOVERGEN,AGGREGATE,,132405,BERGEN,RIDGEFIELD,NJ,345,40.83407160300004,-74.01649311099999,71.42857142857143
34511959,DOVERGEN,AGGREGATE,,140871,NEW DOVER,EDISON,NJ,230,40.586821791000034,-74.34926321299997,70.58823529411764
34887761,BUGGSISL115 KV  NUG,GEN,115 KV,147978,BUGGS ISLAND NUG,CLARKSVILLE,VA,115,36.54887966700005,-78.46694640599998,70.58823529411764
34887827,SPRUANCE230 KV  NUG1,GEN,230 KV,147841,SPRUANCE NUG,RICHMOND,VA,230,37.45453351400005,-77.42938599699994,77.41935483870968
34887829,SPRUANCE230 KV  NUG2,GEN,230 KV,147841,SPRUANCE NUG,RICHMOND,VA,230,37.45453351400005,-77.42938599699994,77.41935483870968
34964545,DOM,ZONE,,147387,DOOMS,WAYNESBORO,VA,500,38.107034569000064,-78.84909717799997,75.0
34983445,MITCHELL 1,AGGREGATE,,154286,MITCHELL,JONESBOROUGH,TN,69,36.35551786000008,-82.59488269899998,88.88888888888889
34983447,MITCHELL 2,AGGREGATE,,154286,MITCHELL,JONESBOROUGH,TN,69,36.35551786000008,-82.59488269899998,88.88888888888889
34983449,BIG SANDY CT1,AGGREGATE,,121280,BIG SANDY,LOUISA,KY,345,38.17254810000003,-82.61925873199993,81.81818181818181
34983451,BIG SANDY CT2,AGGREGATE,,121280,BIG SANDY,LOUISA,KY,345,38.17254810000003,-82.61925873199993,81.81818181818181
34983453,BIG SANDY CT3,AGGREGATE,,121280,BIG SANDY,LOUISA,KY,345,38.17254810000003,-82.61925873199993,81.81818181818181
34983455,BIG SANDY CT4,AGGREGATE,,121280,BIG SANDY,LOUISA,KY,345,38.17254810000003,-82.61925873199993,81.81818181818181
34983457,BIG SANDY CT5,AGGREGATE,,121280,BIG SANDY,LOUISA,KY,345,38.17254810000003,-82.61925873199993,81.81818181818181
34983459,BIG SANDY CT6,AGGREGATE,,121280,BIG SANDY,LOUISA,KY,345,38.17254810000003,-82.61925873199993,81.81818181818181
34983465,ROCKPORT 1,AGGREGATE,,153911,ROCKPORT,COLUMBUS GROVE,OH,138,40.875666659000046,-84.01632441799995,88.88888888888889
34983465,ROCKPORT 1,AGGREGATE,,153912,ROCKPORT,COLUMBUS GROVE,OH,138,40.87570842800005,-84.01326511199994,88.88888888888889
34983465,ROCKPORT 1,AGGREGATE,,134653,LOCKPORT,ROMEOVILLE,IL,345,41.63025163300006,-88.09499590499996,77.77777777777779
34983467,ROCKPORT 2,AGGREGATE,,153911,ROCKPORT,COLUMBUS GROVE,OH,138,40.875666659000046,-84.01632441799995,88.88888888888889
34983467,ROCKPORT 2,AGGREGATE,,153912,ROCKPORT,COLUMBUS GROVE,OH,138,40.87570842800005,-84.01326511199994,88.88888888888889
34983467,ROCKPORT 2,AGGREGATE,,134653,LOCKPORT,ROMEOVILLE,IL,345,41.63025163300006,-88.09499590499996,77.77777777777779
35010277,CLOVER  EHV     LMP,EHV,EHV,116997,CLOVER HILL,MANASSAS,VA,230,38.71979900000008,-77.49963199999996,72.0
35010315,FLUVANNAEHV     LMP,EHV,EHV,146600,FLUVANNA P.S.,SCOTTSVILLE,VA,500,37.867357610000056,-78.37942772299994,71.42857142857143
35010339,CARSON,EHV,500 KV,146458,CARSON,PITTSBURGH,PA,138,40.41973579900008,-79.96004876699999,100.0
35010339,CARSON,EHV,500 KV,148246,CARSON,PETERSBURG,VA,500,37.085388246000036,-77.40587584299999,100.0
35010339,CARSON,EHV,500 KV,130303,RICHARDSON,INDEPENDENCE,KY,69,38.97170023500007,-84.54841778399998,75.0
35010341,CHICKAHOMINY,EHV,500 KV,147559,CHICKAHOMINY,CHARLES CITY,VA,500,37.43737619700005,-77.15852328799997,100.0
35010343,CLOVER,EHV,500 KV,147385,CLOVER,RANDOLPH,VA,500,36.86621143200006,-78.70654367999998,100.0
35010343,CLOVER,EHV,500 KV,146048,COVERT,COVERT TWP,MI,-999999,42.321524888000056,-86.29396622699994,83.33333333333334
35010343,CLOVER,EHV,500 KV,154280,COVERT,SANDUSKY,OH,-999999,41.43854472700008,-82.69271301399993,83.33333333333334
35010345,ELMONT,EHV,500 KV,146336,ELMONT,GLEN ALLEN,VA,500,37.69779580000005,-77.48471146699995,100.0
35010345,ELMONT,EHV,500 KV,151012,BELMONT,YOUNGSTOWN,OH,-999999,41.10530269100008,-80.65597869599998,92.3076923076923
35010345,ELMONT,EHV,500 KV,153839,BELMONT,SAINT MARYS,WV,765,39.34476495200005,-81.30863969199999,92.3076923076923
35010347,MIDLOTHIAN,EHV,500 KV,147891,MIDLOTHIAN,MIDLOTHIAN,VA,500,37.50258351800005,-77.70405173399996,100.0
35010347,MIDLOTHIAN,EHV,500 KV,151375,MIDLAND,MIDLAND,PA,138,40.63351730900007,-80.46004875599994,70.58823529411764
35010347,MIDLOTHIAN,EHV,500 KV,151376,MIDLAND,MIDLAND,PA,138,40.63219432900007,-80.45941105999998,70.58823529411764
35010349,NORTH ANNA,EHV,500 KV,147893,NORTH ANNA,MINERAL,VA,500,38.06129172100003,-77.79721628199997,100.0
35010349,NORTH ANNA,EHV,500 KV,153973,NORTH MEDINA,MEDINA,OH,345,41.169390399000065,-81.88274302899998,72.72727272727273
35010349,NORTH ANNA,EHV,500 KV,156249,NORTH AVENUE,ELIZABETH,NJ,345,40.66920176100007,-74.17423443799998,72.72727272727273
35010351,FENTRESS,EHV,500 KV,147039,FENTRESS,CHESAPEAKE,VA,500,36.69045415700003,-76.19002866699998,100.0
35010353,SEPTA,EHV,500 KV,147920,SEPTA,SMITHFIELD,VA,500,37.01474396900005,-76.73866348299998,100.0
35010355,SURRY,EHV,500 KV,147921,SURRY,SURRY,VA,500,37.16202032700005,-76.69477726099996,100.0
35010355,SURRY,EHV,500 KV,108891,URY,HELEN,WV,-999999,37.655800673000044,-81.31244814199994,75.0
35010355,SURRY,EHV,500 KV,144376,QUARRY,FREEMANSBURG,PA,230,40.62263579800003,-75.34923836799999,72.72727272727273
35010357,YADKIN,EHV,500 KV,147037,YADKIN,CHESAPEAKE,VA,500,36.76297904100005,-76.35471475799994,100.0
35010357,YADKIN,EHV,500 KV,152469,ADKINS,MT STERLING,OH,345,39.712337287000025,-83.17756507899998,83.33333333333334
35010357,YADKIN,EHV,500 KV,108804,LAKIN,POINT PLEASANT,WV,69,38.967315358000064,-82.08488419599996,72.72727272727273
35010359,CHANCELLOR,EHV,500 KV,146374,CHANCELLOR,FREDERICKSBURG,VA,500,38.26225264400006,-77.58926237499998,100.0
35010361,CLIFTON,EHV,500 KV,140987,CLIFTON,CLIFTON,NJ,230,40.855766078000045,-74.16475763199998,100.0
35010361,CLIFTON,EHV,500 KV,146774,CLIFTON,CLIFTON,VA,500,38.78120873100005,-77.39880676299998,100.0
35010361,CLIFTON,EHV,500 KV,151014,CLIFTON,YOUNGSTOWN,OH,-999999,41.050318306000065,-80.65828313199995,100.0
35010363,LADYSMITH,EHV,500 KV,146371,LADYSMITH,WOODFORD,VA,500,38.04665279200003,-77.55027636499995,100.0
35010363,LADYSMITH,EHV,500 KV,146339,LADYSMITH CT,WOODFORD,VA,115,38.06684720900006,-77.51758860499996,85.71428571428572
35010363,LADYSMITH,EHV,500 KV,146363,LADYSMITH CT,WOODFORD,VA,230,38.07326885700007,-77.51306745299996,85.71428571428572
35010365,LOUDOUN,EHV,500 KV,157733,LOUDON,ALDIE,VA,500,38.89413189100003,-77.56454703199995,92.3076923076923
35010365,LOUDOUN,EHV,500 KV,108880,LONDON,CEDAR GROVE,WV,-999999,38.19540073500008,-81.36740269899997,76.92307692307692
35010365,LOUDOUN,EHV,500 KV,113803,LONDON,LONDON,OH,138,39.885370357000056,-83.45512682099996,76.92307692307692
35010367,MORRISVILLE,EHV,500 KV,147897,MORRISVILLE,SUMERDUCK,VA,500,38.50108791800005,-77.70878873599997,100.0
35010367,MORRISVILLE,EHV,500 KV,150369,COITSVILLE,YOUNGSTOWN,OH,-999999,41.09476015300004,-80.56878843499999,76.19047619047619
35010367,MORRISVILLE,EHV,500 KV,153605,MARYSVILLE,MARYSVILLE,OH,765,40.332749000000035,-83.43045799999999,76.19047619047619
35010369,OX,EHV,500 KV,146768,OX,FAIRFAX STATION,VA,500,38.723786053000026,-77.28851676099998,100.0
35010369,OX,EHV,500 KV,154004,FOX,BROOKLYN,OH,345,41.42354759800003,-81.75585196699996,80.0
35010371,PLEASANT VIEW,EHV,500 KV,146343,PLEASANT VIEW,LEESBURG,VA,-999999,39.07716711300003,-77.52943229299996,100.0
35010371,PLEASANT VIEW,EHV,500 KV,146344,PLEASANT VIEW,LEESBURG,VA,230,39.07590817100004,-77.52882220199996,100.0
35010371,PLEASANT VIEW,EHV,500 KV,134701,PLEASANT VALLEY,WOODSTOCK,IL,345,42.256791064000026,-88.43971986099996,78.57142857142857
35010373,POSSUM POINT,EHV,500 KV,116661,POSSUM POINT,DUMFRIES,VA,230,38.53741360200007,-77.28117928599994,100.0
35010373,POSSUM POINT,EHV,500 KV,147856,POSSUM POINT,DUMFRIES,VA,230,38.54052188400004,-77.27942618099996,100.0
35010375,BATH COUNTY,EHV,500 KV,121435,BATH COUNTY,CRAIGSVILLE,VA,500,38.20908630500003,-79.80018440799995,100.0
35010377,CUNNINGHAM,EHV,500 KV,146599,CUNNINGHAM,SCOTTSVILLE,VA,500,37.86864965700005,-78.37414531999997,100.0
35010377,CUNNINGHAM,EHV,500 KV,143953,BUCKINGHAM,FURLONG,PA,230,40.281362976000025,-75.06251640699998,70.0
35010377,CUNNINGHAM,EHV,500 KV,146541,NOTTINGHAM,NOTTINGHAM,PA,230,39.761082576000035,-76.03187806899996,70.0
35010379,DOOMS,EHV,500 KV,147387,DOOMS,WAYNESBORO,VA,500,38.107034569000064,-78.84909717799997,100.0
35010381,FLUVANNA,EHV,500 KV,146600,FLUVANNA P.S.,SCOTTSVILLE,VA,500,37.867357610000056,-78.37942772299994,76.19047619047619
35010383,LEXINGTON,EHV,500 KV,147630,LEXINGTON,ROCKBRIDGE BATHS,VA,500,37.86765102900006,-79.42041902199998,100.0
35010383,LEXINGTON,EHV,500 KV,150336,LEXINGTON,ALLIANCE,OH,-999999,40.95249641800007,-81.11710721799994,100.0
35010383,LEXINGTON,EHV,500 KV,146694,EVINGTON,EVINGTON,VA,115,37.24017235700006,-79.30200924099995,82.35294117647058
35010385,MT STORM,EHV,500 KV,146689,MOUNT STORM,MOUNT STORM,WV,500,39.20299547800005,-79.27157681299997,84.21052631578947
35010387,VALLEY,EHV,500 KV,128723,VALLEY,DECATUR,MI,138,42.10193654500006,-85.96885297699998,100.0
35010387,VALLEY,EHV,500 KV,147665,VALLEY,WEYERS CAVE,VA,500,38.314341598000055,-78.97081061799997,100.0
35010387,VALLEY,EHV,500 KV,150566,VALLEY,ROCHESTER TWP,PA,138,40.717424864000066,-80.29646434999995,100.0
35024709,BLUE RIDGE,AGGREGATE,,146405,BLUE RIDGE,BLUE RIDGE,VA,-999999,37.38548830600007,-79.79839528799994,100.0
35024709,BLUE RIDGE,AGGREGATE,,148722,ALUM RIDGE,RINER,VA,138,36.975394245000075,-80.39842020899994,80.0
35024709,BLUE RIDGE,AGGREGATE,,146162,BAY RIDGE,ANNAPOLIS,MD,-999999,38.942108862000055,-76.47689727899996,73.6842105263158
35079803,CONESVILLE 4,AGGREGATE,,146283,COLESVILLE,SILVER SPRING,MD,-999999,39.07522949200006,-77.00112913099997,81.81818181818181
35079803,CONESVILLE 4,AGGREGATE,,147023,CONNELLSVILLE,DUNBAR TWP,PA,138,39.995034995000026,-79.59599629299998,80.0
35079803,CONESVILLE 4,AGGREGATE,,127503,DONERVILLE,WEST HEMPFIELD TWP,PA,138,40.04169064700005,-76.41026163499998,72.72727272727273
35079805,CONESVILLE 5,AGGREGATE,,146283,COLESVILLE,SILVER SPRING,MD,-999999,39.07522949200006,-77.00112913099997,81.81818181818181
35079805,CONESVILLE 5,AGGREGATE,,147023,CONNELLSVILLE,DUNBAR TWP,PA,138,39.995034995000026,-79.59599629299998,80.0
35079805,CONESVILLE 5,AGGREGATE,,127503,DONERVILLE,WEST HEMPFIELD TWP,PA,138,40.04169064700005,-76.41026163499998,72.72727272727273
35079807,CONESVILLE 6,AGGREGATE,,146283,COLESVILLE,SILVER SPRING,MD,-999999,39.07522949200006,-77.00112913099997,81.81818181818181
35079807,CONESVILLE 6,AGGREGATE,,147023,CONNELLSVILLE,DUNBAR TWP,PA,138,39.995034995000026,-79.59599629299998,80.0
35079807,CONESVILLE 6,AGGREGATE,,127503,DONERVILLE,WEST HEMPFIELD TWP,PA,138,40.04169064700005,-76.41026163499998,72.72727272727273
35079811,STUART 1,AGGREGATE,,113590,J M STUART,MANCHESTER,OH,345,38.63930972900005,-83.69223732599994,77.77777777777779
35079813,STUART 2,AGGREGATE,,113590,J M STUART,MANCHESTER,OH,345,38.63930972900005,-83.69223732599994,77.77777777777779
35079815,STUART 3,AGGREGATE,,113590,J M STUART,MANCHESTER,OH,345,38.63930972900005,-83.69223732599994,77.77777777777779
35079817,STUART 4,AGGREGATE,,113590,J M STUART,MANCHESTER,OH,345,38.63930972900005,-83.69223732599994,77.77777777777779
35079819,KANAWHA RIVER 1,AGGREGATE,,155326,KANAWHA RIVER,CEDAR GROVE,WV,345,38.204832484000065,-81.42041281899998,92.85714285714286
35079821,KANAWHA RIVER 2,AGGREGATE,,155326,KANAWHA RIVER,CEDAR GROVE,WV,345,38.204832484000065,-81.42041281899998,92.85714285714286
35079823,MUSKINGUMRIV 1,AGGREGATE,,133841,MUSKINGUM RIVER,BEVERLY,OH,138,39.59068049000007,-81.67876297399994,82.75862068965517
35079823,MUSKINGUMRIV 1,AGGREGATE,,154008,MUSKINGUM RIVER,WATERFORD,OH,345,39.58840285800005,-81.68267755899996,82.75862068965517
35079825,MUSKINGUMRIV 2,AGGREGATE,,133841,MUSKINGUM RIVER,BEVERLY,OH,138,39.59068049000007,-81.67876297399994,82.75862068965517
35079825,MUSKINGUMRIV 2,AGGREGATE,,154008,MUSKINGUM RIVER,WATERFORD,OH,345,39.58840285800005,-81.68267755899996,82.75862068965517
35079833,SPORN 1,AGGREGATE,,154879,SPORN,LETART,WV,345,38.961796038000045,-81.92960976599994,83.33333333333334
35079859,ZIMMER,AGGREGATE,,155518,ZIMMER,MOSCOW,OH,345,38.86564995900005,-84.22493111199998,100.0
35079859,ZIMMER,AGGREGATE,,146695,SKIMMER,BIG ISLAND,VA,115,37.52011721300005,-79.35164297299997,76.92307692307692
35079859,ZIMMER,AGGREGATE,,171349,W H ZIMMER,MOSCOW,OH,-999999,38.86682624100007,-84.22662951899997,75.0
35079861,PHILPOTT 1-3,AGGREGATE,,147807,PHILPOTT,BASSETT,VA,138,36.77607146100007,-80.02717068199996,80.0
35079865,SCANTON2 138 KV T2,AGGREGATE,,152306,SOUTH CANTON 138KV,CANTON,OH,138,40.72133910900004,-81.41651355499994,77.77777777777779
35079881,DOSS,AGGREGATE,,113966,MOSS,CLINCHCO,VA,69,37.151894166000034,-82.35643284299994,75.0
35079885,RICHMOND,AGGREGATE,,143959,RICHMOND,PHILADELPHIA,PA,230,39.984671872000035,-75.07733244399998,100.0
35079885,RICHMOND,AGGREGATE,,116256,GRS RICHMOND,HENRICO,VA,-999999,37.49705066300004,-77.35349210899994,80.0
35079885,RICHMOND,AGGREGATE,,157431,RICHLAND,DEFIANCE,OH,138,41.30386801900005,-84.33561606199999,75.0
35079889,BUCK-CIN,AGGREGATE,,153611,BUCKSKIN,GREENFIELD,OH,69,39.325928979000025,-83.35281403199997,75.0
35084667,NAGELAEP,EHV,500 KV,154285,NAGEL,CHURCH HILL,TN,500,36.59059019100005,-82.69600229799994,76.92307692307692
35084669,FLATLICK,EHV,765 KV,152730,FLATLICK,WILKESVILLE,OH,765,39.08514424100008,-82.33129100999997,100.0
35084669,FLATLICK,EHV,765 KV,152430,FLAT ROCK,FLAT ROCK,OH,-999999,41.233741905000045,-82.86483817299995,70.58823529411764
35102823,GARDEN CREEK 1-2,AGGREGATE,,117036,GARDEN CREEK,OAKWOOD,VA,138,37.20653432900008,-82.00870516899994,85.71428571428572
35102823,GARDEN CREEK 1-2,AGGREGATE,,117036,GARDEN CREEK,OAKWOOD,VA,138,37.20653432900008,-82.00870516899994,85.71428571428572
35102839,SUGAR CREEK CC,AGGREGATE,,113649,SUGAR CREEK,BELLBROOK,OH,345,39.60049253700004,-84.09518812299996,88.0
35102839,SUGAR CREEK CC,AGGREGATE,,136870,SUGAR CREEK,SUGARCREEK,OH,-999999,40.470645157000035,-81.67812375399996,88.0
35102845,WATERFORD CC,AGGREGATE,,155007,WATERFORD,WATERFORD,OH,138,39.52544876600007,-81.66279583499994,85.71428571428572
35307529,BROADACR 138 KV T1,AGGREGATE,,153211,BROADFORD (138 KV),SALTVILLE,VA,138,36.92073876500007,-81.68295248099997,72.22222222222221
37420963,WARRIOR RUN,AGGREGATE,,176506,WALDO RUN,SALEM,WV,138,39.30571985800003,-80.65075968499997,70.0
37420965,SAFE HARBOR 1-12,AGGREGATE,,146761,SAFE HARBOR,HOLTWOOD,PA,230,39.92780072000005,-76.38895058699995,81.4814814814815
37420965,SAFE HARBOR 1-12,AGGREGATE,,146761,SAFE HARBOR,HOLTWOOD,PA,230,39.92780072000005,-76.38895058699995,81.4814814814815
38198499,DRESDEN 2,AGGREGATE,,154599,DRESDEN,DRESDEN,OH,138,40.09416913300004,-82.02691904799997,87.5
38198501,DRESDEN 3,AGGREGATE,,154599,DRESDEN,DRESDEN,OH,138,40.09416913300004,-82.02691904799997,87.5
38889405,BELLEVILLE GEN,AGGREGATE,,140988,BELLEVILLE,BELLEVILLE,NJ,230,40.802789447000066,-74.14209357599998,83.33333333333334
38889405,BELLEVILLE GEN,AGGREGATE,,152311,BELDEN VILLAGE,NORTH CANTON,OH,-999999,40.865694517000065,-81.42309472599999,71.42857142857143
38889407,CHESWICK 1,AGGREGATE,,146402,CHESWICK,SPRINGDALE,PA,138,40.537351485000045,-79.79373383999996,88.88888888888889
38918573,BRUNOT ISLAND 4 CC,AGGREGATE,,146453,BRUNOT ISLAND,PITTSBURGH,PA,345,40.464197297000055,-80.04553772699995,83.87096774193549
38918573,BRUNOT ISLAND 4 CC,AGGREGATE,,146453,BRUNOT ISLAND,PITTSBURGH,PA,345,40.464197297000055,-80.04553772699995,83.87096774193549
38931401,PHILLIPS ISLAND CC,AGGREGATE,,147919,PHILLIPS BEND,SURGOINSVILLE,TN,500,36.46070569200003,-82.80788408799998,70.96774193548387
38931401,PHILLIPS ISLAND CC,AGGREGATE,,147919,PHILLIPS BEND,SURGOINSVILLE,TN,500,36.46070569200003,-82.80788408799998,70.96774193548387
40243823,MOUNTAIN26 KV   MT1,GEN,26 KV,147612,SMITH MOUNTAIN,SANDY LEVEL,VA,138,37.040345381000066,-79.53246602999997,70.96774193548387
40523629,MISO,INTERFACE,,124025,MADISON,ANDERSON,IN,138,40.08696248600006,-85.64506873999994,72.72727272727273
40523629,MISO,INTERFACE,,152461,MADISON,MT STERLING,OH,69,39.71706695000006,-83.27357051299998,72.72727272727273
40620461,VP ROANOKE RAPIDS 1-4,AGGREGATE,,111422,ROANOKE RAPIDS,ROANOKE RAPIDS,NC,115,36.47861880000005,-77.67196899999993,80.0
40620461,VP ROANOKE RAPIDS 1-4,AGGREGATE,,111422,ROANOKE RAPIDS,ROANOKE RAPIDS,NC,115,36.47861880000005,-77.67196899999993,80.0
40627937,MARTINS CREEK - LMB,AGGREGATE,,144385,MARTINS CREEK,LOWER MT BETHEL TWP,PA,230,40.80038153300006,-75.10857613599995,81.25
40627937,MARTINS CREEK - LMB,AGGREGATE,,177317,MARTINS CREEK,MECHANICSBURG,PA,230,40.18907045100008,-76.94779089399998,81.25
40627937,MARTINS CREEK - LMB,AGGREGATE,,144385,MARTINS CREEK,LOWER MT BETHEL TWP,PA,230,40.80038153300006,-75.10857613599995,81.25
40627937,MARTINS CREEK - LMB,AGGREGATE,,177317,MARTINS CREEK,MECHANICSBURG,PA,230,40.18907045100008,-76.94779089399998,81.25
41018269,VP CHESTERFIELD 7 CC,AGGREGATE,,147822,CHESTERFIELD,CHESTER,VA,230,37.38180343300007,-77.38259825799997,75.0
41018269,VP CHESTERFIELD 7 CC,AGGREGATE,,147823,CHESTERFIELD,CHESTER,VA,230,37.381196671000055,-77.38719180799995,75.0
41018269,VP CHESTERFIELD 7 CC,AGGREGATE,,147824,CHESTERFIELD,CHESTER,VA,230,37.38150897500003,-77.38524778799996,75.0
41018269,VP CHESTERFIELD 7 CC,AGGREGATE,,147822,CHESTERFIELD,CHESTER,VA,230,37.38180343300007,-77.38259825799997,75.0
41018269,VP CHESTERFIELD 7 CC,AGGREGATE,,147823,CHESTERFIELD,CHESTER,VA,230,37.381196671000055,-77.38719180799995,75.0
41018269,VP CHESTERFIELD 7 CC,AGGREGATE,,147824,CHESTERFIELD,CHESTER,VA,230,37.38150897500003,-77.38524778799996,75.0
41018271,VP CHESTERFIELD 8 CC,AGGREGATE,,147822,CHESTERFIELD,CHESTER,VA,230,37.38180343300007,-77.38259825799997,75.0
41018271,VP CHESTERFIELD 8 CC,AGGREGATE,,147823,CHESTERFIELD,CHESTER,VA,230,37.381196671000055,-77.38719180799995,75.0
41018271,VP CHESTERFIELD 8 CC,AGGREGATE,,147824,CHESTERFIELD,CHESTER,VA,230,37.38150897500003,-77.38524778799996,75.0
41018271,VP CHESTERFIELD 8 CC,AGGREGATE,,147822,CHESTERFIELD,CHESTER,VA,230,37.38180343300007,-77.38259825799997,75.0
41018271,VP CHESTERFIELD 8 CC,AGGREGATE,,147823,CHESTERFIELD,CHESTER,VA,230,37.381196671000055,-77.38719180799995,75.0
41018271,VP CHESTERFIELD 8 CC,AGGREGATE,,147824,CHESTERFIELD,CHESTER,VA,230,37.38150897500003,-77.38524778799996,75.0
41120187,BATH COUNTY GEN,AGGREGATE,,121435,BATH COUNTY,CRAIGSVILLE,VA,500,38.20908630500003,-79.80018440799995,84.61538461538461
41161051,CLOVER 1,AGGREGATE,,147385,CLOVER,RANDOLPH,VA,500,36.86621143200006,-78.70654367999998,85.71428571428572
41161051,CLOVER 1,AGGREGATE,,146048,COVERT,COVERT TWP,MI,-999999,42.321524888000056,-86.29396622699994,71.42857142857143
41161051,CLOVER 1,AGGREGATE,,154280,COVERT,SANDUSKY,OH,-999999,41.43854472700008,-82.69271301399993,71.42857142857143
41161053,CLOVER 2,AGGREGATE,,147385,CLOVER,RANDOLPH,VA,500,36.86621143200006,-78.70654367999998,85.71428571428572
41161053,CLOVER 2,AGGREGATE,,146048,COVERT,COVERT TWP,MI,-999999,42.321524888000056,-86.29396622699994,71.42857142857143
41161053,CLOVER 2,AGGREGATE,,154280,COVERT,SANDUSKY,OH,-999999,41.43854472700008,-82.69271301399993,71.42857142857143
41161055,NORTH ANNA 1,AGGREGATE,,147893,NORTH ANNA,MINERAL,VA,500,38.06129172100003,-77.79721628199997,90.9090909090909
41161057,NORTH ANNA 2,AGGREGATE,,147893,NORTH ANNA,MINERAL,VA,500,38.06129172100003,-77.79721628199997,90.9090909090909
41173653,POSSUM POINT 6 CC,AGGREGATE,,116661,POSSUM POINT,DUMFRIES,VA,230,38.53741360200007,-77.28117928599994,82.75862068965517
41173653,POSSUM POINT 6 CC,AGGREGATE,,147856,POSSUM POINT,DUMFRIES,VA,230,38.54052188400004,-77.27942618099996,82.75862068965517
41173653,POSSUM POINT 6 CC,AGGREGATE,,116661,POSSUM POINT,DUMFRIES,VA,230,38.53741360200007,-77.28117928599994,82.75862068965517
41173653,POSSUM POINT 6 CC,AGGREGATE,,147856,POSSUM POINT,DUMFRIES,VA,230,38.54052188400004,-77.27942618099996,82.75862068965517
41205839,BATH COUNTY 1,AGGREGATE,,121435,BATH COUNTY,CRAIGSVILLE,VA,500,38.20908630500003,-79.80018440799995,91.66666666666666
41205841,BATH COUNTY 2,AGGREGATE,,121435,BATH COUNTY,CRAIGSVILLE,VA,500,38.20908630500003,-79.80018440799995,91.66666666666666
41205843,BATH COUNTY 3,AGGREGATE,,121435,BATH COUNTY,CRAIGSVILLE,VA,500,38.20908630500003,-79.80018440799995,91.66666666666666
41205845,BATH COUNTY 4,AGGREGATE,,121435,BATH COUNTY,CRAIGSVILLE,VA,500,38.20908630500003,-79.80018440799995,91.66666666666666
41205847,BATH COUNTY 5,AGGREGATE,,121435,BATH COUNTY,CRAIGSVILLE,VA,500,38.20908630500003,-79.80018440799995,91.66666666666666
41205849,BATH COUNTY 6,AGGREGATE,,121435,BATH COUNTY,CRAIGSVILLE,VA,500,38.20908630500003,-79.80018440799995,91.66666666666666
41935493,WALDWICK JK,AGGREGATE,,136019,WALDWICK,WALDWICK,NJ,345,41.01688039700008,-74.12542940699996,84.21052631578947
41935497,LINDEN A,AGGREGATE,,132604,LINDEN,LINDEN,NJ,230,40.62404604200003,-74.21129433699997,85.71428571428572
41935497,LINDEN A,AGGREGATE,,146280,LINDEN,SILVER SPRING,MD,-999999,39.00818983900007,-77.05060709999998,85.71428571428572
41935497,LINDEN A,AGGREGATE,,132616,ALDENE,CRANFORD TWP,NJ,230,40.65636888900008,-74.28548424399997,71.42857142857143
42389565,MARSHRUN GT1,AGGREGATE,,147900,MARSH RUN CT,WARRENTON,VA,230,38.52789850500005,-77.76961349999993,83.33333333333334
42389567,MARSHRUN GT2,AGGREGATE,,147900,MARSH RUN CT,WARRENTON,VA,230,38.52789850500005,-77.76961349999993,83.33333333333334
42389569,MARSHRUN GT3,AGGREGATE,,147900,MARSH RUN CT,WARRENTON,VA,230,38.52789850500005,-77.76961349999993,83.33333333333334
44160039,DEEP CREEK 1-2,AGGREGATE,,122611,DEEP CREEK,OAKLAND,MD,115,39.52358220700006,-79.41310308999994,83.33333333333334
44160039,DEEP CREEK 1-2,AGGREGATE,,147041,DEEP CREEK,CHESAPEAKE,VA,115,36.764297584000076,-76.34346027899994,83.33333333333334
44160039,DEEP CREEK 1-2,AGGREGATE,,122611,DEEP CREEK,OAKLAND,MD,115,39.52358220700006,-79.41310308999994,83.33333333333334
44160039,DEEP CREEK 1-2,AGGREGATE,,147041,DEEP CREEK,CHESAPEAKE,VA,115,36.764297584000076,-76.34346027899994,83.33333333333334
44160039,DEEP CREEK 1-2,AGGREGATE,,123992,DEER CREEK,MARION,IN,138,40.51604701900004,-85.64382550199997,75.0
44160039,DEEP CREEK 1-2,AGGREGATE,,123992,DEER CREEK,MARION,IN,138,40.51604701900004,-85.64382550199997,75.0
44160041,DEEP CREEK 2,AGGREGATE,,122611,DEEP CREEK,OAKLAND,MD,115,39.52358220700006,-79.41310308999994,90.9090909090909
44160041,DEEP CREEK 2,AGGREGATE,,147041,DEEP CREEK,CHESAPEAKE,VA,115,36.764297584000076,-76.34346027899994,90.9090909090909
44160041,DEEP CREEK 2,AGGREGATE,,123992,DEER CREEK,MARION,IN,138,40.51604701900004,-85.64382550199997,81.81818181818181
44460747,WIND JC 35 KV   BANK1,LOAD,35 KV,147715,TWIN BRANCH (345 KV),MISHAWAKA,IN,345,41.66917338600007,-86.13757877399996,71.7948717948718
44460747,WIND JC 35 KV   BANK1,LOAD,35 KV,147715,TWIN BRANCH (345 KV),MISHAWAKA,IN,345,41.66917338600007,-86.13757877399996,71.7948717948718
44460749,WIND JC 35 KV   BANK3,LOAD,35 KV,147715,TWIN BRANCH (345 KV),MISHAWAKA,IN,345,41.66917338600007,-86.13757877399996,71.7948717948718
44460749,WIND JC 35 KV   BANK3,LOAD,35 KV,147715,TWIN BRANCH (345 KV),MISHAWAKA,IN,345,41.66917338600007,-86.13757877399996,71.7948717948718
45980951,VERNON BK 4,AGGREGATE,,128939,VERNON,HARRINGTON,DE,69,38.91608988300004,-75.65698953599997,70.58823529411764
45980953,VERNON BK 1,AGGREGATE,,128939,VERNON,HARRINGTON,DE,69,38.91608988300004,-75.65698953599997,70.58823529411764
45980971,FRANKLIN BK 2,AGGREGATE,,147341,FRANKLIN,ROCKY MOUNT,VA,138,36.98346249700006,-79.91829925199994,76.19047619047619
45980973,FRANKLIN BK 1,AGGREGATE,,147341,FRANKLIN,ROCKY MOUNT,VA,138,36.98346249700006,-79.91829925199994,76.19047619047619
46688557,LAUREL BUS4,AGGREGATE,,128220,LAUREL,LAUREL,DE,69,38.563006029000064,-75.57802780999998,70.58823529411764
46688557,LAUREL BUS4,AGGREGATE,,146271,LAUREL,LAUREL,MD,-999999,39.11574222400003,-76.83001614199998,70.58823529411764
46688559,WOODSTOW BUS1,AGGREGATE,,132620,WOODSTOWN,PILESGROVE TWP,NJ,69,39.63654548400007,-75.31794109399993,72.72727272727273
46688561,WOODSTOW BUS2,AGGREGATE,,132620,WOODSTOWN,PILESGROVE TWP,NJ,69,39.63654548400007,-75.31794109399993,72.72727272727273
47560805,WWHARTON BK 2,AGGREGATE,,128235,WHARTON,MILLSBORO,DE,138,38.56649344300007,-75.37858587299996,70.0
47560807,WWHARTON BK 1,AGGREGATE,,128235,WHARTON,MILLSBORO,DE,138,38.56649344300007,-75.37858587299996,70.0
47560809,WHIPPANY BK 8,AGGREGATE,,143626,WHIPPANY,EAST HANOVER,NJ,230,40.81941658100004,-74.37826249899996,76.19047619047619
47560811,WHIPPANY BK 7,AGGREGATE,,143626,WHIPPANY,EAST HANOVER,NJ,230,40.81941658100004,-74.37826249899996,76.19047619047619
48217747,LINDEN CC1,AGGREGATE,,132604,LINDEN,LINDEN,NJ,230,40.62404604200003,-74.21129433699997,75.0
48217747,LINDEN CC1,AGGREGATE,,146280,LINDEN,SILVER SPRING,MD,-999999,39.00818983900007,-77.05060709999998,75.0
48217747,LINDEN CC1,AGGREGATE,,132604,LINDEN,LINDEN,NJ,230,40.62404604200003,-74.21129433699997,75.0
48217747,LINDEN CC1,AGGREGATE,,146280,LINDEN,SILVER SPRING,MD,-999999,39.00818983900007,-77.05060709999998,75.0
48217749,LINDEN CC2,AGGREGATE,,132604,LINDEN,LINDEN,NJ,230,40.62404604200003,-74.21129433699997,75.0
48217749,LINDEN CC2,AGGREGATE,,146280,LINDEN,SILVER SPRING,MD,-999999,39.00818983900007,-77.05060709999998,75.0
48217749,LINDEN CC2,AGGREGATE,,132604,LINDEN,LINDEN,NJ,230,40.62404604200003,-74.21129433699997,75.0
48217749,LINDEN CC2,AGGREGATE,,146280,LINDEN,SILVER SPRING,MD,-999999,39.00818983900007,-77.05060709999998,75.0
50697141,CROZET TX1,AGGREGATE,,121444,CROZET,CROZET,VA,230,38.084710389000065,-78.69854022799996,75.0
50697143,CROZET TX2,AGGREGATE,,121444,CROZET,CROZET,VA,230,38.084710389000065,-78.69854022799996,75.0
50697147,DALEWOOD T1,AGGREGATE,,108824,DALEWOOD,CHARLESTON,WV,138,38.426076128000034,-81.76550966999997,84.21052631578947
50697149,DUMFRIES TX1,AGGREGATE,,146771,DUMFRIES,DUMFRIES,VA,230,38.58730618300007,-77.30593510199998,80.0
50697151,DUMFRIES TX2,AGGREGATE,,146771,DUMFRIES,DUMFRIES,VA,230,38.58730618300007,-77.30593510199998,80.0
50697161,FIELDALE CAD,AGGREGATE,,147337,FIELDALE,COLLINSVILLE,VA,-999999,36.70585549800006,-79.91481693699996,80.0
50697161,FIELDALE CAD,AGGREGATE,,147358,FIELDALE,FIELDALE,VA,138,36.70912543900005,-79.93445629099995,80.0
50697161,FIELDALE CAD,AGGREGATE,,151292,CANFIELD,CANFIELD,OH,-999999,41.01749346500003,-80.75953443599997,70.0
50697163,FIELDALE CAE,AGGREGATE,,147337,FIELDALE,COLLINSVILLE,VA,-999999,36.70585549800006,-79.91481693699996,80.0
50697163,FIELDALE CAE,AGGREGATE,,147358,FIELDALE,FIELDALE,VA,138,36.70912543900005,-79.93445629099995,80.0
50697163,FIELDALE CAE,AGGREGATE,,151292,CANFIELD,CANFIELD,OH,-999999,41.01749346500003,-80.75953443599997,70.0
50697171,GOMINGO T1,AGGREGATE,,147440,GOMINGO,MADISON HEIGHTS,VA,138,37.42663252800003,-79.08461771999998,82.35294117647058
50697173,GROTTOES TX1,AGGREGATE,,147388,GROTTOES,GROTTOES,VA,230,38.26606908400004,-78.81281928199996,80.0
50697175,GROTTOES TX3,AGGREGATE,,147388,GROTTOES,GROTTOES,VA,230,38.26606908400004,-78.81281928199996,80.0
50697179,MONEL T1,AGGREGATE,,147439,MONEL,MADISON HEIGHTS,VA,138,37.45648547800005,-79.12426126999998,76.92307692307692
50697179,MONEL T1,AGGREGATE,,146988,MONETA,MONETA,VA,138,37.19526387800005,-79.61744947099999,71.42857142857143
50697211,STOCKTO2 T1,AGGREGATE,,146388,STOCKTON,AXTON,VA,-999999,36.68259739700005,-79.74049350199994,73.6842105263158
50697215,WSTAUNTN TX1,AGGREGATE,,114774,STAUNTON,TROY,OH,138,40.033787000000075,-84.17619999999994,70.0
50697215,WSTAUNTN TX1,AGGREGATE,,147472,STAUNTON,STAUNTON,VA,115,38.14781858900005,-79.06615965399999,70.0
50697217,WSTAUNTN TX2,AGGREGATE,,114774,STAUNTON,TROY,OH,138,40.033787000000075,-84.17619999999994,70.0
50697217,WSTAUNTN TX2,AGGREGATE,,147472,STAUNTON,STAUNTON,VA,115,38.14781858900005,-79.06615965399999,70.0
50981069,SOUTHEXP,INTERFACE,,146333,SOUTHWEST,RICHMOND,VA,230,37.502079655000045,-77.53233239699995,70.58823529411764
50981069,SOUTHEXP,INTERFACE,,146705,SOUTHBEND,SHELOCTA,PA,500,40.64158330200007,-79.34597924799994,70.58823529411764
50981069,SOUTHEXP,INTERFACE,,161409,SOUTHWEST,WASHINGTON,DC,138,38.87629881000004,-76.99853535499994,70.58823529411764
51025359,KAMMER 1,AGGREGATE,,108771,KAMMER (138KV),MOUNDSVILLE,WV,345,39.84239936800003,-80.81853670099997,72.72727272727273
51132855,CRVWOOD,AGGREGATE,,146228,CRESTWOOD,MIDLOTHIAN,IL,138,41.640118194000024,-87.73311176999994,75.0
51132855,CRVWOOD,AGGREGATE,,153662,CRESTWOOD,FINDLAY,OH,-999999,41.06179597000005,-83.61761457199998,75.0
51132855,CRVWOOD,AGGREGATE,,147592,DERWOOD,DERWOOD,MD,-999999,39.11736981000007,-77.16174997699994,71.42857142857143
51581523,EDANVILL T1,AGGREGATE,,146728,EAST DANVILLE,DANVILLE,VA,230,36.60368389400003,-79.34794619499996,75.0
51581523,EDANVILL T1,AGGREGATE,,147631,DANVILLE,DANVILLE,VA,138,36.61519785200005,-79.39643321999995,73.6842105263158
51581529,DANVILLE,AGGREGATE,,147631,DANVILLE,DANVILLE,VA,138,36.61519785200005,-79.39643321999995,100.0
51581529,DANVILLE,AGGREGATE,,154281,HANVILLE,NORTH FAIRFIELD,OH,-999999,41.115683733000026,-82.61245452299994,87.5
51581529,DANVILLE,AGGREGATE,,146786,DRANESVILLE,RESTON,VA,230,38.97939787700005,-77.36155865399996,84.21052631578947
52071339,MANITOU BK 5,AGGREGATE,,141104,MANITOUS,TOMS RIVER,NJ,230,39.952481841000065,-74.22001359299998,70.0
53178715,CLINCH RIVER 1,AGGREGATE,,151631,CLINCH RIVER,CLEVELAND,VA,138,36.93050928800005,-82.19803394099995,92.3076923076923
53178717,CLINCH RIVER 2,AGGREGATE,,151631,CLINCH RIVER,CLEVELAND,VA,138,36.93050928800005,-82.19803394099995,92.3076923076923
53178719,CLINCH RIVER 3,AGGREGATE,,151631,CLINCH RIVER,CLEVELAND,VA,138,36.93050928800005,-82.19803394099995,92.3076923076923
53178721,CLINCH RIVER 1-3,AGGREGATE,,151631,CLINCH RIVER,CLEVELAND,VA,138,36.93050928800005,-82.19803394099995,85.71428571428572
54904985,LUMBERTON,AGGREGATE,,143969,LUMBERTON,LUMBERTON TWP,NJ,230,39.95054111700006,-74.81038526299994,100.0
54904985,LUMBERTON,AGGREGATE,,108787,LAMBERTON,HARRISVILLE,WV,138,39.26882499800007,-81.05471024599996,88.88888888888889
56572749,MANITOU OCLF,AGGREGATE,,141104,MANITOUS,TOMS RIVER,NJ,230,39.952481841000065,-74.22001359299998,70.0
56783061,NAPERVILLE,AGGREGATE,,127503,DONERVILLE,WEST HEMPFIELD TWP,PA,138,40.04169064700005,-76.41026163499998,80.0
56783061,NAPERVILLE,AGGREGATE,,146546,PERRYVILLE,PERRYVILLE,MD,-999999,39.55641419800003,-76.07678431299996,80.0
56783061,NAPERVILLE,AGGREGATE,,153671,WATERVILLE,WATERVILLE,OH,138,41.52287977000003,-83.71988732199998,80.0
62871513,BRISTERS,EHV,500 KV,146375,BRISTERS,CATLETT,VA,500,38.56312074400006,-77.59554123999999,100.0
62871513,BRISTERS,EHV,500 KV,147633,BANISTER,DRY FORK,VA,138,36.750520755000025,-79.40617251799995,75.0
62871515,GREENLAND GAP,EHV,500 KV,146122,GREENLAND GAP,MOUNT STORM,WV,500,39.20211615800008,-79.22191446599999,100.0
63068613,GLEN LYN 5,AGGREGATE,,148204,GLEN LYN,GLEN LYN,VA,138,37.36974300600008,-80.86129938099998,88.88888888888889
63068615,GLEN LYN 6,AGGREGATE,,148204,GLEN LYN,GLEN LYN,VA,138,37.36974300600008,-80.86129938099998,88.88888888888889
63642627,GLEN LYN 5-6,AGGREGATE,,148204,GLEN LYN,GLEN LYN,VA,138,37.36974300600008,-80.86129938099998,80.0
63642627,GLEN LYN 5-6,AGGREGATE,,148204,GLEN LYN,GLEN LYN,VA,138,37.36974300600008,-80.86129938099998,80.0
64693969,HAYROAD 8,AGGREGATE,,130225,HAY ROAD,WILMINGTON,DE,230,39.74310043700007,-75.50722115299999,82.35294117647058
67165681,ORCHARD,EHV,500 KV,139059,ORCHARD ST,BALTIMORE,MD,115,39.29786554700007,-76.62179458599996,82.35294117647058
67165681,ORCHARD,EHV,500 KV,125735,ORCHARD PARK,CHAMBERSBURG,PA,69,39.910644208000065,-77.66703431399998,73.6842105263158
67165681,ORCHARD,EHV,500 KV,147913,ORCHARD ROAD,STATE COLLEGE,PA,-999999,40.815993140000046,-77.84299475299997,73.6842105263158
71856771,SPRUANCE13.8 KV NUG1,GEN,13.8 KV,147841,SPRUANCE NUG,RICHMOND,VA,230,37.45453351400005,-77.42938599699994,75.0
71856771,SPRUANCE13.8 KV NUG1,GEN,13.8 KV,147841,SPRUANCE NUG,RICHMOND,VA,230,37.45453351400005,-77.42938599699994,75.0
71856773,SPRUANCE13.8 KV NUG2,GEN,13.8 KV,147841,SPRUANCE NUG,RICHMOND,VA,230,37.45453351400005,-77.42938599699994,75.0
71856773,SPRUANCE13.8 KV NUG2,GEN,13.8 KV,147841,SPRUANCE NUG,RICHMOND,VA,230,37.45453351400005,-77.42938599699994,75.0
73326993,MAYWOOD T-1,AGGREGATE,,132972,MAYWOOD,MAYWOOD,NJ,230,40.899205703000064,-74.07060671299996,77.77777777777779
73326995,MAYWOOD T-2,AGGREGATE,,132972,MAYWOOD,MAYWOOD,NJ,230,40.899205703000064,-74.07060671299996,77.77777777777779
73326997,MAYWOOD T-3,AGGREGATE,,132972,MAYWOOD,MAYWOOD,NJ,230,40.899205703000064,-74.07060671299996,77.77777777777779
73326999,MAYWOOD T-4,AGGREGATE,,132972,MAYWOOD,MAYWOOD,NJ,230,40.899205703000064,-74.07060671299996,77.77777777777779
77260083,NORTH LONGVIEW,EHV,500 KV,132844,LONGVIEW POWER PLANT,MAIDSVILLE,WV,500,39.70706887500006,-79.95532055099994,70.58823529411764
78711789,BUGGSISL13 KV   NUG,GEN,13 KV,147978,BUGGS ISLAND NUG,CLARKSVILLE,VA,115,36.54887966700005,-78.46694640599998,72.72727272727273
79463693,PERRYMAN 1-2,AGGREGATE,,139182,PERRYMAN,ABERDEEN,MD,115,39.442468434000034,-76.22141224699999,80.0
79463695,PERRYMAN 3-4,AGGREGATE,,139182,PERRYMAN,ABERDEEN,MD,115,39.442468434000034,-76.22141224699999,80.0
79463697,PERRYMAN 51,AGGREGATE,,139182,PERRYMAN,ABERDEEN,MD,115,39.442468434000034,-76.22141224699999,84.21052631578947
79463699,WAGNER 1,AGGREGATE,,123268,WAGNER,CURTIS BAY,MD,230,39.17762157900006,-76.53006823499999,85.71428571428572
79463699,WAGNER 1,AGGREGATE,,123268,WAGNER,CURTIS BAY,MD,230,39.17762157900006,-76.53006823499999,85.71428571428572
79463707,WESTPORT CT 5,AGGREGATE,,123214,WESTPORT,BALTIMORE,MD,115,39.266108090000046,-76.63047320599998,76.19047619047619
81276141,OCEANVIE BK 1,AGGREGATE,,141147,OCEANVIEW,NEPTUNE CITY,NJ,230,40.22098955600006,-74.04588885999993,72.72727272727273
81276143,OCEANVIE BK 2,AGGREGATE,,141147,OCEANVIEW,NEPTUNE CITY,NJ,230,40.22098955600006,-74.04588885999993,72.72727272727273
81436855,LINDENVFT,INTERFACE,,132604,LINDEN,LINDEN,NJ,230,40.62404604200003,-74.21129433699997,80.0
81436855,LINDENVFT,INTERFACE,,146280,LINDEN,SILVER SPRING,MD,-999999,39.00818983900007,-77.05060709999998,80.0
83782949,ARMENIA MOUNTAIN WF,AGGREGATE,,127619,ARMENIA MOUNTAIN WIND FARM,TROY,PA,115,41.762033845000076,-76.85414179699995,80.0
83782949,ARMENIA MOUNTAIN WF,AGGREGATE,,108910,BRIAR MOUNTAIN,WHARNCLIFFE,WV,-999999,37.57925545900008,-81.99089037399995,72.72727272727273
83782949,ARMENIA MOUNTAIN WF,AGGREGATE,,108899,MINNIX MOUNTAIN,ROCK,WV,-999999,37.364474726000026,-81.28646821899997,70.58823529411764
83782951,CALVERT CLIFFS 1,AGGREGATE,,146159,CALVERT CLIFFS,LUSBY,MD,500,38.43268094100006,-76.44433006899999,93.33333333333333
83782955,CALVERT CLIFFS 2,AGGREGATE,,146159,CALVERT CLIFFS,LUSBY,MD,500,38.43268094100006,-76.44433006899999,93.33333333333333
86883363,LOCUST RIDGE 1WF,AGGREGATE,,123635,LOCUST RIDGE II LLC,WEST MAHANOY TWP,PA,69,40.82852775200007,-76.24215750599996,74.28571428571429
86883435,LOCUST RIDGE 2WF,AGGREGATE,,123635,LOCUST RIDGE II LLC,WEST MAHANOY TWP,PA,69,40.82852775200007,-76.24215750599996,74.28571428571429
96906707,NHAVERHILL,AGGREGATE,,148216,HARVELL,PRINCE GEORGE,VA,115,37.256496549000076,-77.37203088299998,70.58823529411764
101560795,HAYROAD 8CC,AGGREGATE,,130225,HAY ROAD,WILMINGTON,DE,230,39.74310043700007,-75.50722115299999,73.6842105263158
101560795,HAYROAD 8CC,AGGREGATE,,130225,HAY ROAD,WILMINGTON,DE,230,39.74310043700007,-75.50722115299999,73.6842105263158
107485047,BEAR GARDEN CC,AGGREGATE,,146618,BEAR GARDEN,NEW CANTON,VA,230,37.697089661000064,-78.28432132099994,88.0
107485047,BEAR GARDEN CC,AGGREGATE,,146618,BEAR GARDEN,NEW CANTON,VA,230,37.697089661000064,-78.28432132099994,88.0
115944315,PAINESVILLE,AGGREGATE,,146376,GAINESVILLE,MANASSAS,VA,230,38.790845286000035,-77.56517207299999,90.9090909090909
115944315,PAINESVILLE,AGGREGATE,,146786,DRANESVILLE,RESTON,VA,230,38.97939787700005,-77.36155865399996,81.81818181818181
115944315,PAINESVILLE,AGGREGATE,,151783,SALINEVILLE,SALINEVILLE,OH,-999999,40.620539664000034,-80.84352734099997,81.81818181818181
123905887,NEW CASTLE DIESEL,AGGREGATE,,124473,NEW CASTLE,NEW CASTLE,IN,138,39.91607911700004,-85.35334303899998,74.07407407407408
123905887,NEW CASTLE DIESEL,AGGREGATE,,129247,NEW CASTLE,NEW CASTLE,DE,138,39.67646350500007,-75.55855197299996,74.07407407407408
124575225,NEW CASTLE 3,AGGREGATE,,124473,NEW CASTLE,NEW CASTLE,IN,138,39.91607911700004,-85.35334303899998,90.9090909090909
124575225,NEW CASTLE 3,AGGREGATE,,129247,NEW CASTLE,NEW CASTLE,DE,138,39.67646350500007,-75.55855197299996,90.9090909090909
124575225,NEW CASTLE 3,AGGREGATE,,115240,NEW CARLISLE,NEW CARLISLE,OH,138,39.90790000000004,-84.05712699999998,75.0
124575227,NEW CASTLE 4,AGGREGATE,,124473,NEW CASTLE,NEW CASTLE,IN,138,39.91607911700004,-85.35334303899998,90.9090909090909
124575227,NEW CASTLE 4,AGGREGATE,,129247,NEW CASTLE,NEW CASTLE,DE,138,39.67646350500007,-75.55855197299996,90.9090909090909
124575227,NEW CASTLE 4,AGGREGATE,,115240,NEW CARLISLE,NEW CARLISLE,OH,138,39.90790000000004,-84.05712699999998,75.0
124575229,NEW CASTLE 5,AGGREGATE,,124473,NEW CASTLE,NEW CASTLE,IN,138,39.91607911700004,-85.35334303899998,90.9090909090909
124575229,NEW CASTLE 5,AGGREGATE,,129247,NEW CASTLE,NEW CASTLE,DE,138,39.67646350500007,-75.55855197299996,90.9090909090909
124575229,NEW CASTLE 5,AGGREGATE,,115240,NEW CARLISLE,NEW CARLISLE,OH,138,39.90790000000004,-84.05712699999998,75.0
124575235,NILES CT,AGGREGATE,,144497,NILES,SKOKIE,IL,138,42.021907088000034,-87.77597742399996,76.92307692307692
124575235,NILES CT,AGGREGATE,,176986,NILES,MC DONALD,OH,345,41.163796586000046,-80.74783692999995,76.92307692307692
128774205,WILLIAMSTOWN,AGGREGATE,,128205,MILLTOWN,WILMINGTON,DE,138,39.73047952400003,-75.66898715499997,70.0
130204739,MADISON,AGGREGATE,,124025,MADISON,ANDERSON,IN,138,40.08696248600006,-85.64506873999994,100.0
130204739,MADISON,AGGREGATE,,152461,MADISON,MT STERLING,OH,69,39.71706695000006,-83.27357051299998,100.0
130204739,MADISON,AGGREGATE,,157688,MADISONBURG,WOOSTER,OH,-999999,40.85938616400006,-81.93881679599997,77.77777777777779
130992111,GREENUP,AGGREGATE,,152321,GREEN,NORTH CANTON,OH,-999999,40.939346589000024,-81.46691852699996,83.33333333333334
130992111,GREENUP,AGGREGATE,,124541,GREENE,GREENE TWP,PA,138,39.997638348000066,-77.61579338799999,76.92307692307692
130992111,GREENUP,AGGREGATE,,153901,GREENE,XENIA,OH,345,39.70854121000008,-84.00153270299995,76.92307692307692
135681231,DRESDEN CC,AGGREGATE,,154599,DRESDEN,DRESDEN,OH,138,40.09416913300004,-82.02691904799997,82.35294117647058
135681233,STRYKER CT,AGGREGATE,,114782,STRYKER,STRYKER,OH,138,41.502385762000074,-84.42956995699996,82.35294117647058
135681235,RICHLAND CT1,AGGREGATE,,157431,RICHLAND,DEFIANCE,OH,138,41.30386801900005,-84.33561606199999,80.0
135681235,RICHLAND CT1,AGGREGATE,,113073,RICHLANDS,RICHLANDS,VA,138,37.09214044400005,-81.80664263799997,76.19047619047619
135681235,RICHLAND CT1,AGGREGATE,,147038,CHURCHLAND,PORTSMOUTH,VA,230,36.87106756500003,-76.37693634599998,72.72727272727273
135681237,RICHLAND CT2,AGGREGATE,,157431,RICHLAND,DEFIANCE,OH,138,41.30386801900005,-84.33561606199999,80.0
135681237,RICHLAND CT2,AGGREGATE,,113073,RICHLANDS,RICHLANDS,VA,138,37.09214044400005,-81.80664263799997,76.19047619047619
135681237,RICHLAND CT2,AGGREGATE,,147038,CHURCHLAND,PORTSMOUTH,VA,230,36.87106756500003,-76.37693634599998,72.72727272727273
135681239,RICHLAND CT3,AGGREGATE,,157431,RICHLAND,DEFIANCE,OH,138,41.30386801900005,-84.33561606199999,80.0
135681239,RICHLAND CT3,AGGREGATE,,113073,RICHLANDS,RICHLANDS,VA,138,37.09214044400005,-81.80664263799997,76.19047619047619
135681239,RICHLAND CT3,AGGREGATE,,147038,CHURCHLAND,PORTSMOUTH,VA,230,36.87106756500003,-76.37693634599998,72.72727272727273
135681241,RICHLAND CT4,AGGREGATE,,157431,RICHLAND,DEFIANCE,OH,138,41.30386801900005,-84.33561606199999,80.0
135681241,RICHLAND CT4,AGGREGATE,,113073,RICHLANDS,RICHLANDS,VA,138,37.09214044400005,-81.80664263799997,76.19047619047619
135681241,RICHLAND CT4,AGGREGATE,,147038,CHURCHLAND,PORTSMOUTH,VA,230,36.87106756500003,-76.37693634599998,72.72727272727273
135681243,RICHLAND CT5,AGGREGATE,,157431,RICHLAND,DEFIANCE,OH,138,41.30386801900005,-84.33561606199999,80.0
135681243,RICHLAND CT5,AGGREGATE,,113073,RICHLANDS,RICHLANDS,VA,138,37.09214044400005,-81.80664263799997,76.19047619047619
135681243,RICHLAND CT5,AGGREGATE,,147038,CHURCHLAND,PORTSMOUTH,VA,230,36.87106756500003,-76.37693634599998,72.72727272727273
135681245,RICHLAND CT6,AGGREGATE,,157431,RICHLAND,DEFIANCE,OH,138,41.30386801900005,-84.33561606199999,80.0
135681245,RICHLAND CT6,AGGREGATE,,113073,RICHLANDS,RICHLANDS,VA,138,37.09214044400005,-81.80664263799997,76.19047619047619
135681245,RICHLAND CT6,AGGREGATE,,147038,CHURCHLAND,PORTSMOUTH,VA,230,36.87106756500003,-76.37693634599998,72.72727272727273
137426643,FREMONT CC,AGGREGATE,,113964,FREEMONT,CLINTWOOD,VA,138,37.12982109600006,-82.39644840899996,77.77777777777779
137426643,FREMONT CC,AGGREGATE,,113964,FREEMONT,CLINTWOOD,VA,138,37.12982109600006,-82.39644840899996,77.77777777777779
977712853,SMITH MOUNT,AGGREGATE,,147612,SMITH MOUNTAIN,SANDY LEVEL,VA,138,37.040345381000066,-79.53246602999997,88.0
977712853,SMITH MOUNT,AGGREGATE,,147612,SMITH MOUNTAIN,SANDY LEVEL,VA,138,37.040345381000066,-79.53246602999997,88.0
977712853,SMITH MOUNT,AGGREGATE,,146689,MOUNT STORM,MOUNT STORM,WV,500,39.20299547800005,-79.27157681299997,72.72727272727273
977712853,SMITH MOUNT,AGGREGATE,,146689,MOUNT STORM,MOUNT STORM,WV,500,39.20299547800005,-79.27157681299997,72.72727272727273
1067320092,PINNACLE WF,AGGREGATE,,133866,PINNACLES,ARARAT,VA,69,36.66690969900003,-80.44799370199996,80.0
1070180950,MIDDLETOWN COKE,AGGREGATE,,144006,MIDDLETOWN,MEDIA,PA,230,39.91804352200006,-75.40775349399996,80.0
1070180950,MIDDLETOWN COKE,AGGREGATE,,147497,MIDDLETOWN JUNCTION,MIDDLETOWN,PA,230,40.16828238700003,-76.70469912199997,76.47058823529412
1076374013,CRANBERRY,EHV,500 KV,124622,CRANBERRY,CRANBERRY TWP,PA,500,40.722911116000034,-80.09836324699995,100.0
1076374013,CRANBERRY,EHV,500 KV,157765,RABER,COLUMBIA CITY,IN,138,41.10528304600007,-85.46531377299993,71.42857142857143
1091871853,GILBERTON NUG,AGGREGATE,,132948,GILBERT,MILFORD,NJ,230,40.56637695100005,-75.16470925599998,70.0
1091871853,GILBERTON NUG,AGGREGATE,,144391,GILBERT,MILFORD,NJ,230,40.568729304000044,-75.16213125899998,70.0
1091871853,GILBERTON NUG,AGGREGATE,,153958,GILBERT,GILBERT,WV,46,37.61547188800006,-81.86294443099996,70.0
1094699114,LAURELWF,AGGREGATE,,128220,LAUREL,LAUREL,DE,69,38.563006029000064,-75.57802780999998,85.71428571428572
1094699114,LAURELWF,AGGREGATE,,146271,LAUREL,LAUREL,MD,-999999,39.11574222400003,-76.83001614199998,85.71428571428572
1107333036,FRONT ROYAL,EHV,500 KV,147529,FRONT ROYAL,FRONT ROYAL,VA,500,38.968529352000076,-78.17746335799995,100.0
1137350094,BRESCO,AGGREGATE,,146785,BECO,STERLING,VA,230,39.02455766700007,-77.43713271499996,80.0
1137350094,BRESCO,AGGREGATE,,108782,BRUES,WHEELING,WV,138,40.03831035200005,-80.72264981499995,72.72727272727273
1137350094,BRESCO,AGGREGATE,,160552,BECCO,AMHERSTDALE,WV,-999999,37.78549583200004,-81.81214016999996,72.72727272727273
1141590063,DOVER CC,AGGREGATE,,152287,DOVER,DOVER,OH,69,40.520343136000065,-81.46801670199994,76.92307692307692
1141590063,DOVER CC,AGGREGATE,,152287,DOVER,DOVER,OH,69,40.520343136000065,-81.46801670199994,76.92307692307692
1141590063,DOVER CC,AGGREGATE,,146048,COVERT,COVERT TWP,MI,-999999,42.321524888000056,-86.29396622699994,71.42857142857143
1141590063,DOVER CC,AGGREGATE,,147385,CLOVER,RANDOLPH,VA,500,36.86621143200006,-78.70654367999998,71.42857142857143
1141590063,DOVER CC,AGGREGATE,,146048,COVERT,COVERT TWP,MI,-999999,42.321524888000056,-86.29396622699994,71.42857142857143
1141590063,DOVER CC,AGGREGATE,,147385,CLOVER,RANDOLPH,VA,500,36.86621143200006,-78.70654367999998,71.42857142857143
1179520357,MAHONING CREEK,AGGREGATE,,144385,MARTINS CREEK,LOWER MT BETHEL TWP,PA,230,40.80038153300006,-75.10857613599995,74.07407407407408
1179520357,MAHONING CREEK,AGGREGATE,,177317,MARTINS CREEK,MECHANICSBURG,PA,230,40.18907045100008,-76.94779089399998,74.07407407407408
1179520357,MAHONING CREEK,AGGREGATE,,150355,MAHONING,NEW SPRINGFIELD,OH,-999999,40.91697578900005,-80.57682622599998,72.72727272727273
1207062187,PRIDE   115 KV  PRIDE,LOAD,115 KV,123198,RIVERSIDE (115KV),DUNDALK,MD,115,39.23922930800006,-76.51257662299997,74.28571428571429
1218933536,HOPATCON,EHV,500 KV,144014,HEATON,UPPER MORELAND TWP,PA,230,40.15972562200005,-75.11772645299999,71.42857142857143
1229535965,PSNORTH,AGGREGATE,,146455,NORTH,SHALER TWP,PA,138,40.54091106100003,-79.98960480599999,83.33333333333334
1229535965,PSNORTH,AGGREGATE,,113745,NORTH DELPHOS,DELPHOS,OH,138,40.89622489900006,-84.30933983899996,70.0
1229535981,SCANTON,AGGREGATE,,114774,STAUNTON,TROY,OH,138,40.033787000000075,-84.17619999999994,80.0
1229535981,SCANTON,AGGREGATE,,147472,STAUNTON,STAUNTON,VA,115,38.14781858900005,-79.06615965399999,80.0
1229535981,SCANTON,AGGREGATE,,121261,COALTON,ASHLAND,KY,69,38.36337748900007,-82.75857038399994,71.42857142857143
1240295926,BLKRIVER,AGGREGATE,,177215,BLACK RIVER,ELYRIA,OH,345,41.41089018000008,-82.12610133099997,84.21052631578947
1270652100,NELSON CC1,AGGREGATE,,134641,NELSON,HARMON,IL,345,41.76060906600003,-89.60915175899999,75.0
1270652100,NELSON CC1,AGGREGATE,,153869,NELSON,CHESTERLAND,OH,138,41.522824900000046,-81.32967930399997,75.0
1270652100,NELSON CC1,AGGREGATE,,134641,NELSON,HARMON,IL,345,41.76060906600003,-89.60915175899999,75.0
1270652100,NELSON CC1,AGGREGATE,,153869,NELSON,CHESTERLAND,OH,138,41.522824900000046,-81.32967930399997,75.0
1270652101,NELSON CC2,AGGREGATE,,134641,NELSON,HARMON,IL,345,41.76060906600003,-89.60915175899999,75.0
1270652101,NELSON CC2,AGGREGATE,,153869,NELSON,CHESTERLAND,OH,138,41.522824900000046,-81.32967930399997,75.0
1270652101,NELSON CC2,AGGREGATE,,134641,NELSON,HARMON,IL,345,41.76060906600003,-89.60915175899999,75.0
1270652101,NELSON CC2,AGGREGATE,,153869,NELSON,CHESTERLAND,OH,138,41.522824900000046,-81.32967930399997,75.0
1297837077,NEWARK ENERGY CC,AGGREGATE,,133201,NEWARK ENERGY CENTER,NEWARK,NJ,-999999,40.70783866000005,-74.12778544099996,83.33333333333334
1297837077,NEWARK ENERGY CC,AGGREGATE,,133201,NEWARK ENERGY CENTER,NEWARK,NJ,-999999,40.70783866000005,-74.12778544099996,83.33333333333334
1302412285,GARRISON CC,AGGREGATE,,116775,HARRISON,CENTREVILLE,VA,115,38.81146882500008,-77.45130041899995,73.6842105263158
1302412285,GARRISON CC,AGGREGATE,,140957,HARRISON,HARRISON,NJ,-999999,40.74505057400006,-74.15427588799997,73.6842105263158
1302412285,GARRISON CC,AGGREGATE,,147602,HARRISON,WASHINGTON,DC,138,38.95736009500007,-77.08443832299997,73.6842105263158
1302412285,GARRISON CC,AGGREGATE,,116775,HARRISON,CENTREVILLE,VA,115,38.81146882500008,-77.45130041899995,73.6842105263158
1302412285,GARRISON CC,AGGREGATE,,140957,HARRISON,HARRISON,NJ,-999999,40.74505057400006,-74.15427588799997,73.6842105263158
1302412285,GARRISON CC,AGGREGATE,,147602,HARRISON,WASHINGTON,DC,138,38.95736009500007,-77.08443832299997,73.6842105263158
1304122916,DAYTON GEN,AGGREGATE,,146910,DAYTON,HARRISONBURG,VA,230,38.40984016500005,-78.92815214699993,75.0
1304122916,DAYTON GEN,AGGREGATE,,146910,DAYTON,HARRISONBURG,VA,230,38.40984016500005,-78.92815214699993,75.0
1305253166,RPMONE 1,AGGREGATE,,150509,R.P.MONE,CONVOY,OH,345,40.92851943000005,-84.73918629599996,75.0
1305254558,RPMONE 2,AGGREGATE,,150509,R.P.MONE,CONVOY,OH,345,40.92851943000005,-84.73918629599996,75.0
1305255249,RPMONE 3,AGGREGATE,,150509,R.P.MONE,CONVOY,OH,345,40.92851943000005,-84.73918629599996,75.0
1313803836,DOMCHES,AGGREGATE,,109430,DORCHESTER,NORTON,VA,161,36.932991550000054,-82.64673090599996,70.58823529411764
1318134956,EBROAD  138 KV  T3,LOAD,138 KV,153211,BROADFORD (138 KV),SALTVILLE,VA,138,36.92073876500007,-81.68295248099997,70.58823529411764
1318632590,WOODBRIDGE CC,AGGREGATE,,140873,WOODBRIDGE,ISELIN,NJ,230,40.56397792700005,-74.29481513799993,86.95652173913044
1318632590,WOODBRIDGE CC,AGGREGATE,,146798,WOODBRIDGE,WOODBRIDGE,VA,230,38.65474501700004,-77.28250909699995,86.95652173913044
1341208457,KELFORD SOLAR,AGGREGATE,,170942,MILFORD SOLAR FARM,MILFORD,DE,138,38.92153377300008,-75.44700947599995,70.96774193548387
1341412743,BRUNSWICK CC,AGGREGATE,,143944,BRUNSWICK,NORTH BRUNSWICK,NJ,230,40.446150285000044,-74.46143066599996,85.71428571428572
1341412743,BRUNSWICK CC,AGGREGATE,,148053,BRUNSWICK,BRODNAX,VA,115,36.741400817000056,-77.92115070899996,85.71428571428572
1341412743,BRUNSWICK CC,AGGREGATE,,153971,BRUNSWICK,BRUNSWICK,OH,-999999,41.23722570100006,-81.85993426099998,85.71428571428572
1341412743,BRUNSWICK CC,AGGREGATE,,143944,BRUNSWICK,NORTH BRUNSWICK,NJ,230,40.446150285000044,-74.46143066599996,85.71428571428572
1341412743,BRUNSWICK CC,AGGREGATE,,148053,BRUNSWICK,BRODNAX,VA,115,36.741400817000056,-77.92115070899996,85.71428571428572
1341412743,BRUNSWICK CC,AGGREGATE,,153971,BRUNSWICK,BRUNSWICK,OH,-999999,41.23722570100006,-81.85993426099998,85.71428571428572
1355385437,COVERT 1 CC,AGGREGATE,,146048,COVERT,COVERT TWP,MI,-999999,42.321524888000056,-86.29396622699994,70.58823529411764
1355385437,COVERT 1 CC,AGGREGATE,,154280,COVERT,SANDUSKY,OH,-999999,41.43854472700008,-82.69271301399993,70.58823529411764
1355385437,COVERT 1 CC,AGGREGATE,,146048,COVERT,COVERT TWP,MI,-999999,42.321524888000056,-86.29396622699994,70.58823529411764
1355385437,COVERT 1 CC,AGGREGATE,,154280,COVERT,SANDUSKY,OH,-999999,41.43854472700008,-82.69271301399993,70.58823529411764
1355387540,COVERT 2 CC,AGGREGATE,,146048,COVERT,COVERT TWP,MI,-999999,42.321524888000056,-86.29396622699994,70.58823529411764
1355387540,COVERT 2 CC,AGGREGATE,,154280,COVERT,SANDUSKY,OH,-999999,41.43854472700008,-82.69271301399993,70.58823529411764
1355387540,COVERT 2 CC,AGGREGATE,,146048,COVERT,COVERT TWP,MI,-999999,42.321524888000056,-86.29396622699994,70.58823529411764
1355387540,COVERT 2 CC,AGGREGATE,,154280,COVERT,SANDUSKY,OH,-999999,41.43854472700008,-82.69271301399993,70.58823529411764
1355387992,COVERT 3 CC,AGGREGATE,,146048,COVERT,COVERT TWP,MI,-999999,42.321524888000056,-86.29396622699994,70.58823529411764
1355387992,COVERT 3 CC,AGGREGATE,,154280,COVERT,SANDUSKY,OH,-999999,41.43854472700008,-82.69271301399993,70.58823529411764
1355387992,COVERT 3 CC,AGGREGATE,,146048,COVERT,COVERT TWP,MI,-999999,42.321524888000056,-86.29396622699994,70.58823529411764
1355387992,COVERT 3 CC,AGGREGATE,,154280,COVERT,SANDUSKY,OH,-999999,41.43854472700008,-82.69271301399993,70.58823529411764
1356178171,BRAMBLET,EHV,500 KV,146342,BRAMBLETON,ALDIE,VA,500,38.96355792600008,-77.54904210399997,88.88888888888889
1356178173,BRNGSVIL,EHV,500 KV,163632,BARNESVILLE,BARNESVILLE,OH,138,39.98483894000003,-81.17848322099996,73.6842105263158
1356178173,BRNGSVIL,EHV,500 KV,146244,BURTONSVILLE,LAUREL,MD,230,39.089945939000074,-76.90595623899998,70.0
1356178173,BRNGSVIL,EHV,500 KV,147542,BARTONSVILLE,WINCHESTER,VA,-999999,39.13023799700005,-78.19515273499997,70.0
1356178175,BRUNSSWY,EHV,500 KV,143944,BRUNSWICK,NORTH BRUNSWICK,NJ,230,40.446150285000044,-74.46143066599996,70.58823529411764
1356178175,BRUNSSWY,EHV,500 KV,148053,BRUNSWICK,BRODNAX,VA,115,36.741400817000056,-77.92115070899996,70.58823529411764
1356178175,BRUNSSWY,EHV,500 KV,153971,BRUNSWICK,BRUNSWICK,OH,-999999,41.23722570100006,-81.85993426099998,70.58823529411764
1356178177,CENTERPT,EHV,500 KV,146595,CENTER,BALTIMORE,MD,115,39.31395586900004,-76.62111249899993,85.71428571428572
1356178177,CENTERPT,EHV,500 KV,144021,CENTERPOINT,WORCESTER TWP,PA,500,40.212843416000055,-75.34781563899998,84.21052631578947
1356178177,CENTERPT,EHV,500 KV,153989,IX CENTER,BROOKPARK,OH,138,41.396185295000066,-81.85574806099999,70.58823529411764
1356178179,LACKAWAN,EHV,500 KV,146505,LACKAWANNA,BLAKELY,PA,500,41.49711797000003,-75.60922526699994,88.88888888888889
1356178181,MOSBY,EHV,500 KV,146377,MOSBY,ALDIE,VA,500,38.89496859700006,-77.56820306399999,100.0
1356178185,ROSELAND,EHV,500 KV,140981,ROSELAND,ROSELAND,NJ,500,40.820046269000045,-74.33077170299998,100.0
1356178185,ROSELAND,EHV,500 KV,153968,MORELAND,WOOSTER,OH,-999999,40.71072287100003,-81.89212059799996,75.0
1356178189,SUFFOLK,EHV,500 KV,147036,SUFFOLK,SUFFOLK,VA,500,36.71032210000004,-76.58046886899996,100.0
1356178191,VASSELL,EHV,500 KV,121313,RUSSELL,FLATWOODS,KY,138,38.50334300000003,-82.71566599999994,71.42857142857143
1356178193,ELROYPL,EHV,500 KV,144020,ELROY,HATFIELD TWP,PA,500,40.27833900100006,-75.32625676299995,83.33333333333334
1356178203,SORENSON,EHV,765 KV,151156,SORENSON,ROANOKE,IN,765,40.98344822100006,-85.34175594999994,100.0
1356178203,SORENSON,EHV,765 KV,146778,RESTON,RESTON,VA,230,38.952913591000026,-77.34561860999997,71.42857142857143
1356178207,WMORELND,EHV,,153968,MORELAND,WOOSTER,OH,-999999,40.71072287100003,-81.89212059799996,87.5
1356178207,WMORELND,EHV,500 KV,153968,MORELAND,WOOSTER,OH,-999999,40.71072287100003,-81.89212059799996,87.5
1356178207,WMORELND,EHV,,144028,WESTMORELAND,PHILADELPHIA,PA,230,40.006541766000055,-75.17342241699998,80.0
1356178207,WMORELND,EHV,,146170,WESTMORELAND,COLONIAL BEACH,VA,230,38.18440516700008,-76.99863379899995,80.0
1356178207,WMORELND,EHV,500 KV,144028,WESTMORELAND,PHILADELPHIA,PA,230,40.006541766000055,-75.17342241699998,80.0
1356178207,WMORELND,EHV,500 KV,146170,WESTMORELAND,COLONIAL BEACH,VA,230,38.18440516700008,-76.99863379899995,80.0
1374942745,SUMMIT FARMS SOLAR,AGGREGATE,,157233,SUMMIT FARMS SOLAR,MOYOCK,NC,230,36.47591703200004,-76.13701721999996,100.0
1379245240,GRNSVIL,EHV,,147525,GORDONSVILLE,GORDONSVILLE,VA,230,38.12654775300007,-78.22154913499998,73.6842105263158
1379245240,GRNSVIL,EHV,500 KV,147525,GORDONSVILLE,GORDONSVILLE,VA,230,38.12654775300007,-78.22154913499998,73.6842105263158
1379245240,GRNSVIL,EHV,,173484,GREENVILLE,JERSEY CITY,NJ,-999999,40.687614290000056,-74.09864356199995,70.58823529411764
1379245240,GRNSVIL,EHV,500 KV,173484,GREENVILLE,JERSEY CITY,NJ,-999999,40.687614290000056,-74.09864356199995,70.58823529411764
1379245548,FREEDOM2,EHV,,151734,FREEDOM,MANTUA,OH,-999999,41.26946819300008,-81.14408713099994,93.33333333333333
1379245548,FREEDOM2,EHV,500 KV,151734,FREEDOM,MANTUA,OH,-999999,41.26946819300008,-81.14408713099994,93.33333333333333
1379245548,FREEDOM2,EHV,,143974,NEW FREEDOM,WAYNE,NJ,500,39.74100042400005,-74.96275584999995,73.6842105263158
1379245548,FREEDOM2,EHV,500 KV,143974,NEW FREEDOM,WAYNE,NJ,500,39.74100042400005,-74.96275584999995,73.6842105263158
1379659518,PANTHER CREEK,AGGREGATE,,146462,PINE CREEK,PITTSBURGH,PA,138,40.55680641600003,-79.89839419699996,78.26086956521739
1379659518,PANTHER CREEK,AGGREGATE,,121527,HENRY CREEK,ELKHORN CITY,KY,46,37.31009583300005,-82.47830592199995,75.0
1379659518,PANTHER CREEK,AGGREGATE,,146591,OTTER CREEK,BROGUE,PA,230,39.86442866300007,-76.45382947899998,75.0
1380624356,DESERT WF,AGGREGATE,,163638,DESERT ROAD,BOWERSTON,OH,-999999,40.41785762000006,-81.12900888799999,70.0
1386523091,YORKTOWN,AGGREGATE,,147940,YORKTOWN,YORKTOWN,VA,230,37.21316328900008,-76.46103490899998,100.0
1386523091,YORKTOWN,AGGREGATE,,121528,DORTON,JENKINS,KY,138,37.23927900000007,-82.56943099999995,71.42857142857143
1386523091,YORKTOWN,AGGREGATE,,144037,MORTON,SPRINGFIELD TWP,PA,230,39.90713965400005,-75.33682202799997,71.42857142857143
1390166834,FOUR RIVERS 50 CC,AGGREGATE,,147878,FOUR RIVERS,ASHLAND,VA,230,37.821787878000066,-77.44353516599995,78.57142857142857
1390166834,FOUR RIVERS 50 CC,AGGREGATE,,147878,FOUR RIVERS,ASHLAND,VA,230,37.821787878000066,-77.44353516599995,78.57142857142857
1390166838,FOUR RIVERS 60 CC,AGGREGATE,,147878,FOUR RIVERS,ASHLAND,VA,230,37.821787878000066,-77.44353516599995,78.57142857142857
1390166838,FOUR RIVERS 60 CC,AGGREGATE,,147878,FOUR RIVERS,ASHLAND,VA,230,37.821787878000066,-77.44353516599995,78.57142857142857
1666738891,VINCO,EHV,500 KV,121474,VICCO,SASSAFRAS,KY,138,37.228045000000066,-83.04526699999997,80.0
1666738891,VINCO,EHV,500 KV,146410,VINTON,VINTON,VA,138,37.268299246000026,-79.86295505499999,72.72727272727273
1666739203,HUMMEL,EHV,500 KV,147516,HUMMELSTOWN,HUMMELSTOWN,PA,230,40.25948497500008,-76.72375630899995,70.58823529411764
1721214780,FREMONTE FT3,AGGREGATE,,113964,FREEMONT,CLINTWOOD,VA,138,37.12982109600006,-82.39644840899996,70.0
1893549566,WALNUT RIDGE,AGGREGATE,,148654,SAND RIDGE,LANSING,IL,-999999,41.58798055700004,-87.55459924199994,72.72727272727273
1893549566,WALNUT RIDGE,AGGREGATE,,146408,RIDGEWAY,RIDGEWAY,VA,138,36.58641858800007,-79.83865419599994,70.0
1893549568,HENRICO,AGGREGATE,,146247,JERICHO,BOWIE,MD,230,39.015643133000026,-76.76936829199997,71.42857142857143
1893549569,CHARLES CITY,AGGREGATE,,147881,CHARLES CITY ROAD,HENRICO,VA,230,37.51559167700003,-77.36597471499994,82.75862068965517
1893549569,CHARLES CITY,AGGREGATE,,147977,CHASE CITY,CHASE CITY,VA,115,36.80905980000006,-78.46555154699996,81.81818181818181
1896884556,KYGER CREEK 1,AGGREGATE,,141125,OYSTER CREEK,KENILWORTH,NJ,230,39.81372155300005,-74.20917904599997,72.0
1896884557,KYGER CREEK 2,AGGREGATE,,141125,OYSTER CREEK,KENILWORTH,NJ,230,39.81372155300005,-74.20917904599997,72.0
1896884558,KYGER CREEK 3,AGGREGATE,,141125,OYSTER CREEK,KENILWORTH,NJ,230,39.81372155300005,-74.20917904599997,72.0
1896884559,KYGER CREEK 4,AGGREGATE,,141125,OYSTER CREEK,KENILWORTH,NJ,230,39.81372155300005,-74.20917904599997,72.0
1896884560,KYGER CREEK 5,AGGREGATE,,141125,OYSTER CREEK,KENILWORTH,NJ,230,39.81372155300005,-74.20917904599997,72.0
2156108882,FLINTRUN,EHV,,143949,LINTON,NEWTOWN,PA,230,40.242925901000035,-74.92550151899997,71.42857142857143
2156108882,FLINTRUN,EHV,,143949,LINTON,NEWTOWN,PA,230,40.242925901000035,-74.92550151899997,71.42857142857143
2156108903,SPRUANCE G1G2,AGGREGATE,,147841,SPRUANCE NUG,RICHMOND,VA,230,37.45453351400005,-77.42938599699994,80.0
2156109263,SPRUANCE G3G4,AGGREGATE,,147841,SPRUANCE NUG,RICHMOND,VA,230,37.45453351400005,-77.42938599699994,80.0
2156109503,GREENECC,EHV,,124541,GREENE,GREENE TWP,PA,138,39.997638348000066,-77.61579338799999,85.71428571428572
2156109503,GREENECC,EHV,,153901,GREENE,XENIA,OH,345,39.70854121000008,-84.00153270299995,85.71428571428572
2156109503,GREENECC,EHV,,124541,GREENE,GREENE TWP,PA,138,39.997638348000066,-77.61579338799999,85.71428571428572
2156109503,GREENECC,EHV,,153901,GREENE,XENIA,OH,345,39.70854121000008,-84.00153270299995,85.71428571428572
2156109503,GREENECC,EHV,,152321,GREEN,NORTH CANTON,OH,-999999,40.939346589000024,-81.46691852699996,76.92307692307692
2156109503,GREENECC,EHV,,152321,GREEN,NORTH CANTON,OH,-999999,40.939346589000024,-81.46691852699996,76.92307692307692
2156111331,PVILLE  69 KV   PLEASANT,GEN,69 KV,121572,PLEASANT VALLEY (VA),HARRISONBURG,VA,-999999,38.40101147200005,-78.89791984199996,73.17073170731707
2156111331,PVILLE  69 KV   PLEASANT,GEN,69 KV,121572,PLEASANT VALLEY (VA),HARRISONBURG,VA,-999999,38.40101147200005,-78.89791984199996,73.17073170731707
2156111331,PVILLE  69 KV   PLEASANT,GEN,69 KV,134701,PLEASANT VALLEY,WOODSTOCK,IL,345,42.256791064000026,-88.43971986099996,72.22222222222221
2156111331,PVILLE  69 KV   PLEASANT,GEN,69 KV,143976,PLEASANT VALLEY,LAMBERTVILLE,NJ,230,40.33724016000008,-74.92957594899997,72.22222222222221
2156111331,PVILLE  69 KV   PLEASANT,GEN,69 KV,134701,PLEASANT VALLEY,WOODSTOCK,IL,345,42.256791064000026,-88.43971986099996,72.22222222222221
2156111331,PVILLE  69 KV   PLEASANT,GEN,69 KV,143976,PLEASANT VALLEY,LAMBERTVILLE,NJ,230,40.33724016000008,-74.92957594899997,72.22222222222221
2156111704,YARDS CREEK 1-3,AGGREGATE,,132606,YARDS CREEK,COLUMBIA,NJ,230,41.000954540000066,-75.03221139599998,84.61538461538461
2156111904,SOUTH,INTERFACE,,144025,SOUTHWARK,PHILADELPHIA,PA,69,39.914075798000056,-75.13658234199994,71.42857142857143
2156111904,SOUTH,INTERFACE,,146333,SOUTHWEST,RICHMOND,VA,230,37.502079655000045,-77.53233239699995,71.42857142857143
2156111904,SOUTH,INTERFACE,,146705,SOUTHBEND,SHELOCTA,PA,500,40.64158330200007,-79.34597924799994,71.42857142857143
2156114247,RIVERSID13 KV   110-5LD,LOAD,13 KV,123198,RIVERSIDE (115KV),DUNDALK,MD,115,39.23922930800006,-76.51257662299997,73.6842105263158
2156114992,TAYLOR2 138 KV  T2,LOAD,138 KV,144510,TAYLOR (138 & 345KV),CHICAGO,IL,-999999,41.87089645400005,-87.63660127599996,70.27027027027026
2156118934,GOLDEN,EHV,,145557,GLADE,PUNXSUTAWNEY,PA,230,41.83457649400003,-79.01664490199994,72.72727272727273
2156118934,GOLDEN,EHV,,148504,GOULD,TOLEDO,OH,-999999,41.601384007000036,-83.61183468699994,72.72727272727273
2156118934,GOLDEN,EHV,,123205,GOLDEN RING,ROSEDALE,MD,115,39.33541446900006,-76.49545792999999,70.58823529411764
2156118938,FINNEYWD,EHV,,113915,FINNEYTOWN,CINCINNATI,OH,-999999,39.234643051000035,-84.51283812399998,77.77777777777779
2156118939,BRUNSCOL,EHV,,143944,BRUNSWICK,NORTH BRUNSWICK,NJ,230,40.446150285000044,-74.46143066599996,70.58823529411764
2156118939,BRUNSCOL,EHV,,148053,BRUNSWICK,BRODNAX,VA,115,36.741400817000056,-77.92115070899996,70.58823529411764
2156118939,BRUNSCOL,EHV,,153971,BRUNSWICK,BRUNSWICK,OH,-999999,41.23722570100006,-81.85993426099998,70.58823529411764
2156119234,SLEIGH  34.5 KV BLUERISP,GEN,34.5 KV,144499,ELECTRIC LIGHT 345 KV,NAPERVILLE,IL,345,41.79788673400003,-88.23349706599998,72.72727272727273
